_ano_pasta,_doc_path,_filename,categorias_gasto_count,fluxo_de_caixa_count,hospital,metricas_unitarias.custo_por_cirurgia,metricas_unitarias.custo_por_consulta,metricas_unitarias.custo_por_internacao,metricas_unitarias.custo_por_leito_mes,observacoes,oss_gestora,periodo.ano,periodo.mes,periodo.tipo_periodo,periodo.trimestre,rubricas_contabeis_detalhadas_count,valores_consolidados.recursos_devolvidos,valores_consolidados.recursos_executados,valores_consolidados.recursos_recebidos_outras_fontes,valores_consolidados.recursos_recebidos_ses,valores_consolidados.saldo_a_pagar,valores_consolidados.saldo_empenhado,valores_consolidados.saldo_final,valores_consolidados.saldo_inicial
2023,C:\OSS-Goias\documentos\ISG\HDT\2023\21_Relatorio_Comparativo_Recursos\01.2023-Fluxo-de-Caixa-HDT.pdf,01.2023-Fluxo-de-Caixa-HDT,8,1,HDT,,,,,"Contrato de Gestão 091/2012 SES/GO - 15º Termo Aditivo (vigência 25/06/2022 a 24/06/2023). Previsão de repasse mensal custeio: R$ 10.268.109,51. Repasse efetivamente recebido em jan/2023: R$ 8.447.878,61. Glosas totais: R$ 1.998.947,95 (servidores cedidos folha 12/2022: R$ 1.919.278,77; residência médica 12/2022: R$ 19.709,23; energia elétrica 12/2022: R$ 59.959,95). Saldo final em 31/01/2023: R$ 4.482.398,17. Resgate de aplicações financeiras: R$ 7.662.343,15. Total aplicado: R$ 8.921.771,21.",ISG,2023,1,mensal,,11,0.0,7353671.85,32726.13,8447878.61,,,4482398.17,3355464.28
2023,C:\OSS-Goias\documentos\ISG\HDT\2023\21_Relatorio_Comparativo_Recursos\02.2023-Fluxo-de-Caixa-HDT.pdf,02.2023-Fluxo-de-Caixa-HDT,7,1,HDT,,,,,"Contrato de Gestão 091/2012 SES/GO, 15º Termo Aditivo, vigência 25/06/2022 a 24/06/2023. Previsão de repasse mensal custeio: R$ 10.268.109,51. Repasse efetivo de custeio foi R$ 6.748.109,51. O mapa de repasses/glosas da competência não foi disponibilizado pela SES, portanto glosas não foram informadas. Saldo bancário final em 28/02/2023.",ISG,2023,2,mensal,,17,0.0,7725270.55,13171.75,6748109.51,,,3518408.88,4482398.17
2023,C:\OSS-Goias\documentos\ISG\HDT\2023\21_Relatorio_Comparativo_Recursos\03.2023-Fluxo-de-Caixa-HDT-1.pdf,03.2023-Fluxo-de-Caixa-HDT-1,8,1,HDT,,,,,"Contrato de Gestão nº 091/2012 SES/GO - 15º Termo Aditivo (vigência 25/06/2022 a 24/06/2023). Previsão de repasse mensal custeio: R$ 10.268.109,51. Repasse efetivo custeio março/2023: R$ 8.447.878,61. Rendimentos financeiros: R$ 65.541,19. Outras entradas incluem aporte fundo fixo (R$ 3.300,00), restituição fundo fixo (R$ 2.657,87) e estorno de pagamentos a fornecedores (R$ 63.744,18). Total glosas: zero. Mapa de repasses/glosas da competência não disponibilizado pela SES na data do relatório. Saldo final composto por fundo fixo caixa (R$ 1.824,21), aplicação automática (R$ 383.728,77) e aplicação CDB (R$ 4.286.574,58).",ISG,2023,3,mensal,,13,0.0,7429403.17,135243.24,8447878.61,,,4672127.56,3518408.88
2023,C:\OSS-Goias\documentos\ISG\HDT\2023\21_Relatorio_Comparativo_Recursos\04.2023-Fluxo-de-Caixa-HDT.pdf,04.2023-Fluxo-de-Caixa-HDT,8,1,HDT,,,,,"Competência abril/2023. Contrato de Gestão 091/2012 SES/GO - 15º Termo Aditivo (25/06/2022 a 24/06/2023). Previsão de repasse mensal custeio: R$ 10.268.109,51. Repasse efetivo custeio recebido: R$ 8.448.109,48. Saldo bancário final refere-se a 31/03/2023 conforme indicado no documento (provável erro de digitação, pois a competência é abril/2023). Nota explicativa: mapa de repasses/glosas da competência não foi disponibilizado pela SES, portanto valores de glosas não informados. Total das glosas: R$ 0,00.",ISG,2023,4,mensal,,10,0.0,7160518.07,84594.79,8448109.48,,,6044313.76,4672127.56
2023,C:\OSS-Goias\documentos\ISG\HDT\2023\21_Relatorio_Comparativo_Recursos\05.2023-Fluxo-de-Caixa-HDT-1.pdf,05.2023-Fluxo-de-Caixa-HDT-1,8,1,HDT,,,,,"Contrato de Gestão 091/2012 SES/GO - 15º Termo Aditivo vigência 25/06/2022 a 24/06/2023. Previsão de repasse mensal custeio: R$ 10.268.109,51. Repasse efetivamente recebido em maio/2023: R$ 9.077.229,73. Total glosas: R$ 1.550.908,96. Rendimentos sobre aplicações financeiras: R$ 34.528,78. Resgate de aplicação financeira: R$ 9.570.843,30. Total aplicação financeira: R$ 10.708.266,82. Saldo bancário final em 31/05/2023: R$ 7.433.911,91.",ISG,2023,5,mensal,,13,0.0,7956924.74,269293.16,9077229.73,,,7433911.91,6044313.76
2023,C:\OSS-Goias\documentos\ISG\HDT\2023\21_Relatorio_Comparativo_Recursos\06.2023-Fluxo-de-Caixa-HDT.pdf-ass.pdf,06.2023-Fluxo-de-Caixa-HDT.pdf-ass,7,1,HDT,,,,,"Contrato de Gestão 091/2012 SES/GO. Previsão de repasse mensal custeio: R$10.268.109,51. Vigência: 25/06/2022 a 24/06/2023 (15º Termo Aditivo). Saldo bancário final em 30/06/2023. Valores devolvidos à contratante: zero. Total de glosas: zero. Os recursos_recebidos_outras_fontes somam rendimentos financeiros + outras entradas (68131,27 + 3300,00 + 770,80 + 3635,97 + 18259,67 = 94097,71).",ISG,2023,6,mensal,,19,0.0,9992662.4,94097.71,6624211.48,,,4159558.7,7433911.91
2023,C:\OSS-Goias\documentos\ISG\HDT\2023\21_Relatorio_Comparativo_Recursos\07.2023-Fluxo-de-Caixa-HDT.pdf,07.2023-Fluxo-de-Caixa-HDT,8,1,HDT,,,,,"Contrato de Gestão 091/2012 SES/GO - 16º Termo Aditivo (vigência 25/06/2023 a 24/06/2024). Previsão de repasse mensal de custeio: R$ 8.623.620,84. Repasse efetivo de custeio no mês: R$ 9.607.454,57. Glosas totais: R$ 1.516.750,90 (servidores cedidos folha 06/2023: R$ 1.480.781,55; residência médica 06/2023: R$ 35.969,35). Rendimento sobre aplicações financeiras: R$ 32.537,02. Total resgates de aplicação: R$ 5.792.156,02. Total aplicações financeiras: R$ 7.725.464,22. Valores devolvidos à contratante: R$ 0,00.",ISG,2023,7,mensal,,11,0.0,7593029.39,79772.62,9607454.57,,,6253756.5,4159558.7
2023,C:\OSS-Goias\documentos\ISG\HDT\2023\21_Relatorio_Comparativo_Recursos\08.2023-Fluxo-de-Caixa-HDT.pdf,08.2023-Fluxo-de-Caixa-HDT,6,1,HDT,,,,,"Contrato de Gestão 091/2012 SES/GO - 16º Termo Aditivo (vigência 25/06/2023 a 24/06/2024). Previsão de repasse mensal custeio: R$ 8.623.620,84. Repasse efetivo no mês: R$ 6.579.447,59. Rendimento sobre aplicações financeiras (custeio): R$ 76.678,81. Resgate de aplicação financeira: R$ 8.061.834,94. Nova aplicação financeira: R$ 7.064.565,10. Total de glosas: R$ 0,00. Nota: mapa de repasses/glosas da competência não foi disponibilizado pela SES.",ISG,2023,8,mensal,,15,0.0,7922668.49,82693.81,6579447.59,,,4992229.85,6253756.5
2023,C:\OSS-Goias\documentos\ISG\HDT\2023\21_Relatorio_Comparativo_Recursos\09.2023-Fluxo-de-Caixa-HDT.pdf,09.2023-Fluxo-de-Caixa-HDT,7,1,HDT,,,,,"Repasse SES Custeio: R$ 7.219.315,12. Repasse Investimento: R$ 0. Rendimentos sobre aplicações: R$ 35.306,95. Outras entradas incluem: aporte fundo fixo 09/2023 (R$ 3.300,00), restituição fundo fixo 08/2023 (R$ 1.173,14), devolução de pagamento indevido (R$ 66.864,25). Saldo anterior: R$ 4.992.229,85. Saldo final em 30/09/2023: R$ 4.206.218,67. Valores devolvidos à contratante: R$ 0. Contrato de Gestão 091/2012 SES/GO - 16º Termo Aditivo vigência 25/06/2023 a 24/06/2024. Nota explicativa: mapa de repasses/glosas da competência não disponibilizado pela SES, impossível informar valores de glosas.",ISG,2023,9,mensal,,15,0.0,8111970.64,106644.34,7219315.12,,,4206218.67,4992229.85
2023,C:\OSS-Goias\documentos\FUNEV\HEANA\2023\21_Relatorio_Comparativo_Recursos\1 Relatório financeiro Mensal Heana.pdf,1 Relatório financeiro Mensal Heana,8,1,HEANA,,,,,"Relatório Financeiro Mensal de abril/2023 do Hospital Estadual de Anápolis Dr. Henrique Santillo (HEANA), gerido pela FUNEV, Contrato de Gestão nº 66/2019. Previsão de repasse mensal custeio: R$ 9.790.097,96. Repasse efetivo custeio: R$ 9.451.692,43. Outras entradas negativas (-R$ 999.648,42) referem-se a movimentações financeiras/valores a recuperar. Total de glosas: R$ 95.167,45 (servidores cedidos: R$ 31.230,99; ENEL: R$ 63.936,46). Saldo bancário final em 30/04/2023: R$ 11.013.506,88.",FUNEV,2023,4,mensal,,15,0.0,7545640.85,,9451692.43,,,11013506.88,9999928.95
2023,C:\OSS-Goias\documentos\ISG\HDT\2023\21_Relatorio_Comparativo_Recursos\10.2023-Fluxo-de-Caixa-HDT-1.pdf,10.2023-Fluxo-de-Caixa-HDT-1,7,1,HDT,,,,,"Contrato de Gestão 091/2012 SES/GO - 16º Termo Aditivo (vigência 25/06/2023 a 24/06/2024). Previsão de repasse mensal custeio: R$ 8.623.620,84. Repasse efetivo recebido no mês: R$ 7.308.371,76 (diferença devida a glosas de servidores cedidos no total de R$ 1.452.535,92). Nota explicativa: mapa de repasses/glosas da competência ainda não havia sido disponibilizado pela SES. Resgate de aplicação financeira: R$ 8.287.265,67. Aplicação financeira realizada no mês: R$ 7.413.901,22.",ISG,2023,10,mensal,,16,0.0,7803179.37,71279.52,7308371.76,,,3782388.58,4206218.67
2023,C:\OSS-Goias\documentos\ISG\HDT\2023\21_Relatorio_Comparativo_Recursos\11.2023-Fluxo-de-Caixa-HDT.pdf,11.2023-Fluxo-de-Caixa-HDT,9,1,HDT,,,,,"Competência: Novembro/2023. Contrato de Gestão nº 091/2012 SES/GO - 16º Termo Aditivo (25/06/2023 a 24/06/2024). Previsão de repasse mensal de custeio: R$ 8.623.620,84. Repasse recebido no mês: R$ 6.819.360,36 (custeio). Glosas totais: R$ 1.397.322,49 (servidores cedidos folha 10/2023: R$ 1.342.919,95; residência médica 10/2023: R$ 31.042,04; energia elétrica 10/2023: R$ 23.360,50). Nota: mapa de repasses/glosas da competência não foi disponibilizado pela SES.",ISG,2023,11,mensal,,13,0.0,8261149.11,112830.23,6819360.36,,,2453270.15,3782228.67
2023,C:\OSS-Goias\documentos\ISG\HDT\2023\21_Relatorio_Comparativo_Recursos\12.2023-Fluxo-de-Caixa-Sipef-HDT.pdf,12.2023-Fluxo-de-Caixa-Sipef-HDT,7,1,HDT,,,,,"Contrato de Gestão nº 091/2012 SES/GO - 16º Termo Aditivo (vigência 25/06/2023 a 24/06/2024). Previsão de repasse mensal de custeio: R$ 8.623.620,84. Repasse efetivo de custeio recebido: R$ 7.316.519,19. Rendimentos sobre aplicações financeiras: R$ 35.883,07. Resgates de aplicação financeira: R$ 11.452.388,56. Saldo bancário final em 29/12/2023. Total de glosas: R$ 83.135,94 (Energia Elétrica). Nota explicativa: mapa de repasses/glosas da competência não foi disponibilizado pela SES.",ISG,2023,12,mensal,,13,0.0,8688869.69,112393.89,7316519.19,,,1192912.62,2453270.15
2023,C:\OSS-Goias\documentos\FUNEV\HEANA\2023\21_Relatorio_Comparativo_Recursos\1697844107214-Heana.pdf,1697844107214-Heana,8,1,HEANA,,,,,"Relatório Financeiro Mensal - Competência set/2023. Hospital Estadual de Anápolis Dr. Henrique Santillo (HEANA). Contrato de Gestão nº 66/2019, vigência 18/11/2019 a 17/11/2023. Previsão de repasse mensal custeio: R$ 9.601.692,43. Repasse custeio recebido: R$ 11.420.319,76 (inclui parcela referente a meses anteriores ou complementação). Repasse investimento: R$ 171.000,00. Movimentações financeiras de aplicação e resgate atípicas ocasionadas pela transferência para a nova conta corrente 5557-9, aberta em atendimento ao Ofício Circular nº 517/2023 - SES. Total de glosas: R$ 93.622,79.",FUNEV,2023,9,mensal,,14,0.0,8815175.24,171000.0,11420319.76,,,12846228.39,10807899.34
2023,C:\OSS-Goias\documentos\FUNEV\HEANA\2023\21_Relatorio_Comparativo_Recursos\1697844107219-3.9.1 Fluxo de Caixa 09-2023.xlsx,1697844107219-3.9.1 Fluxo de Caixa 09-2023,8,1,HEANA,,,,,"Relatório Mensal Comparativo de Recursos - set/2023. Hospital Estadual de Anápolis Dr. Henrique Santillo (HEANA), gerido pela FUNEV. Contrato de Gestão 66/2019, vigência 18/11/2019 a 17/11/2023. Previsão de repasse mensal custeio: R$ 9.601.692,43. Movimentações atípicas de aplicação e resgate ocorreram em razão da transferência para nova conta corrente 5557-9, conforme Ofício Circular nº 517/2023 - SES. Total de glosas no período: R$ 93.622,79 (servidores cedidos R$ 33.709,58 + ENEL R$ 59.913,21).",FUNEV,2023,9,mensal,,44,0,8815175.238,,11420319.76,,,12846228.392,10807899.34
2023,C:\OSS-Goias\documentos\FUNEV\HEANA\2023\21_Relatorio_Comparativo_Recursos\1700769610090-10. Relatório financeiro mensal Heana.pdf,1700769610090-10. Relatório financeiro mensal Heana,8,1,HEANA,,,,,"Competência: outubro/2023. Contrato de Gestão 66/2019, vigência 18/11/2019 a 17/11/2023. Previsão de repasse mensal custeio: R$ 9.601.692,43. Repasse recebido no mês (custeio): R$ 10.421.866,23. Rendimentos sobre aplicações financeiras: R$ 107.611,65 (custeio 5557-9) + R$ 23.060,34 (TAC). Outras entradas: -R$ 880.000,00 (movimentações financeiras/devolução empréstimo). Total de glosas: R$ 100.965,43 (servidores cedidos R$ 37.923,78 + outras ENEL R$ 63.041,65). Saldo final em 31/10/2023: R$ 12.250.914,58.",FUNEV,2023,10,mensal,,16,0.0,10267852.03,130671.99,10421866.23,,,12250914.58,12846228.39
2023,C:\OSS-Goias\documentos\FUNEV\HEANA\2023\21_Relatorio_Comparativo_Recursos\1700769610094-3.9.1 Fluxo de Caixa Heana 10-2023.xlsx,1700769610094-3.9.1 Fluxo de Caixa Heana 10-2023,8,1,HEANA,,,,,"Relatório mensal de outubro/2023. Hospital Estadual de Anápolis Dr. Henrique Santillo (HEANA), gerido pela FUNEV (CNPJ 07.776.237/0001-08), contrato de gestão 66/2019 vigência 18/11/2019 a 17/11/2023. Previsão de repasse mensal de custeio: R$ 9.601.692,43. Repasse efetivo de custeio recebido no mês: R$ 10.421.866,23 (conta CAIXA C/C 4526-3). Saldo anterior: R$ 12.846.228,39. Total entradas: R$ 9.672.538,22 (inclui rendimentos de aplicação R$ 107.611,65 na C/A 5557-9 e R$ 23.060,34 na C/A 4532-8; outras entradas negativas -R$ 880.000,00). Total resgates: R$ 10.286.181,85. Total aplicações financeiras: R$ 9.500.000,00. Total pagamentos custeio: R$ 10.232.674,03. Total pagamentos investimento: R$ 35.178,00. Valores devolvidos: R$ 0. Saldo bancário final em 31/10/2023: R$ 12.250.914,58 (caixa R$ 3.582,03 + C/C 5557-9 R$ 264.870,70 + Aplic. 5557-9 R$ 9.013.403,73 + Aplic. 4532-8 R$ 2.969.058,12). Total glosas: R$ 100.965,43 (servidores cedidos R$ 37.923,78 + ENEL R$ 63.041,65). Documento assinado em Anápolis, 20 de novembro de 2023.",FUNEV,2023,10,mensal,,15,0.0,10267852.03,,10421866.23,,,12250914.58,12846228.39
2023,C:\OSS-Goias\documentos\FUNEV\HEANA\2023\21_Relatorio_Comparativo_Recursos\1703542848593-Fluxo de Caixa HEANA.pdf,1703542848593-Fluxo de Caixa HEANA,9,1,HEANA,,,,,"Relatório Financeiro Mensal referente a novembro/2023 do Hospital Estadual de Anápolis Dr. Henrique Santillo (HEANA), gerido pela FUNEV. Contrato de Gestão nº 66/2019, vigência 18/11/2019 a 17/11/2023. Previsão de repasse mensal de custeio: R$ 9.601.692,43. Repasses SES incluem custeio (R$ 5.827.679,28) e fundo rescisório (R$ 165.548,99), totalizando R$ 5.993.228,27. Total das glosas: R$ 106.022,62. Saldo bancário final em 30/11/2023: R$ 6.291.004,25. Documento assinado eletronicamente em dezembro de 2023.",FUNEV,2023,11,mensal,,22,0.0,12059006.86,105868.26,5993228.27,,,6291004.25,12250914.58
2023,C:\OSS-Goias\documentos\FUNEV\HEANA\2023\21_Relatorio_Comparativo_Recursos\1703542848595-3.9.1 Fluxo de Caixa HEANA 11-2023.xlsx,1703542848595-3.9.1 Fluxo de Caixa HEANA 11-2023,9,1,HEANA,,,,,"Relatório mensal de novembro/2023. Contrato de Gestão 66/2019, vigência 18/11/2019 a 17/11/2023. Previsão repasse mensal custeio: R$ 9.601.692,43. OSS: FUNEV (CNPJ 07.776.237/0001-08). Unidade: HEANA (CNPJ 07.776.237/0008-84). SES CNPJ: 02.529.964/0001-57. Total glosas: R$ 106.022,62 (servidores cedidos R$ 37.067,02 + ENEL R$ 68.955,60). Saldo anterior total: R$ 12.250.914,58. Total entradas: R$ 6.099.096,53. Total resgates: R$ 11.442.020,22. Total aplicações financeiras: R$ 5.665.548,99. Total pagamentos: R$ 12.059.006,86. Saldo final: R$ 6.291.004,25.",FUNEV,2023,11,mensal,,54,0,12059006.86,,5827679.28,,,6291004.25,12250914.58
2023,C:\OSS-Goias\documentos\FUNEV\HEANA\2023\21_Relatorio_Comparativo_Recursos\1704900100573-Fluxo de caixa_ Heana JAN.pdf,1704900100573-Fluxo de caixa_ Heana JAN,8,1,HEANA,,,,,"Relatório Financeiro Mensal de janeiro/2023 do Hospital Estadual de Anápolis Dr. Henrique Santillo (HEANA), gerido pela FUNEV (Fundação Universitária Evangélica), Contrato de Gestão nº 66/2019. Previsão de repasse mensal de custeio: R$ 6.576.856,86. Repasse efetivo recebido no mês: R$ 9.451.692,43 (inclui competências anteriores). Saldo bancário anterior em 01/01/23: R$ 8.217.128,72. Total de glosas no período: R$ 103.894,61 (servidores cedidos: R$ 36.286,65; ENEL: R$ 67.607,96). Item 2.5 Outras entradas com valor negativo de -R$ 999.677,42 (movimentações financeiras/valores a recuperar/empréstimos).",FUNEV,2023,1,mensal,,15,0.0,8592620.89,,9451692.43,,,8149265.08,8217128.72
2023,C:\OSS-Goias\documentos\FUNEV\HEANA\2023\21_Relatorio_Comparativo_Recursos\1704900100576-HEANA 3.9.1 Fluxo de Caixa 01-2023.xlsx,1704900100576-HEANA 3.9.1 Fluxo de Caixa 01-2023,9,1,HEANA,,,,,"Hospital Estadual de Anápolis Dr. Henrique Santillo (HEANA), gerido pela FUNEV (CNPJ 07.776.237/0001-08), unidade CNPJ 07.776.237/0008-84. Contrato de Gestão 66/2019 vigente de 18/11/2019 a 17/11/2023. Previsão de repasse mensal de custeio: R$ 6.576.856,86. Competência: janeiro/2023. Saldo final calculado pela fórmula: 7=(1+2)-(4+5+6). Total das glosas: R$ 103.894,61 (servidores cedidos R$ 36.286,65 + ENEL R$ 67.607,96). Item 2.5 apresenta valor negativo de -R$ 999.677,42, referente a movimentações financeiras/devoluções de empréstimos. O repasse recebido da SES (item 2.1) foi de R$ 9.451.692,43, superior à previsão mensal de R$ 6.576.856,86.",FUNEV,2023,1,mensal,,37,0.0,8592620.89,,9451692.43,,,8149265.08,8217128.72
2023,"C:\OSS-Goias\documentos\IGH\HEAPA\2023\21_Relatorio_Comparativo_Recursos\2023.01 - HEAPA - Relatório mensal comparativo dos recursos recebidos, gastos e devolvidos ao Poder Público.pdf","2023.01 - HEAPA - Relatório mensal comparativo dos recursos recebidos, gastos e devolvidos ao Poder Público",9,1,HEAPA,,,,,"Competência Janeiro/2023. OSS: Instituto de Gestão e Humanização - IGH. Contrato: 9° Termo Aditivo ao Contrato de Gestão n° 096/2016, vigência 22/09/2022 a 21/09/2023. Previsão de repasse mensal custeio: R$ 7.944.860,24. Repasse investimento: zero. Saldo anterior: 3.821.077,38. Total entradas: 6.886.323,34 (Custeio: 6.344.860,24 + Rendimentos: 18.127,96 + Outras: 523.335,14). Resgates de aplicação: 8.162.108,72. Total aplicações financeiras: 5.937.361,61. Total pagamentos custeio: 7.188.040,52. Total pagamentos investimento: 45.200,00. Total geral pagamentos: 7.233.240,52. Valores devolvidos: zero. Saldo final 31/01/2023: 3.474.160,20. Total glosas: 1.559.469,32. Assinado digitalmente por Ana Cristina Pinho dos Santos em 27/02/2023.",IGH,2023,1,mensal,,19,0.0,7233240.52,541943.14,6344860.24,,,3474160.2,3821077.38
2023,"C:\OSS-Goias\documentos\IGH\HEAPA\2023\21_Relatorio_Comparativo_Recursos\2023.01 - HEAPA - Relatório mensal comparativo dos recursos recebidos, gastos e devolvidos ao Poder.xlsx","2023.01 - HEAPA - Relatório mensal comparativo dos recursos recebidos, gastos e devolvidos ao Poder",9,1,HEAPA,,,,,"Repasse SES custeio: R$ 6.344.860,24 (abaixo da previsão contratual de R$ 7.944.860,24). Repasse investimento: R$ 0. Total de glosas: R$ 1.559.469,32, sendo R$ 1.493.203,16 de servidores cedidos e R$ 66.266,16 de energia. Desbloqueio judicial de R$ 509.679,18 registrado nas entradas. Saldo anterior: R$ 3.821.077,38. Saldo final em 31/01/2023: R$ 3.474.160,20. Recursos devolvidos: R$ 0.",IGH,2023,1,mensal,,12,0.0,7233240.52,541467.1,6344860.24,,,3474160.2,3821077.38
2023,"C:\OSS-Goias\documentos\IGH\HEAPA\2023\21_Relatorio_Comparativo_Recursos\2023.02 - HEAPA - Relatório mensal comparativo dos recursos recebidos, gastos e devolvidos ao Poder Público-Assinado.pdf","2023.02 - HEAPA - Relatório mensal comparativo dos recursos recebidos, gastos e devolvidos ao Poder Público-Assinado",9,1,HEAPA,,,,,"Competência: Fevereiro/2023. Hospital Estadual de Urgências de Aparecida de Goiânia Cairo Louzada (HEAPA). Contrato de Gestão n° 096/2016 - 9° Termo Aditivo. Vigência: 22/09/2022 a 21/09/2023. Previsão de repasse mensal custeio: R$ 7.944.860,24; investimento: R$ 156.112,25. Repasse custeio recebido: R$ 4.984.860,24; repasse investimento: R$ 156.112,25. Total entradas: R$ 5.184.926,76. Total geral de pagamentos: R$ 5.894.846,56 (custeio R$ 5.894.846,56; investimento R$ 0). Valores devolvidos à contratante: R$ 0. Saldo bancário final em 28/02/2023: R$ 2.764.240,40. Glosas: servidores cedidos R$ 1.191.200,94; outras (energia) R$ 64.820,97; total glosas R$ 1.256.021,91. Recursos são mantidos em c/c e aplicação únicas. Nota: recursos_recebidos_ses corresponde à soma dos repasses custeio (4.984.860,24) e investimento (156.112,25) = 5.140.972,49.",IGH,2023,2,mensal,,17,0.0,5894846.56,28937.38,5141.0,,,2764240.4,3474160.2
2023,"C:\OSS-Goias\documentos\IGH\HEAPA\2023\21_Relatorio_Comparativo_Recursos\2023.02 - HEAPA - Relatório mensal comparativo dos recursos recebidos, gastos e devolvidos ao Poder.xlsx","2023.02 - HEAPA - Relatório mensal comparativo dos recursos recebidos, gastos e devolvidos ao Poder",8,1,HEAPA,,,,,"Repasse Custeio: R$ 4.984.860,24; Repasse Investimento: R$ 156.112,25. Total SES: R$ 5.140.972,49. Outras entradas: rendimentos financeiros (R$ 15.016,89) + desbloqueio judicial (R$ 28.937,38) = R$ 43.954,27. Total pagamentos Investimento: R$ 0. Total Glosas: R$ 1.256.021,91 (servidores cedidos R$ 1.191.200,94 + Energia R$ 64.820,97). Saldo anterior: R$ 3.474.160,20. Saldo final em 28/02/2023: R$ 2.764.240,40. Valores devolvidos à contratante: R$ 0.",IGH,2023,2,mensal,,14,0.0,5894846.56,43954.27,5140972.49,,,2764240.4,3474160.2
2023,"C:\OSS-Goias\documentos\IGH\HEAPA\2023\21_Relatorio_Comparativo_Recursos\2023.03 - HEAPA - Relatório mensal comparativo dos recursos recebidos, gastos e devolvidos ao Poder Público-Assinado.pdf","2023.03 - HEAPA - Relatório mensal comparativo dos recursos recebidos, gastos e devolvidos ao Poder Público-Assinado",9,1,HEAPA,,,,,"Repasse Custeio: R$ 6.344.860,24; Repasse Investimento: R$ 2.048.379,15. Total repasses SES = 8.393.239,39. Outras entradas: Recuperação de despesas R$ 52.868,87; Desbloqueio judicial R$ 36.866,09; Rendimentos R$ 21.564,31. Total de pagamentos custeio: R$ 7.090.359,06; Total pagamentos investimento: R$ 1.478.827,78. Valores devolvidos à contratante: zero. Saldo bancário final em 31/03/2023: R$ 2.699.592,22. Glosas totais: R$ 1.270.101,95 (servidores cedidos R$ 1.208.464,30; Outras/Energia R$ 61.637,65). Previsão repasse mensal custeio: R$ 7.966.862,12; investimento: R$ 9.600,00. Contrato: 9° Termo Aditivo ao CG n° 096/2016, vigência 22/09/2022 a 21/09/2023.",IGH,2023,3,mensal,,18,0.0,8569186.84,89734.96,8393239.39,,,2699592.22,2764240.4
2023,"C:\OSS-Goias\documentos\IGH\HEAPA\2023\21_Relatorio_Comparativo_Recursos\2023.03 - HEAPA - Relatório mensal comparativo dos recursos recebidos, gastos e devolvidos ao.xlsx","2023.03 - HEAPA - Relatório mensal comparativo dos recursos recebidos, gastos e devolvidos ao",9,1,HEAPA,,,,,"Repasse Custeio: R$ 6.344.860,24; Repasse Investimento: R$ 2.048.379,15. Total repasses SES: R$ 8.393.239,39. Rendimentos financeiros: R$ 21.564,31. Outras entradas (Recuperação de despesas + Desbloqueio judicial): R$ 89.734,96. Total Glosas: R$ 1.270.101,95 (Servidores cedidos: R$ 1.208.464,30; Energia: R$ 61.637,65). Contrato de Gestão n° 096/2016, 9° Termo Aditivo, vigência 22/09/2022 a 21/09/2023.",IGH,2023,3,mensal,,14,0,8569186.84,89734.96,8393239.39,,,2699592.22,2764240.4
2023,"C:\OSS-Goias\documentos\IGH\HEAPA\2023\21_Relatorio_Comparativo_Recursos\2023.04 - HEAPA - Relatório mensal comparativo dos recursos recebidos, gastos e devolvidos ao Poder Público-Assinado.pdf","2023.04 - HEAPA - Relatório mensal comparativo dos recursos recebidos, gastos e devolvidos ao Poder Público-Assinado",9,1,HEAPA,,,,,"Competência Abril/2023. Repasse custeio SES: R$6.661.989,57; Repasse investimento SES: R$9.600,00. Rendimentos sobre aplicações: R$16.569,64. Outras entradas (recuperação de despesas, desbloqueio judicial): R$60.650,26. Saldo anterior em 01/04/2023: R$2.699.592,22. Saldo final em 30/04/2023: R$2.325.678,71. Valores devolvidos à contratante: zero. Total glosas: zero (informações não repassadas pela SES/GO). 9° Termo Aditivo ao Contrato de Gestão n°096/2016. Previsão repasse mensal custeio: R$7.966.862,12; investimento: R$29.600,00.",IGH,2023,4,mensal,,18,0.0,7122722.98,77219.9,6671589.57,,,2325678.71,2699592.22
2023,"C:\OSS-Goias\documentos\IGH\HEAPA\2023\21_Relatorio_Comparativo_Recursos\2023.04 - HEAPA - Relatório mensal comparativo dos recursos recebidos, gastos e devolvidos ao.xlsx","2023.04 - HEAPA - Relatório mensal comparativo dos recursos recebidos, gastos e devolvidos ao",9,1,HEAPA,,,,,"Repasse Custeio: R$ 6.661.989,57; Repasse Investimento: R$ 9.600,00. Rendimentos financeiros totais: R$ 16.569,64. Outras entradas (Recuperação de despesas: R$ 60.646,26; Desbloqueio judicial: R$ 4,00). Glosas: zero. Contrato de Gestão n° 096/2016 - 9° Termo Aditivo. Vigência: 22/09/2022 a 21/09/2023.",IGH,2023,4,mensal,,14,0,7122722.98,76569.9,6671589.57,,,2325678.71,2699592.22
2023,"C:\OSS-Goias\documentos\IGH\HEAPA\2023\21_Relatorio_Comparativo_Recursos\2023.05 - HEAPA - Relatório mensal comparativo dos recursos recebidos, gastos e devolvidos ao Público-Assinado.pdf","2023.05 - HEAPA - Relatório mensal comparativo dos recursos recebidos, gastos e devolvidos ao Público-Assinado",9,1,HEAPA,,,,,"Competência: Maio/2023. Hospital Estadual de Urgências de Aparecida de Goiânia Cairo Louzada (HEAPA). OSS gestora: IGH (Instituto de Gestão e Humanização). 9° Termo Aditivo ao Contrato de Gestão n° 096/2016. Vigência: 22/09/2022 a 21/09/2023. Previsão repasse mensal custeio: R$ 7.966.862,12; investimento: R$ 80.515,00. Repasse custeio recebido: R$ 7.550.622,52; investimento: R$ 0. Total de pagamentos custeio: R$ 6.039.948,00; investimento: R$ 32.690,00. Valores devolvidos: zero. Saldo bancário final em 31/05/2023: R$ 3.832.520,49. Glosas: servidores cedidos R$ 1.160.027,72; energia R$ 73.540,65; total glosas R$ 1.233.568,37. Outras entradas incluem recuperação de despesas R$ 7.271,50 e rendimentos financeiros R$ 21.585,76.",IGH,2023,5,mensal,,19,0.0,6072638.0,28856.26,7550622.52,,,3832520.49,2325678.71
2023,"C:\OSS-Goias\documentos\IGH\HEAPA\2023\21_Relatorio_Comparativo_Recursos\2023.05 - HEAPA - Relatório mensal comparativo dos recursos recebidos, gastos e devolvidos ao Público.xlsx","2023.05 - HEAPA - Relatório mensal comparativo dos recursos recebidos, gastos e devolvidos ao Público",8,1,HEAPA,,,,,"Contrato de Gestão n° 096/2016 - 9° Termo Aditivo. Vigência: 22/09/2022 a 21/09/2023. Previsão repasse mensal custeio: R$ 7.966.862,12; investimento: R$ 80.515,00. Repasse de custeio recebido: R$ 7.550.622,52 (sem repasse de investimento no mês). Total de glosas: R$ 1.233.568,37 (servidores cedidos: R$ 1.160.027,72; energia: R$ 73.540,65). Rendimentos de aplicações financeiras: R$ 21.585,76. Total resgates de aplicações: R$ 6.490.551,96. Total aplicações financeiras: R$ 7.980.831,88.",IGH,2023,5,mensal,,18,0.0,6072638.0,7271.5,7550622.52,,,3832520.49,2325678.71
2023,"C:\OSS-Goias\documentos\IGH\HEAPA\2023\21_Relatorio_Comparativo_Recursos\2023.06 - HEAPA - Relatório mensal comparativo dos recursos recebidos, gastos e devolvidos ao Público-Assinado.pdf","2023.06 - HEAPA - Relatório mensal comparativo dos recursos recebidos, gastos e devolvidos ao Público-Assinado",9,1,HEAPA,,,,,"Competência Junho/2023. Repasse Custeio SES: R$ 6.705.714,67; Repasse Investimento SES: R$ 27.840,00. Rendimentos sobre aplicações: R$ 34.085,54 (Bradesco 8159-0: R$ 1.273,41 + Bradesco 2661-1: R$ 0,13 + CEF: R$ 32.814,07 - não incluídos em recursos_recebidos_ses, refletidos em outras fontes juntamente com recuperação de despesas R$ 5.660,31 e desbloqueio judicial R$ 24.586,13). Total Glosas: R$ 1.252.168,31 (servidores cedidos R$ 1.190.888,29; Energia R$ 61.280,02). Valores devolvidos à contratante: zero. Saldo bancário final em 30/06/2023: R$ 3.112.535,16.",IGH,2023,6,mensal,,19,0.0,7517874.05,30246.44,6733554.67,,,3112535.16,3832520.49
2023,"C:\OSS-Goias\documentos\IGH\HEAPA\2023\21_Relatorio_Comparativo_Recursos\2023.06 - HEAPA - Relatório mensal comparativo dos recursos recebidos, gastos e devolvidos ao Público.xlsx","2023.06 - HEAPA - Relatório mensal comparativo dos recursos recebidos, gastos e devolvidos ao Público",9,1,HEAPA,,,,,"Repasse Custeio: R$ 6.705.714,67; Repasse Investimento: R$ 27.840,00. Total Glosas: R$ 1.252.168,31 (Glosa servidores cedidos: R$ 1.190.888,29; Glosa energia: R$ 61.280,02). Saldo anterior: R$ 3.832.520,49. Saldo final em 30/06/2023: R$ 3.112.535,16. Valores devolvidos à contratante: R$ 0,00. Contrato de Gestão nº 096/2016 - 9º Termo Aditivo. Vigência: 22/09/2022 a 21/09/2023.",IGH,2023,6,mensal,,13,0.0,7517874.05,92173.05,6705714.67,,,3112535.16,3832520.49
2023,C:\OSS-Goias\documentos\IGH\HEAPA\2023\21_Relatorio_Comparativo_Recursos\2023.07 - HEAPA - Relatório mensal comparativo Financeiro-Assinado.pdf,2023.07 - HEAPA - Relatório mensal comparativo Financeiro-Assinado,8,1,HEAPA,,,,,"Competência Julho/2023. Saldo bancário final referenciado em 30/06/2023 conforme cabeçalho do documento (provável erro de nomenclatura, refere-se ao encerramento do mês de julho/2023). Repasse custeio SES: R$ 6.964.693,81. Sem repasse de investimento no período. Total de glosas: R$ 1.296.625,33 (servidores cedidos R$ 1.235.443,36 + energia R$ 61.181,97). Valores devolvidos à contratante: zero. Contrato de Gestão n° 096/2016 - 9° Termo Aditivo, vigência 22/09/2022 a 21/09/2023.",IGH,2023,7,mensal,,16,0.0,7380164.13,21863.09,6964693.81,,,2718927.93,3112535.16
2023,C:\OSS-Goias\documentos\IGH\HEAPA\2023\21_Relatorio_Comparativo_Recursos\2023.07 - HEAPA - Relatório mensal comparativo.xlsx,2023.07 - HEAPA - Relatório mensal comparativo,8,1,HEAPA,,,,,"Competência Julho/2023. Saldo bancário final datado em 30/06/2023 conforme documento (provável erro no documento, refere-se ao saldo final de julho/2023). Glosas totais: R$ 1.296.625,33 (servidores cedidos R$ 1.235.443,36 + energia R$ 61.181,97). Repasse mensal previsto em contrato: R$ 7.966.862,12 (custeio). Repasse efetivamente recebido no mês: R$ 6.964.693,81. Outras entradas incluem rendimentos financeiros (R$ 20.221,71) e recuperação de despesas/desbloqueio judicial (R$ 1.641,38).",IGH,2023,7,mensal,,19,0,7380164.13,21863.09,6964693.81,,,2718927.93,3112535.16
2023,"C:\OSS-Goias\documentos\IGH\HEAPA\2023\21_Relatorio_Comparativo_Recursos\2023.08 - HEAPA - Relatório mensal comparativo dos recursos recebidos,.xlsx","2023.08 - HEAPA - Relatório mensal comparativo dos recursos recebidos,",13,1,HEAPA,,,,,"Competência Agosto/2023. Contrato de Gestão n° 096/2016 - 9° Termo Aditivo. Previsão de repasse mensal custeio: R$ 7.966.862,12. Repasse efetivo no mês: R$ 6.011.836,06. Outras entradas incluem recuperação de despesas (R$ 82.417,71) e desbloqueio judicial (R$ 1.188.920,76). Total de resgates de aplicações financeiras: R$ 10.662.284,87. Total de novas aplicações financeiras: R$ 10.266.348,93. Sem valores devolvidos à contratante no período. Saldo final calculado em 30/06/2023 conforme cabeçalho do item 7 (possível erro no documento, pois a competência é agosto/2023).",IGH,2023,8,mensal,,13,0,7734009.13,1291842.24,6011836.06,,,2288726.5,2718927.93
2023,"C:\OSS-Goias\documentos\IGH\HEAPA\2023\21_Relatorio_Comparativo_Recursos\2023.09 - HEAPA - Relatório mensal comparativo dos recursos recebidos, gastos e devolvidos ao Público-Assinado.pdf","2023.09 - HEAPA - Relatório mensal comparativo dos recursos recebidos, gastos e devolvidos ao Público-Assinado",8,1,HEAPA,,,,,"Competência: Setembro/2023. Repasse Custeio: R$ 4.641.691,87; Repasse Investimento: R$ 364.820,00; Rendimentos: R$ 14.993,31 (711,20+0,40+14.281,71); Outras entradas: R$ 8,15 (Desbloqueio judicial). Saldo anterior: R$ 2.288.726,50. Saldo final em 30/09/2023: R$ 2.489.713,75. Valores devolvidos: zero. Total geral dos pagamentos: R$ 4.820.526,08 (somente custeio; investimento zero). Glosas: servidores cedidos R$ 1.143.661,64; não cumprimento de metas R$ 683.986,05; Outras (Energia) R$ 58.496,52; Total glosas R$ 1.886.144,22. Previsão repasse mensal custeio: R$ 7.966.862,12; investimento: R$ 1.915.020,00. Contrato: 9° Termo Aditivo ao Contrato de Gestão n° 096/2016. Vigência: 22/09/2022 a 21/09/2023.",IGH,2023,9,mensal,,19,0.0,4820526.08,15001.55,5006511.87,,,2489713.75,2288726.5
2023,"C:\OSS-Goias\documentos\IGH\HEAPA\2023\21_Relatorio_Comparativo_Recursos\2023.09 - HEAPA - Relatório mensal comparativo dos recursos recebidos, gastos e devolvidos ao Público.xlsx","2023.09 - HEAPA - Relatório mensal comparativo dos recursos recebidos, gastos e devolvidos ao Público",13,1,HEAPA,,,,,"Contrato de Gestão n° 096/2016 - 9° Termo Aditivo. Vigência: 22/09/2022 a 21/09/2023. Previsão repasse mensal custeio: R$ 7.966.862,12; investimento: R$ 1.915.020,00. Total de glosas no período: R$ 1.886.144,22 (servidores cedidos + não cumprimento de metas + energia). Resgate de aplicações financeiras: R$ 5.969.967,44. Total aplicações financeiras realizadas: R$ 6.077.789,18.",IGH,2023,9,mensal,,22,0,4820526.08,14993.46,5006511.87,,,2489713.75,2288726.5
2023,"C:\OSS-Goias\documentos\IGH\HEAPA\2023\21_Relatorio_Comparativo_Recursos\2023.10 - HEAPA - Relatório mensal comparativo dos recursos recebidos, gastos e devolvidos ao Público-Assinado.pdf","2023.10 - HEAPA - Relatório mensal comparativo dos recursos recebidos, gastos e devolvidos ao Público-Assinado",8,1,HEAPA,,,,,"Relatório competência Outubro/2023. HEAPA - Hospital Estadual de Urgências de Aparecida de Goiânia Cairo Louzada. OSS: IGH (Instituto de Gestão e Humanização). 9° Termo Aditivo ao Contrato de Gestão n° 096/2016. Vigência: 22/09/2022 a 21/09/2023. Previsão de repasse mensal de custeio: R$ 8.131.167,55. Repasse CUSTEIO recebido: R$ 9.200.129,23. Repasse INVESTIMENTO: R$ 0. Recuperação de despesas: R$ 89.144,72. Rendimentos sobre aplicações: R$ 17.870,68. Total de entradas: R$ 9.307.144,63. Total resgates de aplicação: R$ 14.645.569,86. Total aplicações financeiras: R$ 14.491.333,52. Total pagamentos custeio: R$ 9.094.167,69. Total pagamentos investimento: R$ 433.890,00. Total geral pagamentos: R$ 9.528.057,69. Valores devolvidos: R$ 0. Saldo final em 31/10/2023: R$ 2.268.800,69. Glosas totais: R$ 1.890.496,04 (servidores cedidos: R$ 1.140.927,23; não cumprimento de metas: R$ 683.986,06; Energia: R$ 65.582,75).",IGH,2023,10,mensal,,16,0.0,9528057.69,89144.72,9200129.23,,,2268800.69,2489713.75
2023,"C:\OSS-Goias\documentos\IGH\HEAPA\2023\21_Relatorio_Comparativo_Recursos\2023.10 - HEAPA - Relatório mensal comparativo dos recursos recebidos, gastos e devolvidos ao Público.xlsx","2023.10 - HEAPA - Relatório mensal comparativo dos recursos recebidos, gastos e devolvidos ao Público",8,1,HEAPA,,,,,"Repasse custeio: R$ 9.200.129,23. Previsão mensal contrato: R$ 8.131.167,55 (custeio), R$ 0 (investimento). Glosas totais: R$ 1.890.496,04 (servidores cedidos R$ 1.140.927,23, não cumprimento de metas R$ 683.986,06, energia R$ 65.582,75). Valores devolvidos à contratante: R$ 0. Saldo final em 31/10/2023: R$ 2.268.800,69.",IGH,2023,10,mensal,,18,0,9528057.69,89144.72,9200129.23,,,2268800.69,2489713.75
2023,"C:\OSS-Goias\documentos\IGH\HEAPA\2023\21_Relatorio_Comparativo_Recursos\2023.11 - HEAPA - Relatório mensal comparativo dos recursos recebidos, gastos e devolvidos ao Público-Assinado.pdf","2023.11 - HEAPA - Relatório mensal comparativo dos recursos recebidos, gastos e devolvidos ao Público-Assinado",8,1,HEAPA,,,,,"Competência Novembro/2023. Contrato de Gestão 096/2016 - 9° Termo Aditivo. Vigência 22/09/2022 a 21/09/2023. Previsão de repasse mensal de custeio: R$ 8.131.167,55. Valores devolvidos à contratante: zero. Glosas totais: R$ 1.216.487,25 (servidores cedidos R$ 1.141.722,54; não cumprimento de metas R$ 0; outras/energia R$ 74.764,71). Saldo bancário final em 31/10/2023 (conforme cabeçalho do item 7, embora competência seja novembro/2023).",IGH,2023,11,mensal,,13,0.0,7312555.45,1.0,6569025.56,,,1541743.88,2268800.69
2023,"C:\OSS-Goias\documentos\IGH\HEAPA\2023\21_Relatorio_Comparativo_Recursos\2023.11 - HEAPA - Relatório mensal comparativo dos recursos recebidos, gastos e devolvidos ao Público.xlsx","2023.11 - HEAPA - Relatório mensal comparativo dos recursos recebidos, gastos e devolvidos ao Público",9,1,HEAPA,,,,,"Competência: Novembro/2023. Contrato de Gestão n° 096/2016 (9° Termo Aditivo), vigência 22/09/2022 a 21/09/2023. Previsão de repasse mensal de custeio: R$ 8.131.167,55. Repasse efetivo de custeio no mês: R$ 6.569.025,56. Total de glosas: R$ 1.216.487,25 (servidores cedidos: R$ 1.141.722,54; energia: R$ 74.764,71). Saldo final em 31/10/2023 conforme indicado no documento (período referenciado como outubro, mas relatório é de novembro/2023). Outras entradas incluem rendimentos de aplicações financeiras totalizando R$ 16.471,08 e desbloqueio judicial de R$ 1,00.",IGH,2023,11,mensal,,13,0,7312555.45,16472.08,6569025.56,,,1541743.88,2268800.69
2023,"C:\OSS-Goias\documentos\IGH\HEAPA\2023\21_Relatorio_Comparativo_Recursos\2023.12 - HEAPA - Relatório mensal comparativo dos recursos recebidos, gastos e devolvidos ao Público-Assinado.pdf","2023.12 - HEAPA - Relatório mensal comparativo dos recursos recebidos, gastos e devolvidos ao Público-Assinado",7,1,HEAPA,,,,,"Competência Dezembro/2023. Saldo bancário final em 31/12/2023 (o documento menciona 31/10/2023 no cabeçalho da seção 7, mas a competência é Dezembro/2023). Repasse custeio: R$ 6.847.068,87. Rendimentos sobre aplicações financeiras: R$ 14.162,98 (soma: 916,08+1,05+589,13+7.745,75+2.928,78+6.354,56). Outras entradas: R$ 4.373,67 (recuperação R$3.372,67 + desbloqueio judicial R$1,00). Total entradas: R$ 6.868.977,89. Total resgates: R$ 8.393.258,25. Total aplicações financeiras: R$ 9.647.292,34. Glosas (energia): R$ 85.253,43. OSS: Instituto de Gestão e Humanização - IGH. Contrato: 9° Termo Aditivo ao CG 096/2016.",IGH,2023,12,mensal,,16,0.0,5596978.01,21961.02,6847068.87,,,2813743.76,1541743.88
2023,"C:\OSS-Goias\documentos\IGH\HEAPA\2023\21_Relatorio_Comparativo_Recursos\2023.12 - HEAPA - Relatório mensal comparativo dos recursos recebidos, gastos e devolvidos ao Público.xlsx","2023.12 - HEAPA - Relatório mensal comparativo dos recursos recebidos, gastos e devolvidos ao Público",7,1,HEAPA,,,,,"Competência Dezembro/2023. Saldo bancário final datado como 31/10/2023 no documento (provável erro de template). Glosas totais: R$ 85.253,43 (Energia). Rendimentos sobre aplicações financeiras: R$ 18.535,35. Recuperação de despesas: R$ 3.372,67. Desbloqueio judicial: R$ 1,00. Contrato de Gestão n° 096/2016 - 9° Termo Aditivo. Previsão de repasse mensal custeio: R$ 8.131.167,55.",IGH,2023,12,mensal,,12,0.0,5596978.01,3373.72,6847068.87,,,2813743.76,1541743.88
2023,C:\OSS-Goias\documentos\FUNEV\HEANA\2023\21_Relatorio_Comparativo_Recursos\3.9.1 Fluxo de Caixa 02-2023.xlsx,3.9.1 Fluxo de Caixa 02-2023,8,1,HEANA,,,,,"Hospital Estadual de Anápolis Dr. Henrique Santillo (HEANA), gerido pela FUNEV. Contrato de Gestão 66/2019, vigência 18/11/2019 a 17/11/2023. Previsão de repasse mensal de custeio: R$ 6.576.856,86. Repasse efetivo em fev/2023: R$ 9.381.692,43 (inclui repasse de meses anteriores ou adiantamento). Saldo anterior total: R$ 8.149.265,08. Total de entradas: R$ 8.487.978,78 (inclui rendimentos financeiros e movimentações negativas em 'outras entradas' de -R$ 992.301,46). Total de pagamentos: R$ 7.509.813,13 (custeio: R$ 7.433.543,86 + investimento: R$ 76.269,27). Nenhum valor devolvido à contratante no período. Total de glosas: R$ 86.185,89 (servidores cedidos R$ 30.053,14 + ENEL R$ 56.132,75). Saldo bancário final em 28/02/2023: R$ 9.127.430,73.",FUNEV,2023,2,mensal,,37,0.0,7509813.13,,9381692.43,,,9127430.73,8149265.08
2023,C:\OSS-Goias\documentos\FUNEV\HEANA\2023\21_Relatorio_Comparativo_Recursos\3.9.1 Fluxo de Caixa 03-2023.xlsx,3.9.1 Fluxo de Caixa 03-2023,9,1,HEANA,,,,,"Hospital Estadual de Anápolis Dr. Henrique Santillo (HEANA), gerido pela FUNEV (CNPJ 07.776.237/0001-08). Contrato de Gestão 66/2019, vigência 18/11/2019 a 17/11/2023. Previsão de repasse mensal de custeio: R$ 6.576.856,86. Saldo anterior: R$ 9.127.430,73 (caixa R$ 6.255,64 + aplicação CUSTEIO R$ 9.118.050,94 + aplicação TAC R$ 3.124,15). Total entradas: R$ 9.584.796,91 (repasse SES custeio R$ 9.451.692,43 + rendimentos custeio R$ 132.750,51 + rendimentos TAC R$ 31,39 + outras entradas R$ 322,58). Total resgates: R$ 4.739.237,26. Total aplicações: R$ 5.500.000,00. Total pagamentos custeio: R$ 8.680.008,86; investimento: R$ 32.289,83. Valores devolvidos: R$ 0. Saldo final em 31/03/2023: R$ 9.999.928,95 (caixa R$ 5.415,96 + aplicação custeio R$ 9.991.357,45 + aplicação TAC R$ 3.155,54). Total glosas: R$ 91.632,35.",FUNEV,2023,3,mensal,,15,0.0,8712298.69,,9451692.43,,,9999928.95,9127430.73
2023,C:\OSS-Goias\documentos\FUNEV\HEANA\2023\21_Relatorio_Comparativo_Recursos\3.9.1 Fluxo de Caixa 04-2023.xlsx,3.9.1 Fluxo de Caixa 04-2023,8,1,HEANA,,,,,"Hospital Estadual de Anápolis Dr. Henrique Santillo (HEANA), gerido pela FUNEV (CNPJ 07.776.237/0001-08), Contrato de Gestão 66/2019, vigência 18/11/2019 a 17/11/2023. Previsão de repasse mensal de custeio: R$ 9.790.097,96. Repasse efetivo no mês: R$ 9.451.692,43. Total de entradas (item 2): R$ 8.559.218,78 (inclui rendimentos de R$ 107.150,06 e outras entradas negativas de R$ -999.648,42). Total de pagamentos custeio: R$ 7.503.976,59; investimento: R$ 41.664,26; total geral: R$ 7.545.640,85. Valores devolvidos: R$ 0. Saldo bancário final em 30/04/2023: R$ 11.013.506,88. Total de glosas: R$ 95.167,45 (servidores cedidos: R$ 31.230,99; ENEL: R$ 63.936,46). Documento assinado em 15/05/2023.",FUNEV,2023,4,mensal,,37,0.0,7545640.85,,9451692.43,,,11013506.88,9999928.95
2023,C:\OSS-Goias\documentos\FUNEV\HEANA\2023\21_Relatorio_Comparativo_Recursos\3.9.1 Fluxo de Caixa 05-2023.xlsx,3.9.1 Fluxo de Caixa 05-2023,9,1,HEANA,,,,,"Hospital Estadual de Anápolis Dr. Henrique Santillo (HEANA), gerido pela FUNEV (CNPJ 07.776.237/0001-08), contrato de gestão 66/2019 vigência 18/11/2019 a 17/11/2023. Previsão repasse mensal custeio: R$ 9.790.097,96. Repasse custeio recebido em maio/2023: R$ 9.770.657,29. Total pagamentos custeio: R$ 8.179.975,57; total pagamentos investimento: R$ 72.787,10; total geral pagamentos: R$ 8.252.762,67. Outras entradas negativas (-R$ 999.677,42) referem-se a movimentações financeiras/devoluções. Glosas totais: R$ 97.802,72 (servidores cedidos R$ 64.800,34 + ENEL R$ 33.002,38). Saldo bancário final em 31/05/2023: R$ 11.678.103,12.",FUNEV,2023,5,mensal,,37,0.0,8252762.67,,9770657.29,,,11678103.12,11013506.88
2023,C:\OSS-Goias\documentos\FUNEV\HEANA\2023\21_Relatorio_Comparativo_Recursos\3.9.1 Fluxo de Caixa 06-2023.xlsx,3.9.1 Fluxo de Caixa 06-2023,9,1,HEANA,,,,,"Hospital Estadual de Anápolis Dr. Henrique Santillo (HEANA), gerido pela FUNEV. Contrato de Gestão 66/2019, vigência 18/11/2019 a 17/11/2023. Previsão de repasse mensal de custeio: R$ 9.601.692,43. Repasse de investimento: R$ 0. Competência: junho/2023. Saldo anterior total: R$ 11.678.103,12. Total de entradas: R$ 8.948.243,06 (inclui repasse SES R$ 9.692.295,24, rendimentos R$ 135.436,68 + R$ 188,56 e outras entradas negativas de R$ -879.677,42). Total de resgates de aplicação: R$ 12.151.474,21. Total de aplicações financeiras: R$ 11.668.500,00. Total geral de pagamentos: R$ 9.327.404,23 (custeio R$ 9.305.427,72 + investimento R$ 21.976,51). Valores devolvidos: R$ 0. Saldo final em 30/06/2023: R$ 11.298.941,95. Total de glosas: R$ 102.462,58 (servidores cedidos R$ 39.405,09 + ENEL R$ 63.057,49).",FUNEV,2023,6,mensal,,37,0.0,9327404.23,,9692295.24,,,11298941.95,11678103.12
2023,C:\OSS-Goias\documentos\FUNEV\HEANA\2023\21_Relatorio_Comparativo_Recursos\3.9.1 Fluxo de Caixa 08-2023.xlsx,3.9.1 Fluxo de Caixa 08-2023,8,1,HEANA,,,,,"Hospital Estadual de Anápolis Dr. Henrique Santillo (HEANA), gerido pela FUNEV (CNPJ 07.776.237/0001-08), unidade CNPJ 07.776.237/0008-84. Contrato de Gestão 66/2019, vigência 18/11/2019 a 17/11/2023. Previsão repasse mensal custeio: R$ 9.601.692,43. Repasse investimento: R$ 0. Saldo anterior: R$ 11.363.518,37 (Caixa: 6.658,15; Aplicação CUSTEIO: 8.458.906,11; Aplicação TAC: 2.897.954,11). Total entradas: R$ 8.439.543,30 (Repasse custeio: 9.177.199,34; Rendimento custeio: 113.554,58; Rendimento TAC: 25.786,08; Outras entradas: -876.996,70). Resgates de aplicação custeio: R$ 5.868.181,14. Total aplicações financeiras custeio: R$ 5.200.000. Total pagamentos custeio: R$ 8.995.162,33. Valores devolvidos: R$ 0. Saldo final em 31/08/2023: R$ 10.807.899,34 (Caixa: 3.563,31; Aplicação custeio: 7.880.651,08; Aplicação TAC: 2.923.684,95). Total glosas: R$ 95.065,22 (servidores cedidos: 36.988,66; metas: 0; outras/ENEL: 58.076,56).",FUNEV,2023,8,mensal,,17,0,8995162.33,,9177199.34,,,10807899.34,11363518.37
2023,C:\OSS-Goias\documentos\FUNEV\HEANA\2023\21_Relatorio_Comparativo_Recursos\3.9.1 Fluxo de Caixa 10-2022 (1).pdf,3.9.1 Fluxo de Caixa 10-2022 (1),9,1,HEANA,,,,,"Relatório mensal referente à competência outubro/2022. Contrato de Gestão nº 66/2019, vigência 18/11/2019 a 17/11/2023. Previsão de repasse mensal custeio: R$ 6.576.856,86. Saldo bancário final em 31/10/22: R$ 6.738.229,78. Total de glosas: R$ 78.470,53 (servidores cedidos R$ 16.722,68 + ENEL R$ 61.747,85). Item 2.5 Outras entradas com valor negativo de -997.564,97 referente a movimentações financeiras/valores a recuperar/empréstimos.",FUNEV,2022,10,mensal,,14,0.0,7283601.19,,8634728.04,,,6738229.78,6345345.91
2023,C:\OSS-Goias\documentos\FUNEV\HEANA\2023\21_Relatorio_Comparativo_Recursos\3.9.1 Fluxo de Caixa 11-2022.pdf.xlsx,3.9.1 Fluxo de Caixa 11-2022.pdf,8,1,HEANA,,,,,"Relatório mensal de novembro/2022 do Hospital Estadual de Anápolis Dr. Henrique Santillo (HEANA), gerido pela FUNEV (CNPJ 07.776.237/0001-08), contrato de gestão 66/2019 com vigência 18/11/2019 a 17/11/2023. Previsão de repasse mensal de custeio: R$ 6.576.856,86. Saldo bancário final em 30/11/2022: R$ 6.922.584,71. Total de glosas no período: R$ 92.430,83 (servidores cedidos R$ 29.638,97 + ENEL R$ 62.791,86). As 'outras entradas' apresentam valor negativo (-298.832,13) referente a movimentações financeiras/empréstimos/devoluções. Fonte: Extratos bancários, fluxo de caixa SIPEF e balancete contábil.",FUNEV,2022,11,mensal,,37,0.0,9111052.41,,9553632.76,,,6922584.71,6738229.78
2023,C:\OSS-Goias\documentos\FUNEV\HEANA\2023\21_Relatorio_Comparativo_Recursos\3.9.1 Fluxo de Caixa 12-2022.xlsx,3.9.1 Fluxo de Caixa 12-2022,8,1,HEANA,,,,,"Hospital Estadual de Anápolis Dr. Henrique Santillo (HEANA), gerido pela FUNEV. Contrato de Gestão nº 66/2019, vigência 18/11/2019 a 17/11/2023. Previsão de repasse mensal custeio: R$ 6.576.856,86. O repasse recebido no mês (R$ 10.388.656,81) é superior à previsão mensal, indicando repasse acumulado. Total de glosas no período: R$ 94.049,03 (servidores cedidos R$ 28.748,48 + ENEL R$ 65.300,55). Competência: dezembro/2022. Relatório emitido em 26/01/2023.",FUNEV,2022,12,mensal,,37,0,9194658.9,,10388656.81,,,8217128.72,6922584.71
2023,C:\OSS-Goias\documentos\FUNEV\HEANA\2023\21_Relatorio_Comparativo_Recursos\8. Relatório Financeiro Mensal.pdf,8. Relatório Financeiro Mensal,9,1,HEANA,,,,,"Competência: agosto/2023. Contrato de Gestão nº 66/2019, vigência 18/11/2019 a 17/11/2023. Previsão de repasse mensal custeio: R$ 9.601.692,43. Repasse investimento: R$ 0,00. Saldo bancário anterior: R$ 11.363.518,37 (Caixa 6.658,15 + Aplicações CUSTEIO 8.458.906,11 + Aplicações TAC 2.897.954,11). Outras entradas negativas de R$ -876.996,70 (movimentações financeiras/valores a recuperar). Total resgates aplicação financeira: R$ 5.868.181,14. Total aplicações financeiras: R$ 5.200.000,00. Total glosas: R$ 95.065,22. Rendimentos sobre aplicações: CUSTEIO R$ 113.554,58 + TAC R$ 25.786,08.",FUNEV,2023,8,mensal,,15,0.0,8995162.33,,9177199.34,,,10807899.34,11363518.37
2023,C:\OSS-Goias\documentos\FUNEV\HEANA\2023\21_Relatorio_Comparativo_Recursos\Fluxo de Caixa .xlsx,Fluxo de Caixa ,9,1,HEANA,,,,,"Hospital Estadual de Anápolis Dr. Henrique Santillo (HEANA), gerido pela FUNEV (CNPJ 07.776.237/0001-08). Contrato de Gestão 66/2019, vigência 18/11/2019 a 17/11/2023. Previsão de repasse mensal de custeio: R$ 9.601.692,43. O repasse efetivo recebido foi R$ 9.677.635,38. Item 2.5 (outras entradas) é negativo (-880.000,00), representando devolução de empréstimo. Total de glosas no mês: R$ 101.067,72 (servidores cedidos: R$ 39.276,72; ENEL: R$ 61.791,00). Saldo final calculado pelo documento: R$ 11.363.518,37.",FUNEV,2023,7,mensal,,37,0,8869012.46,,9677635.38,,,11363518.37,11298941.95
2023,C:\OSS-Goias\documentos\FUNEV\HEANA\2023\21_Relatorio_Comparativo_Recursos\Fluxo de Caixa 11-2022.pdf,Fluxo de Caixa 11-2022,8,1,HEANA,,,,,"Competência nov/22. Contrato de Gestão nº 66/2019, vigência 18/11/2019 a 17/11/2023. Previsão de repasse mensal custeio: R$ 6.576.856,86. Repasse recebido no mês: R$ 9.553.632,76 (inclui competências em atraso ou repasse duplo). Rendimentos sobre aplicações financeiras custeio: R$ 40.581,01; TAC: R$ 25,70. Outras entradas (negativas - movimentações financeiras/valores a recuperar): -R$ 298.832,13. Total de glosas: R$ 92.430,83 (servidores cedidos R$ 29.638,97 + ENEL R$ 62.791,86). Saldo bancário final em 30/11/2022: R$ 6.922.584,71.",FUNEV,2022,11,mensal,,17,0.0,9111052.41,,9553632.76,,,6922584.71,6738229.78
2023,documentos\IMED\HETRIN\2023\99_NaoClassificado\G.11-RELATORIO-DOS-RECURSOS-RECEBIDOS-E-GASTOS-ABR23.pdf,G.11-RELATORIO-DOS-RECURSOS-RECEBIDOS-E-GASTOS-ABR23,7,1,HUTRIN,,,,,"Relatório Mensal de Abril/2023. Hospital de Urgências de Trindade (HUTRIN). Contrato de Gestão nº 037/2021. Previsão de repasse mensal de custeio: R$ 2.850.338,75. Repasse efetivo de custeio no mês: R$ 4.319.486,38. Total de pagamentos investimento: R$ 0,00. Valores devolvidos à contratante: R$ 0,00. Total das glosas: R$ 0,00. O campo TOTAL GERAL DOS PAGAMENTOS apresenta erro de referência (#REF!) no documento original. Saldo bancário final refere-se a 31/03/2022 conforme cabeçalho do item 7, mas o relatório é de abril/2023 (possível erro no documento).",IMED,2023,4,mensal,,15,0.0,5206714.91,255757.25,4319486.38,,,37925666.86,38557138.14
2023,documentos\IMED\HETRIN\2023\99_NaoClassificado\G.9-RELACAO-MENSAL-DOS-RECURSOS-RECEBIDOS-E-GASTOS-OUT23.xlsx,G.9-RELACAO-MENSAL-DOS-RECURSOS-RECEBIDOS-E-GASTOS-OUT23,13,1,HUTRIN,,,,,"Hospital identificado no documento como Hospital de Urgências de Trindade - Hutrin (também referenciado como HET/HETRIN). Contrato de Gestão nº 037/2021, vigência 25/08/2023 a 24/08/2027. Previsão de repasse mensal de custeio: R$ 5.796.227,99. Repasse efetivo SES (custeio): R$ 7.561.940,05. Recursos extracontratuais: R$ 3.158.454,17. Devolução de saldo de caixa: R$ 79,30; Aporte para caixa: R$ 80,00. Valores devolvidos à contratante: R$ 0,00. Total de resgates de aplicação financeira: R$ 21.060.070,49. Total de aplicações financeiras: R$ 21.115.852,13. Saldo anterior: R$ 35.576.037,84. Saldo final em 31/10/2023: R$ 41.619.663,63. Total de glosas: R$ 0,00.",IMED,2023,10,mensal,,18,0.0,4975688.65,3158613.47,7561940.05,,,41619663.63,35576037.84
2023,documentos\IMED\HETRIN\2023\99_NaoClassificado\G.9-RELATORIO-FINANCEIRO-JAN23.pdf,G.9-RELATORIO-FINANCEIRO-JAN23,6,1,HUTRIN,,,,,"Relatório Financeiro Mensal - Janeiro/2023. Hospital de Urgências de Trindade (HUTRIN). Contrato de Gestão nº 037/2021. Previsão de repasse mensal de custeio: R$ 2.850.338,75. Previsão de repasse de investimento: R$ 0,00. Total de pagamentos de investimento: R$ 0,00. Total de glosas: R$ 0,00. Saldo bancário final em 31/01/2023 (o documento menciona 31/03/2022 por erro tipográfico, competência é janeiro/2023).",IMED,2023,1,mensal,,21,0.0,4930088.02,27210.67,4330483.46,,,37445614.24,37690651.79
2023,documentos\IMED\HETRIN\2023\99_NaoClassificado\G.9-RELATORIO-MENSAL-DE-RECURSOS-RECEBIDOS-E-GASTOS-FEV23.pdf,G.9-RELATORIO-MENSAL-DE-RECURSOS-RECEBIDOS-E-GASTOS-FEV23,7,1,HUTRIN,,,,,"Competência: Fevereiro/2023. Contrato de Gestão nº 037/2021. Previsão de repasse mensal custeio: R$ 2.850.338,75. Repasse efetivo SES custeio: R$ 4.260.483,46 (inclui parcelas adicionais). Valores devolvidos à contratante: R$ 0,00. Glosas: R$ 0,00. Saldo anterior: R$ 37.445.614,24. Saldo final: R$ 37.992.113,89. Nome da unidade: Hospital de Urgências de Trindade - HUTRIN. Vigência do contrato: 25/08/2019 a 30/08/2023.",IMED,2023,2,mensal,,15,0.0,3997166.93,1378.97,4260483.46,,,37992113.89,37445614.24
2023,documentos\IMED\HETRIN\2023\99_NaoClassificado\G.9-RELATORIO-MENSAL-DE-RECURSOS-RECEBIDOS-E-GASTOS-MAI23.pdf,G.9-RELATORIO-MENSAL-DE-RECURSOS-RECEBIDOS-E-GASTOS-MAI23,6,1,HUTRIN,,,,,"Relatório Mensal Comparativo de Recursos Recebidos, Gastos e Devolvidos ao Poder Público referente à competência MAIO/2023. Hospital de Urgências de Trindade (HUTRIN). Contrato de Gestão nº 037/2021 com a SES-GO. Previsão de repasse mensal de custeio: R$ 2.850.338,75. Repasse efetivo de custeio no mês: R$ 4.447.093,47. Saldo anterior: R$ 37.925.666,86. Total de entradas: R$ 4.853.901.28. Total de resgates de aplicação: R$ 60.410.171,65. Total de aplicações financeiras: R$ 32.651.736,91. Total de pagamentos custeio: R$ 4.406.630,52. Valores devolvidos: R$ 0,00. Saldo final: R$ 38.230.197,47. Total de glosas: R$ 0,00. Desbloqueio judicial de R$ 142.740,15 e reembolso de despesas de R$ 9.327,80 compõem as outras entradas.",IMED,2023,5,mensal,,15,0.0,4406630.52,406807.81,4447093.47,,,38230197.47,37925666.86
2023,documentos\IMED\HETRIN\2023\99_NaoClassificado\G.9-RELATORIO-MENSAL-DOS-RECURSOS-RECEBIDOS-E-GASTOS-MAR23.pdf,G.9-RELATORIO-MENSAL-DOS-RECURSOS-RECEBIDOS-E-GASTOS-MAR23,6,1,HETRIN,,,,,"Relatório Financeiro Mensal de Março/2023. Hospital de Urgências de Trindade - HUTRIN. Contrato de Gestão nº 037/2021. Previsão de repasse mensal custeio: R$ 2.850.338,75. Repasse efetivo custeio no mês: R$ 4.330.483,46. Rendimentos financeiros totalizaram R$ 397.198,11. Total de pagamentos custeio: R$ 4.109.430,51. Valores devolvidos: R$ 0,00. Saldo bancário final em 31/03/2023 (nota: documento indica 31/03/2022 mas competência é março/2023): R$ 38.557.138,14. Total das glosas: R$ 0,00.",IMED,2023,3,mensal,,18,0.0,4109430.51,397198.11,4330483.46,,,38557138.14,37992113.92
2023,documentos\IMED\HETRIN\2023\99_NaoClassificado\G.9-RELATORIO-MENSAL-DOS-RECURSOS-RECEBIDOS-E-GASTOS-SET23.xlsx,G.9-RELATORIO-MENSAL-DOS-RECURSOS-RECEBIDOS-E-GASTOS-SET23,13,1,HUTRIN,,,,,"Hospital de Urgências de Trindade (HUTRIN). Contrato de Gestão 037/2021, vigência até 30/08/2023. Previsão de repasse mensal de custeio: R$ 2.850.338,75. Repasse recebido em setembro/2023: R$ 5.040.758,86 (inclui possível acerto de meses anteriores). Outras entradas incluem rendimentos financeiros (R$ 281.983,47) e desbloqueio judicial (R$ 108.119,63) e aporte para caixa (R$ 490,00). Total de pagamentos custeio: R$ 4.215.627,97. Valores devolvidos à contratante: R$ 0,00. Saldo final em 30/09/2023: R$ 35.576.037,84.",IMED,2023,9,mensal,,17,0.0,4215627.97,390352.99,5040758.86,,,35576037.84,34468923.48
2023,documentos\IMED\HETRIN\2023\99_NaoClassificado\G.9-RELATORIO-MENSAL-RECURSOS-RECEBIDOS-E-GASTOS-AGO23.pdf,G.9-RELATORIO-MENSAL-RECURSOS-RECEBIDOS-E-GASTOS-AGO23,6,1,HETRIN,,,,,"Relatório Mensal - Competência AGOSTO/2023. Hospital de Urgências de Trindade - Hutrin. OSS: IMED (CNPJ 19.324.171/0001-02). Contrato de Gestão nº 037/2021. Vigência: 25/08/2019 a 30/08/2023. Previsão de repasse mensal de custeio: R$ 2.850.338,75. Repasse SES (Custeio) realizado via C.E.F AG:0238 C/C 5036-8: R$ 3.450.386,77. Saldo bancário anterior (início do período): R$ 35.664.212,61. Saldo bancário final em 31/08/2023: R$ 35.664.212,61. Total das Glosas: R$ 0,00. Valores devolvidos ao poder público: R$ 0,00.",IMED,2023,8,mensal,,25,0.0,5870134.55,322824.73,3450386.77,,,35664212.61,35664212.61
2023,documentos\IMED\HETRIN\2023\99_NaoClassificado\G.9-RELATORIO-MENSAL-RECURSOS-RECEBIDOS-E-GASTOS-JUN23.pdf,G.9-RELATORIO-MENSAL-RECURSOS-RECEBIDOS-E-GASTOS-JUN23,6,1,HUTRIN,,,,,"Relatório mensal de junho/2023 do Hospital de Urgências de Trindade (HUTRIN), gerido pelo IMED, contrato de gestão 037/2021. Previsão de repasse mensal custeio: R$ 2.850.338,75. Repasse efetivo custeio: R$ 4.357.439,09 (valor acima da previsão mensal, possivelmente incluindo competências anteriores). Rendimentos financeiros totalizaram R$ 234.429,37. Total de resgates de aplicações financeiras: R$ 39.769.537,21. Total de novas aplicações financeiras: R$ 67.134.354,30. Saldo anterior: R$ 38.230.197,47. Saldo final: R$ 38.026.967,77. Sem glosas e sem devoluções ao poder público no período. O cabeçalho menciona data 31/03/2022 no saldo final (aparente erro no documento), mas a competência é junho/2023.",IMED,2023,6,mensal,,13,0.0,4796557.54,1459.38,4357439.09,,,38026967.77,38230197.47
2023,documentos\IMED\HETRIN\2023\99_NaoClassificado\G.9-RELATORIO-MENSAL-RECURSOS-RECEBIDOS-E-GASTOS-NOV23.pdf,G.9-RELATORIO-MENSAL-RECURSOS-RECEBIDOS-E-GASTOS-NOV23,14,1,HETRIN,,,,,"Relatório Mensal Comparativo de Recursos Recebidos, Gastos e Devolvidos ao Poder Público referente a Novembro/2023. Hospital de Urgências de Trindade - HUTRIN. Contrato de Gestão nº 037/2021, vigência 25/08/2023 a 24/08/2027. Previsão de repasse mensal custeio: R$ 5.796.227,99. Repasse efetivo custeio: R$ 5.872.527,33. Recursos Extracontratuais: R$ 14.824,37. Rendimentos financeiros totais: R$ 320.043,39. Total de resgates de aplicações: R$ 27.599.513,14. Total de aplicações financeiras: R$ 26.952.434,43. Valores devolvidos à contratante: R$ 0,00. Glosas: R$ 0,00. Saldo bancário final refere-se a 31/10/2023 conforme indicado no documento (possível erro no documento, pois a competência é novembro/2023).",IMED,2023,11,mensal,,19,0.0,5808004.69,334867.76,5872527.33,,,42019054.03,41619663.63
2023,C:\OSS-Goias\documentos\FUNEV\HEANA\2023\21_Relatorio_Comparativo_Recursos\Relatorio Financeiro Mensal Heana Maio.pdf,Relatorio Financeiro Mensal Heana Maio,9,1,HEANA,,,,,"Competência maio/2023. Contrato de Gestão nº 66/2019, vigência 18/11/2019 a 17/11/2023. Previsão de repasse mensal custeio: R$ 9.790.097,96. Repasse custeio recebido: R$ 9.770.657,29. Rendimento aplicações custeio: R$ 146.348,22; TAC: R$ 30,82. Outras entradas (negativas): -R$ 999.677,42. Total entradas: R$ 8.917.358,91. Resgate aplicação custeio: R$ 4.141.000,72. Aplicação financeira custeio: R$ 4.700.000,00. Saldo anterior (30/04/2023): R$ 11.013.506,88. Saldo final (31/05/2023): R$ 11.678.103,12. Total glosas: R$ 97.802,72 (servidores cedidos R$ 64.800,34 + ENEL R$ 33.002,38). Fonte: Extratos bancários, fluxo de caixa Sipef e Balancete Contábil.",FUNEV,2023,5,mensal,,17,0.0,8252762.67,,9770657.29,,,11678103.12,11013506.88
2023,C:\OSS-Goias\documentos\FUNEV\HEANA\2023\21_Relatorio_Comparativo_Recursos\relatorio financeiro Mensal Heana.pdf,relatorio financeiro Mensal Heana,8,1,HEANA,,,,,"Relatório Financeiro Mensal - Competência junho/2023. Hospital Estadual de Anápolis Dr. Henrique Santillo (HEANA). Contrato de Gestão nº 66/2019. Previsão de repasse mensal de custeio: R$ 9.601.692,43. Repasse investimento: R$ 0,00. Total das glosas: R$ 102.462,58 (servidores cedidos R$ 39.405,09 + ENEL R$ 63.057,49). Saldo bancário final em 30/06/2023: R$ 11.298.941,95. Fonte: Extratos bancários, fluxo de caixa Sipef e Balancete Contábil.",FUNEV,2023,6,mensal,,14,0.0,9327404.23,0.0,9692295.24,,,11298941.95,11678103.12
2023,documentos\IMED\HETRIN\2023\99_NaoClassificado\RELATORIO_FINANCEIRO_HETRIN_07.2023.pdf,RELATORIO_FINANCEIRO_HETRIN_07.2023,7,1,HUTRIN,,,,,"Relatório Financeiro Mensal - Julho/2023. Hospital de Urgências de Trindade (HUTRIN). Contrato de Gestão nº 037/2021. Previsão de repasse mensal de custeio: R$ 2.850.338,75. Repasse efetivo de custeio no mês: R$ 4.359.172,26. Total de pagamentos - investimento: R$ 0,00. Total de glosas: R$ 0,00. Saldo anterior: R$ 38.026.967,77. Saldo final: R$ 35.664.212,61.",IMED,2023,7,mensal,,15,0.0,4796557.54,5858.17,4359172.26,,,35664212.61,38026967.77
2023,documentos\IMED\HETRIN\2023\99_NaoClassificado\RELATORIO_FINANCEIRO_HETRIN_07.2023_-.xlsx,RELATORIO_FINANCEIRO_HETRIN_07.2023_-,15,1,HETRIN,,,,,"Relatório referente a Julho/2023. Contrato de Gestão nº 037/2021, vigência 25/08/2019 a 30/08/2023. Previsão de repasse mensal custeio: R$ 2.850.338,75. Repasse efetivo recebido em julho/2023: R$ 4.359.172,26. Total de resgates de aplicação financeira: R$ 18.150.066,18. Total de aplicações financeiras: R$ 11.058.775,07. Saldo final calculado conforme fórmula 7=(1+2)-(4+5+6). O cabeçalho do saldo final menciona '31/03/2022' porém a competência do relatório é julho/2023, aparente erro de formulário.",IMED,2023,7,mensal,,24,0,4796557.54,5858.17,4359172.26,,,35664212.61,38026967.77
2023,documentos\IMED\HETRIN\2023\99_NaoClassificado\RELATORIO_FINANCEIRO_HETRIN_12.2022.pdf,RELATORIO_FINANCEIRO_HETRIN_12.2022,12,1,HUTRIN,,,,,"Competência: Dezembro/2022. Hospital de Urgências de Trindade (HUTRIN), gerido pelo IMED. Contrato de Gestão nº 037/2021. Previsão de repasse mensal de custeio: R$ 2.850.338,75. Repasse efetivamente recebido no mês: R$ 10.894.024,74 (referente a múltiplas competências). Rendimentos sobre aplicações financeiras totalizaram R$ 320.976,16. Outras entradas (recuperação de despesas, desbloqueio judicial, aporte para caixa): R$ 31.132,23. Total de resgates de aplicações financeiras: R$ 28.295.360,03. Total de novas aplicações financeiras: R$ 33.424.441,79. Glosas: nenhuma. Saldo bancário final em 31/12/2022: R$ 37.690.651,79.",IMED,2022,12,mensal,,17,0.0,5823316.52,31132.23,10894024.74,,,37690651.79,32267935.46
2023,C:\OSS-Goias\documentos\FUNEV\HEANA\2023\21_Relatorio_Comparativo_Recursos\Relatório Financeiro Mensa Heana.pdf,Relatório Financeiro Mensa Heana,8,1,HEANA,,,,,"Relatório Financeiro Mensal - Competência jul/2023. Hospital Estadual de Anápolis Dr. Henrique Santillo (HEANA). Contrato de Gestão nº 66/2019, vigência 18/11/2019 a 17/11/2023. Previsão de repasse mensal custeio: R$ 9.601.692,43. Repasse efetivo de custeio recebido: R$ 9.677.635,38. Outras entradas incluem movimentações financeiras/valores a recuperar/empréstimos no valor de -R$ 880.000,00. Saldo bancário anterior: R$ 11.298.941,95. Saldo bancário final em 31/07/23: R$ 11.363.518,37. Total de glosas: R$ 101.067,72 (servidores cedidos: R$ 39.276,72 + ENEL: R$ 61.791,00). Documento assinado eletronicamente em 24/08/2023.",FUNEV,2023,7,mensal,,14,0.0,8869012.46,0.0,9677635.38,,,11363518.37,11298941.95
2023,"C:\OSS-Goias\documentos\AGIR\HUGOL\2023\21_Relatorio_Comparativo_Recursos\Relatório mensal comparativo de recursos recebidos, gastos e devolvidos ao Poder Público_01-2023-HUGOL.xlsx","Relatório mensal comparativo de recursos recebidos, gastos e devolvidos ao Poder Público_01-2023-HUGOL",9,1,HUGOL,,,,,"Repasse SES custeio: R$ 32.257.376,07 (previsão contratual mensal R$ 33.007.376,07). Repasse investimento: R$ 0. Rendimentos de aplicações: R$ 82.721,05 (custeio) + R$ 49,59 (investimento). Outras entradas (reembolsos/estornos/empréstimos AGIR): R$ 2.140.385,61. Total resgates de aplicação: R$ 34.694.275,53. Total aplicações financeiras: R$ 33.687.637,16. Glosas: residente cedidos R$ 99.777,99; fatura Enel R$ 393.228,58; total glosas R$ 493.006,57. Saldo anterior em 31/12/2022: R$ 943.800,03. Contrato de Gestão 003/2014 SES/GO - 10º Termo Aditivo, vigência 15/07/2022 a 14/07/2023.",AGIR,2023,1,mensal,,12,0,35404715.39,2223156.25,32257376.07,,,19616.96,943800.03
2023,"C:\OSS-Goias\documentos\AGIR\HUGOL\2023\21_Relatorio_Comparativo_Recursos\Relatório mensal comparativo de recursos recebidos, gastos e devolvidos ao Poder Público_02-2023-HUGOL.pdf","Relatório mensal comparativo de recursos recebidos, gastos e devolvidos ao Poder Público_02-2023-HUGOL",9,1,HUGOL,,,,,"Repasse SES CUSTEIO: R$ 31.807.376,07 (previsão mensal R$ 33.007.376,07). Previsão de repasse INVESTIMENTO: R$ 0,00. Outras entradas incluem reembolso de despesa, estornos, ressarcimento de juros e empréstimos AGIR (R$ 1.538.223,32). Rendimentos sobre aplicações financeiras CUSTEIO: R$ 104.690,68. Valores de glosas não informados devido ao não recebimento das informações por parte da SES. Saldo bancário final em 28/02/2023.",AGIR,2023,2,mensal,,11,0.0,33321046.72,1642913.0,31807376.07,,,148860.31,19616.96
2023,"C:\OSS-Goias\documentos\AGIR\HUGOL\2023\21_Relatorio_Comparativo_Recursos\Relatório mensal comparativo de recursos recebidos, gastos e devolvidos ao Poder Público_03-2023-HUGOL.pdf","Relatório mensal comparativo de recursos recebidos, gastos e devolvidos ao Poder Público_03-2023-HUGOL",9,1,HUGOL,,,,,"Competência 03/2023. Repasse SES/CUSTEIO: R$ 32.734.166,01 via Banco CEF 446-8. Repasse INVESTIMENTO: R$ 0,00. Outras entradas incluem reembolso de despesa, estornos, ressarcimento de juros e empréstimos AGIR: R$ 1.161.566,67; rendimentos CUSTEIO: R$ 152.503,50; rendimentos INVESTIMENTO: R$ 2.841,02. Previsão de repasse mensal CUSTEIO: R$ 33.007.376,07. Vigência do contrato: 15/07/2022 a 14/07/2023 (10° Termo Aditivo). Glosas: R$ 0,00. Valores de glosas não informados devido ao não recebimento das informações por parte da SES.",AGIR,2023,3,mensal,,12,0.0,33999638.76,1316911.19,32734166.01,,,200298.75,148860.31
2023,"C:\OSS-Goias\documentos\AGIR\HUGOL\2023\21_Relatorio_Comparativo_Recursos\Relatório mensal comparativo de recursos recebidos, gastos e devolvidos ao Poder Público_04-2023-HUGOL.xlsx","Relatório mensal comparativo de recursos recebidos, gastos e devolvidos ao Poder Público_04-2023-HUGOL",9,1,HUGOL,,,,,"Competência 04/2023. Contrato de Gestão 003/2014 SES/GO - 10° Termo Aditivo, vigência 15/07/2022 a 14/07/2023. Previsão de repasse mensal CUSTEIO: R$ 33.007.376,07; INVESTIMENTO: R$ 0. Repasse efetivo CUSTEIO: R$ 32.257.376,07. Rendimento aplicações CUSTEIO: R$ 101.161,64; INVESTIMENTO: R$ 2.920,54. Outras entradas (reembolso/ressarcimento/empréstimos AGIR): R$ 327.461,04. Resgate aplicações CUSTEIO: R$ 27.018.771,39; INVESTIMENTO: R$ 178.096,23. Aplicação financeira CUSTEIO: R$ 28.758.419,94; INVESTIMENTO: R$ 481.079,00. Total glosas: R$ 0. Valores de glosas não informados devido ao não recebimento das informações por parte da SES.",AGIR,2023,4,mensal,,12,0,30543214.14,327461.04,32257376.07,,,2346003.9,200298.75
2023,"C:\OSS-Goias\documentos\AGIR\HUGOL\2023\21_Relatorio_Comparativo_Recursos\Relatório mensal comparativo de recursos recebidos, gastos e devolvidos ao Poder Público_05-2023-HUGOL.pdf","Relatório mensal comparativo de recursos recebidos, gastos e devolvidos ao Poder Público_05-2023-HUGOL",8,1,HUGOL,,,,,"Competência 05/2023. Contrato de Gestão 003/2014 SES/GO - 10º Termo Aditivo. Vigência: 15/07/2022 a 14/07/2023. Previsão de repasse mensal de custeio: R$ 33.007.376,07. Saldo anterior: R$ 2.346.003,90. Glosas: residentes cedidos R$ 121.337,63; não cumprimento de metas R$ 0,00; Fatura Enel R$ 426.985,67; Total glosas R$ 548.323,30. Recursos executados incluem custeio (R$ 34.771.371,42) e investimento (R$ 212.742,08).",AGIR,2023,5,mensal,,15,0.0,34984113.5,382545.55,33117857.08,,,862293.03,2346003.9
2023,"C:\OSS-Goias\documentos\AGIR\HUGOL\2023\21_Relatorio_Comparativo_Recursos\Relatório mensal comparativo de recursos recebidos, gastos e devolvidos ao Poder Público_06-2023-HUGOL.xlsx","Relatório mensal comparativo de recursos recebidos, gastos e devolvidos ao Poder Público_06-2023-HUGOL",9,1,HUGOL,,,,,"Competência 06/2023. Contrato de Gestão 003/2014 SES/GO - 10º Termo Aditivo, vigência 15/07/2022 a 14/07/2023. Previsão de repasse mensal CUSTEIO: R$ 33.007.376,07. Repasse INVESTIMENTO: R$ 0. Saldo anterior: R$ 862.293,03 (Caixa: R$ 3.967,77; Banco conta movimento CUSTEIO: R$ 15.085,31; Aplicações financeiras: R$ 843.239,95). Saldo final em 30/06/2023: R$ 291.706,22. Valores de glosas não informados por não recebimento de informações da SES. Entradas incluem rendimento sobre aplicações financeiras CUSTEIO R$ 55.982,66, rendimento INVESTIMENTO R$ 4.865,76 e outras entradas (reembolso/estorno) R$ 1.070,11.",AGIR,2023,6,mensal,,16,0.0,33091558.11,61918.53,32459052.77,,,291706.22,862293.03
2023,"C:\OSS-Goias\documentos\AGIR\HUGOL\2023\21_Relatorio_Comparativo_Recursos\Relatório mensal comparativo de recursos recebidos, gastos e devolvidos ao Poder Público_07-2023-HUGOL_RET.xlsx","Relatório mensal comparativo de recursos recebidos, gastos e devolvidos ao Poder Público_07-2023-HUGOL_RET",8,1,HUGOL,,,,,"Competência 07/2023. Contrato de Gestão 003/2014 SES/GO, 10º e 11º Termo Aditivo. Previsão de repasse mensal de custeio: R$ 33.007.376,07. Repasse efetivo recebido da SES (custeio): R$ 25.263.438,85. Resgate de aplicação financeira: R$ 7.314.083,88. Total aplicação financeira: R$ 15.885.025,84. Glosas não informadas por falta de retorno da SES. Saldo anterior composto por caixa (R$ 3.967,77), banco conta movimento (R$ 286.170,86) e aplicações financeiras (R$ 1.567,59).",AGIR,2023,7,mensal,,12,0.0,18099360.66,1205176.07,25263438.85,,,8684985.94,291706.22
2023,"C:\OSS-Goias\documentos\AGIR\HUGOL\2023\21_Relatorio_Comparativo_Recursos\Relatório mensal comparativo de recursos recebidos, gastos e devolvidos ao Poder Público_08-2023-HUGOL_RET.xlsx","Relatório mensal comparativo de recursos recebidos, gastos e devolvidos ao Poder Público_08-2023-HUGOL_RET",9,1,HUGOL,,,,,"Competência 08/2023. Contrato de Gestão 003/2014 SES/GO - 11º Termo Aditivo. Vigência: 15/07/2023 a 15/07/2026. Previsão de repasse mensal CUSTEIO: R$ 33.007.376,07. Repasse recebido em agosto foi de R$ 40.357.734,70 (inclui competências anteriores ou acumulado). Saldo anterior: R$ 8.684.985,94. Resgate de aplicação financeira: R$ 37.959.947,78. Aplicação financeira realizada: R$ 30.196.217,19. Total de glosas: zero. Valores de glosas não informados por não recebimento das informações da SES. Recursos recebidos de outras fontes inclui rendimentos financeiros (R$ 65.164,32) e outras entradas (R$ 1.800.653,74).",AGIR,2023,8,mensal,,12,0,49922119.03,1865818.06,40357734.7,,,986419.67,8684985.94
2023,"C:\OSS-Goias\documentos\AGIR\HUGOL\2023\21_Relatorio_Comparativo_Recursos\Relatório mensal comparativo de recursos recebidos, gastos e devolvidos ao Poder Público_09-2023-HUGOL_RET.xlsx","Relatório mensal comparativo de recursos recebidos, gastos e devolvidos ao Poder Público_09-2023-HUGOL_RET",10,1,HUGOL,,,,,"Saldo anterior: R$ 986.419,67 (Caixa: R$ 3.967,77 + Banco conta movimento Custeio: R$ 27.903,62 + Aplicações financeiras: R$ 954.548,28). Repasse Custeio SES: R$ 31.630.229,46. Rendimentos sobre aplicações Custeio: R$ 86.941,19. Outras entradas (reembolso/estorno/empréstimo): R$ 14.833,20. Total entradas: R$ 31.732.003,85. Resgate aplicação Custeio: R$ 24.404.749,08. Aplicação financeira Custeio: R$ 25.356.300,25. Total pagamentos Custeio: R$ 30.485.921,53. Total pagamentos Investimento: R$ 194.299,19. Total geral pagamentos: R$ 30.680.220,72. Valores devolvidos: R$ 0,00. Saldo final em 30/09/2023: R$ 2.038.202,80. Glosas: R$ 0,00. Previsão de repasse mensal Custeio: R$ 33.007.376,07. Previsão de repasse mensal Investimento: R$ 0,00. Contrato de Gestão 003/2014 SES/GO - 11° Termo Aditivo. Vigência: 15/07/2023 a 15/07/2026.",AGIR,2023,9,mensal,,10,0.0,30680220.72,101774.39,31630229.46,,,2038202.8,986419.67
2023,"C:\OSS-Goias\documentos\AGIR\HUGOL\2023\21_Relatorio_Comparativo_Recursos\Relatório mensal comparativo de recursos recebidos, gastos e devolvidos ao Poder Público_10-2023-HUGOL_RET.pdf","Relatório mensal comparativo de recursos recebidos, gastos e devolvidos ao Poder Público_10-2023-HUGOL_RET",9,1,HUGOL,,,,,"Competência: 10/2023. Contrato de Gestão 003/2014 SES/GO - 11° Termo Aditivo. Vigência: 15/07/2023 a 15/07/2026. Previsão de repasse mensal custeio: R$ 33.007.376,07. Previsão de repasse mensal investimento: R$ 0,00. Total de glosas: R$ 493.464,24 (residentes cedidos: R$ 140.181,97; não cumprimento de metas: R$ 0,00; Fatura Enel: R$ 353.282,27). Recursos_recebidos_outras_fontes inclui rendimentos sobre aplicações (R$ 83.575,35) e outras entradas/reembolso (R$ 98.708,45).",AGIR,2023,10,mensal,,31,0.0,34099715.79,182283.8,32537627.44,,,658398.25,2038202.8
2023,"C:\OSS-Goias\documentos\AGIR\HUGOL\2023\21_Relatorio_Comparativo_Recursos\Relatório mensal comparativo de recursos recebidos, gastos e devolvidos ao Poder Público_11-2023-HUGOL_RET.pdf","Relatório mensal comparativo de recursos recebidos, gastos e devolvidos ao Poder Público_11-2023-HUGOL_RET",8,1,HUGOL,,,,,"Competência 11/2023. Saldo bancário anterior: R$ 658.398,25. Total de entradas: R$ 32.198.678,90. Total de resgates de aplicação: R$ 14.901.536,09. Total de aplicações financeiras: R$ 15.942.481,00. Total geral de pagamentos (custeio): R$ 31.022.912,35. Valores devolvidos: R$ 0,00. Saldo bancário final em 30/11/2023: R$ 1.834.164,80. Glosas não informadas pois SES não forneceu as informações. Previsão de repasse mensal (custeio): R$ 33.007.376,07. Previsão de repasse mensal (investimento): R$ 0,00. Contrato de Gestão 003/2014 SES/GO, 11° Termo Aditivo, vigência 15/07/2023 a 15/07/2026.",AGIR,2023,11,mensal,,22,0.0,31022912.35,165060.14,32033618.76,,,1834164.8,658398.25
2023,"C:\OSS-Goias\documentos\AGIR\HUGOL\2023\21_Relatorio_Comparativo_Recursos\Relatório mensal comparativo de recursos recebidos, gastos e devolvidos ao Poder Público_12-2023-HUGOL_RET.pdf","Relatório mensal comparativo de recursos recebidos, gastos e devolvidos ao Poder Público_12-2023-HUGOL_RET",8,1,HUGOL,,,,,"Repasse SES CUSTEIO: R$ 32.846.639,68 (Banco CEF 446-8; 6945-0; 6948-5). Rendimentos sobre aplicações financeiras CUSTEIO: R$ 50.941,95. Outras entradas (reembolso/rescisão/multa/devolução/estorno): R$ 31.528,87. Repasse INVESTIMENTO: R$ 0,00. Saldo anterior composto por Caixa R$ 2.067,77 + Banco conta movimento R$ 83.053,15 + Aplicações financeiras R$ 1.749.043,88. Saldo final composto por Caixa R$ 2.067,77 + Banco conta movimento R$ 34.414,28 + Aplicações financeiras R$ 906.585,77. Total glosas: R$ 0,00 (valores não informados por não recebimento de informações da SES). Contrato de Gestão 003/2014 SES/GO - 11° Termo Aditivo. Vigência: 15/07/2023 a 15/07/2026. Previsão repasse mensal custeio: R$ 33.007.376,07.",AGIR,2023,12,mensal,,12,8176.94,33812030.54,82470.82,32846639.68,,,943067.82,1834164.8
2024,C:\OSS-Goias\documentos\ISG\HDT\2024\21_Relatorio_Comparativo_Recursos\01.2024-Fluxo-de-Caixa-HDT-ass.pdf,01.2024-Fluxo-de-Caixa-HDT-ass,7,1,HDT,,,,,"Competência Janeiro/2024. Hospital Estadual de Doenças Tropicais Dr Anuar Auad (HDT). OSS: Instituto Sócrates Guanaes (ISG). Contrato de Gestão 091/2012 SES/GO - 16º Termo Aditivo (25/06/2023 a 24/06/2024). Previsão de repasse mensal custeio: R$ 8.623.620,84. Repasse efetivo recebido: R$ 6.370.733,06. Saldo bancário final em 29/12/2023 (data indicada no documento). Mapa de repasses/glosas da competência não foi disponibilizado pela SES, portanto glosas não puderam ser informadas. Total de entradas inclui repasse SES, rendimentos financeiros e outras entradas diversas.",ISG,2024,1,mensal,,15,0.0,6968399.76,52550.38,6370733.06,,,647796.3,1192912.62
2024,C:\OSS-Goias\documentos\ISG\HDT\2024\21_Relatorio_Comparativo_Recursos\02.2024-Relatorio.pdf,02.2024-Relatorio,8,1,HDT,,,,,"Relatório Mensal Comparativo de Recursos - Competência FEVEREIRO/2024. Hospital Estadual de Doenças Tropicais Dr. Anuar Auad (HDT). OSS: Instituto Sócrates Guanaes (ISG). CNPJ OSS: 03.969.808/0003-31. Contrato 091/2012 SES/GO. Saldo bancário anterior (01/02/2024): R$ 647.796,30. Total entradas: R$ 7.075.906,13. Total saídas (custeio): R$ 7.118.524,10. Saldo bancário final (29/02/2024): R$ 605.178,33. Repasse custeio SES via Caixa Econômica Federal Ag.0012 CC 6926-4: R$ 7.032.949,00. Rendimento sobre aplicações financeiras: R$ 30.588,59. O mapa de repasses desta competência ainda não foi disponibilizado pela SES.",ISG,2024,2,mensal,,15,0,7118524.1,42906.13,7032949.0,,,605178.33,647796.3
2024,C:\OSS-Goias\documentos\ISG\HDT\2024\21_Relatorio_Comparativo_Recursos\03.2024-Relatorio.pdf,03.2024-Relatorio,6,1,HDT,,,,,"Competência março/2024. Contrato de Gestão 091/2012 SES/GO - 16º Termo Aditivo vigência 25/06/2023 a 24/06/2024. Previsão de repasse mensal custeio: R$ 8.623.620,84. Repasse efetivo custeio recebido: R$ 7.458.043,96. Outras entradas incluem: aporte fundo fixo R$ 3.300,00, restituição fundo fixo R$ 816,78, desbloqueio bancário R$ 0,61, reembolso despesas R$ 6.759,08, rendimentos R$ 29.045,11. Saldo bancário final em 29.12.2023 conforme documento (data no documento provavelmente erro, deveria ser 29.03.2024). Glosas: todas zeradas. Mapa de repasses/glosas não disponibilizado pela SES na competência.",ISG,2024,3,mensal,,8,0.0,7439174.3,39121.58,7458043.96,,,659852.79,605178.33
2024,C:\OSS-Goias\documentos\ISG\HDT\2024\21_Relatorio_Comparativo_Recursos\04.2024-Relatorio-ass.pdf,04.2024-Relatorio-ass,8,1,HDT,,,,,"Competência: Abril/2024. Contrato de Gestão 091/2012 SES/GO. Previsão de repasse mensal custeio: R$ 8.623.620,84. O mapa de repasses/glosas desta competência ainda não foi disponibilizado pela SES, portanto não é possível informar os valores das glosas. Saldo bancário final em 29.12.2023 (conforme consta no documento, porém a competência é abril/2024). Vigência: 25/06/2023 a 24/06/2024 - 16º Termo Aditivo. CNPJ ISG: 03.969.808/0003-31; CNPJ HDT: 02.529.964/0004-08.",ISG,2024,4,mensal,,15,0.0,10388314.03,208250.88,13383227.71,,,3659893.43,659852.79
2024,C:\OSS-Goias\documentos\ISG\HDT\2024\21_Relatorio_Comparativo_Recursos\05.2024-Relatorio-Excel-ass.pdf,05.2024-Relatorio-Excel-ass,6,1,HDT,,,,,"Competência MAIO/2024. Contrato de Gestão 091/2012 SES/GO - 16º Termo Aditivo (25/06/2023 a 24/06/2024). Previsão de repasse mensal custeio: R$ 8.623.620,84. Repasse efetivo recebido: R$ 11.030.874,99 (inclui competências anteriores possivelmente). Rendimentos sobre aplicações: R$ 52.747,01. Outras entradas: R$ 5.171,57. Total resgates de aplicações: R$ 6.393.813,73 (Banco Santander). Total aplicações financeiras: R$ 6.871.742,45. Glosas: não disponibilizadas pela SES no momento do relatório. Saldo final em 29.12.2023 conforme cabeçalho do item 7 (possível erro de data no documento original).",ISG,2024,5,mensal,,8,0.0,9676040.61,57918.58,11030874.99,,,5020935.57,3659893.43
2024,C:\OSS-Goias\documentos\ISG\HDT\2024\21_Relatorio_Comparativo_Recursos\06.2024-Relatorio-Excel.pdf,06.2024-Relatorio-Excel,7,1,HDT,,,,,"Competência: junho/2024. Contrato de Gestão nº 091/2012 SES/GO - 16º Termo Aditivo (25/06/2023 a 24/06/2024). Previsão de repasse mensal custeio: R$ 7.738.331,04. Repasse investimento: R$ 0. O mapa de repasses/glosas desta competência ainda não foi disponibilizado pela SES, portanto não é possível informar os valores das glosas. Saldo anterior: R$ 5.020.935,57. Total entradas: R$ 5.950.249,87. Total resgates de aplicação: R$ 13.038.398,94. Total aplicações financeiras: R$ 7.088.149,07. Total pagamentos custeio: R$ 9.340.383,05. Valores devolvidos: R$ 0. Saldo final: R$ 1.754.275,83.",ISG,2024,6,mensal,,14,0.0,9340383.05,279045.3,5670204.57,,,1754275.83,5020935.57
2024,C:\OSS-Goias\documentos\ISG\HDT\2024\21_Relatorio_Comparativo_Recursos\07.2024-Relatorio-Excel.pdf,07.2024-Relatorio-Excel,7,1,HDT,,,,,"Repasse CUSTEIO: R$ 10.061.147,40 (item 2.1). Outras entradas incluem: aporte fundo fixo 05/2024 (R$3.300,00), restituição fundo fixo 04/2024 (R$2.442,14), devolução de pagamento indevido (R$193.117,55), rendimento aplicações (R$46.027,29). Total entradas: R$10.306.034,38. Total resgates aplicação: R$14.660.146,76 (inclui resgate Santander R$4.354.112,38). Total aplicações financeiras: R$7.797.532,41. Valores devolvidos à contratante: zero. Glosas: mapa de repasses/glosas da competência não disponibilizado pela SES. Vigência: 25/06/2024 a 24/06/2025 - 16º Termo Aditivo 2º Ano. Contrato 091/2012 SES/GO. Previsão repasse mensal custeio: R$7.634.070,56.",ISG,2024,7,mensal,,10,0.0,7137489.47,244884.98,10061147.4,,,4911338.95,1754275.83
2024,C:\OSS-Goias\documentos\ISG\HDT\2024\21_Relatorio_Comparativo_Recursos\08.2024-Relatorio-Excel.pdf,08.2024-Relatorio-Excel,9,1,HDT,,,,,"Contrato de Gestão 091/2012 SES/GO - 16º Termo Aditivo 2º Ano (vigência 25/06/2024 a 24/06/2025). Previsão de repasse mensal custeio: R$ 7.634.070,56. Repasse custeio recebido: R$ 7.717.933,80; Repasse investimento: R$ 329.944,96. Nota: o mapa de repasses/glosas da competência ainda não foi disponibilizado pela SES, portanto não é possível informar os valores das glosas. Total de resgate de aplicações financeiras: R$ 19.299.160,68 (inclui valor de R$ 10.833.233,80 de resgate custeio Santander). Total de aplicações financeiras: R$ 8.038.359,66.",ISG,2024,8,mensal,,11,0.0,11203167.72,747993.08,7717933.8,,,2174098.11,4911338.95
2024,C:\OSS-Goias\documentos\ISG\HDT\2024\21_Relatorio_Comparativo_Recursos\09.2024-Relatorio-pdf-assi.pdf,09.2024-Relatorio-pdf-assi,7,1,HDT,,,,,"Competência setembro/2024. Contrato de Gestão 091/2012 SES/GO, 16º Termo Aditivo 2º Ano (25/06/2024 a 24/06/2025). Previsão de repasse mensal custeio: R$ 7.634.070,56. Repasse efetivo custeio: R$ 7.716.603,61. Resgate de aplicação financeira custeio: R$ 5.995.121,97. Total resgates: R$ 13.948.573,00. Nota explicativa: mapa de repasses/glosas da competência não foi disponibilizado pela SES, portanto não é possível informar os valores das glosas. Saldo bancário final referente a 31/08/2024 conforme indicado no documento.",ISG,2024,9,mensal,,10,0.0,6317930.79,236847.42,7716603.61,,,3804413.4,2174098.11
2024,C:\OSS-Goias\documentos\ISG\HDT\2024\21_Relatorio_Comparativo_Recursos\10.2024-Relatorio-Excel.pdf,10.2024-Relatorio-Excel,8,1,HDT,,,,,"Contrato de Gestão 091/2012 SES/GO - 16º Termo Aditivo 2º Ano (25/06/2024 a 24/06/2025). Previsão de repasse mensal custeio: R$ 7.634.070,56. Repasse efetivo custeio recebido: R$ 7.875.249,63. Nota explicativa: o mapa de repasses/glosas da competência outubro/2024 ainda não foi disponibilizado pela SES, portanto não é possível informar os valores das glosas. Total de resgates de aplicação financeira: R$ 17.646.008,65 (inclui resgate de R$ 9.376.801,03). Outras entradas incluem devolução de pagamento indevido (R$ 192.050,48) e desbloqueio judicial (R$ 150.501,83).",ISG,2024,10,mensal,,9,0.0,10450158.83,345957.99,7875249.63,,,1623462.19,3804413.4
2024,C:\OSS-Goias\documentos\ISG\HDT\2024\21_Relatorio_Comparativo_Recursos\11.2024-Relatorio-Excel-ass.pdf,11.2024-Relatorio-Excel-ass,7,1,HDT,,,,,"Competência novembro/2024. Contrato de Gestão 091/2012 SES/GO - 16º Termo Aditivo 2º Ano (vigência 25/06/2024 a 24/06/2025). Previsão de repasse mensal custeio: R$ 7.634.070,56. Repasse efetivo custeio recebido: R$ 7.860.742,14. Saldo bancário final em 31/10/2024 (data indicada no documento). Total de resgates de aplicação financeira: R$ 14.337.994,06 (inclui R$ 6.238.445,51 de resgate custeio). Valores devolvidos à contratante: R$ 0,00. Nota explicativa: o mapa de repasses/glosas da competência ainda não foi disponibilizado pela SES.",ISG,2024,11,mensal,,12,0.0,6580826.02,238806.41,7860742.14,,,3142184.72,1623462.19
2024,C:\OSS-Goias\documentos\FUNEV\HEANA\2024\21_Relatorio_Comparativo_Recursos\1704912940604-12. Relatorio financeiro mensal.pdf,1704912940604-12. Relatorio financeiro mensal,8,1,HEANA,,,,,"Competência dez/2023. Repasse custeio (2.1.1): R$ 13.694.336,15; Repasse fundo rescisório (2.1.2): R$ 156.093,20; Rendimentos aplicações: R$ 107.253,62; Outras entradas: R$ 3,01. Saldo anterior: R$ 6.291.004,25. Saldo final em 31/12/2023: R$ 8.915.589,71. Total valores devolvidos: R$ 0,00. Glosa outras (ENEL): R$ 72.589,87. Contrato de Gestão 66/2019, vigência 18/11/2019 a 17/11/2023. Previsão repasse mensal custeio: R$ 9.601.692,43.",FUNEV,2023,12,mensal,,12,0.0,11333100.52,107252.63,13850429.35,,,8915589.71,6291004.25
2024,C:\OSS-Goias\documentos\FUNEV\HEANA\2024\21_Relatorio_Comparativo_Recursos\1704912940607-3.9.1 Fluxo de Caixa HEANA 12-2023.xlsx,1704912940607-3.9.1 Fluxo de Caixa HEANA 12-2023,8,1,HEANA,,,,,"Relatório mensal de dezembro/2023 do Hospital Estadual de Anápolis Dr. Henrique Santillo (HEANA), gerido pela FUNEV (CNPJ 07.776.237/0001-08), Contrato de Gestão 66/2019 vigência 18/11/2019 a 17/11/2023. Previsão repasse mensal custeio: R$ 9.601.692,43. Saldo anterior total: R$ 6.291.004,25. Total entradas: R$ 13.957.685,98. Total resgates: R$ 12.080.729,07. Total aplicações: R$ 14.626.730,36. Total pagamentos: R$ 11.333.100,52. Total devolvidos: R$ 0. Saldo final em 31/12/2023: R$ 8.915.589,71. Glosas totais: R$ 72.589,871 (inclui glosa ENEL R$ 72.589,87 e glosa servidores cedidos R$ 0,001). Relatório assinado em 05/01/2024.",FUNEV,2023,12,mensal,,46,0,11333100.52,,13694336.15,,,8915589.71,6291004.25
2024,C:\OSS-Goias\documentos\FUNEV\HEANA\2024\21_Relatorio_Comparativo_Recursos\1708513389832-1. Relatório financeiro mensal HEANA.pdf,1708513389832-1. Relatório financeiro mensal HEANA,7,1,HEANA,,,,,"Repasse SES Custeio (2.1.1): R$ 9.381.577,93; Repasse Fundo Rescisório (2.1.2): R$ 158.120,21; Rendimentos sobre aplicações financeiras: R$ 86.683,98; Outras entradas: R$ 538,87. Total de entradas: R$ 9.626.920,99. Saldo anterior: R$ 8.915.589,71. Total geral dos pagamentos (Custeio + Investimento): R$ 10.387.232,00. Valores devolvidos à contratante: R$ 0,00. Saldo bancário final em 31/01/2024: R$ 8.155.278,70. Total das glosas: R$ 154.874,01 (servidores cedidos R$ 93.086,84 + ENEL R$ 61.787,17). Contrato de Gestão nº 66/2019, vigência 18/11/2019 a 17/11/2023. Previsão de repasse mensal de custeio: R$ 9.601.692,43. Documento assinado em 20/02/2024.",FUNEV,2024,1,mensal,,14,0.0,10387232.0,86683.85,9539698.14,,,8155278.7,8915589.71
2024,C:\OSS-Goias\documentos\FUNEV\HEANA\2024\21_Relatorio_Comparativo_Recursos\1708513389834-3.9.1 Fluxo de Caixa HEANA 01-2024.xlsx,1708513389834-3.9.1 Fluxo de Caixa HEANA 01-2024,8,1,HEANA,,,,,"Relatório mensal de janeiro/2024. Hospital Estadual de Anápolis Dr. Henrique Santillo (HEANA), gerido pela FUNEV (CNPJ 07.776.237/0001-08). Contrato de Gestão 66/2019, vigência 18/11/2019 a 17/11/2023. Previsão de repasse mensal de custeio: R$ 9.601.692,43. Saldo bancário final em 31/01/2024: R$ 8.155.278,70. Total de resgates de aplicações financeiras: R$ 14.015.484,56. Total de aplicações financeiras realizadas: R$ 13.181.942,03. Glosas registradas: servidores cedidos (R$ 93.086,84) e outras ENEL (R$ 61.787,17), totalizando R$ 154.874,01. Documento datado de 20 de janeiro de 2024.",FUNEV,2024,1,mensal,,48,0.0,10387232.0,,9381577.93,,,8155278.7,8915589.71
2024,C:\OSS-Goias\documentos\FUNEV\HEANA\2024\21_Relatorio_Comparativo_Recursos\1711106252965-2. Relatorio financeiro mensal Heana.pdf,1711106252965-2. Relatorio financeiro mensal Heana,8,1,HEANA,,,,,"Relatório financeiro mensal de fevereiro/2024 do Hospital Estadual de Anápolis Dr. Henrique Santillo (HEANA), gerido pela FUNEV. Contrato de Gestão nº 66/2019, vigência 18/11/2019 a 17/11/2023 (com aditivos). Previsão de repasse mensal de custeio: R$ 9.601.692,43. Repasse investimento: não informado. Total de glosas: R$ 117.544,55 (servidores cedidos R$ 37.116,93 + outras ENEL R$ 80.427,62). Saldo bancário final em 29/02/2024: R$ 7.868.675,45. Recursos_recebidos_outras_fontes inclui repasse fundo rescisório (R$ 162.690,60), rendimentos de aplicações (R$ 82.205,95) e outras entradas (R$ 4.664,59).",FUNEV,2024,2,mensal,,10,17046.65,9987631.4,249074.55,9468513.66,,,7868675.45,8155278.7
2024,C:\OSS-Goias\documentos\FUNEV\HEANA\2024\21_Relatorio_Comparativo_Recursos\1711106252973-3.9.1 Fluxo de Caixa HEANA 02-2024.xlsx,1711106252973-3.9.1 Fluxo de Caixa HEANA 02-2024,9,1,HEANA,,,,,"Relatório mensal de fevereiro/2024 do Hospital Estadual de Anápolis Dr. Henrique Santillo (HEANA), gerido pela FUNEV (CNPJ 07.776.237/0001-08), contrato de gestão 66/2019. Previsão de repasse mensal de custeio: R$ 9.601.692,43. Repasse efetivo SES (custeio): R$ 9.468.513,66. Fundo Rescisório recebido: R$ 162.690,60. Total entradas: R$ 9.718.074,80. Total pagamentos: R$ 9.987.631,40. Valores devolvidos: R$ 17.046,65. Saldo anterior: R$ 8.155.278,70. Saldo final em 29/02/2024: R$ 7.868.675,45. Total glosas: R$ 117.544,55 (servidores cedidos R$ 37.116,93 + ENEL R$ 80.427,62). Recursos_recebidos_outras_fontes calculado como total entradas menos repasse SES custeio: R$ 9.718.074,80 - R$ 9.468.513,66 = R$ 249.561,14 (inclui fundo rescisório, rendimentos e outras entradas).",FUNEV,2024,2,mensal,,58,17046.65,9987631.4,249561.14,9468513.66,,,7868675.45,8155278.7
2024,C:\OSS-Goias\documentos\FUNEV\HEANA\2024\21_Relatorio_Comparativo_Recursos\17137932074123. Relatório Financeiro Mensal Heana.pdf,17137932074123. Relatório Financeiro Mensal Heana,9,1,HEANA,,,,,"Competência março/2024. Repasse CUSTEIO CEF C/C 6886-1: R$ 10.619.673,93; Repasse FUNDO RESCISÓRIO CEF C/C 6888-8: R$ 162.892,25. Total de entradas inclui rendimentos de aplicações financeiras (R$ 86.011,09) e outras entradas (R$ 82,32). Saldo bancário final em 31/03/2024: R$ 8.926.721,42 (inclui caixa R$ 5.832,70, Aplic. Fundo Rescisório R$ 1.133.177,13, Aplic. TAC R$ 3.078.777,16). Total glosas: R$ 101.795,05. Contrato de Gestão nº 66/2019, vigência 18/11/2023 a 18/11/2027. Previsão de repasse mensal custeio: R$ 9.723.341,62.",FUNEV,2024,3,mensal,,13,0.0,9810613.62,86093.41,10782566.18,,,8926721.42,7868675.45
2024,C:\OSS-Goias\documentos\FUNEV\HEANA\2024\21_Relatorio_Comparativo_Recursos\17137932074153.9.1 Fluxo de Caixa HEANA 03-2024.xlsx,17137932074153.9.1 Fluxo de Caixa HEANA 03-2024,9,1,HEANA,,,,,"Hospital Estadual de Anápolis Dr. Henrique Santillo (HEANA), gerido pela FUNEV (CNPJ 07.776.237/0001-08), Contrato de Gestão 66/2019, vigência 18/11/2023 a 18/11/2027. Previsão de repasse mensal de custeio: R$ 9.723.341,62. Saldo anterior (01/03/2024): R$ 7.868.675,45. Total entradas: R$ 10.868.659,59. Total resgates aplicação: R$ 9.259.293,52. Total aplicação financeira: R$ 10.234.762,68. Saldo final (31/03/2024): R$ 8.926.721,42. Total glosas: R$ 101.795,05 (servidores cedidos R$ 34.872,06 + ENEL R$ 66.922,99). Aplicação TAC C/A 4532-8 saldo final: R$ 3.078.777,16. Fundo Rescisório C/A 6888-8 saldo final: R$ 1.133.177,13. Valores devolvidos à contratante: R$ 0.",FUNEV,2024,3,mensal,,20,0,9810613.62,,10619673.93,,,8926721.42,7868675.45
2024,C:\OSS-Goias\documentos\FUNEV\HEANA\2024\21_Relatorio_Comparativo_Recursos\1716254057909Fluxo de Caixa HEANA.pdf,1716254057909Fluxo de Caixa HEANA,9,1,HEANA,,,,,"Relatório Mensal Comparativo de Recursos - Competência abr/2024. Hospital Estadual de Anápolis Dr. Henrique Santillo (HEANA). OSS gestora: FUNEV. Contrato de Gestão nº 66/2019, vigência 18/11/2023 a 18/11/2027. Previsão de repasse mensal custeio: R$ 9.723.341,62. Saldo bancário anterior (01/04/24): R$ 8.926.721,42. Total entradas: R$ 12.256.389,04 (inclui repasse SES de R$ 12.158.179,91 e rendimentos de R$ 98.209,13). Total resgates de aplicação financeira: R$ 9.272.005,16. Total aplicação financeira: R$ 11.482.767,56. Total geral pagamentos: R$ 9.947.561,64. Valores devolvidos à contratante: R$ 0,00. Saldo bancário final 30/04/24: R$ 11.235.548,82. Total glosas: R$ 98.646,26 (servidores cedidos R$ 32.829,66 + ENEL R$ 65.816,60).",FUNEV,2024,4,mensal,,11,0.0,9947561.64,0.0,12158179.91,,,11235548.82,8926721.42
2024,C:\OSS-Goias\documentos\FUNEV\HEANA\2024\21_Relatorio_Comparativo_Recursos\17162540579123.9.1 Fluxo de Caixa HEANA 04-2024.xlsx,17162540579123.9.1 Fluxo de Caixa HEANA 04-2024,8,1,HEANA,,,,,"Relatório mensal competência abril/2024. Hospital Estadual de Anápolis Dr. Henrique Santillo (HEANA), gerido pela FUNEV (CNPJ 07.776.237/0001-08), Contrato de Gestão 66/2019, vigência 18/11/2023 a 18/11/2027. Previsão de repasse mensal de custeio: R$ 9.723.341,62. Total de entradas no período: R$ 12.256.389,04 (inclui repasse SES R$ 12.158.179,91 e rendimentos de aplicações). Total de pagamentos: R$ 9.947.561,64. Total de glosas: R$ 98.646,26 (servidores cedidos R$ 32.829,66 + ENEL R$ 65.816,60). Saldo bancário final em 30/04/2024: R$ 11.235.548,82.",FUNEV,2024,4,mensal,,52,0,9947561.64,0,12158179.91,,,11235548.82,8926721.42
2024,C:\OSS-Goias\documentos\FUNEV\HEANA\2024\21_Relatorio_Comparativo_Recursos\17187062760845. Relatorio financeiro mensal.pdf,17187062760845. Relatorio financeiro mensal,8,1,HEANA,,,,,"Relatório financeiro mensal referente a maio/2024 do Hospital Estadual de Anápolis Dr. Henrique Santillo (HEANA), gerido pela FUNEV. Contrato de Gestão nº 66/2019, vigência 18/11/2023 a 18/11/2027. Previsão de repasse mensal custeio: R$ 9.723.341,62. Repasse custeio recebido no mês: R$ 10.089.858,67 (CEF C/C 6886-1) + R$ 163.994,13 (Fundo Rescisório) + R$ 96.000,00 (Investimento). Total de entradas inclui rendimentos de aplicações e outras entradas (negativas: -R$ 1.596.520,32). Valores devolvidos à contratante: R$ 0,00. Glosas não disponibilizadas pela SES até a conclusão do relatório. Saldo anterior incluía aplicação financeira TAC de R$ 3.104.853,87. Documento assinado eletronicamente em 17/06/2024.",FUNEV,2024,5,mensal,,9,0.0,10676075.99,,10349852.8,,,9413427.78,11235548.82
2024,C:\OSS-Goias\documentos\FUNEV\HEANA\2024\21_Relatorio_Comparativo_Recursos\17187062760883.9.1 Fluxo de Caixa HEANA 05-2024.xlsx,17187062760883.9.1 Fluxo de Caixa HEANA 05-2024,9,1,HEANA,,,,,"Relatório Mensal de Maio/2024 do Hospital Estadual de Anápolis Dr. Henrique Santillo (HEANA), gerido pela FUNEV. Contrato de Gestão 66/2019, vigência 18/11/2023 a 18/11/2027. Previsão de repasse mensal de custeio: R$ 9.723.341,62. O repasse de custeio recebido foi de R$ 10.089.858,67 (superior à previsão). Saldo bancário anterior: R$ 11.235.548,82. Saldo bancário final em 31/05/2024: R$ 9.413.427,78. Total geral de pagamentos (custeio + investimento): R$ 10.676.075,99. Não houve devolução de valores à contratante. As informações referentes a glosas não foram disponibilizadas pela SES até a conclusão do relatório. Item 2.5 (outras entradas) apresenta valor negativo (-R$ 1.596.520,32), possivelmente referente a transferências entre contas ou estornos.",FUNEV,2024,5,mensal,,45,0.0,10676075.99,,10089858.67,,,9413427.78,11235548.82
2024,C:\OSS-Goias\documentos\FUNEV\HEANA\2024\21_Relatorio_Comparativo_Recursos\1721573734825Fluxo de Caixa HEANA 06-2024.pdf,1721573734825Fluxo de Caixa HEANA 06-2024,9,1,HEANA,,,,,"Relatório Financeiro Mensal de Junho/2024 do Hospital Estadual de Anápolis Dr. Henrique Santillo (HEANA), gerido pela FUNEV. Contrato de Gestão nº 66/2019, vigência 18/11/2023 a 18/11/2027. Previsão de repasse mensal custeio: R$ 9.723.341,62. Total de glosas no período: R$ 104.908,01 (servidores cedidos R$ 38.184,21 + ENEL R$ 66.723,80). Valores devolvidos à contratante: R$ 0,00. Saldo bancário final em 30/06/2024: R$ 11.739.843,66.",FUNEV,2024,6,mensal,,20,0.0,9821662.74,170279.25,9417379.23,,,11739843.66,9413427.78
2024,C:\OSS-Goias\documentos\FUNEV\HEANA\2024\21_Relatorio_Comparativo_Recursos\17215737348263.9.1 Fluxo de Caixa HEANA 06-2024.xlsx,17215737348263.9.1 Fluxo de Caixa HEANA 06-2024,9,1,HEANA,,,,,"Hospital Estadual de Anápolis Dr. Henrique Santillo (HEANA), gerido pela FUNEV (CNPJ 07.776.237/0001-08), contrato de gestão 66/2019, vigência 18/11/2023 a 18/11/2027. Previsão de repasse mensal custeio: R$ 9.723.341,62. Repasse SES efetivo no mês: R$ 9.417.379,23 (conta custeio). Também houve repasse de R$ 170.279,25 para fundo rescisório e R$ 2.466.200,00 para investimento. Saldo final em 30/06/2024: R$ 11.739.843,66. Total de glosas no mês: R$ 104.908,01 (servidores cedidos R$ 38.184,21 + ENEL R$ 66.723,80). Valores devolvidos à contratante: R$ 0. Documento assinado em 17 de julho de 2024.",FUNEV,2024,6,mensal,,47,0.0,9821662.74,341.6,9417379.23,,,11739843.66,9413427.78
2024,C:\OSS-Goias\documentos\FUNEV\HEANA\2024\21_Relatorio_Comparativo_Recursos\1723552185345-7_Relatorio_financeiro_mensal_Heana.pdf,1723552185345-7_Relatorio_financeiro_mensal_Heana,8,1,HEANA,,,,,"Relatório Financeiro Mensal de Julho/2024 do Hospital Estadual de Anápolis Dr. Henrique Santillo (HEANA), gerido pela FUNEV. Contrato de Gestão nº 66/2019, Termo Aditivo V, vigência 18/11/2023 a 18/11/2027. Previsão de repasse mensal de custeio: R$ 9.747.841,12. Repasse SES Custeio: R$ 10.820.169,61; Fundo Rescisório: R$ 168.390,34; Investimento: R$ 1.229.044,20. Total de entradas: R$ 11.740.160,08 (inclui rendimentos e outras entradas negativas de R$ -598.101,18). Total geral de pagamentos: R$ 10.590.086,75. Valores devolvidos: R$ 0,00. Saldo bancário anterior: R$ 11.739.843,66. Saldo bancário final em 31/07/2024: R$ 12.889.916,99. Glosas: não foram disponibilizadas pela SES até a conclusão do relatório. Fonte: Extratos bancários, fluxo de caixa Sipef e Balancete Contábil.",FUNEV,2024,7,mensal,,12,0.0,10590086.75,,12017604.15,,,12889916.99,11739843.66
2024,C:\OSS-Goias\documentos\FUNEV\HEANA\2024\21_Relatorio_Comparativo_Recursos\1723552185346-391_Fluxo_de_Caixa_HEANA_072024.xlsx,1723552185346-391_Fluxo_de_Caixa_HEANA_072024,8,1,HEANA,,,,,"Hospital Estadual de Anápolis Dr. Henrique Santillo (HEANA), gerido pela FUNEV (CNPJ 07.776.237/0001-08). Contrato de Gestão nº 66/2019, Termo Aditivo V vigente de 18/11/2023 a 18/11/2027. Previsão de repasse mensal de custeio: R$ 9.747.841,12. Saldo anterior (início de julho/2024): R$ 11.739.843,66. Total de entradas: R$ 11.740.160,08. Total de pagamentos custeio: R$ 10.535.486,75; investimento: R$ 54.600,00. Total geral de pagamentos: R$ 10.590.086,75. Saldo final em 31/07/2024: R$ 12.889.916,99. Total de glosas: R$ 0 (informações de glosas não disponibilizadas pela SES). Relatório emitido em 12 de agosto de 2024. Item 2.5 'Outras entradas' apresenta valor negativo (-R$ 598.101,18), indicando movimentações financeiras e recuperação de despesas com saldo negativo no período.",FUNEV,2024,7,mensal,,22,0,10590086.75,,10820169.61,,,12889916.99,11739843.66
2024,C:\OSS-Goias\documentos\FUNEV\HEANA\2024\21_Relatorio_Comparativo_Recursos\1726016401105-Fluxo_de_Caixa_Heana.pdf,1726016401105-Fluxo_de_Caixa_Heana,8,1,HEANA,,,,,"Relatório Financeiro Mensal referente a agosto/2024. Hospital Estadual de Anápolis Dr. Henrique Santillo (HEANA). Contrato de Gestão 66/2019, vigência 18/11/2023 a 18/11/2027. Previsão de repasse mensal de custeio: R$ 9.747.841,12. Repasse de custeio recebido em agosto: R$ 10.050.910,66 (inclui possível complementação). Saldo anterior: R$ 12.889.916,99. Saldo final em 31/08/2024: R$ 12.880.467,93. Total de glosas: R$ 0,00 (informações não disponibilizadas pela SES até a conclusão do relatório). Recursos_recebidos_ses calculado como soma dos repasses SES (Custeio 10.050.910,66 + Fundo Rescisório 172.187,98 + Investimento 357.574,12 = 10.580.672,76). Recursos_recebidos_outras_fontes refere-se aos rendimentos sobre aplicações financeiras (70.307,12 + 10.519,51 + 7.063,50 + 34.071,10 = 121.961,23).",FUNEV,2024,8,mensal,,17,0.0,10712083.05,121961.23,10580672.76,,,12880467.93,12889916.99
2024,C:\OSS-Goias\documentos\FUNEV\HEANA\2024\21_Relatorio_Comparativo_Recursos\1726016401108-39.1_Fluxo_de_Caixa_HEANA_08-2024.xlsx,1726016401108-39.1_Fluxo_de_Caixa_HEANA_08-2024,8,1,HEANA,,,,,"Hospital Estadual de Anápolis Dr. Henrique Santillo (HEANA), gerido pela FUNEV (CNPJ: 07.776.237/0001-08), Contrato de Gestão 66/2019. Previsão de repasse mensal de custeio: R$ 9.747.841,12. Saldo anterior: R$ 12.889.916,99. Total de entradas no mês: R$ 10.702.633,99 (inclui repasses SES, rendimentos de aplicações). Total de pagamentos: R$ 10.712.083,051 (custeio: R$ 10.702.433,051 + investimento: R$ 9.650,00). Valores devolvidos: R$ 0,00. Saldo final em 31/08/2024: R$ 12.880.467,929. Glosas não disponibilizadas pela SES até a conclusão do relatório. Aplicação Financeira CEF C/A 4532-8 (TAC) com saldo inicial de R$ 849.148,87 e saldo final de R$ 856.212,37.",FUNEV,2024,8,mensal,,16,0,10712083.051,,10050910.66,,,12880467.929,12889916.99
2024,C:\OSS-Goias\documentos\FUNEV\HEANA\2024\21_Relatorio_Comparativo_Recursos\1728603326457-Fluxo_de_Caixa_HEANA_092024.pdf,1728603326457-Fluxo_de_Caixa_HEANA_092024,8,1,HEANA,,,,,"Relatório Financeiro Mensal de Setembro/2024 do Hospital Estadual de Anápolis Dr. Henrique Santillo (HEANA), gerido pela FUNEV. Repasse SES (Custeio): R$ 10.034.438,31; Repasse Investimento: R$ 735.518,36. Saldo anterior: R$ 12.880.467,93. Total de entradas: R$ 10.874.165,74. Total de resgates de aplicação: R$ 7.902.541,74. Total geral de pagamentos: R$ 12.551.042,95. Valores devolvidos: R$ 0,00. Saldo final em 30/09/2024: R$ 11.203.590,72. Informações sobre glosas não foram disponibilizadas pela SES até a conclusão do relatório.",FUNEV,2024,9,mensal,,11,0.0,12551042.95,100959.07,10034438.31,,,11203590.72,12880467.93
2024,C:\OSS-Goias\documentos\FUNEV\HEANA\2024\21_Relatorio_Comparativo_Recursos\1728603326459-39.1_Fluxo_de_Caixa_HEANA_09-2024.xlsx,1728603326459-39.1_Fluxo_de_Caixa_HEANA_09-2024,8,1,HEANA,,,,,"Hospital Estadual de Anápolis Dr. Henrique Santillo (HEANA), gerido pela FUNEV (CNPJ 07.776.237/0001-08). Contrato de Gestão 66/2019, vigência 18/11/2023 a 18/11/2027. Previsão de repasse mensal de custeio: R$ 9.747.841,12. Repasse de custeio recebido no mês: R$ 10.034.438,31 (inclui complemento). Repasse de investimento: R$ 735.518,36. Total geral de pagamentos: R$ 12.551.042,95 (custeio R$ 9.551.997,25 + investimento R$ 2.999.045,70). Valores devolvidos: zero. Glosas: zero (informações não disponibilizadas pela SES). Saldo anterior: R$ 12.880.467,93. Saldo final em 30/09/2024: R$ 11.203.590,72. Fonte: Extratos bancários, fluxo de caixa Sipef e Balancete Contábil. Relatório assinado em Anápolis, 09 de outubro de 2024.",FUNEV,2024,9,mensal,,55,0.0,12551042.95,3448.58,10034438.31,,,11203590.72,12880467.93
2024,C:\OSS-Goias\documentos\FUNEV\HEANA\2024\21_Relatorio_Comparativo_Recursos\1731607238264-Fluxo_de_Caixa_HEANA.pdf,1731607238264-Fluxo_de_Caixa_HEANA,9,1,HEANA,,,,,"Relatório referente a outubro/2024. Saldo anterior de R$ 11.203.590,72. Total de entradas R$ 10.250.561,17 (inclui repasse SES custeio R$ 10.147.390,59, rendimentos e outras entradas). Total geral de pagamentos R$ 12.700.913,37 (custeio R$ 12.358.825,37 + investimento R$ 342.088,00). Valores devolvidos: R$ 0,00. Saldo bancário final em 31/10/2024: R$ 8.753.238,52. Glosas não disponibilizadas pela SES até a conclusão do relatório. Previsão de repasse mensal contrato de gestão - custeio: R$ 9.747.841,12.",FUNEV,2024,10,mensal,,20,0.0,12700913.37,103115.58,10147390.59,,,8753238.52,11203590.72
2024,C:\OSS-Goias\documentos\FUNEV\HEANA\2024\21_Relatorio_Comparativo_Recursos\1731607238266-39.1_Fluxo_de_Caixa_HEANA_10-2024.xlsx,1731607238266-39.1_Fluxo_de_Caixa_HEANA_10-2024,9,1,HEANA,,,,,"Relatório mensal de outubro/2024 do Hospital Estadual de Anápolis Dr. Henrique Santillo (HEANA), gerido pela FUNEV (CNPJ 07.776.237/0001-08). Contrato de Gestão nº 66/2019, vigência 18/11/2023 a 18/11/2027. Previsão de repasse mensal de custeio: R$ 9.747.841,12. Saldo bancário final em 31/10/2024: R$ 8.753.238,52. Glosas não disponibilizadas pela SES até a conclusão do relatório. Total de entradas no mês: R$ 10.250.561,17. Total de resgates: R$ 11.992.701,19. Total de aplicações financeiras: R$ 9.438.836,85. Total geral de pagamentos: R$ 12.700.913,37 (custeio: R$ 12.358.825,37 + investimento: R$ 342.088,00). Valores devolvidos: R$ 0,00.",FUNEV,2024,10,mensal,,44,0,12700913.37,,10147390.59,,,8753238.52,11203590.72
2024,C:\OSS-Goias\documentos\FUNEV\HEANA\2024\21_Relatorio_Comparativo_Recursos\1733918588516-11_Relatorio_financeiro_mensal_Heana.pdf,1733918588516-11_Relatorio_financeiro_mensal_Heana,8,1,HEANA,,,,,"Relatório Financeiro Mensal de Novembro/2024 do Hospital Estadual de Anápolis Dr. Henrique Santillo (HEANA), gerido pela FUNEV. Contrato de Gestão nº 66/2019, vigência 18/11/2023 a 18/11/2027. Previsão de repasse mensal de custeio: R$ 9.747.841,12. Saldo anterior (outubro/2024): R$ 8.753.238,52. Saldo final em 30/11/2024: R$ 7.580.648,48. Total de valores devolvidos à contratante: R$ 0,00. Glosas não disponibilizadas pela SES até a conclusão do relatório. Recursos recebidos da SES incluem repasses de custeio (R$ 10.048.337,55), fundo rescisório (R$ 364.145,72) e investimento (R$ 1.039.682,31), totalizando R$ 11.452.165,58. Recursos de outras fontes correspondem aos rendimentos sobre aplicações financeiras (R$ 80.511,25).",FUNEV,2024,11,mensal,,16,0.0,12705266.87,80511.25,11452165.58,,,7580648.48,8753238.52
2024,C:\OSS-Goias\documentos\FUNEV\HEANA\2024\21_Relatorio_Comparativo_Recursos\1733918588518-11_Relatorio_financeiro_mensal_Heana.xlsx,1733918588518-11_Relatorio_financeiro_mensal_Heana,8,1,HEANA,,,,,"Hospital Estadual de Anápolis Dr. Henrique Santillo (HEANA), gerido pela FUNEV (Fundação Universitária Evangélica). Contrato de Gestão nº 66/2019, vigência 18/11/2023 a 18/11/2027. Previsão de repasse mensal de custeio: R$ 9.747.841,12. Saldo final em 30/11/2024: R$ 7.580.648,48. Informações referentes a glosas não foram disponibilizadas pela SES até a conclusão do relatório. Relatório datado de 09/12/2024.",FUNEV,2024,11,mensal,,38,0.0,12705266.87,,10048337.55,,,7580648.48,8753238.52
2024,"C:\OSS-Goias\documentos\IGH\HEAPA\2024\21_Relatorio_Comparativo_Recursos\2024.01 - HEAPA - Relatório mensal comparativo dos recursos recebidos, gastos e devolvidos ao Público-Assinado.pdf","2024.01 - HEAPA - Relatório mensal comparativo dos recursos recebidos, gastos e devolvidos ao Público-Assinado",7,1,HEAPA,,,,,"Competência Janeiro/2024. Hospital HEAPA (Hospital Estadual de Urgências de Aparecida de Goiânia Cairo Louzada), gerido pelo IGH. Contrato de Gestão nº 096/2016 - 9º Termo Aditivo. Previsão de repasse mensal custeio: R$ 8.131.167,55. Repasse investimento: R$ 0. Saldo anterior: R$ 2.813.743,76. Total entradas: R$ 7.258.332,20. Total resgates: R$ 11.938.405,72. Total aplicações financeiras: R$ 10.657.374,32. Total pagamentos custeio: R$ 8.481.695,65. Valores devolvidos à contratante: R$ 0. Saldo bancário final: R$ 1.590.380,31. Glosa servidores cedidos: R$ 1.668.665,00. Outras glosas (Energia): R$ 64.218,27. Total glosas: R$ 1.732.883,27. Documento assinado em 23/02/2024.",IGH,2024,1,mensal,,14,0.0,8481695.65,1021465.22,6236861.98,,,1590380.31,2813743.76
2024,"C:\OSS-Goias\documentos\IGH\HEAPA\2024\21_Relatorio_Comparativo_Recursos\2024.01 - HEAPA - Relatório mensal comparativo dos recursos recebidos, gastos e devolvidos ao Público.xlsx","2024.01 - HEAPA - Relatório mensal comparativo dos recursos recebidos, gastos e devolvidos ao Público",8,1,HEAPA,,,,,"Contrato de Gestão n° 096/2016 - 9° Termo Aditivo. Previsão de repasse mensal de custeio: R$ 8.131.167,55. Repasse efetivo no mês: R$ 6.236.861,98. Total de Glosas: R$ 1.732.883,27 (sendo R$ 1.668.665,00 referente a servidores cedidos e R$ 64.218,27 referente a Energia). Recursos recebidos de outras fontes incluem: rendimentos de aplicações financeiras (R$ 16.524,15), recuperação de despesas (R$ 9.551,80), desbloqueio judicial (R$ 2,00) e regularização de recursos entre unidades (R$ 995.392,27).",IGH,2024,1,mensal,,17,0.0,8481695.65,1021470.21,6236861.98,,,1590380.31,2813743.76
2024,"C:\OSS-Goias\documentos\IGH\HEAPA\2024\21_Relatorio_Comparativo_Recursos\2024.02 - HEAPA - Relatório mensal comparativo dos recursos recebidos, gastos e devolvidos ao Público-Assinado.pdf","2024.02 - HEAPA - Relatório mensal comparativo dos recursos recebidos, gastos e devolvidos ao Público-Assinado",7,1,HEAPA,,,,,"Competência Fevereiro/2024. Hospital HEAPA (Hospital Estadual de Urgências de Aparecida de Goiânia Cairo Louzada), gerido pelo IGH. Contrato de Gestão 096/2016, 9° Termo Aditivo. Previsão de repasse mensal custeio: R$ 8.131.167,55; investimento: R$ 646.000,00. Repasse de investimento no período: zero. Valores devolvidos à contratante: zero. Saldo bancário final: R$ 2.095.316,66. Informações de glosas não disponibilizadas pela SES/GO até a confecção do relatório. Total de resgates de aplicação financeira: R$ 9.999.278,54; total de aplicações financeiras: R$ 10.447.534,73.",IGH,2024,2,mensal,,18,0.0,6011777.18,24707.48,6492059.19,,,2095316.66,1590380.31
2024,"C:\OSS-Goias\documentos\IGH\HEAPA\2024\21_Relatorio_Comparativo_Recursos\2024.02 - HEAPA - Relatório mensal comparativo dos recursos recebidos, gastos e devolvidos ao Público.xlsx","2024.02 - HEAPA - Relatório mensal comparativo dos recursos recebidos, gastos e devolvidos ao Público",7,1,HEAPA,,,,,"Repasse SES Custeio: R$ 6.492.059,19. Repasse Investimento: R$ 0,00. Rendimentos financeiros totais: R$ 21.305.83 (soma dos rendimentos por conta). Outras entradas: Recuperação de despesas R$ 3.348,48 e Desbloqueio judicial R$ 0,03. Total entradas: R$ 6.516.713,53. Total pagamentos Custeio: R$ 6.011.777,18. Valores devolvidos: R$ 0,00. Saldo anterior: R$ 1.590.380,31. Saldo final: R$ 2.095.316,66. Glosas: R$ 0,00. Competência: Fevereiro/2024. Contrato: 9° Termo Aditivo ao Contrato de Gestão n° 096/2016.",IGH,2024,2,mensal,,14,0.0,6011777.18,21306.33,6492059.19,,,2095316.66,1590380.31
2024,"C:\OSS-Goias\documentos\IGH\HEAPA\2024\21_Relatorio_Comparativo_Recursos\2024.03 - HEAPA - Relatório mensal comparativo dos recursos recebidos, gastos e devolvidos ao Público.xlsx","2024.03 - HEAPA - Relatório mensal comparativo dos recursos recebidos, gastos e devolvidos ao Público",8,1,HEAPA,,,,,"Contrato de Gestão nº 096/2016 - 10º Termo Aditivo. Vigência: 22/09/2023 a 21/09/2024. Previsão de repasse mensal custeio: R$ 8.429.059,19. Repasse efetivo no mês: R$ 7.015.821,08. Total de glosas: R$ 1.151.907,43 (sendo R$ 1.080.927,55 de servidores cedidos e R$ 70.979,88 de energia). Outras entradas incluem: Rendimentos de aplicações financeiras (R$ 21.942,62), Recuperação de despesas (R$ 13.545,61) e Desbloqueio judicial (R$ 1,00).",IGH,2024,3,mensal,,14,0,6993495.24,35489.63,7015821.08,,,2153132.13,2095316.66
2024,"C:\OSS-Goias\documentos\IGH\HEAPA\2024\21_Relatorio_Comparativo_Recursos\2024.04 - HEAPA - Relatório mensal comparativo dos recursos recebidos, gastos e devolvidos ao Público-Assinado.pdf","2024.04 - HEAPA - Relatório mensal comparativo dos recursos recebidos, gastos e devolvidos ao Público-Assinado",8,1,HEAPA,,,,,"Relatório Mensal Comparativo de Recursos - Competência Abril/2024. Hospital HEAPA (Hospital Estadual de Urgências de Aparecida de Goiânia Cairo Louzada). OSS: IGH. Contrato: 10° Termo Aditivo ao Contrato de Gestão n° 096/2016. Vigência: 22/09/2023 a 21/09/2024. Previsão de repasse mensal custeio: R$ 8.429.059,19. Repasse investimento: R$ 0. Saldo anterior: R$ 2.153.132,13. Total entradas: R$ 6.822.687,45 (inclui repasse SES custeio R$ 6.777.297,88, rendimentos R$ 19.428,85, outras entradas R$ 25.531,79 sendo recuperação de despesas R$ 25.520,62 e desbloqueio judicial R$ 11,17). Total resgates de aplicação: R$ 8.430.758,81. Total aplicações financeiras: R$ 7.793.113,43. Total pagamentos custeio: R$ 7.440.763,26. Total pagamentos investimento: R$ 380,00. Total geral pagamentos: R$ 7.441.143,26. Valores devolvidos: R$ 0. Saldo final: R$ 1.534.676,32. Total glosas: R$ 1.139.189,92.",IGH,2024,4,mensal,,16,0.0,7441143.26,25531.79,6777297.88,,,1534676.32,2153132.13
2024,"C:\OSS-Goias\documentos\IGH\HEAPA\2024\21_Relatorio_Comparativo_Recursos\2024.04 - HEAPA - Relatório mensal comparativo dos recursos recebidos, gastos e devolvidos ao Público.xlsx","2024.04 - HEAPA - Relatório mensal comparativo dos recursos recebidos, gastos e devolvidos ao Público",8,1,HEAPA,,,,,"Repasse INVESTIMENTO recebido: R$ 428,25. Rendimentos sobre aplicações financeiras: R$ 19429,53 (soma dos rendimentos detalhados por conta). Outras entradas incluem Recuperação de despesas R$ 25.520,62 e Desbloqueio judicial R$ 11,17. Total glosas no período: R$ 1.139.189,92 (Glosa servidores cedidos R$ 1.066.788,48 + Outras/Energia R$ 72.401,44). Previsão de repasse mensal contratual (custeio): R$ 8.429.059,19. Vigência contrato: 10º Termo Aditivo ao Contrato de Gestão nº 096/2016, de 22/09/2023 a 21/09/2024.",IGH,2024,4,mensal,,14,0.0,7441143.26,25531.79,6777297.88,,,1534676.32,2153132.13
2024,"C:\OSS-Goias\documentos\IGH\HEAPA\2024\21_Relatorio_Comparativo_Recursos\2024.05 - HEAPA - Relatório mensal comparativo dos recursos recebidos, gastos e devolvidos ao Público-Assinado.pdf","2024.05 - HEAPA - Relatório mensal comparativo dos recursos recebidos, gastos e devolvidos ao Público-Assinado",7,1,HEAPA,,,,,"Competência Maio/2024. Hospital Estadual de Urgências de Aparecida de Goiânia Cairo Louzada (HEAPA). Contrato de Gestão 096/2016, 10° Termo Aditivo, vigência 22/09/2023 a 21/09/2024. Repasse mensal previsto custeio: R$ 8.429.059,19. Repasse investimento: R$ 0. Saldo anterior total: R$ 1.534.676,32. Total entradas: R$ 12.658.420,63. Total resgates: R$ 7.773.407,00. Total aplicações financeiras: R$ 12.329.983,12. Total pagamentos custeio: R$ 7.887.708,46. Valores devolvidos: R$ 0. Saldo final bancário: R$ 6.305.388,49. Total glosas: R$ 1.152.874,23. Recursos recebidos de outras fontes incluem: recuperação de despesas (R$ 40.574,92), receitas não governamentais (R$ 8,09), regularização de recursos entre unidades (R$ 500.000,00) e rendimentos financeiros (R$ 36.707,67 aproximadamente).",IGH,2024,5,mensal,,19,0.0,7887708.46,540582.92,12078356.56,,,6305388.49,1534676.32
2024,"C:\OSS-Goias\documentos\IGH\HEAPA\2024\21_Relatorio_Comparativo_Recursos\2024.05 - HEAPA - Relatório mensal comparativo dos recursos recebidos, gastos e devolvidos ao Público.xlsx","2024.05 - HEAPA - Relatório mensal comparativo dos recursos recebidos, gastos e devolvidos ao Público",11,1,HEAPA,,,,,"Contrato de Gestão n° 096/2016 - 10° Termo Aditivo, vigência 22/09/2023 a 21/09/2024. Previsão de repasse mensal custeio: R$ 8.429.059,19. Total de glosas no período: R$ 1.152.874,23 (servidores cedidos, não cumprimento de metas e energia). Rendimentos sobre aplicações financeiras somaram R$ 37.497,61. Recursos executados referem-se exclusivamente a custeio; pagamentos de investimento foram zero no período.",IGH,2024,5,mensal,,21,0.0,7887708.46,540583.01,12078356.56,,,6305388.49,1534676.32
2024,"C:\OSS-Goias\documentos\IGH\HEAPA\2024\21_Relatorio_Comparativo_Recursos\2024.06 - HEAPA - Relatório mensal comparativo dos recursos recebidos, gastos e devolvidos ao Público-Assinado.pdf","2024.06 - HEAPA - Relatório mensal comparativo dos recursos recebidos, gastos e devolvidos ao Público-Assinado",8,1,HEAPA,,,,,"Competência Junho/2024. Contrato de Gestão n° 096/2016, 10° Termo Aditivo, vigência 22/09/2023 a 21/09/2024. Previsão de repasse mensal custeio R$ 8.429.059,19. Total de entradas R$ 405.966,87 (repasse custeio R$ 372.704,93 + rendimentos R$ 23.063,51 + outras entradas R$ 10.198,74 sendo recuperação de despesas R$ 10.187,95 e desbloqueio judicial R$ 201,04 aproximadamente). Total resgates de aplicação R$ 6.175.396,50. Total aplicações financeiras R$ 585.432,80. Valores devolvidos à contratante: zero. Saldo bancário final R$ 560.839,20. Glosas: zero. Os recursos são mantidos em c/c e aplicação únicas.",IGH,2024,6,mensal,,11,0.0,6150516.16,33063.69,372704.93,,,560839.2,6305388.49
2024,"C:\OSS-Goias\documentos\IGH\HEAPA\2024\21_Relatorio_Comparativo_Recursos\2024.06 - HEAPA - Relatório mensal comparativo dos recursos recebidos, gastos e devolvidos ao Público.xlsx","2024.06 - HEAPA - Relatório mensal comparativo dos recursos recebidos, gastos e devolvidos ao Público",11,1,HEAPA,,,,,"Repasse SES no mês (Custeio): R$ 372.704,93. Previsão contratual mensal de custeio: R$ 8.429.059,19. O repasse recebido no mês está significativamente abaixo da previsão contratual. Outras entradas incluem: Rendimentos de aplicações financeiras (R$ 22.872,95), Recuperação de despesas (R$ 10.187,95) e Desbloqueio judicial (R$ 201,04). Total de pagamentos custeio: R$ 6.150.516,16. Saldo anterior: R$ 6.305.388,49. Saldo final: R$ 560.839,20. Valores devolvidos: R$ 0. Total de glosas: R$ 0. Contrato de Gestão nº 096/2016, 10º Termo Aditivo, vigência 22/09/2023 a 21/09/2024. Hospital Estadual de Urgências de Aparecida de Goiânia Cairo Louzada (HEAPA). OSS: Instituto de Gestão e Humanização (IGH).",IGH,2024,6,mensal,,12,0,6150516.16,33261.94,372704.93,,,560839.2,6305388.49
2024,"C:\OSS-Goias\documentos\IGH\HEAPA\2024\21_Relatorio_Comparativo_Recursos\2024.07- HEAPA - Relatório mensal comparativo dos recursos recebidos, gastos e devolvidos ao Público.pdf","2024.07- HEAPA - Relatório mensal comparativo dos recursos recebidos, gastos e devolvidos ao Público",4,1,HEAPA,,,,,"Repasse SES (custeio e investimento) foi R$ 0,00 no período - nota explicativa informa que até o momento não foi disponibilizado pela SES. Saldo anterior: R$ 559.892,11. Total de entradas: R$ 103.381,31 (compostas de rendimentos financeiros R$ 878,21 e outras entradas R$ 102.503,10 incluindo recuperação de despesas R$ 101.190,26 e desbloqueio judicial R$ 1,55). Total resgates de aplicação: R$ 434.729,67. Total aplicações financeiras: R$ 33.844,58. Total geral de pagamentos: R$ 502.077,93. Valores devolvidos à contratante: R$ 0,00. Saldo bancário final: R$ 161.195,49. Total de glosas: R$ 0,00 (não disponibilizado pela SES).",IGH,2024,7,mensal,,18,0.0,502077.93,103381.31,0.0,,,161195.49,559892.11
2024,"C:\OSS-Goias\documentos\IGH\HEAPA\2024\21_Relatorio_Comparativo_Recursos\2024.08 - HEAPA - Relatório mensal comparativo dos recursos recebidos, gastos e devolvidos ao Público.xlsx","2024.08 - HEAPA - Relatório mensal comparativo dos recursos recebidos, gastos e devolvidos ao Público",7,1,HEAPA,,,,,"Contrato de Gestão n° 096/2016, 10° Termo Aditivo, vigência 22/09/2023 a 29/05/2024. Previsão de repasse mensal de custeio e investimento zerados. Glosa de servidores cedidos não disponibilizada pela SES até o momento. Outras entradas incluem desbloqueio judicial de R$ 8.788,25. Rendimentos sobre aplicações financeiras somam R$ 277,46. Total de resgates de aplicações: R$ 156.249,33. Total de novas aplicações: R$ 185.906,25.",IGH,2024,8,mensal,,12,0.0,435150.0,71131.76,384888.18,,,191131.14,161195.49
2024,"C:\OSS-Goias\documentos\IGH\HEAPA\2024\21_Relatorio_Comparativo_Recursos\2024.09 - HEAPA - Relatório mensal comparativo dos recursos recebidos, gastos e devolvidos ao Público.pdf","2024.09 - HEAPA - Relatório mensal comparativo dos recursos recebidos, gastos e devolvidos ao Público",8,1,HEAPA,,,,,"Competência Setembro/2024. Repasse SES (Custeio e Investimento) = R$ 0 conforme previsto no contrato e sem repasse recebido no período. Nota explicativa informa que até o momento não foi disponibilizado pela SES. Outras entradas: recuperação de despesas R$ 28.923,33, desbloqueio judicial R$ 1,00. Saldo anterior R$ 191.131,14; Saldo final R$ 206.441,60. Valores devolvidos à contratante = R$ 0. Contrato: 10° Termo Aditivo ao Contrato de Gestão n° 096/2016, vigência 22/09/2023 a 29/05/2024.",IGH,2024,9,mensal,,11,0.0,50053.09,35018.29,0.0,,,206441.6,191131.14
2024,"C:\OSS-Goias\documentos\IGH\HEAPA\2024\21_Relatorio_Comparativo_Recursos\2024.10 - HEAPA - Relatório mensal comparativo dos recursos recebidos, gastos e devolvidos ao Público-Assinado.pdf","2024.10 - HEAPA - Relatório mensal comparativo dos recursos recebidos, gastos e devolvidos ao Público-Assinado",7,1,HEAPA,,,,,"Repasse SES de custeio e investimento: R$ 0 (não disponibilizado pela SES até o momento, conforme nota explicativa). Saldo anterior: R$ 206.441,60. Total de entradas no período: R$ 104.425,23 (rendimentos financeiros + outras entradas). Total de resgates de aplicação: R$ 161.307,29. Total de aplicações financeiras: R$ 0. Total geral de pagamentos: R$ 264.734,00. Valores devolvidos à contratante: R$ 0. Saldo bancário final: R$ 46.132,83. Vigência do contrato: 22/09/2023 a 29/05/2024 (10° Termo Aditivo ao Contrato de Gestão nº 096/2016).",IGH,2024,10,mensal,,11,0.0,264734.0,103419.98,0.0,,,46132.83,206441.6
2024,"C:\OSS-Goias\documentos\IGH\HEAPA\2024\21_Relatorio_Comparativo_Recursos\2024.10 - HEAPA - Relatório mensal comparativo dos recursos recebidos, gastos e devolvidos ao Público.xlsx","2024.10 - HEAPA - Relatório mensal comparativo dos recursos recebidos, gastos e devolvidos ao Público",8,1,HEAPA,,,,,"Repasse SES (custeio e investimento) zerado em outubro/2024. Contrato de Gestão n° 096/2016 (10° Termo Aditivo), vigência até 29/05/2024. Outras entradas incluem desbloqueio judicial de R$ 1,00 e R$ 103.419,98 em outras entradas não governamentais. Rendimentos de aplicações financeiras totalizaram R$ 1.004,25. Total de resgates de aplicações: R$ 161.307,29. Glosa por servidores cedidos não informada pela SES até o momento.",IGH,2024,10,mensal,,13,0,264734.0,103419.98,0,,,46132.83,206441.6
2024,"C:\OSS-Goias\documentos\IGH\HEAPA\2024\21_Relatorio_Comparativo_Recursos\2024.11 - HEAPA - Relatório mensal comparativo dos recursos recebidos, gastos e devolvidos ao Público (1).xlsx","2024.11 - HEAPA - Relatório mensal comparativo dos recursos recebidos, gastos e devolvidos ao Público (1)",6,1,HEAPA,,,,,"Repasse SES (custeio e investimento) = R$ 0,00 no período. Contrato de Gestão n° 096/2016 com 10° Termo Aditivo, vigência 22/09/2023 a 29/05/2024. Outras entradas de R$ 128.943,98 sem especificação detalhada da fonte. Glosa por servidores cedidos não disponibilizada pela SES até o momento. Saldo anterior: R$ 46.132,83; Saldo final: R$ 46.203,32.",IGH,2024,11,mensal,,11,0,129191.23,128943.98,0,,,46203.32,46132.83
2024,"C:\OSS-Goias\documentos\IGH\HEAPA\2024\21_Relatorio_Comparativo_Recursos\2024.11 - HEAPA - Relatório mensal comparativo dos recursos recebidos, gastos e devolvidos ao Público.pdf","2024.11 - HEAPA - Relatório mensal comparativo dos recursos recebidos, gastos e devolvidos ao Público",7,1,HEAPA,,,,,"Repasse SES (custeio e investimento) consta como zero (R$ -) no período. Nota explicativa informa: 'Até o momento não foi disponibilizado pela SES.' Saldo anterior total: R$ 46.132,83. Total de entradas: R$ 129.261,72 (sendo R$ 0,47 de rendimentos de aplicações financeiras e R$ 128.943,98 de outras entradas). Total resgates de aplicação: R$ 44.839,90. Total aplicações financeiras: R$ 44.592,17. Saldo bancário final: R$ 46.203,32. Valores devolvidos à contratante: zero.",IGH,2024,11,mensal,,13,0.0,129191.23,128943.98,0.0,,,46203.32,46132.83
2024,"C:\OSS-Goias\documentos\IGH\HEAPA\2024\21_Relatorio_Comparativo_Recursos\2024.12 - HEAPA - Relatório mensal comparativo dos recursos recebidos, gastos e devolvidos ao Público-Assinado.pdf","2024.12 - HEAPA - Relatório mensal comparativo dos recursos recebidos, gastos e devolvidos ao Público-Assinado",8,1,HEAPA,,,,,"Repasse SES (custeio e investimento) zerado no período (previsão R$0). Saldo inicial de R$46.203,32. Total de entradas R$133.933,84 composto majoritariamente por receitas não governamentais (R$133.569,70) e rendimentos financeiros (R$361,94) e desbloqueio judicial (R$2,00). Total de saídas R$127.816,11 sendo o maior item custas processuais (R$57.328,21) e pessoal (R$64.095,69). Não houve devolução à contratante. Saldo final R$52.321,05. Vigência do contrato: 22/09/2023 a 29/05/2024 (10° Termo Aditivo ao CG 096/2016). Nota: os recursos são mantidos em c/c e de aplicação únicas.",IGH,2024,12,mensal,,15,0.0,127816.11,133569.7,0.0,,,52321.05,46203.32
2024,"C:\OSS-Goias\documentos\IGH\HEAPA\2024\21_Relatorio_Comparativo_Recursos\2024.12 - HEAPA - Relatório mensal comparativo dos recursos recebidos, gastos e devolvidos ao Público.xlsx","2024.12 - HEAPA - Relatório mensal comparativo dos recursos recebidos, gastos e devolvidos ao Público",6,1,HEAPA,,,,,"Competência Dezembro/2024. Repasse SES (custeio e investimento) = R$ 0. Outras entradas de R$ 133.569,70 incluem desbloqueio judicial de R$ 2,00. Rendimentos sobre aplicações financeiras totalizaram R$ 362,14. Resgates de aplicações: R$ 7.259,98. Novas aplicações: R$ 13.017,12. Saldo devolvido à contratante: R$ 0. Contrato de Gestão n° 096/2016 (10° Termo Aditivo), vigência 22/09/2023 a 29/05/2024. Previsão de repasse mensal zerada.",IGH,2024,12,mensal,,7,0,127816.11,133569.7,0,,,52321.05,46203.32
2024,C:\OSS-Goias\documentos\ABEVIDA\CRESM\2024\21_Relatorio_Comparativo_Recursos\FLUXO-DE-CAIXA-01.2018-1.xlsx,FLUXO-DE-CAIXA-01.2018-1,10,1,CREDEQ,,,,,"O hospital identificado no documento é CREDEQ - Centro de Referência e Excelência em Dependência Química de Aparecida de Goiânia, não CRESM conforme instrução. OSS gestora: ABEVIDA. Contrato de Gestão nº 02/2014-SES, vigência 31/07/2014 a 30/07/2018, valor do repasse mensal contratado: R$ 2.700.000,00. Saldo anterior total: R$ 6.649.277,18 (CC: R$ 2.892.600,57 + Aplicação: R$ 3.756.676,61). Total de entradas: R$ 1.897.213,89. Total de gastos: R$ 3.196.195,52. Saldo bancário final (31/08/2018 conforme cabeçalho, mas período é janeiro/2018): R$ 5.350.295,55. Fonte: SIPEF - Relatório Financeiro fluxo de caixa XXIX.",ABEVIDA,2018,1,mensal,,11,0.0,3196195.52,33477.42,1863736.47,,,5350295.55,6649277.18
2024,C:\OSS-Goias\documentos\ABEVIDA\CRESM\2024\21_Relatorio_Comparativo_Recursos\FLUXO-DE-CAIXA-01.2018.pdf,FLUXO-DE-CAIXA-01.2018,10,1,CREDEQ,,,,,"Relatório mensal de janeiro/2018 do CREDEQ (Centro de Referência e Excelência em Dependência Química de Aparecida de Goiânia), gerido pela ABEVIDA. Contrato de Gestão Nº 02/2014-SES, vigência 31/07/2014 a 30/07/2018. Valor do repasse mensal do contrato: R$ 2.700.000,00. Saldo anterior composto por: Caixa Econômica Federal AG 1626 OP 003 C/C 2752-0 (R$ 2.892.600,57) e Aplicações Caixa Econômica Federal AG 1626 C/A 2752-0 (R$ 3.756.676,61). Saldo bancário final em 31/08/2018 registrado no documento. Fonte: Prestação de Contas SIPEF - Relatório Financeiro fluxo de caixa XXIX.",ABEVIDA,2018,1,mensal,,5,0.0,3196195.52,33477.42,1863736.47,,,5350295.55,6649277.18
2024,C:\OSS-Goias\documentos\ABEVIDA\CRESM\2024\21_Relatorio_Comparativo_Recursos\FLUXO-DE-CAIXA-01.2019.xlsx,FLUXO-DE-CAIXA-01.2019,9,1,CREDEQ,,,,,"Hospital identificado no documento como CREDEQ - Centro de Referência e Excelência em Dependência Química de Aparecida de Goiânia, não CRESM conforme instrução. OSS: ABEVIDA (Associação Brasileira de Esperança e Vida). Contrato de Gestão nº 02/2014 - SES. Vigência: 31/07/2014 a 30/07/2019. Valor do repasse mensal contratual: R$ 2.700.000,00. Saldo final composto por: C/C R$ 50,00 + Aplicações R$ 70.788,64 = R$ 70.838,64. Saldo inicial composto principalmente por aplicações financeiras de R$ 94.717,83. Outras entradas além do repasse SES: rendimento financeiro R$ 226,04 e aporte de caixa R$ 3.112,72.",ABEVIDA,2019,1,mensal,,24,0,1288409.32,3338.76,1261112.88,,,70838.64,94717.83
2024,C:\OSS-Goias\documentos\ABEVIDA\CRESM\2024\21_Relatorio_Comparativo_Recursos\FLUXO-DE-CAIXA-01.2020-1.pdf,FLUXO-DE-CAIXA-01.2020-1,10,1,CREDEQ,,,,,"Unidade gerida: CREDEQ - Centro de Referência e Excelência em Dependência Química de Aparecida de Goiânia. Contrato de Gestão Nº 02/2014 - SES. Vigência: 31/07/2014 à 26/01/2020. Valor do repasse mensal do contrato de gestão: R$ 1.889.033,50. Saldo anterior total: R$ 4.073,38 (Aplicações Caixa Econômica Federal AG 1626 C/A 2752-0). Saldo bancário em 31/01/2020: R$ 10.049,64. Fonte dos dados: Prestação de Contas SIPEF - Relatório Financeiro fluxo de caixa XXIX. Arquivo original: FLUXO-DE-CAIXA-01.2020-1.pdf.",ABEVIDA,2020,1,mensal,,0,0.0,1864651.61,,1858033.5,,,10049.64,4073.38
2024,C:\OSS-Goias\documentos\ABEVIDA\CRESM\2024\21_Relatorio_Comparativo_Recursos\FLUXO-DE-CAIXA-01.2020.xlsx,FLUXO-DE-CAIXA-01.2020,10,1,CREDEQ,,,,,"Hospital identificado no documento como CREDEQ - Centro de Referência e Excelência em Dependência Química de Aparecida de Goiânia (não CRESM conforme instrução). Contrato de Gestão nº 02/2014 - SES, vigência 31/07/2014 a 26/01/2020. Valor do repasse mensal contratado: R$ 1.889.033,50. O repasse efetivamente recebido em janeiro/2020 foi R$ 1.858.033,50 (diferença de R$ 31.000,00 em relação ao valor contratado). Recursos de outras fontes incluem rendimento de aplicações (R$ 100,40), recuperação de despesas (R$ 9.462,86) e aporte de caixa (R$ 3.031,11), totalizando R$ 12.594,37. Devolução de verba ao poder público: R$ 0,00. Fonte: SIPEF - Relatório Financeiro fluxo de caixa XXIX.",ABEVIDA,2020,1,mensal,,13,0,1864651.61,12594.37,1858033.5,,,10049.64,4073.38
2024,C:\OSS-Goias\documentos\ABEVIDA\CRESM\2024\21_Relatorio_Comparativo_Recursos\FLUXO-DE-CAIXA-02.2018-1.xlsx,FLUXO-DE-CAIXA-02.2018-1,10,1,CREDEQ,,,,,"Hospital identificado no documento como CREDEQ - Centro de Referência e Excelência em Dependência Química de Aparecida de Goiânia. OSS: ABEVIDA. Contrato de Gestão nº 02/2014-SES, vigência 31/07/2014 a 30/07/2018, repasse mensal contratual R$ 2.700.000,00. Saldo anterior composto integralmente por Aplicações Caixa Econômica Federal (R$ 5.350.295,55). Saldo final em 28/02/2018 composto por Aplicações Caixa Econômica Federal (R$ 3.672.955,91). Dados extraídos do SIPEF - Relatório Financeiro Fluxo de Caixa XXIX.",ABEVIDA,2018,2,mensal,,5,0.0,2401388.93,38393.23,685656.06,,,3672955.91,5350295.55
2024,C:\OSS-Goias\documentos\ABEVIDA\CRESM\2024\21_Relatorio_Comparativo_Recursos\FLUXO-DE-CAIXA-02.2018.pdf,FLUXO-DE-CAIXA-02.2018,10,1,CREDEQ,,,,,"Relatório mensal de fluxo de caixa de fevereiro/2018 do CREDEQ (Centro de Referência e Excelência em Dependência Química de Aparecida de Goiânia), gerido pela ABEVIDA. Contrato de Gestão nº 02/2014-SES. Valor do repasse mensal do contrato: R$ 2.700.000,00. Saldo anterior em aplicações: R$ 5.350.295,55. Saldo bancário em 28/02/2018: R$ 3.672.955,91 (em aplicações). Fonte: SIPEF - Relatório Financeiro fluxo de caixa XXIX.",ABEVIDA,2018,2,mensal,,5,0.0,2401388.93,38393.23,685656.06,,,3672955.91,5350295.55
2024,C:\OSS-Goias\documentos\ABEVIDA\CRESM\2024\21_Relatorio_Comparativo_Recursos\FLUXO-DE-CAIXA-02.2019.pdf,FLUXO-DE-CAIXA-02.2019,10,1,CREDEQ,,,,,"Relatório mensal de fevereiro/2019. OSS: ABEVIDA. Unidade: CREDEQ - Centro de Referência e Excelência em Dependência Química de Aparecida de Goiânia. Contrato de Gestão nº 02/2014-SES. Vigência: 31/07/2014 a 30/07/2019. Valor do repasse mensal contratual: R$ 2.700.000,00. Saldo anterior total: R$ 70.838,64 (Caixa Econômica Federal C/C: R$ 50,00 + Aplicações: R$ 70.788,64). Saldo bancário em 28/02/2019: Caixa Econômica Federal C/C R$ 323.847,86 + Aplicações R$ 680.729,18. Fonte: Prestação de Contas SIPEF - Relatório Financeiro fluxo de caixa XXIX.",ABEVIDA,2019,2,mensal,,6,0.0,1556370.1,19489.85,2470618.65,,,1004577.04,70838.64
2024,C:\OSS-Goias\documentos\ABEVIDA\CRESM\2024\21_Relatorio_Comparativo_Recursos\FLUXO-DE-CAIXA-02.2020-1.xlsx,FLUXO-DE-CAIXA-02.2020-1,10,1,CREDEQ,,,,,"Hospital identificado no documento como CREDEQ - Centro de Referência e Excelência em Dependência Química de Aparecida de Goiânia, não CRESM conforme instrução. OSS: ABEVIDA (Associação Brasileira de Esperança e Vida). Contrato de Gestão nº 02/2014-SES, vigência 31/07/2014 a 26/01/2021. Valor do repasse mensal contratual: R$ 2.023.964,19. O repasse recebido em fevereiro/2020 foi de R$ 4.462.082,07 (possivelmente acumulado de meses anteriores). Recursos recebidos de outras fontes: rendimento sobre aplicações (R$ 1.363,49) + recuperação de despesas (R$ 7.822,30) + aporte de caixa (R$ 3.103,95) = R$ 12.289,74. Saldo final calculado: saldo anterior (R$ 10.049,64) + entradas (R$ 4.474.371,81) - saídas (R$ 3.509.991,55) = R$ 974.429,90, composto por C/C R$ 897.026,57 + Aplicações R$ 77.403,33.",ABEVIDA,2020,2,mensal,,14,0.0,3509991.55,12289.74,4462082.07,,,974429.9,10049.64
2024,C:\OSS-Goias\documentos\ABEVIDA\CRESM\2024\21_Relatorio_Comparativo_Recursos\FLUXO-DE-CAIXA-02.2020.xlsx,FLUXO-DE-CAIXA-02.2020,10,1,CREDEQ,,,,,"Hospital identificado no documento como CREDEQ - Centro de Referência e Excelência em Dependência Química de Aparecida de Goiânia. OSS: ABEVIDA. Contrato de Gestão nº 02/2014-SES, vigência 31/07/2014 a 26/01/2021. Valor do repasse mensal do contrato: R$ 2.023.964,19. Saldo anterior total: R$ 10.049,64 (Aplicações CEF). Saldo final em 29/02/2020: C/C R$ 897.026,57 + Aplicações R$ 77.403,33 = R$ 974.429,90. Filename: FLUXO-DE-CAIXA-02.2020.xlsx.",ABEVIDA,2020,2,mensal,,10,0,3509991.55,12289.74,4462082.07,,,974429.9,10049.64
2024,C:\OSS-Goias\documentos\ABEVIDA\CRESM\2024\21_Relatorio_Comparativo_Recursos\FLUXO-DE-CAIXA-03.2018-1.xlsx,FLUXO-DE-CAIXA-03.2018-1,10,1,CREDEQ,,,,,"Documento referente ao CREDEQ - Centro de Referência e Excelência em Dependência Química de Aparecida de Goiânia, gerido pela ABEVIDA, Contrato de Gestão nº 02/2014-SES, vigência 31/07/2014 a 30/07/2018, repasse mensal contratual de R$ 2.700.000,00. Saldo anterior total: R$ 3.672.955,91. Total de entradas: R$ 1.896.546,89. Total de gastos: R$ 2.375.455,39. Devolução de verba: R$ 0,00. Saldo final em 31/03/2018: R$ 3.194.047,41. Recursos recebidos de outras fontes calculados como soma de Rendimento (13.519,56) + Recuperação de Despesas (6.579,37) + Aporte de Caixa (5.033,21) = 25.132,14.",ABEVIDA,2018,3,mensal,,10,0.0,2375455.39,25132.14,1871414.75,,,3194047.41,3672955.91
2024,C:\OSS-Goias\documentos\ABEVIDA\CRESM\2024\21_Relatorio_Comparativo_Recursos\FLUXO-DE-CAIXA-03.2018.pdf,FLUXO-DE-CAIXA-03.2018,10,1,CREDEQ,,,,,"Relatório mensal de fluxo de caixa referente a março/2018. OSS: ABEVIDA. Unidade: CREDEQ - Centro de Referência e Excelência em Dependência Química de Aparecida de Goiânia. Contrato de Gestão nº 02/2014-SES. Valor do repasse mensal contratual: R$ 2.700.000,00. Saldo anterior composto por Aplicações Caixa Econômica Federal AG 1626 C/A 2752-0: R$ 3.672.955,91. Saldo bancário em 31/03/2018: Aplicações CEF R$ 3.194.047,41. Devolução de verba: R$ 0,00. Fonte dos dados: Prestação de Contas SIPEF - Relatório Financeiro fluxo de caixa XXIX.",ABEVIDA,2018,3,mensal,,0,0.0,2375455.39,,1871414.75,,,3194047.41,3672955.91
2024,C:\OSS-Goias\documentos\ABEVIDA\CRESM\2024\21_Relatorio_Comparativo_Recursos\FLUXO-DE-CAIXA-03.2019.pdf,FLUXO-DE-CAIXA-03.2019,10,1,CREDEQ,,,,,"Documento refere-se ao CREDEQ (Centro de Referência e Excelência em Dependência Química de Aparecida de Goiânia), gerido pela ABEVIDA, contrato 02/2014-SES, vigência 31/07/2014 a 30/07/2019, repasse mensal contratual de R$ 2.700.000,00. O saldo bancário final está datado como 31/01/2019 no documento, mas o mês/ano indicado é mar/19. Filename indica março de 2019. Total de entradas: 2.361.864,70. Saldo anterior total: 1.004.577,04 (323.847,86 + 680.729,18).",ABEVIDA,2019,3,mensal,,14,0.0,2204942.74,19797.29,2342067.41,,,1161499.0,1004577.04
2024,C:\OSS-Goias\documentos\ABEVIDA\CRESM\2024\21_Relatorio_Comparativo_Recursos\FLUXO-DE-CAIXA-03.2020.xlsx,FLUXO-DE-CAIXA-03.2020,10,1,CREDEQ,,,,,"Hospital identificado no documento como CREDEQ - Centro de Referência e Excelência em Dependência Química de Aparecida de Goiânia. OSS: ABEVIDA. Contrato de Gestão nº 02/2014 - SES, vigência 31/07/2014 a 26/01/2021. Valor do repasse mensal contratual: R$ 2.023.964,19. Saldo inicial total: R$ 974.429,90 (C/C 897.026,57 + Aplicação 77.403,33). Saldo final total: R$ 1.594.798,21 (C/C 47,00 + Aplicação 1.594.751,21). Devolução de verba: R$ 0,00. Fonte: Prestação de Contas SIPEF - Relatório Financeiro fluxo de caixa XXIX.",ABEVIDA,2020,3,mensal,,13,0,3395787.25,17080.33,3998075.23,,,1594798.21,974429.9
2024,C:\OSS-Goias\documentos\ABEVIDA\CRESM\2024\21_Relatorio_Comparativo_Recursos\FLUXO-DE-CAIXA-04.2018-1.xlsx,FLUXO-DE-CAIXA-04.2018-1,10,1,CREDEQ,,,,,"Unidade: CREDEQ - Centro de Referência e Excelência em Dependência Química de Aparecida de Goiânia. Contrato de Gestão nº 02/2014-SES, vigência 31/07/2014 a 30/07/2018, repasse mensal contratual R$ 2.700.000,00. Saldo anterior composto integralmente por aplicações financeiras (R$ 3.194.047,41). Saldo final em 30/04/2018 composto integralmente por aplicações financeiras (R$ 2.015.653,67). Há duas linhas de 'Despesas com Viagem' nas saídas (R$ 5.005,01 e R$ 100,00). Fonte dos dados: Prestação de Contas SIPEF - Relatório Financeiro fluxo de caixa XXIX.",ABEVIDA,2018,4,mensal,,16,0,2602206.73,15125.36,1828629.09,,,2015653.67,3194047.41
2024,C:\OSS-Goias\documentos\ABEVIDA\CRESM\2024\21_Relatorio_Comparativo_Recursos\FLUXO-DE-CAIXA-04.2018.pdf,FLUXO-DE-CAIXA-04.2018,11,1,CREDEQ,,,,,"Hospital identificado no documento como CREDEQ - Centro de Referência e Excelência em Dependência Química de Aparecida de Goiânia, gerido pela OSS ABEVIDA (Associação Brasileira de Esperança e Vida). Contrato de Gestão nº 02/2014-SES, vigência 31/07/2014 a 30/07/2018. Valor do repasse mensal do contrato: R$ 2.700.000,00. Saldo anterior em Aplicações Caixa Econômica Federal AG 1626 C/A 2752-0: R$ 3.194.047,41. Saldo bancário em 30/04/2018 em Aplicações: R$ 2.015.653,67. Devolução de verba: R$ 0,00. Filename indica abril/2018.",ABEVIDA,2018,4,mensal,,0,0.0,2602206.73,15125.36,1828629.09,,,2015653.67,3194047.41
2024,C:\OSS-Goias\documentos\ABEVIDA\CRESM\2024\21_Relatorio_Comparativo_Recursos\FLUXO-DE-CAIXA-04.2019.xlsx,FLUXO-DE-CAIXA-04.2019,10,1,CREDEQ,,,,,"Hospital identificado no documento como CREDEQ - Centro de Referência e Excelência em Dependência Química de Aparecida de Goiânia. Contrato de Gestão nº 02/2014-SES, vigência 31/07/2014 a 30/07/2019, valor do repasse mensal contratado R$ 2.700.000,00. Saldo anterior total: R$ 1.161.499,00 (R$ 0,00 em C/C + R$ 1.161.498,99 em aplicação + R$ 0,01 em fundo fixo). Saldo final em 30/04/2019: R$ 1.462.921,42 (R$ 1.418.873,14 em C/C + R$ 44.048,28 em aplicação). Fonte: Prestação de Contas SIPEF - Relatório Financeiro fluxo de caixa XXIX. O filename indica pasta de 2024, mas o documento é referente a abril de 2019.",ABEVIDA,2019,4,mensal,,14,0,1864963.55,11598.5,2217787.47,,,1462921.42,1161499.0
2024,C:\OSS-Goias\documentos\ABEVIDA\CRESM\2024\21_Relatorio_Comparativo_Recursos\FLUXO-DE-CAIXA-04.2020.pdf,FLUXO-DE-CAIXA-04.2020,10,1,CREDEQ,,,,,"Relatório mensal de fluxo de caixa referente a abril/2020 do CREDEQ - Centro de Referência e Excelência em Dependência Química de Aparecida de Goiânia, gerido pela ABEVIDA. Contrato de Gestão nº 02/2014-SES. Valor do repasse mensal contratual: R$ 2.023.964,19. Saldo bancário em 30/04/2020: Aplicações CEF R$ 619.330,50. Filename: FLUXO-DE-CAIXA-04.2020.pdf.",ABEVIDA,2020,4,mensal,,10,0.0,1591989.85,18332.88,598189.26,,,619330.5,1594798.21
2024,C:\OSS-Goias\documentos\ABEVIDA\CRESM\2024\21_Relatorio_Comparativo_Recursos\FLUXO-DE-CAIXA-05.2018-1.xlsx,FLUXO-DE-CAIXA-05.2018-1,10,1,CREDEQ,,,,,"Unidade: CREDEQ - Centro de Referência e Excelência em Dependência Química de Aparecida de Goiânia. OSS: ABEVIDA. Contrato de Gestão nº 02/2014-SES, vigência 31/07/2014 a 30/07/2018. Valor do repasse mensal contratual: R$ 2.700.000,00. Saldo anterior composto integralmente por aplicação financeira (R$ 2.015.653,67). Saldo final em 31/05/2018 composto integralmente por aplicação financeira (R$ 1.737.492,01). Recursos recebidos de outras fontes incluem: Rendimento sobre Aplicações (R$ 6.556,69), Recuperação de Despesas (R$ 3.164,30), Aporte de Caixa (R$ 5.075,75) e Bloqueio Judicial entrada (R$ 216.312,54). Filename: FLUXO-DE-CAIXA-05.2018-1.xlsx.",ABEVIDA,2018,5,mensal,,16,0.0,3275987.16,231109.28,2346774.64,,,1737492.01,2015653.67
2024,C:\OSS-Goias\documentos\ABEVIDA\CRESM\2024\21_Relatorio_Comparativo_Recursos\FLUXO-DE-CAIXA-05.2018.pdf,FLUXO-DE-CAIXA-05.2018,11,1,CREDEQ,,,,,"Documento refere-se ao CREDEQ - Centro de Referência e Excelência em Dependência Química de Aparecida de Goiânia, gerido pela ABEVIDA, contrato 02/2014-SES. Repasse mensal contratual: R$ 2.700.000,00. Saldo anterior: Aplicações Caixa Econômica Federal AG 1626 C/A 2752-0: R$ 2.015.653,67. Saldo final em 31/05/2018: Aplicações R$ 1.737.492,01. Devolução de verba: R$ 0,00. Fonte: SIPEF Relatório Financeiro fluxo de caixa XXIX.",ABEVIDA,2018,5,mensal,,0,0.0,3275987.16,231109.28,2346774.64,,,1737492.01,2015653.67
2024,C:\OSS-Goias\documentos\ABEVIDA\CRESM\2024\21_Relatorio_Comparativo_Recursos\FLUXO-DE-CAIXA-05.2019.xlsx,FLUXO-DE-CAIXA-05.2019,10,1,CREDEQ,,,,,"Unidade gerida: CREDEQ - Centro de Referência e Excelência em Dependência Química de Aparecida de Goiânia. Contrato de Gestão nº 02/2014 - SES. Vigência: 31/07/2014 a 30/07/2019. Valor do repasse mensal contratado: R$ 2.700.000,00. Saldo inicial total: R$ 1.525.921,42 (C/C 1.481.873,14 + Aplicações 44.048,28). Saldo final total: R$ 1.632.570,03 (C/C 39,00 + Aplicações 1.632.531,03). Devolução de verba ao Poder Público: R$ 0,00. Fonte: Prestação de Contas SIPEF - Relatório Financeiro fluxo de caixa XXIX. O hospital informado no prompt (CRESM) difere do nome da unidade no documento (CREDEQ); foi utilizado CREDEQ conforme o documento.",ABEVIDA,2019,5,mensal,,13,0,2348515.62,26632.94,2429062.66,,,1632570.03,1525921.42
2024,C:\OSS-Goias\documentos\ABEVIDA\CRESM\2024\21_Relatorio_Comparativo_Recursos\FLUXO-DE-CAIXA-05.2020.xlsx,FLUXO-DE-CAIXA-05.2020,12,1,CREDEQ,,,,,"Unidade gerida: CREDEQ - Centro de Referência e Excelência em Dependência Química de Aparecida de Goiânia. Contrato de Gestão nº 02/2014 - SES. Vigência: 31/07/2014 a 26/01/2021. Valor do repasse mensal do contrato: R$ 2.023.964,19. Devolução de verba ao poder público: R$ 0,00. Fonte: Prestação de Contas SIPEF - Relatório Financeiro fluxo de caixa XXIX. O filename indica 05/2020, confirmado pela data 2020-05-01 no documento. O campo hospital foi registrado como CREDEQ conforme unidade gerida, não CRESM conforme instrução.",ABEVIDA,2020,5,mensal,,13,0.0,2004725.24,15100.52,2793333.84,,,1423039.62,619330.5
2024,C:\OSS-Goias\documentos\ABEVIDA\CRESM\2024\21_Relatorio_Comparativo_Recursos\FLUXO-DE-CAIXA-06.2018-1.xlsx,FLUXO-DE-CAIXA-06.2018-1,10,1,CREDEQ,,,,,"Unidade gerida: CREDEQ - Centro de Referência e Excelência em Dependência Química de Aparecida de Goiânia. Contrato de Gestão nº 02/2014-SES, vigência 31/07/2014 a 30/07/2018. Valor do repasse mensal do contrato: R$ 2.700.000,00. O repasse recebido no mês (R$ 1.473.658,97) é inferior ao valor contratual mensal, possivelmente referente a parcela parcial. Recursos de outras fontes incluem: rendimentos financeiros (R$ 4.030,77), recuperação de despesas (R$ 5.652,24) e aporte de caixa (R$ 5.014,69). Fonte dos dados: Prestação de Contas SIPEF - Relatório Financeiro fluxo de caixa XXIX. O filename indica pasta 2024 mas o documento refere-se ao período de junho/2018.",ABEVIDA,2018,6,mensal,,12,0.0,2360396.63,14697.7,1473658.97,,,865452.05,1737492.01
2024,C:\OSS-Goias\documentos\ABEVIDA\CRESM\2024\21_Relatorio_Comparativo_Recursos\FLUXO-DE-CAIXA-06.2018.pdf,FLUXO-DE-CAIXA-06.2018,10,1,CREDEQ,,,,,"Relatório mensal de fluxo de caixa referente a junho/2018. Unidade: CREDEQ - Centro de Referência e Excelência em Dependência Química de Aparecida de Goiânia. Contrato de Gestão nº 02/2014-SES. Vigência: 31/07/2014 a 30/07/2018. Valor do repasse mensal contratado: R$ 2.700.000,00. Saldo anterior total: R$ 1.737.492,01 (Aplicações Caixa Econômica Federal AG 1626 C/A 2752-0). Saldo bancário em 30/06/2018: R$ 865.452,05 (Aplicações Caixa Econômica Federal). Fonte: Prestação de Contas SIPEF - Relatório Financeiro fluxo de caixa XXIX.",ABEVIDA,2018,6,mensal,,6,0.0,2360396.63,14697.7,1473658.97,,,865452.05,1737492.01
2024,C:\OSS-Goias\documentos\ABEVIDA\CRESM\2024\21_Relatorio_Comparativo_Recursos\FLUXO-DE-CAIXA-06.2019.xlsx,FLUXO-DE-CAIXA-06.2019,10,1,CREDEQ,,,,,"Documento referente ao CREDEQ - Centro de Referência e Excelência em Dependência Química de Aparecida de Goiânia, gerido pela ABEVIDA (Associação Brasileira de Esperança e Vida). Contrato de Gestão nº 02/2014-SES, vigência 31/07/2014 a 30/07/2019. Valor do repasse mensal contratado: R$ 2.700.000,00. Saldo anterior composto por: C/C CEF R$ 39,00 + Aplicações CEF R$ 1.632.531,03 = R$ 1.632.570,03. Saldo final em 30/06/2019: Aplicações CEF R$ 3.289.271,30. O filename indica 06/2019, confirmado pelo campo MÊS/ANO. OSS no documento é ABEVIDA; hospital no documento é CREDEQ (não CRESM como indicado na instrução).",ABEVIDA,2019,6,mensal,,6,0.0,2827307.73,16265.11,4468302.86,,,3289271.3,1632570.03
2024,C:\OSS-Goias\documentos\ABEVIDA\CRESM\2024\21_Relatorio_Comparativo_Recursos\FLUXO-DE-CAIXA-06.2020.pdf,FLUXO-DE-CAIXA-06.2020,12,1,CREDEQ,,,,,"Relatório mensal de fluxo de caixa referente a junho/2020. Unidade gerida: CREDEQ - Centro de Referência e Excelência em Dependência Química de Aparecida de Goiânia. Contrato de Gestão nº 02/2014-SES. Valor do repasse mensal contratual: R$ 2.023.964,19. Saldo anterior total: R$ 1.423.039,62 (Aplicações Caixa Econômica Federal AG 1626 C/A 2752-0). Saldo bancário final 30/06/2020: R$ 1.363.392,16 (Aplicações Caixa Econômica Federal AG 1626 C/A 2752-0). Fonte dos dados: Prestação de Contas SIPEF - Relatório Financeiro fluxo de caixa XXIX.",ABEVIDA,2020,6,mensal,,6,0.0,2354112.63,29663.27,2264801.9,,,1363392.16,1423039.62
2024,C:\OSS-Goias\documentos\ABEVIDA\CRESM\2024\21_Relatorio_Comparativo_Recursos\FLUXO-DE-CAIXA-07.2018-1.xlsx,FLUXO-DE-CAIXA-07.2018-1,10,1,CREDEQ,,,,,"Hospital identificado no documento como CREDEQ - Centro de Referência e Excelência em Dependência Química de Aparecida de Goiânia. OSS gestora: ABEVIDA. Contrato de Gestão nº 02/2014-SES, vigência 31/07/2014 a 30/07/2018. Valor do repasse mensal contratado: R$ 2.700.000,00. O repasse efetivamente recebido em julho/2018 foi de R$ 2.008.678,05. Outras entradas: rendimentos (R$ 1.544,40), recuperação de despesas (R$ 11.527,29) e aporte de caixa (R$ 5.242,34). Saldo anterior total: R$ 865.452,05 (aplicação financeira). Saldo final em 31/07/2018: R$ 720.501,94 (aplicação financeira). Fonte: Prestação de Contas SIPEF - Relatório Financeiro fluxo de caixa XXIX.",ABEVIDA,2018,7,mensal,,12,0.0,2171942.19,18314.03,2008678.05,,,720501.94,865452.05
2024,C:\OSS-Goias\documentos\ABEVIDA\CRESM\2024\21_Relatorio_Comparativo_Recursos\FLUXO-DE-CAIXA-07.2018.pdf,FLUXO-DE-CAIXA-07.2018,10,1,CREDEQ,,,,,"Relatório mensal de fluxo de caixa referente a julho/2018. Unidade: CREDEQ - Centro de Referência e Excelência em Dependência Química de Aparecida de Goiânia. Contrato de Gestão nº 02/2014-SES. Vigência: 31/07/2014 a 30/07/2018. Valor do repasse mensal contratual: R$ 2.700.000,00. Saldo anterior: R$ 865.452,05 (em aplicações). Saldo bancário final em 31/07/2018: R$ 720.501,94 (em aplicações). Fonte: Prestação de Contas SIPEF - Relatório Financeiro fluxo de caixa XXIX.",ABEVIDA,2018,7,mensal,,6,0.0,2171942.19,18313.03,2008678.05,,,720501.94,865452.05
2024,C:\OSS-Goias\documentos\ABEVIDA\CRESM\2024\21_Relatorio_Comparativo_Recursos\FLUXO-DE-CAIXA-07.2019.pdf,FLUXO-DE-CAIXA-07.2019,10,1,CREDEQ,,,,,"Relatório mensal de fluxo de caixa referente a julho/2019. Unidade: CREDEQ - Centro de Referência e Excelência em Dependência Química de Aparecida de Goiânia. OSS: ABEVIDA. Contrato de Gestão Nº 02/2014-SES. Vigência: 31/07/2014 a 30/07/2019. Valor do repasse mensal contratual: R$ 2.700.000,00. Saldo anterior total: R$ 3.289.271,30 (aplicações). Devolução de verba: R$ 0,00. Fonte dos dados: Prestação de Contas SIPEF - Relatório Financeiro fluxo de caixa XXIX.",ABEVIDA,2019,7,mensal,,9,0.0,3363954.91,19957.15,2394117.64,,,2331391.18,3289271.3
2024,C:\OSS-Goias\documentos\ABEVIDA\CRESM\2024\21_Relatorio_Comparativo_Recursos\FLUXO-DE-CAIXA-07.2020.xlsx,FLUXO-DE-CAIXA-07.2020,12,1,CREDEQ,,,,,"Unidade: CREDEQ - Centro de Referência e Excelência em Dependência Química de Aparecida de Goiânia. OSS: ABEVIDA. Contrato de Gestão nº 02/2014-SES, vigência 31/07/2014 a 26/01/2021. Valor do repasse mensal contratual: R$ 2.023.964,19. Repasse efetivo de julho/2020: R$ 2.292.965,06. Saldo final composto por: Aplicações R$ 1.290.288,54 + Poupança R$ 200.000,00 = R$ 1.490.288,54. Devolução de verba: R$ 0,00. Fonte: SIPEF - Relatório Financeiro fluxo de caixa XXIX.",ABEVIDA,2020,7,mensal,,13,0,2378799.17,12730.49,2292965.06,,,1490288.54,1363392.16
2024,C:\OSS-Goias\documentos\ABEVIDA\CRESM\2024\21_Relatorio_Comparativo_Recursos\FLUXO-DE-CAIXA-08.2018-1.xlsx,FLUXO-DE-CAIXA-08.2018-1,10,1,CREDEQ,,,,,"Hospital identificado no documento como CREDEQ - Centro de Referência e Excelência em Dependência Química de Aparecida de Goiânia. OSS: ABEVIDA. Contrato de Gestão nº 02/2014-SES, vigência 31/07/2014 a 30/07/2019. Valor do repasse mensal contratado: R$ 2.700.000,00. Saldo final bancário em 31/08/2018: R$ 571.724,48 (soma da conta corrente R$ 298.550,41 + aplicação R$ 273.174,07). Recursos recebidos de outras fontes incluem rendimento sobre aplicações (R$ 882,35) e aporte de caixa (R$ 5.013,03). Filename: FLUXO-DE-CAIXA-08.2018-1.xlsx.",ABEVIDA,2018,8,mensal,,12,0.0,1663952.426,5895.38,1509279.58,,,571724.48,720501.94
2024,C:\OSS-Goias\documentos\ABEVIDA\CRESM\2024\21_Relatorio_Comparativo_Recursos\FLUXO-DE-CAIXA-08.2018.pdf,FLUXO-DE-CAIXA-08.2018,10,1,CREDEQ,,,,,"Relatório mensal de fluxo de caixa referente a agosto/2018. Unidade: CREDEQ - Centro de Referência e Excelência em Dependência Química de Aparecida de Goiânia. OSS: ABEVIDA. Contrato de Gestão nº 02/2014-SES, vigência 31/07/2014 a 30/07/2019. Valor do repasse mensal do contrato: R$ 2.700.000,00. Saldo anterior era composto apenas por aplicações financeiras (R$ 720.501,94). Saldo final em 31/08/2018: R$ 571.724,48 (C/C: R$ 298.550,41 + Aplicações: R$ 273.174,07). Fonte: Prestação de Contas SIPEF - Relatório Financeiro fluxo de caixa XXIX.",ABEVIDA,2018,8,mensal,,12,0.0,1663952.43,5895.38,1509279.58,,,571724.48,720501.94
2024,C:\OSS-Goias\documentos\ABEVIDA\CRESM\2024\21_Relatorio_Comparativo_Recursos\FLUXO-DE-CAIXA-08.2019.pdf,FLUXO-DE-CAIXA-08.2019,10,1,CREDEQ,,,,,"Relatório mensal de agosto/2019. OSS: ABEVIDA. Unidade: CREDEQ - Centro de Referência e Excelência em Dependência Química de Aparecida de Goiânia. Contrato de Gestão 02/2014-SES. Vigência: 31/07/2014 a 26/01/2020. Valor do repasse mensal do contrato: R$ 2.143.021,18. Repasse SES no mês foi R$ 0,00. Saldo anterior total: R$ 2.331.390,18 (CC: 48,50 + Aplicação: 2.331.342,68). Saldo bancário final 31/08/2019: R$ 91.995,00 (Aplicação). Fonte: Prestação de Contas SIPEF - Relatório Financeiro fluxo de caixa XXIX. Arquivo: FLUXO-DE-CAIXA-08.2019.pdf.",ABEVIDA,2019,8,mensal,,6,0.0,2259397.79,20001.58,0.0,,,91995.0,2331390.18
2024,C:\OSS-Goias\documentos\ABEVIDA\CRESM\2024\21_Relatorio_Comparativo_Recursos\FLUXO-DE-CAIXA-08.2020.pdf,FLUXO-DE-CAIXA-08.2020,12,1,CREDEQ,,,,,"Documento refere-se ao CREDEQ - Centro de Referência e Excelência em Dependência Química de Aparecida de Goiânia, gerido pela ABEVIDA (Associação Brasileira de Esperança e Vida). Contrato de Gestão Nº 02/2014-SES, vigência 31/07/2014 a 26/01/2021. Valor do repasse mensal do contrato: R$ 2.023.964,19. Saldo anterior composto por: Caixa Econômica Federal AG 1626 OP 003 C/C 2752-0: R$ 1.290.288,54 e Aplicações Caixa Econômica Federal AG 1626 C/A 2752-0: R$ 200.000,00. Saldo final em 31/08/2020: Aplicações R$ 774.029,41 e Poupança R$ 200.260,60. Filename: FLUXO-DE-CAIXA-08.2020.pdf.",ABEVIDA,2020,8,mensal,,6,0.0,2181608.83,11989.9,1654420.4,,,974290.01,1490288.54
2024,C:\OSS-Goias\documentos\ABEVIDA\CRESM\2024\21_Relatorio_Comparativo_Recursos\FLUXO-DE-CAIXA-09.2018-1.xlsx,FLUXO-DE-CAIXA-09.2018-1,10,1,CREDEQ,,,,,"Hospital identificado no documento como CREDEQ - Centro de Referência e Excelência em Dependência Química de Aparecida de Goiânia. Contrato de Gestão nº 02/2014 - SES, vigência 31/07/2014 a 30/07/2019. Valor do repasse mensal contratual: R$ 2.700.000,00. Saldo inicial total: R$ 571.724,48 (CC: R$ 298.550,41 + Aplicação: R$ 273.174,07). Devolução de verba: R$ 0,00. Fonte dos dados: Prestação de Contas SIPEF - Relatório Financeiro fluxo de caixa XXIX.",ABEVIDA,2018,9,mensal,,11,0.0,1462449.73,7994.38,950000.0,,,67269.13,571724.48
2024,C:\OSS-Goias\documentos\ABEVIDA\CRESM\2024\21_Relatorio_Comparativo_Recursos\FLUXO-DE-CAIXA-09.2018.pdf,FLUXO-DE-CAIXA-09.2018,10,1,CREDEQ,,,,,"Hospital identificado no documento como CREDEQ - Centro de Referência e Excelência em Dependência Química de Aparecida de Goiânia. OSS: ABEVIDA. Contrato de Gestão nº 02/2014-SES, vigência 31/07/2014 a 30/07/2019. Valor do repasse mensal contratual: R$ 2.700.000,00. Saldo anterior total: R$ 571.724,48 (CC: 298.550,41 + Aplicação: 273.174,07). Saldo final em 30/09/2018: R$ 67.269,13 (somente na conta aplicação). Total de entradas no mês: R$ 957.994,38. Total de gastos: R$ 1.462.449,73. Fonte: Prestação de Contas SIPEF - Relatório Financeiro fluxo de caixa XXIX.",ABEVIDA,2018,9,mensal,,12,0.0,1462449.73,7994.38,950000.0,,,67269.13,571724.48
2024,C:\OSS-Goias\documentos\ABEVIDA\CRESM\2024\21_Relatorio_Comparativo_Recursos\FLUXO-DE-CAIXA-09.2019.xlsx,FLUXO-DE-CAIXA-09.2019,10,1,CREDEQ,,,,,"Hospital identificado no documento como CREDEQ - Centro de Referência e Excelência em Dependência Química de Aparecida de Goiânia. OSS: ABEVIDA. Contrato de Gestão nº 02/2014 - SES, vigência 31/07/2014 a 26/01/2020. Valor do repasse mensal contratual: R$ 2.071.587,13. No mês de setembro/2019, o repasse da SES foi zero. Saldo inicial total: R$ 91.995,00 (composto por aplicação financeira). Saldo final: R$ 1.030,16 (aplicação financeira). Fonte dos dados: Prestação de Contas SIPEF - Relatório Financeiro fluxo de caixa XXIX. Filename: FLUXO-DE-CAIXA-09.2019.xlsx.",ABEVIDA,2019,9,mensal,,14,0,93116.98,2152.14,0,,,1030.16,91995
2024,C:\OSS-Goias\documentos\ABEVIDA\CRESM\2024\21_Relatorio_Comparativo_Recursos\FLUXO-DE-CAIXA-09.2020.pdf,FLUXO-DE-CAIXA-09.2020,12,1,CREDEQ,,,,,"Relatório mensal de fluxo de caixa referente a setembro/2020. Unidade: CREDEQ - Centro de Referência e Excelência em Dependência Química de Aparecida de Goiânia. Contrato de Gestão nº 02/2014-SES. Vigência: 31/07/2014 a 26/01/2021. Valor do repasse mensal do contrato: R$ 2.023.964,19. Saldo anterior: CEF AG 1626 OP 003 C/C 2752-0: 0,00; Aplicações CEF AG 1626 C/A 2752-0: 774.829,41; Poupança CEF AG 1626 C/P 5147-1: 200.260,60; Caixa Fundo Fixo: 0,00. Saldo bancário 30/09/2020: CEF C/C: 0,00; Aplicações: 907.850,06; Poupança: 200.521,54; Caixa Fundo Fixo: 0,00. Fonte: SIPEF - Relatório Financeiro fluxo de caixa XXIX.",ABEVIDA,2020,9,mensal,,6,0.0,2082816.83,13361.75,2202736.67,,,1108371.6,975090.01
2024,C:\OSS-Goias\documentos\ABEVIDA\CRESM\2024\21_Relatorio_Comparativo_Recursos\FLUXO-DE-CAIXA-10.2018-1.xlsx,FLUXO-DE-CAIXA-10.2018-1,10,1,CREDEQ,,,,,"Hospital identificado no documento como CREDEQ - Centro de Referência e Excelência em Dependência Química de Aparecida de Goiânia. OSS: ABEVIDA. Contrato de Gestão nº 02/2014-SES, vigência 31/07/2014 a 30/07/2019, repasse mensal contratual de R$ 2.700.000,00. Saldo final composto por: C/C 132,06 + Aplicação 1.129.955,68 + Fundo Fixo 1,54 = 1.130.089,28. Devolução de verba: R$ 0,00. Filename: FLUXO-DE-CAIXA-10.2018-1.xlsx.",ABEVIDA,2018,10,mensal,,12,0,1664423.96,6021.77,2716199.78,,,1130089.28,67269.13
2024,C:\OSS-Goias\documentos\ABEVIDA\CRESM\2024\21_Relatorio_Comparativo_Recursos\FLUXO-DE-CAIXA-10.2018.pdf,FLUXO-DE-CAIXA-10.2018,10,1,CREDEQ,,,,,"Hospital identificado no documento como CREDEQ - Centro de Referência e Excelência em Dependência Química de Aparecida de Goiânia. Contrato de Gestão Nº 02/2014-SES. Vigência: 31/07/2014 a 30/07/2019. Valor do repasse mensal do contrato de gestão: R$ 2.700.000,00. Saldo anterior total: R$ 67.269,13 (Aplicações Caixa Econômica Federal). Saldo bancário final em 31/10/2018: Caixa Econômica Federal CC R$ 132,06 + Aplicações R$ 1.129.955,68 + Caixa Fundo Fixo R$ 1,54 = R$ 1.130.089,28. Fonte: Prestação de Contas SIPEF - Relatório Financeiro fluxo de caixa XXIX.",ABEVIDA,2018,10,mensal,,16,0.0,1664423.96,11043.96,2716199.78,,,1130089.28,67269.13
2024,C:\OSS-Goias\documentos\ABEVIDA\CRESM\2024\21_Relatorio_Comparativo_Recursos\FLUXO-DE-CAIXA-10.2019.xlsx,FLUXO-DE-CAIXA-10.2019,10,1,CREDEQ,,,,,"Documento referente ao CREDEQ - Centro de Referência e Excelência em Dependência Química de Aparecida de Goiânia. Contrato de Gestão nº 02/2014-SES, vigência 31/07/2014 a 26/01/2020. Valor do repasse mensal contratual: R$ 2.023.964,44. Saldo final composto integralmente por aplicação financeira (R$ 2.703.124,63). Outros recursos recebidos além do repasse SES incluem rendimentos de aplicação (R$ 6.353,82), recuperação de despesas (R$ 31.444,67) e aporte de caixa (R$ 2.983,19). O nome do hospital informado no prompt (CRESM) diverge do documento (CREDEQ); foi utilizado o nome constante no documento.",ABEVIDA,2019,10,mensal,,10,0,5765637.47,40781.68,8426950.26,,,2703124.63,1030.16
2024,C:\OSS-Goias\documentos\ABEVIDA\CRESM\2024\21_Relatorio_Comparativo_Recursos\FLUXO-DE-CAIXA-10.2020.pdf,FLUXO-DE-CAIXA-10.2020,12,1,CREDEQ,,,,,"Hospital identificado no documento como CREDEQ - Centro de Referência e Excelência em Dependência Química de Aparecida de Goiânia. OSS: ABEVIDA. Contrato de Gestão 02/2014-SES. Vigência: 31/07/2014 a 26/01/2021. Valor do repasse mensal do contrato: R$ 2.023.964,19. Mês/Ano: out/20. Fonte: Prestação de Contas SIPEF - Relatório Financeiro fluxo de caixa XXIX.",ABEVIDA,2020,10,mensal,,14,0.0,2107473.3,19281.37,2003031.9,,,1023211.57,1108371.6
2024,C:\OSS-Goias\documentos\ABEVIDA\CRESM\2024\21_Relatorio_Comparativo_Recursos\FLUXO-DE-CAIXA-11.2018-1.xlsx,FLUXO-DE-CAIXA-11.2018-1,10,1,CREDEQ,,,,,"Hospital identificado no documento como CREDEQ - Centro de Referência e Excelência em Dependência Química de Aparecida de Goiânia. OSS gestora: ABEVIDA (Associação Brasileira de Esperança e Vida). Contrato de Gestão nº 02/2014 - SES, vigência 31/07/2014 a 30/07/2019. Valor do repasse mensal contratual: R$ 2.700.000,00. Saldo inicial total: R$ 1.130.088,91. Total de entradas: R$ 2.077.907,79. Total de gastos: R$ 2.034.491,11. Saldo final em 30/11/2018: R$ 1.173.505,59. Recursos devolvidos ao poder público: R$ 0,00. Fonte dos dados: Prestação de Contas SIPEF - Relatório Financeiro fluxo de caixa XXIX.",ABEVIDA,2018,11,mensal,,14,0.0,2034491.11,6634.89,2066258.95,,,1173505.59,1130088.91
2024,C:\OSS-Goias\documentos\ABEVIDA\CRESM\2024\21_Relatorio_Comparativo_Recursos\FLUXO-DE-CAIXA-11.2018.pdf,FLUXO-DE-CAIXA-11.2018,10,1,CREDEQ,,,,,"Hospital identificado no documento como CREDEQ - Centro de Referência e Excelência em Dependência Química de Aparecida de Goiânia. OSS gestora: ABEVIDA. Contrato de Gestão Nº 02/2014 - SES. Vigência: 31/07/2014 a 30/07/2019. Valor do repasse mensal contratual: R$ 2.700.000,00. Saldo bancário apurado em 30/11/2018: Caixa Economica Federal C/C 2752-0: R$ 1.121.146,91; Aplicações C/A 2752-0: R$ 52.358,68; Poupança C/P 5147-1: R$ 0,00; Fundo Fixo: R$ 0,00. Filename: FLUXO-DE-CAIXA-11.2018.pdf.",ABEVIDA,2018,11,mensal,,14,0.0,2034491.11,11648.84,2066258.95,,,1173505.59,1130088.91
2024,C:\OSS-Goias\documentos\ABEVIDA\CRESM\2024\21_Relatorio_Comparativo_Recursos\FLUXO-DE-CAIXA-11.2019.xlsx,FLUXO-DE-CAIXA-11.2019,10,1,CREDEQ,,,,,"Relatório mensal de fluxo de caixa referente a novembro de 2019. Contrato de Gestão nº 02/2014-SES, vigência até 26/01/2020. Valor do repasse mensal contratual: R$ 2.023.964,44. O saldo final (R$ 2.229.219,55) refere-se exclusivamente à aplicação financeira na Caixa Econômica Federal. Hospital identificado no documento como CREDEQ - Centro de Referência e Excelência em Dependência Química de Aparecida de Goiânia, não CRESM conforme instrução.",ABEVIDA,2019,11,mensal,,5,0,2461692.48,25139.28,1962648.12,,,2229219.55,2229219.55
2024,C:\OSS-Goias\documentos\ABEVIDA\CRESM\2024\21_Relatorio_Comparativo_Recursos\FLUXO-DE-CAIXA-11.2020.xlsx,FLUXO-DE-CAIXA-11.2020,12,1,CREDEQ,,,,,"Hospital identificado no documento como CREDEQ - Centro de Referência e Excelência em Dependência Química de Aparecida de Goiânia. OSS: ABEVIDA. Contrato de Gestão nº 02/2014 - SES, vigência até 26/01/2021. Valor do repasse mensal contratual: R$ 2.023.964,19. Saldo anterior total: R$ 1.023.211,57 (soma das contas). Saldo final total: R$ 1.382.513,90 (soma das contas). Recursos devolvidos ao poder público: R$ 0,00. Filename: FLUXO-DE-CAIXA-11.2020.xlsx.",ABEVIDA,2020,11,mensal,,13,0.0,2793282.02,11406.78,3141177.57,,,1382513.9,1023211.57
2024,C:\OSS-Goias\documentos\ABEVIDA\CRESM\2024\21_Relatorio_Comparativo_Recursos\FLUXO-DE-CAIXA-12.2018-1.xlsx,FLUXO-DE-CAIXA-12.2018-1,10,1,CREDEQ,,,,,"Unidade gerida: CREDEQ - Centro de Referência e Excelência em Dependência Química de Aparecida de Goiânia. OSS: ABEVIDA. Contrato de Gestão nº 02/2014-SES, vigência 31/07/2014 a 30/07/2019. Valor do repasse mensal contratado: R$ 2.700.000,00. Saldo anterior total: R$ 1.173.505,59. Recursos de outras fontes incluem rendimento sobre aplicações (R$ 1.563,67), recuperação de despesas (R$ 5.358,59) e aporte de caixa (R$ 7.097,68). Fonte dos dados: Prestação de Contas SIPEF - Relatório Financeiro fluxo de caixa XXIX.",ABEVIDA,2018,12,mensal,,14,0,1818698.07,13019.94,725890.37,,,94717.83,1173505.59
2024,C:\OSS-Goias\documentos\ABEVIDA\CRESM\2024\21_Relatorio_Comparativo_Recursos\FLUXO-DE-CAIXA-12.2019.xlsx,FLUXO-DE-CAIXA-12.2019,7,1,CREDEQ,,,,,"Hospital identificado no documento como CREDEQ - Centro de Referência e Excelência em Dependência Química de Aparecida de Goiânia. OSS: ABEVIDA. Contrato de Gestão nº 02/2014-SES, vigência 31/07/2014 a 26/01/2020. Valor do repasse mensal contratual: R$ 2.023.964,44. Saldo inicial composto majoritariamente por aplicações financeiras (R$ 2.229.219,55). Recursos recebidos de outras fontes incluem rendimento sobre aplicações (R$ 3.295,45), recuperação de despesas (R$ 28.415,25) e aporte de caixa (R$ 3.026,99). Filename: FLUXO-DE-CAIXA-12.2019.xlsx.",ABEVIDA,2019,12,mensal,,24,0,2263327.92,34737.69,3444.06,,,4073.38,2229219.55
2024,C:\OSS-Goias\documentos\ABEVIDA\CRESM\2024\21_Relatorio_Comparativo_Recursos\FLUXO-DE-CAIXA-12.2020.pdf,FLUXO-DE-CAIXA-12.2020,12,1,CREDEQ,,,,,"Relatório mensal de fluxo de caixa referente a dezembro/2020. OSS: ABEVIDA. Unidade gerida: CREDEQ - Centro de Referência e Excelência em Dependência Química de Aparecida de Goiânia. Contrato de Gestão nº 02/2014-SES. Vigência: 31/07/2014 a 26/01/2021. Valor do repasse mensal contratual: R$ 2.023.964,19. Saldo anterior composto por: Caixa Econômica Federal AG 1626 OP 003 C/C 2752-0 (R$ 1.114.291,87), Aplicações CEF AG 1626 C/A 2752-0 (R$ 0,00), Poupança CEF AG 1626 C/P 5147-1 (R$ 268.222,03), Caixa Fundo Fixo Credeq (R$ 0,00). Saldo bancário 31/12/2020: CEF C/C (R$ 0,00), CEF C/A (R$ 854.045,65), CEF Poupança (R$ 5,71), Caixa Fundo Fixo (R$ 0,00). Devolução de verba: R$ 0,00. Fonte: Prestação de Contas SIPEF - Relatório Financeiro fluxo de caixa XXIX.",ABEVIDA,2020,12,mensal,,0,0.0,2422427.97,28965.39,1865000.04,,,854051.36,1382513.9
2024,C:\OSS-Goias\documentos\Albert Einstein\HUGO\2024\21_Relatorio_Comparativo_Recursos\Fluxo-de-Caixa-Novembro-2024.xlsx,Fluxo-de-Caixa-Novembro-2024,14,1,HUGO,,,,,"Relatório Mensal de Novembro/2024. Contrato de Gestão 097/2024 SES/GO, vigência 07/08/2024 a 04/12/2027. Previsão de repasse mensal de custeio: R$ 21.322.433,06. Repasse de investimento previsto: R$ 0. Saldo anterior em 01/11/2024: R$ 33.566.384,20. Saldo final em 30/11/2024: R$ 49.254.775,72. Total de glosas: R$ 0. Documento assinado em Goiânia, 05 de dezembro de 2024. A sheet está nomeada 'Agosto 2024' mas o relatório se refere à competência 11/2024 (novembro de 2024), conforme indicado no cabeçalho do documento e no filename.",Albert Einstein,2024,11,mensal,,10,0,25963461.91,5641082.66,36010765.27,,,49254775.72,33566384.2
2024,documentos\IMED\HETRIN\2024\99_NaoClassificado\G.9-RELACAO-MENSAL-DOS-RECURSOS-RECEBIDOS-E-GASTOS-JUL24-H.xlsx,G.9-RELACAO-MENSAL-DOS-RECURSOS-RECEBIDOS-E-GASTOS-JUL24-H,7,1,HUTRIN,,,,,"Hospital: HUTRIN (Hospital de Urgências de Trindade). OSS: IMED (Instituto de Medicina Estudo e Desenvolvimento). Contrato de Gestão nº 037/2021, vigência 25/08/2023 a 24/08/2027. Previsão de repasse mensal custeio: R$ 5.796.227,99. Repasse investimento previsto: R$ 0,00. Entradas de outras fontes incluem: Recuperação de Despesas (R$ 3.000,00), Desbloqueio Judicial (R$ 32.729,49) e Recursos Extracontratuais (R$ 426.315,00). Repasse investimento recebido: R$ 21.175,26. Rendimentos sobre aplicações custeio: R$ 335.563,28. Rendimentos sobre aplicações investimento: R$ 2.005,53. Valores devolvidos à contratante: R$ 0,00. Pagamentos de investimento: R$ 0,00.",IMED,2024,7,mensal,,12,0,6351828.08,462044.49,5815204.64,,,39477490.01,39093324.89
2024,documentos\IMED\HETRIN\2024\99_NaoClassificado\G.9-RELACAO-MENSAL-RECURSOS-RECEBIDOS-E-GASTOS-JAN24.pdf,G.9-RELACAO-MENSAL-RECURSOS-RECEBIDOS-E-GASTOS-JAN24,8,1,HETRIN,,,,,"Relatório Mensal Comparativo de Recursos Recebidos, Gastos e Devolvidos ao Poder Público referente a Janeiro/2024. Contrato de Gestão nº 037/2021. Vigência: 25/08/2023 a 24/08/2027. Previsão de repasse mensal de custeio: R$ 5.796.227,99. Repasse investimento previsto: R$ 0,00. Total de glosas: R$ 0,00. Valores devolvidos à contratante: R$ 0,00. Saldo anterior incluía aplicações financeiras de R$ 40.091.551,34.",IMED,2024,1,mensal,,15,0.0,5797500.49,2240.2,5826330.55,,,40507177.5,40129299.85
2024,documentos\IMED\HETRIN\2024\99_NaoClassificado\G.9-RELATORIO-MENSAL-RECURSOS-RECEBIDOS-E-GASTOS-ABR24.pdf,G.9-RELATORIO-MENSAL-RECURSOS-RECEBIDOS-E-GASTOS-ABR24,7,1,HETRIN,,,,,"Relatório Mensal Comparativo de Recursos Recebidos, Gastos e Devolvidos ao Poder Público referente à competência Abril/2024. Hospital de Urgências de Trindade (HUTRIN/HETRIN), gerido pela IMED, Contrato de Gestão 037/2021, vigência 25/08/2023 a 24/08/2027. Previsão de repasse mensal de custeio: R$ 5.796.227,99. Repasse de investimento previsto: R$ 0,00. Valores devolvidos à contratante: R$ 0,00. Total de glosas: R$ 0,00. Saldo bancário final em 30/04/2024: R$ 38.892.855,91. Rendimentos sobre aplicações financeiras (custeio): R$ 313.849,09; (investimento): R$ 2.566,13. Recursos extracontratuais: R$ 55.160,00. Recuperação de despesas: R$ 9.814,63.",IMED,2024,4,mensal,,19,0.0,5758552.12,64974.63,5636313.48,,,38892855.91,38633704.7
2024,documentos\IMED\HETRIN\2024\99_NaoClassificado\G.9-RELATORIO-MENSAL-RECURSOS-RECEBIDOS-E-GASTOS-DEZ23.pdf,G.9-RELATORIO-MENSAL-RECURSOS-RECEBIDOS-E-GASTOS-DEZ23,7,1,HUTRIN,,,,,"Relatório Mensal de Dezembro/2023. Hospital de Urgências de Trindade - HUTRIN. Contrato de Gestão nº 037/2021. Vigência: 25/08/2023 a 24/08/2027. Previsão de repasse mensal de custeio: R$ 5.796.227,99. Repasse efetivo custeio no mês: R$ 5.792.760,73. Outras entradas incluem: Recuperação de Despesas (1.372.840,20), Desbloqueio Judicial (3.859,99), Recursos Extracontratuais (58.880,32). Total de rendimentos sobre aplicações financeiras: R$ 324.945,51. Saldo bancário final datado como 31/10/2023 no documento, mas competência é dezembro/2023. Total de glosas: R$ 0,00.",IMED,2023,12,mensal,,18,0.0,9439180.94,1435580.51,5792760.73,,,40129299.85,42019054.03
2024,documentos\IMED\HETRIN\2024\99_NaoClassificado\G.9-RELATORIO-MENSAL-RECURSOS-RECEBIDOS-E-GASTOS-FEV24.pdf,G.9-RELATORIO-MENSAL-RECURSOS-RECEBIDOS-E-GASTOS-FEV24,8,1,HUTRIN,,,,,"Relatório Mensal Comparativo de Recursos Recebidos, Gastos e Devolvidos ao Poder Público. Hospital de Urgências de Trindade (HUTRIN). Contrato de Gestão nº 037/2021. Vigência: 25/08/2023 a 24/08/2027. Previsão de repasse mensal custeio: R$ 5.796.227,99. Repasse efetivo de custeio no mês: R$ 5.707.344,08. Rendimentos sobre aplicações custeio: R$ 293.319,15. Rendimentos sobre aplicações investimento: R$ 7.443,02. Outras entradas: R$ 87.441,56 (Recuperação de Despesas R$ 21.719,72; Recursos Extracontratuais R$ 60.898,87; Outras Entradas R$ 4.822,97). Total de resgates de aplicação financeira: R$ 22.239.838,26. Total de aplicações financeiras: R$ 22.481.096,22. Valores devolvidos à contratante: R$ 0,00. Glosas: R$ 0,00. Saldo bancário final em 29/02/2024.",IMED,2024,2,mensal,,17,0.0,5423372.57,87441.56,5707344.08,,,41179352.73,40507177.49
2024,documentos\IMED\HETRIN\2024\99_NaoClassificado\G.9-RELATORIO-MENSAL-RECURSOS-RECEBIDOS-E-GASTOS-JUN24.pdf,G.9-RELATORIO-MENSAL-RECURSOS-RECEBIDOS-E-GASTOS-JUN24,8,1,HETRIN,,,,,"Relatório Mensal Comparativo de Recursos Recebidos, Gastos e Devolvidos ao Poder Público referente a junho/2024. Hospital de Urgências de Trindade (HUTRIN), gerido pela IMED, Contrato de Gestão nº 037/2021. Previsão de repasse mensal custeio: R$ 5.796.227,99. Repasse custeio recebido em junho: R$ 5.753.456,12. Outras entradas incluem rendimentos financeiros (R$ 294.390,61 custeio + R$ 1.146,48 investimento) e outras entradas (R$ 320.207,65, incluindo R$ 317.000,00 de Recursos Extracontratuais). Valores devolvidos à contratante: R$ 0,00. Saldo bancário anterior (01/06/2024): R$ 39.795.970,65. Saldo bancário final (30/06/2024): R$ 39.093.324,89. Total das glosas: R$ 0,00.",IMED,2024,6,mensal,,20,0.0,7071846.62,615744.74,5753456.12,,,39093324.89,39795970.65
2024,documentos\IMED\HETRIN\2024\99_NaoClassificado\G.9-RELATORIO-MENSAL-RECURSOS-RECEBIDOS-E-GASTOS-MAR24.xlsx,G.9-RELATORIO-MENSAL-RECURSOS-RECEBIDOS-E-GASTOS-MAR24,7,1,HUTRIN,,,,,"Hospital de Urgências de Trindade (HUTRIN), gerido pelo IMED. Contrato de Gestão 037/2021, vigência 25/08/2023 a 24/08/2027. Previsão de repasse mensal custeio: R$ 5.796.227,99. Repasse investimento previsto: R$ 0,00. Repasse efetivo custeio recebido em março/2024: R$ 5.933.864,81 (conta CEF AG:0012 C/C 6869-1). Rendimentos de aplicações financeiras (custeio): R$ 314.950,10; rendimentos investimento: R$ 3.614,17. Outras entradas (Recuperação de Despesas): R$ 28.281,01. Valores devolvidos à contratante: R$ 0,00. Glosas: R$ 0,00. Saldo bancário final apurado em 31/03/2024.",IMED,2024,3,mensal,,22,0.0,8826358.12,28281.01,5933864.81,,,38633704.7,41179352.73
2024,C:\OSS-Goias\documentos\Instituto Patris\HEL\2024\21_Relatorio_Comparativo_Recursos\id3169_Relatório Financeiro - Janeiro_2024 (.xls).xlsx,id3169_Relatório Financeiro - Janeiro_2024 (.xls),6,1,HEL,,,,,"Contrato de Gestão 045/2022, vigência 13/06/2022 a 12/06/2026. Previsão de repasse mensal custeio: R$ 4.725.799,40. Saldo anterior: R$ 5.674.271,80. Total entradas: R$ 4.681.415,52. Total resgates de aplicações: R$ 4.499.661,50. Total aplicações financeiras: R$ 4.187.041,32. Total pagamentos custeio: R$ 4.929.991,94. Valores devolvidos: R$ 0. Saldo final: R$ 5.425.695,38. recursos_recebidos_ses calculado como soma do repasse custeio (4.589.529,63) + repasse fundo rescisório (36.269,77) = 4.625.799,40; recursos_recebidos_outras_fontes como soma dos rendimentos sobre aplicações financeiras (39.130,04 + 2.263,06 + 14.220,04 + 2,98) = 55.616,12.",Instituto Patris,2024,1,mensal,,14,0,4929991.94,55616.12,4625799.4,,,5425695.38,5674271.8
2024,C:\OSS-Goias\documentos\Instituto Patris\HEL\2024\21_Relatorio_Comparativo_Recursos\id3170_Relatório Financeiro - Janeiro_2024 (PDF).pdf,id3170_Relatório Financeiro - Janeiro_2024 (PDF),6,1,HEL,,,,,"Competência Janeiro/2024. Contrato de Gestão 045/2022, vigência 13/06/2022 a 12/06/2026. Previsão de repasse mensal custeio: R$ 4.725.799,40. Repasse custeio recebido: R$ 4.589.529,63. Repasse Fundo Rescisório: R$ 36.269,77. Rendimentos financeiros totais: R$ 55.616,12. Total entradas: R$ 4.681.415,52. Total resgates aplicação: R$ 4.499.661,50. Total aplicações financeiras: R$ 4.187.041,32. Saldo bancário final em 31/01/2024: R$ 5.425.695,38. Valores devolvidos à contratante: R$ 0,00. Nenhuma glosa registrada.",Instituto Patris,2024,1,mensal,,12,0.0,4929991.94,91885.89,4589529.63,,,5425695.38,5674271.8
2024,C:\OSS-Goias\documentos\Instituto Patris\HEL\2024\21_Relatorio_Comparativo_Recursos\id3357_Relatório Financeiro - Fevereiro_2024 (PDF).pdf,id3357_Relatório Financeiro - Fevereiro_2024 (PDF),6,1,HEL,,,,,"Competência Fevereiro/2024. Contrato de Gestão 045/2022, vigência 13/06/2022 a 12/06/2026. Previsão de repasse mensal custeio: R$ 4.725.799,40. Repasse efetivo custeio: R$ 4.664.779,60. Repasse fundo rescisório: R$ 31.338,68. Rendimentos financeiros custeio totalizaram R$ 52.511,42. Total de resgates de aplicações: R$ 8.149.249,21. Total de aplicações financeiras realizadas: R$ 7.305.289,06. Valores devolvidos à contratante: R$ 0,00. Saldo bancário final em 28/02/2024: R$ 4.633.559,09.",Instituto Patris,2024,2,mensal,,12,0.0,5540765.99,83850.1,4664779.6,,,4633559.09,5425695.38
2024,C:\OSS-Goias\documentos\Instituto Patris\HEL\2024\21_Relatorio_Comparativo_Recursos\id3358_Relatório Financeiro - Fevereiro_2024 (.xls).xlsx,id3358_Relatório Financeiro - Fevereiro_2024 (.xls),6,1,HEL,,,,,"Contrato de Gestão nº 045/2022, vigência 13/06/2022 a 12/06/2026. Previsão de repasse mensal custeio: R$ 4.725.799,40. Saldo anterior: R$ 5.425.695,38. Total de resgates de aplicações financeiras: R$ 8.149.249,21. Total de aplicações financeiras: R$ 7.305.289,06. Saldo final em 28/02/2024: R$ 4.633.559,09. Valores devolvidos à contratante: R$ 0,00. Sem glosas registradas.",Instituto Patris,2024,2,mensal,,13,0.0,5540765.99,83850.1,4664779.6,,,4633559.09,5425695.38
2024,C:\OSS-Goias\documentos\Instituto Patris\HEL\2024\21_Relatorio_Comparativo_Recursos\id3442_Relatório Financeiro - Março_2024 (.pdf).PDF,id3442_Relatório Financeiro - Março_2024 (.pdf),6,1,HEL,,,,,"Contrato de Gestão nº 045/2022, vigência 13/06/2022 a 12/06/2026. Previsão de repasse mensal custeio: R$ 4.725.799,40. Repasse SES Custeio: R$ 3.113.118,04 + Piso Enfermagem: R$ 993.281,70 = R$ 4.106.399,74. Total de entradas (incluindo rendimentos financeiros): R$ 4.153.390,21. Total de resgates de aplicações: R$ 3.797.354,19. Total de aplicações financeiras: R$ 3.987.648,86. Saldo bancário final: R$ 4.809.846,36. Glosa outras: R$ 1.462.681,36. Saldo anterior referente a 28/02/2024.",Instituto Patris,2024,3,mensal,,15,0.0,3977102.94,46990.47,4106399.74,,,4809846.36,4633559.09
2024,C:\OSS-Goias\documentos\Instituto Patris\HEL\2024\21_Relatorio_Comparativo_Recursos\id3443_Relatório Financeiro - Março_2024 (.xls).xlsx,id3443_Relatório Financeiro - Março_2024 (.xls),6,1,HEL,,,,,"Contrato de Gestão 045/2022, vigência 13/06/2022 a 12/06/2026. Previsão de repasse mensal custeio: R$ 4.725.799,40. Saldo anterior (início março/2024): R$ 4.633.559,09. Total entradas: R$ 4.153.390,21. Total resgates: R$ 3.797.354,19. Total aplicações: R$ 3.987.648,86. Total pagamentos custeio: R$ 3.977.102,94. Valores devolvidos: R$ 0,00. Saldo final: R$ 4.809.846,36. Glosa outras: R$ 1.462.681,36. recursos_recebidos_ses calculado como soma dos repasses SES (2.1 + 2.1.3 = 3.113.118,04 + 993.281,70). recursos_recebidos_outras_fontes são os rendimentos financeiros totais (34.861,46 + 4.548,94 + 7.578,67 + 1,40).",Instituto Patris,2024,3,mensal,,15,0.0,3977102.94,46990.47,4106399.74,,,4809846.36,4633559.09
2024,C:\OSS-Goias\documentos\Instituto Patris\HEL\2024\21_Relatorio_Comparativo_Recursos\id3505_Relatório Financeiro - Abril_2024 (.pdf).pdf,id3505_Relatório Financeiro - Abril_2024 (.pdf),6,1,HEL,,,,,"Relatório Financeiro Mensal referente a Abril/2024. Contrato de Gestão nº 045/2022 (vigência 13/06/2022 a 12/06/2026). Previsão de repasse mensal de custeio: R$ 4.725.799,40. Repasse SES inclui custeio (R$ 5.861.744,40), fundo rescisório (R$ 30.459,52) e piso enfermagem (R$ 318.876,93). Saldo bancário final em 30/04/2024: R$ 5.525.683,65. Sem pagamentos de investimento no período. Sem glosas registradas. Total das aplicações financeiras no período: R$ 6.988.562,00.",Instituto Patris,2024,4,mensal,,16,0.0,5540518.56,45275.0,6211080.85,,,5525683.65,4809846.36
2024,C:\OSS-Goias\documentos\Instituto Patris\HEL\2024\21_Relatorio_Comparativo_Recursos\id3506_Relatório Financeiro - Abril_2024 (.xls).xlsx,id3506_Relatório Financeiro - Abril_2024 (.xls),6,1,HEL,,,,,"Repasse SES composto por: Custeio R$ 5.861.744,40 + Fundo Rescisório R$ 30.459,52 + Piso Enfermagem R$ 318.876,93 = R$ 6.211.080,85. Rendimentos sobre aplicações financeiras totalizam R$ 45.275,00. Total de entradas: R$ 6.256.355,85. Saldo anterior: R$ 4.809.846,36. Total de pagamentos (Custeio): R$ 5.540.518,56. Nenhum pagamento de investimento registrado. Valores devolvidos: R$ 0. Saldo bancário final: R$ 5.525.683,65. Contrato de Gestão nº 045/2022, vigência 13/06/2022 a 12/06/2026. Previsão de repasse mensal de custeio: R$ 4.725.799,40.",Instituto Patris,2024,4,mensal,,16,0,5540518.56,0,6211080.85,,,5525683.65,4809846.36
2024,C:\OSS-Goias\documentos\Instituto Patris\HEL\2024\21_Relatorio_Comparativo_Recursos\id3589_Relatório Financeiro - Maio_2024 (.pdf).pdf,id3589_Relatório Financeiro - Maio_2024 (.pdf),6,1,HEL,,,,,"Competência Maio/2024. Saldo anterior de 30/04/2024: R$ 5.525.683,65. Total de entradas: R$ 4.740.853,17 (inclui repasse custeio R$ 4.369.657,93 + piso enfermagem R$ 326.966,40 + rendimentos R$ 44.228,84). Total resgates: R$ 5.593.323,85. Total aplicações: R$ 4.054.585,16. Total pagamentos custeio: R$ 6.235.362,92. Valores devolvidos: R$ 0,00. Saldo bancário final: R$ 4.031.173,90. Total de glosas: R$ 307.141,47 (metas: R$ 243.780,23 + equatorial: R$ 63.361,24). Previsão de repasse mensal custeio: R$ 4.725.799,40. Sem repasse de investimento no período.",Instituto Patris,2024,5,mensal,,11,0.0,6235362.92,44228.84,4696624.33,,,4031173.9,5525683.65
2024,C:\OSS-Goias\documentos\Instituto Patris\HEL\2024\21_Relatorio_Comparativo_Recursos\id3590_Relatório Financeiro - Maio_2024 (.xls).xlsx,id3590_Relatório Financeiro - Maio_2024 (.xls),6,1,HEL,,,,,"Saldo anterior (maio/2024): R$ 5.525.683,65. Total entradas: R$ 4.740.853,17 (incluindo repasse custeio R$ 4.369.657,93 + piso enfermagem R$ 326.966,40 + rendimentos R$ 44.228,84). Total resgates: R$ 5.593.323,85. Total aplicações: R$ 4.054.585,16. Total pagamentos: R$ 6.235.362,92. Valores devolvidos: R$ 0. Saldo final: R$ 4.031.173,90. Total glosas: R$ 307.141,47 (não cumprimento metas R$ 243.780,23 + equatorial R$ 63.361,24). Contrato de gestão nº 045/2022, vigência 13/06/2022 a 12/06/2026. Previsão repasse mensal custeio: R$ 4.725.799,40.",Instituto Patris,2024,5,mensal,,14,0.0,6235362.92,44228.84,4696624.33,,,4031173.9,5525683.65
2024,C:\OSS-Goias\documentos\Instituto Patris\HEL\2024\21_Relatorio_Comparativo_Recursos\id3664_Relatório Financeiro - Junho_2024 (.pdf).pdf,id3664_Relatório Financeiro - Junho_2024 (.pdf),6,1,HEL,,,,,"Competência: Junho/2024. Contrato de Gestão nº 045/2022, vigência 13/06/2022 a 12/06/2026. Previsão de repasse mensal de custeio: R$ 4.725.799,40. Repasse efetivo custeio: R$ 4.322.019,17. Saldo anterior: R$ 4.031.173,90. Total entradas: R$ 4.356.901,02. Total resgates de aplicação: R$ 5.224.725,02. Total aplicações financeiras: R$ 4.480.982,64. Saldo final em 30/06/2024: R$ 3.322.313,37. Total glosas: R$ 243.780,23 (não cumprimento de metas). Rendimentos financeiros custeio: R$ 23.687,34 (C/C 6640-0) + R$ 11.188,92 (Fundo Rescisório) + R$ 5,59 (Santander) = R$ 34.881,85. Sem pagamentos de investimento no período.",Instituto Patris,2024,6,mensal,,11,0.0,5065761.55,34881.85,4322019.17,,,3322313.37,4031173.9
2024,C:\OSS-Goias\documentos\Instituto Patris\HEL\2024\21_Relatorio_Comparativo_Recursos\id3665_Relatório Financeiro - Junho_2024 (.xls).xlsx,id3665_Relatório Financeiro - Junho_2024 (.xls),6,1,HEL,,,,,"Contrato de Gestão nº 045/2022, vigência 13/06/2022 a 12/06/2026. Previsão de repasse mensal de custeio: R$ 4.725.799,40. Total de glosas: R$ 243.780,23 referente ao não cumprimento de metas. Saldo anterior total: R$ 4.031.173,90. Total de entradas: R$ 4.356.901,02. Total de resgates de aplicação: R$ 5.224.725,02. Total de aplicações financeiras: R$ 4.480.982,64. Saldo bancário final: R$ 3.322.313,37.",Instituto Patris,2024,6,mensal,,14,0,5065761.55,34881.85,4322019.17,,,3322313.37,4031173.9
2024,C:\OSS-Goias\documentos\Instituto Patris\HEL\2024\21_Relatorio_Comparativo_Recursos\id3698_Relatório Financeiro - Julho_2024 (.pdf).pdf,id3698_Relatório Financeiro - Julho_2024 (.pdf),6,1,HEL,,,,,"Repasse Custeio SES: R$ 4.389.198,94; Repasse Piso Enfermagem: R$ 679.115,43; Rendimentos sobre aplicações financeiras (custeio): R$ 22.009,80 (CEF 6640-0), R$ 12.437,43 (CEF 6834-9 Fundo Rescisório), R$ 0,46 (Santander 13007394-2). Saldo anterior inclui aplicações financeiras: R$ 1.594.029,11 (CEF Fundo Rescisório), R$ 1.727.832,43 (CEF Custeio), R$ 451,83 (Santander Custeio). Total das glosas: R$ 288.887,89. Contrato de Gestão nº 045/2022, vigência 13/06/2022 a 12/06/2026. Previsão de repasse mensal custeio: R$ 4.725.799,40.",Instituto Patris,2024,7,mensal,,10,0.0,4923222.67,34447.69,5068314.37,,,3501852.76,3322313.37
2024,C:\OSS-Goias\documentos\Instituto Patris\HEL\2024\21_Relatorio_Comparativo_Recursos\id3699_Relatório Financeiro - Julho_2024 (.xls).xlsx,id3699_Relatório Financeiro - Julho_2024 (.xls),6,1,HEL,,,,,"Saldo anterior: R$ 3.322.313,37. Total de entradas: R$ 5.102.762,06 (inclui repasse custeio R$ 4.389.198,94, piso enfermagem R$ 679.115,43 e rendimentos R$ 34.447,69). Total de resgates: R$ 3.475.580,55. Total de aplicações financeiras: R$ 3.654.997,58. Total pagamentos custeio: R$ 4.923.222,67. Saldo final: R$ 3.501.852,76. Total glosas: R$ 288.887,89 (não cumprimento de metas R$ 243.780,23 + equatorial R$ 45.107,66). Contrato de Gestão nº 045/2022, vigência 13/06/2022 a 12/06/2026. Previsão repasse mensal custeio: R$ 4.725.799,40.",Instituto Patris,2024,7,mensal,,19,0,4923222.67,34448.69,5068313.37,,,3501852.76,3322313.37
2024,C:\OSS-Goias\documentos\Instituto Patris\HEL\2024\21_Relatorio_Comparativo_Recursos\id3765_Relatório Financeiro - Agosto_2024 (.pdf).pdf,id3765_Relatório Financeiro - Agosto_2024 (.pdf),6,1,HEL,,,,,"Competência: Agosto/2024. Contrato de Gestão nº 045/2022, vigência 13/06/2022 a 12/06/2026. Previsão de repasse mensal custeio: R$ 4.725.799,40. Repasse custeio recebido: R$ 4.342.019,17; Repasse Piso Enfermagem: R$ 342.747,31. Rendimentos financeiros custeio: R$ 25.066,59 (CEF 6640-0) + R$ 11.757,94 (CEF 6834-9 Fundo Rescisório) + R$ 0,70 (Santander). Total entradas: R$ 4.721.591,71. Total resgates: R$ 5.168.767,36. Total aplicações: R$ 5.004.076,36. Total glosas: R$ 295.426,11 (não cumprimento de metas R$ 243.780,23 + equatorial R$ 51.645,88). Saldo anterior: R$ 3.501.852,76. Saldo final em 31/08/2024: R$ 3.373.986,99. Valores devolvidos à contratante: R$ 0,00.",Instituto Patris,2024,8,mensal,,10,0.0,4849457.48,36825.23,4684766.48,,,3373986.99,3501852.76
2024,C:\OSS-Goias\documentos\Instituto Patris\HEL\2024\21_Relatorio_Comparativo_Recursos\id3766_Relatório Financeiro - Agosto_2024 (.xls).xlsx,id3766_Relatório Financeiro - Agosto_2024 (.xls),6,1,HEL,,,,,"Contrato de Gestão 045/2022, vigência 13/06/2022 a 12/06/2026. Previsão de repasse mensal custeio: R$ 4.725.799,40. Saldo anterior: R$ 3.501.852,76. Total de entradas: R$ 4.721.591,71. Total resgates de aplicação: R$ 5.168.767,36. Total aplicações financeiras: R$ 5.004.076,36. Total pagamentos custeio: R$ 4.849.457,48. Valores devolvidos: R$ 0. Saldo final: R$ 3.373.986,99. Glosas totais: R$ 295.426,11 (não cumprimento de metas R$ 243.780,23 + equatorial R$ 51.645,88). recursos_recebidos_ses calculado como soma de repasse custeio (4.342.019,17) + piso enfermagem (342.747,31) = 4.684.766,48. recursos_recebidos_outras_fontes calculado como soma dos rendimentos financeiros (25.066,59 + 11.757,94 + 0,70) = 36.825,23.",Instituto Patris,2024,8,mensal,,14,0,4849457.48,36824.53,4684766.48,,,3373986.99,3501852.76
2024,C:\OSS-Goias\documentos\Instituto Patris\HEL\2024\21_Relatorio_Comparativo_Recursos\id3809_Relatório Financeiro - Setembro_2024 (.pdf).pdf,id3809_Relatório Financeiro - Setembro_2024 (.pdf),6,1,HEL,,,,,"Competência Setembro/2024. Previsão de repasse mensal custeio: R$ 4.725.799,40. Saldo anterior: R$ 3.373.986,99 (inclui aplicações financeiras de custeio e fundo rescisório). Total entradas: R$ 4.707.200,05. Total resgates: R$ 4.126.354,65. Total aplicações: R$ 3.776.705,63. Total pagamentos custeio: R$ 5.026.145,24. Valores devolvidos: R$ 0,00. Saldo bancário final em 30/09/2024: R$ 3.055.041,80. Glosa por não cumprimento de metas: R$ 243.780,23. Contrato de Gestão 045/2022, vigência 13/06/2022 a 12/06/2026.",Instituto Patris,2024,9,mensal,,15,0.0,5026145.24,158619.41,4516237.83,,,3055041.8,3373986.99
2024,C:\OSS-Goias\documentos\Instituto Patris\HEL\2024\21_Relatorio_Comparativo_Recursos\id3810_Relatório Financeiro - Setembro_2024 (.xls).xlsx,id3810_Relatório Financeiro - Setembro_2024 (.xls),6,1,HEL,,,,,"Contrato de Gestão nº 045/2022, vigência 13/06/2022 a 12/06/2026. Previsão de repasse mensal de custeio: R$ 4.725.799,40. Saldo anterior: R$ 3.373.986,99. Total de entradas: R$ 4.707.200,05. Total de resgates: R$ 4.126.354,65. Total de aplicações financeiras: R$ 3.776.705,63. Total pagamentos custeio: R$ 5.026.145,24. Valores devolvidos: R$ 0,00. Saldo final: R$ 3.055.041,80. Total de glosas: R$ 243.780,23 (por não cumprimento das metas). Recursos recebidos SES calculados como repasse custeio (4.516.237,83) + fundo rescisório (158.619,41) = 4.674.857,24. Recursos recebidos outras fontes calculados como rendimentos sobre aplicações financeiras (21.172,57 + 11.170,24) = 32.342,81.",Instituto Patris,2024,9,mensal,,15,0.0,5026145.24,32342.81,4674857.24,,,3055041.8,3373986.99
2024,C:\OSS-Goias\documentos\Instituto Patris\HEL\2024\21_Relatorio_Comparativo_Recursos\id3885_Relatório Financeiro - Outubro_2024 (.pdf).pdf,id3885_Relatório Financeiro - Outubro_2024 (.pdf),6,1,HEL,,,,,"Competência Outubro/2024. Contrato de Gestão nº 045/2022, vigência 13/06/2022 a 12/06/2026. Previsão de repasse mensal de custeio: R$ 4.725.799,40. Saldo anterior: R$ 3.055.041,80 (inclui fundo rescisório 3%: R$ 1.662.982,76 + custeio: R$ 1.391.547,37 + Santander: R$ 511,66). Saldo final em 31/10/2024: R$ 3.368.435,31 (fundo rescisório: R$ 1.615.321,69 + custeio: R$ 1.753.113,62). Total das glosas: zero. Recursos recebidos SES calculados como soma do repasse custeio (4.613.285,20) + piso enfermagem (734.204,12). Outras fontes: rendimentos financeiros (26.149,58 + 13.168,51).",Instituto Patris,2024,10,mensal,,15,0.0,5073413.9,39318.09,5347489.32,,,3368435.31,3055041.8
2024,C:\OSS-Goias\documentos\Instituto Patris\HEL\2024\21_Relatorio_Comparativo_Recursos\id3886_Relatório Financeiro - Outubro_2024 (.xls).xlsx,id3886_Relatório Financeiro - Outubro_2024 (.xls),6,1,HEL,,,,,"Saldo anterior: R$ 3.055.041,80. Total de entradas: R$ 5.386.807,41 (inclui repasse custeio R$ 4.613.285,20, piso enfermagem R$ 734.204,12, rendimentos R$ 39.318,09). Total resgates de aplicação: R$ 4.430.669,93. Total aplicações financeiras: R$ 4.705.257,02. Total pagamentos custeio: R$ 5.073.413,90. Valores devolvidos: R$ 0. Saldo final: R$ 3.368.435,31. Total glosas: R$ 0. Previsão de repasse mensal contrato: R$ 4.725.799,40 (custeio). Contrato de gestão 045/2022, vigência 13/06/2022 a 12/06/2026.",Instituto Patris,2024,10,mensal,,15,0,5073413.9,39318.09,5347489.32,,,3368435.31,3055041.8
2024,C:\OSS-Goias\documentos\Instituto Patris\HEL\2024\21_Relatorio_Comparativo_Recursos\id3953_Relatório Financeiro - Novembro_2024 (.pdf).pdf,id3953_Relatório Financeiro - Novembro_2024 (.pdf),6,1,HEL,,,,,"Relatório Financeiro Mensal - Novembro/2024. Hospital Estadual de Luziânia (HEL). Contrato de Gestão nº 045/2022, vigência 13/06/2022 a 12/06/2026. Previsão de repasse mensal custeio: R$ 4.725.799,40. Previsão de repasse mensal investimento: não informado. Saldo anterior composto por aplicações financeiras: Fundo Rescisório R$ 1.615.321,69 e Custeio R$ 1.753.113,62. Saldo final em 30/11/2024: banco conta movimento Fundo Rescisório R$ 6.133,28; aplicações: Fundo Rescisório R$ 1.652.269,49, Investimento zero, Custeio R$ 1.891.164,69. Total glosas: zero. Total valores devolvidos: R$ 0,00.",Instituto Patris,2024,11,mensal,,15,0.0,4900141.96,35123.62,5046150.49,,,3549567.46,3368435.31
2024,C:\OSS-Goias\documentos\Instituto Patris\HEL\2024\21_Relatorio_Comparativo_Recursos\id3954_Relatório Financeiro - Novembro_2024 (.xls).xlsx,id3954_Relatório Financeiro - Novembro_2024 (.xls),6,1,HEL,,,,,"Contrato de Gestão nº 045/2022, vigência 13/06/2022 a 12/06/2026. Previsão de repasse mensal de custeio: R$ 4.725.799,40. Saldo anterior (outubro/2024): R$ 3.368.435,31. Total de entradas: R$ 5.081.274,11. Total de aplicações financeiras: R$ 4.850.486,66. Total de resgates: R$ 4.710.611,41 (CEF 6834-9: R$ 6.698,64 + CEF 6640-0: R$ 4.703.912,77). Total das glosas: R$ 0,00. Saldo bancário final em 30/11/2024: R$ 3.549.567,46.",Instituto Patris,2024,11,mensal,,13,0.0,4900141.96,35123.62,5046150.49,,,3549567.46,3368435.31
2024,C:\OSS-Goias\documentos\Instituto Patris\HEL\2024\21_Relatorio_Comparativo_Recursos\id3955_Relatório Financeiro - Dezembro_2024 (.pdf).pdf,id3955_Relatório Financeiro - Dezembro_2024 (.pdf),6,1,HEL,,,,,"Competência: Dezembro/2024. Contrato de Gestão nº 045/2022, vigência 13/06/2022 a 12/06/2026. Previsão de repasse mensal custeio: R$ 4.725.799,40. Saldo anterior (01/12/2024): R$ 3.549.567,46. Saldo final (31/12/2024): R$ 3.969.524,81. Valores devolvidos à contratante: R$ 0,00. Total glosas: zero. Recursos recebidos SES calculados como soma de repasse custeio (6.121.272,63) + fundo rescisório (32.860,25) + piso enfermagem (708.351,94) = 6.862.484,82. Rendimentos financeiros considerados outras fontes: 23.231,28 + 13.000,29 = 36.231,57.",Instituto Patris,2024,12,mensal,,14,0.0,6478759.04,36231.57,6862484.82,,,3969524.81,3549567.46
2024,C:\OSS-Goias\documentos\Instituto Patris\HEL\2024\21_Relatorio_Comparativo_Recursos\id3956_Relatório Financeiro - Dezembro_2024 (.xls).xlsx,id3956_Relatório Financeiro - Dezembro_2024 (.xls),6,1,HEL,,,,,"Contrato de Gestão nº 045/2022, vigência 13/06/2022 a 12/06/2026. Previsão de repasse mensal de custeio: R$ 4.725.799,40. Total de entradas inclui repasse SES (custeio R$6.121.272,63, fundo rescisório R$32.860,25, piso enfermagem R$708.351,94) e rendimentos financeiros (R$23.231,28 + R$13.000,29). Saldo bancário anterior: R$3.549.567,46. Saldo bancário final: R$3.969.524,81. Total valores devolvidos: R$0,00. Total das glosas: R$0,00. Recursos recebidos SES calculados como soma dos repasses (2.1 + 2.1.2 + 2.1.3 = 6.862.484,82); recursos recebidos outras fontes correspondem aos rendimentos financeiros (2.3).",Instituto Patris,2024,12,mensal,,12,0.0,6478759.04,36231.57,6862484.82,,,3969524.81,3549567.46
2024,documentos\IMED\PFRE\2024\99_NaoClassificado\RELATORIO-FINANCEIRO-DOS-RECURSOS_082024_POLICLINICA_DE_FORMOSA.pdf,RELATORIO-FINANCEIRO-DOS-RECURSOS_082024_POLICLINICA_DE_FORMOSA,7,1,HCAMP,,,,,"Hospital Regional de Formosa - César Saad Fayad (HCAMP). Contrato de Gestão nº 050/2022. Previsão de repasse mensal custeio: R$ 7.269.556,87; repasse efetivo custeio em agosto/2024: R$ 7.119.556,87. Rendimentos sobre aplicações financeiras (custeio): R$ 981.813,18; rendimentos sobre aplicações (investimento): R$ 19.350,41. Recursos Extracontratuais: R$ 188.405,87. Total valores devolvidos: R$ 0,00. Saldo bancário final em 31/08/2024: R$ 115.902.625,74. Glosas: sem ocorrências.",IMED,2024,8,mensal,,16,0.0,6611403.57,192890.14,7119556.87,,,115902625.74,114200418.7
2024,documentos\IMED\PFRE\2024\99_NaoClassificado\RELATORIO-FINANCEIRO-DOS-RECURSOS_092024_POLICLINICA_DE_FORMOSA.pdf,RELATORIO-FINANCEIRO-DOS-RECURSOS_092024_POLICLINICA_DE_FORMOSA,6,1,PFRE,,,,,"Relatório financeiro mensal referente a setembro/2024. Unidade: Policlínica Estadual da Região do Entorno - Unidade Formosa. Termo de Colaboração 88/2024. Vigência: 10/07/2024 a 10/01/2025. Previsão de repasse mensal custeio: R$ 2.160.918,05. Repasse efetivo custeio recebido: R$ 2.050.900,15 (B.B. AG. 0712-9 C/C 88001-9). Rendimento sobre aplicações: R$ 4.148,22. Recuperação de Despesas: R$ 1.475,00. Saldo bancário final em 30/09/2024: R$ 0,00 em conta movimento; R$ 3.034.854,56 em aplicações financeiras. Total pagamentos custeio (fórmula 5): R$ 1.598.536,53; Total geral pagamentos (5=5.1+5.2): R$ 1.755.020,90. Valores devolvidos: R$ 0,00. Sem glosas registradas.",IMED,2024,9,mensal,,14,0.0,1755020.9,1475.0,2056523.37,,,0.0,2576867.72
2024,documentos\IMED\PFRE\2024\99_NaoClassificado\RELATORIO-FINANCEIRO-DOS-RECURSOS_112024_POLICLINICA_DE_FORMOSA.pdf,RELATORIO-FINANCEIRO-DOS-RECURSOS_112024_POLICLINICA_DE_FORMOSA,6,1,PFRE,,,,,"Policlínica Estadual da Região do Entorno - Unidade Formosa. Termo de Colaboração 88/2024. Vigência: 10/07/2024 a 10/01/2025. Previsão de repasse mensal custeio: R$ 12.965.508,30. Previsão de repasse mensal investimento: R$ 0,00. Repasse custeio SES no mês: R$ 2.125.010,23 (Conta Caixa 5804388667-7) + R$ 52.181,40 + R$ 11.448,43 (Fundo Rescisório). Rendimento sobre aplicações financeiras custeio: R$ 20.014,76. Resgate de aplicação financeira custeio: R$ 1.194.121,27. Total geral dos pagamentos no relatório consolidado zerado; o total de pagamentos custeio informado é R$ 1.222.101,27. Valores devolvidos à contratante: R$ 0,00. Saldo bancário final em 30/11/2024: R$ 4.392.696,30.",IMED,2024,11,mensal,,24,0.0,1222101.27,32166.64,2188640.06,,,4392696.3,3426157.51
2024,documentos\IMED\HETRIN\2024\99_NaoClassificado\RELATORIO-FINANCEIRO-DOS-RECURSOS_AGOSTO_HETRIN.pdf,RELATORIO-FINANCEIRO-DOS-RECURSOS_AGOSTO_HETRIN,8,1,HETRIN,,,,,"Relatório Financeiro Mensal - Agosto/2024. Hospital de Urgências de Trindade - HETRIN (nome no doc: Hutrin). OSS: IMED (Instituto de Medicina Estudo e Desenvolvimento). Contrato de Gestão nº 037/2021, vigência 25/08/2023 a 24/08/2027. Previsão de repasse mensal custeio: R$ 5.796.227,99. Repasse efetivo custeio recebido: R$ 5.703.301,50. Outras entradas incluem Recursos Extracontratuais de R$ 601.320,34. Valores devolvidos à contratante: R$ 0,00. Saldo bancário anterior: R$ 39.477.490,01. Saldo bancário final em 31/08/2024: R$ 37.271.114,61. Total glosas: R$ 0,00.",IMED,2024,8,mensal,,26,0.0,8841825.41,605106.73,5703301.5,,,37271114.61,39477490.01
2024,documentos\IMED\HETRIN\2024\99_NaoClassificado\RELATORIO-FINANCEIRO-DOS-RECURSOS_MAIO_HETRIN.pdf,RELATORIO-FINANCEIRO-DOS-RECURSOS_MAIO_HETRIN,8,1,HETRIN,,,,,"Relatório Financeiro Mensal de maio/2024 do Hospital Estadual de Trindade Walda Ferreira dos Santos (HETRIN), gerido pela IMED. Contrato de Gestão nº 037/2021, vigência 25/08/2023 a 24/08/2027. Previsão de repasse mensal custeio: R$ 5.796.227,99; investimento: R$ 0,00. Repasse custeio recebido no mês: R$ 5.764.170,98 (C/C 6869-1: R$ 5.728.089,85 + C/C 6871-3: R$ 36.081,13). Total de entradas: R$ 6.061.610,22 incluindo rendimentos de aplicações financeiras (custeio R$ 290.300,75; investimento R$ 1.758,85) e recuperação de despesas R$ 5.379,64. Total geral de pagamentos: R$ 5.158.660,59 (custeio R$ 5.158.142,79 + investimento R$ 517,80). Valores devolvidos à contratante: R$ 0,00. Saldo bancário final em 31/05/2024: R$ 39.795.970,65. Total das glosas: R$ 0,00. Assinado em Trindade, 10 de junho de 2024.",IMED,2024,5,mensal,,20,0.0,5158660.59,292059.6,5764170.98,,,39795970.65,38892855.91
2024,documentos\IMED\HETRIN\2024\99_NaoClassificado\RELATORIO-FINANCEIRO-DOS-RECURSOS_NOVEMBRO_HETRIN.pdf,RELATORIO-FINANCEIRO-DOS-RECURSOS_NOVEMBRO_HETRIN,8,1,HETRIN,,,,,"Relatório Financeiro Mensal referente a Novembro/2024. Hospital de Urgências de Trindade - HETRIN, gerido pela IMED (Instituto de Medicina Estudo e Desenvolvimento). Contrato de Gestão nº 037/2021, vigência 25/08/2023 a 24/08/2027. Previsão de repasse mensal de custeio: R$ 5.796.227,99. Repasse efetivo de custeio recebido: R$ 5.681.934,65 (incluindo R$ 5.644.811,16 custeio + R$ 37.123,49 fundo rescisório). Rendimentos sobre aplicações financeiras: R$ 207.306,31 (custeio) + R$ 16.467,87 (investimento). Outras entradas: R$ 188.545,57 (Recuperação de Despesas R$ 51.511,19 + Recursos Extracontratuais R$ 137.034,38). Total de pagamentos custeio: R$ 7.851.087,63. Total de pagamentos investimento: R$ 68.338,00. Valores devolvidos à contratante: R$ 0,00. Total das glosas: R$ 0,00.",IMED,2024,11,mensal,,19,0.0,7919425.63,188545.57,5681934.65,,,31583973.63,33409144.85
2024,documentos\IMED\HETRIN\2024\99_NaoClassificado\RELATORIO-FINANCEIRO-DOS-RECURSOS_SETEMBRO_HETRIN.pdf,RELATORIO-FINANCEIRO-DOS-RECURSOS_SETEMBRO_HETRIN,8,1,HETRIN,,,,,"Hospital de Urgências de Trindade - HETRIN. Contrato de Gestão nº 037/2021, vigência 25/08/2023 a 24/08/2027. Previsão de repasse mensal custeio: R$ 5.796.227,99. Repasse efetivo do mês: R$ 5.696.227,99 (diferença de R$ 100.000,00 em relação à previsão). Valores devolvidos à contratante: R$ 0,00. Saldo bancário anterior (01/09/2024): R$ 37.271.114,61. Saldo bancário final (30/09/2024): R$ 40.084.140,17. Total das glosas: R$ 0,00.",IMED,2024,9,mensal,,24,0.0,6192623.0,2995920.24,5696227.99,,,40084140.17,37271114.61
2024,C:\OSS-Goias\documentos\ABEVIDA\CRESM\2024\21_Relatorio_Comparativo_Recursos\RELATORIO-FINANCEIRO-MENSAL-01.2022-1.xlsx,RELATORIO-FINANCEIRO-MENSAL-01.2022-1,9,1,CREDEQ,,,,,"Unidade gerida: CREDEQ - Centro de Referência e Excelência em Dependência Química. OSS: ABEVIDA (CNPJ 02.812.043/0001-05). Contrato de Gestão nº 002/2014 - SES. Vigência do 6º Termo Aditivo: 27/01/2022 a 25/07/2022. Previsão de repasse mensal custeio: R$ 2.264.292,64. Previsão de repasse mensal investimento: R$ 0,00. Competência: Janeiro/2022. Saldo anterior total: R$ 879.757,90. Total de entradas: R$ 3.603.719,40. Total disponível: R$ 4.483.477,30. Total de resgates: R$ 1.732.062,33. Total aplicações financeiras: R$ 3.641.772,19. Total de pagamentos custeio: R$ 2.188.594,29. Total devolvido: R$ 0,00. Saldo bancário final em 31/01/2022: R$ 2.294.883,01. Filename: RELATORIO-FINANCEIRO-MENSAL-01.2022-1.xlsx.",ABEVIDA,2022,1,mensal,,34,0.0,2188594.29,24164.97,3579554.43,,,2294883.01,879757.9
2024,C:\OSS-Goias\documentos\ABEVIDA\CRESM\2024\21_Relatorio_Comparativo_Recursos\RELATORIO-FINANCEIRO-MENSAL-01.2023-1.pdf,RELATORIO-FINANCEIRO-MENSAL-01.2023-1,5,1,CREDEQ,,,,,"Relatório Financeiro Mensal - Competência Janeiro/2023. Unidade: CREDEQ - Centro de Referência e Excelência em Dependência Química. OSS: ABEVIDA. Contrato de Gestão nº 002/2014-SES, 7º Termo Aditivo vigência 26/07/2022 a 25/07/2024. Previsão de repasse mensal do contrato: R$ 2.739.864,99. Resgate de aplicação financeira (custeio): R$ 20.891.530,39. Aplicação financeira (custeio): R$ 2.071.952,50. Saldo anterior: R$ 17.063,35 (em aplicação financeira CEF). Rendimentos sobre aplicações financeiras custeio: R$ 2.999,56. Outras entradas (Recuperação de Despesas): R$ 17.930,12. Glosas: zeradas. Arquivo: RELATORIO-FINANCEIRO-MENSAL-01.2023-1.pdf.",ABEVIDA,2023,1,mensal,,12,0.0,2234800.65,17930.12,2207292.64,,,10485.02,17063.35
2024,C:\OSS-Goias\documentos\ABEVIDA\CRESM\2024\21_Relatorio_Comparativo_Recursos\RELATORIO-FINANCEIRO-MENSAL-01.2024-1.xlsx,RELATORIO-FINANCEIRO-MENSAL-01.2024-1,9,1,CREDEQ,,,,,"Unidade gerida: CREDEQ - Centro de Referência e Excelência em Dependência Química. OSS: ABEVIDA (CNPJ 02.812.043/0001-05). Contrato de Gestão nº 002/2014 - SES, 7º Termo Aditivo vigente de 26/07/2022 a 25/07/2024. Previsão de repasse mensal custeio: R$ 2.739.864,99. Saldo bancário final datado como 31/01/2023 no documento, porém competência é Janeiro/2024. Total de glosas: zero. Recursos outras fontes compõem rendimentos (R$ 29.498,58) + recuperação de despesas (R$ 9.801,61) = R$ 39.300,19.",ABEVIDA,2024,1,mensal,,17,0.0,3123254.73,39300.19,2707582.35,,,3334340.51,3710712.7
2024,C:\OSS-Goias\documentos\ABEVIDA\CRESM\2024\21_Relatorio_Comparativo_Recursos\RELATORIO-FINANCEIRO-MENSAL-02.2022.pdf,RELATORIO-FINANCEIRO-MENSAL-02.2022,5,1,CREDEQ,,,,,"Unidade gerida: CREDEQ - Centro de Referência e Excelência em Dependência Química. Contrato de Gestão nº 002/2014 - SES, 6º Termo Aditivo vigência 27/01/2022 a 25/07/2022. Previsão de repasse mensal CUSTEIO: R$ 2.264.292,64; INVESTIMENTO: R$ 0,00. Saldo anterior composto por: Caixa R$ 0, Banco CEF C/C R$ 16,34, Aplicação CEF R$ 2.184.860,76, Poupança CEF R$ 110.005,91. Saldo final composto por Aplicação CEF R$ 983.540,54 e Poupança CEF R$ 230.983,73. Total resgates R$ 2.046.022,49; Total aplicações financeiras R$ 954.138,31. Sem glosas registradas no período. Rendimentos sobre aplicações CUSTEIO: R$ 11.541,78. Outras entradas (Recuperação de Despesas): R$ 16.651,92. Filename original: RELATORIO-FINANCEIRO-MENSAL-02.2022.pdf.",ABEVIDA,2022,2,mensal,,12,0.0,2052810.85,16651.92,944258.41,,,1214524.27,2294883.01
2024,C:\OSS-Goias\documentos\ABEVIDA\CRESM\2024\21_Relatorio_Comparativo_Recursos\RELATORIO-FINANCEIRO-MENSAL-02.2023-1.xlsx,RELATORIO-FINANCEIRO-MENSAL-02.2023-1,9,1,CREDEQ,,,,,"Unidade gerida: CREDEQ - Centro de Referência e Excelência em Dependência Química. OSS: ABEVIDA (CNPJ 02.812.043/0001-05). Contrato de Gestão nº 002/2014 - SES, 7º Termo Aditivo vigência 26/07/2022 a 25/07/2023. Previsão de repasse mensal de custeio: R$ 2.739.864,99. Glosas: todas zeradas. Saldo bancário final em 28/02/2023: R$ 267,89 (aplicação financeira CEF). O total disponível (R$ 2.177.715,75) é a soma do saldo anterior com total de entradas. Filename: RELATORIO-FINANCEIRO-MENSAL-02.2023-1.xlsx.",ABEVIDA,2023,2,mensal,,12,0.0,2177447.86,19938.09,2147292.64,,,267.89,10485.02
2024,C:\OSS-Goias\documentos\ABEVIDA\CRESM\2024\21_Relatorio_Comparativo_Recursos\RELATORIO-FINANCEIRO-MENSAL-02.2024.xlsx,RELATORIO-FINANCEIRO-MENSAL-02.2024,8,1,CREDEQ,,,,,"Unidade gerida: CREDEQ - Centro de Referência e Excelência em Dependência Química. OSS: ABEVIDA (CNPJ 02.812.043/0001-05). Contrato de Gestão nº 002/2014 - SES, 7º Termo Aditivo vigente até 25/07/2024. Previsão de repasse mensal de custeio: R$ 2.739.864,99. Repasse efetivo de custeio no mês: R$ 2.743.192,93. Outras entradas incluem rendimentos sobre aplicações financeiras (R$ 27.750,90) e recuperação de despesas (R$ 22.610,18). Saldo bancário final datado no documento como 31/01/2023, mas competência é fevereiro/2024 (provável erro de digitação no documento). Total de glosas: zero.",ABEVIDA,2024,2,mensal,,14,0.0,2892760.72,50361.08,2743192.93,,,3235133.8,3334340.51
2024,C:\OSS-Goias\documentos\ABEVIDA\CRESM\2024\21_Relatorio_Comparativo_Recursos\RELATORIO-FINANCEIRO-MENSAL-03.2022.xlsx,RELATORIO-FINANCEIRO-MENSAL-03.2022,9,1,CREDEQ,,,,,"Hospital identificado no documento como CREDEQ - Centro de Referência e Excelência em Dependência Química (não CRESM conforme instrução). OSS gestora: ABEVIDA (Associação Brasileira de Esperança e Vida). Contrato de Gestão nº 002/2014 - SES. Vigência do 6º Termo Aditivo: 27/01/2022 a 25/07/2022. Previsão de repasse mensal de custeio: R$ 2.264.292,64. Saldo anterior total: R$ 1.214.524,27 (aplicações CEF R$ 983.540,54 + poupança CEF R$ 230.983,73). Total de resgates de aplicação financeira: R$ 2.214.096,89. Total de aplicações financeiras realizadas: R$ 4.535.490,48. Glosas: todas zeradas. Recursos recebidos de outras fontes calculados como soma de rendimentos (R$ 19.155,74) e recuperação de despesas (R$ 13.693,68) = R$ 32.849,42.",ABEVIDA,2022,3,mensal,,19,0.0,2126885.37,32849.42,4434585.28,,,3555073.6,1214524.27
2024,C:\OSS-Goias\documentos\ABEVIDA\CRESM\2024\21_Relatorio_Comparativo_Recursos\RELATORIO-FINANCEIRO-MENSAL-03.2023-1.xlsx,RELATORIO-FINANCEIRO-MENSAL-03.2023-1,9,1,CREDEQ,,,,,"Unidade gerida: CREDEQ - Centro de Referência e Excelência em Dependência Química. Contrato de Gestão nº 002/2014 - SES, 7º Termo Aditivo vigente de 26/07/2022 a 25/07/2023. Previsão de repasse mensal de custeio: R$ 2.739.864,99. Saldo anterior composto por aplicação financeira de R$ 9.243,68. Resgate de aplicação financeira no mês: R$ 2.086.598,31. Nova aplicação financeira realizada: R$ 2.210.000,00. Glosas: zero. Extratos bancários e Relatórios SIPEF/BRGAAP como fonte.",ABEVIDA,2023,3,mensal,,12,0.0,2118143.85,29597.51,2256934.66,,,177632.0,9243.68
2024,C:\OSS-Goias\documentos\ABEVIDA\CRESM\2024\21_Relatorio_Comparativo_Recursos\RELATORIO-FINANCEIRO-MENSAL-03.2024-1.pdf,RELATORIO-FINANCEIRO-MENSAL-03.2024-1,6,1,CRESM,,,,,"Relatório Financeiro Mensal referente à competência Março/2024. Unidade gerida: CREDEQ - Centro de Referência e Excelência em Dependência Química. Contrato de Gestão nº 002/2014 - SES, 7º Termo Aditivo vigente de 26/07/2022 a 25/07/2024. Previsão de repasse mensal custeio: R$ 2.739.864,99. Repasse efetivo custeio recebido: R$ 2.807.332,45. Outras entradas incluem rendimentos sobre aplicações financeiras (R$ 28.996,62) e recuperação de despesas (R$ 15.542,69). Glosa Equatorial: R$ 26.669,76. Saldo bancário final em 31/01/2023 (data mencionada no documento, possivelmente erro tipográfico - deveria ser 31/03/2024).",ABEVIDA,2024,3,mensal,,15,1175.0,2910543.66,44539.31,2807332.45,,,3175286.9,3235133.8
2024,C:\OSS-Goias\documentos\ABEVIDA\CRESM\2024\21_Relatorio_Comparativo_Recursos\RELATORIO-FINANCEIRO-MENSAL-04.2022.xlsx,RELATORIO-FINANCEIRO-MENSAL-04.2022,9,1,CREDEQ,,,,,"Unidade: CREDEQ - Centro de Referência e Excelência em Dependência Química. OSS: ABEVIDA (CNPJ 02.812.043/0001-05). Contrato de Gestão nº 002/2014 - SES, 6º Termo Aditivo vigência 27/01/2022 a 25/07/2022. Previsão de repasse mensal custeio: R$ 2.264.292,64; investimento: R$ 0,00. Saldo anterior inclui aplicações CEF (R$ 3.203.044,14) e poupança CEF (R$ 352.029,46). Saldo final inclui aplicações CEF (R$ 3.135.676,57) e poupança CEF (R$ 503.780,97). Competência abril/2022; data de assinatura 30/04/2022. Glosas: todas zeradas. Filename: RELATORIO-FINANCEIRO-MENSAL-04.2022.xlsx.",ABEVIDA,2022,4,mensal,,19,0.0,2163118.44,28809.74,2218692.64,,,3639457.54,3555073.6
2024,C:\OSS-Goias\documentos\ABEVIDA\CRESM\2024\21_Relatorio_Comparativo_Recursos\RELATORIO-FINANCEIRO-MENSAL-04.2023-1.pdf,RELATORIO-FINANCEIRO-MENSAL-04.2023-1,5,1,CRESM,,,,,"Relatório Financeiro Mensal referente a Abril/2023. Unidade gerida: CREDEQ - Centro de Referência e Excelência em Dependência Química. Contrato de Gestão nº 002/2014 - SES-GO. Previsão de repasse mensal do 7º TA (Custeio): R$ 2.739.864,99. Repasse recebido no mês: R$ 2.256.934,66. Outras entradas (Recuperação de Despesas): R$ 29.597,51. Rendimento sobre aplicações financeiras (Custeio): R$ 4.293,85. Saldo anterior: R$ 9.243,68. Total disponível: R$ 2.300.069,70. Valores devolvidos: zero. Glosas: zero.",ABEVIDA,2023,4,mensal,,12,0.0,2281189.0,29597.51,2256934.66,,,18880.7,9243.68
2024,C:\OSS-Goias\documentos\ABEVIDA\CRESM\2024\21_Relatorio_Comparativo_Recursos\RELATORIO-FINANCEIRO-MENSAL-04.2024.pdf,RELATORIO-FINANCEIRO-MENSAL-04.2024,9,1,CRESM,,,,,"Relatório Financeiro Mensal referente a Abril/2024. Unidade gerida: Complexo de Referência Estadual em Saúde Mental - CRESM. Contrato de Gestão nº 002/2014 - SES, 7º Termo Aditivo vigente de 26/07/2022 a 25/07/2024. Previsão de repasse mensal custeio: R$ 2.739.864,99. Saldo bancário final datado como 31/01/2023 no documento, porém a competência é Abril/2024 (provável erro de digitação no campo de data do saldo final). Recursos recebidos SES calculados como soma dos repasses: Custeio (2.739.513,92) + Fundo Rescisório (45.971,46) + Piso Enfermagem (138.334,99) = 2.923.820,37. Total de entradas inclui rendimentos financeiros e outras entradas.",ABEVIDA,2024,4,mensal,,22,0.0,2792515.49,24481.8,2923820.37,,,3359557.01,3175286.9
2024,C:\OSS-Goias\documentos\ABEVIDA\CRESM\2024\21_Relatorio_Comparativo_Recursos\RELATORIO-FINANCEIRO-MENSAL-05.2022.pdf,RELATORIO-FINANCEIRO-MENSAL-05.2022,5,1,CREDEQ,,,,,"Relatório referente ao CREDEQ (Centro de Referência e Excelência em Dependência Química), gerido pela ABEVIDA, contrato de gestão nº 002/2014-SES, 6º Termo Aditivo (27/01/2022 a 25/07/2022). Saldo anterior de R$ 3.639.457,54 composto por aplicações financeiras (R$ 3.135.676,57 + R$ 503.780,97). Rendimento sobre aplicações financeiras (custeio): R$ 22.599,62. Total disponível no período: R$ 6.301.217,92. Resgates de aplicação financeira (custeio): R$ 2.401.296,55. Novas aplicações financeiras (custeio): R$ 2.515.733,23. Nenhum valor devolvido à contratante. Glosas: zero. Saldo final composto por: Aplicações CEF R$ 3.142.501,46 + Poupança CEF R$ 633.992,38.",ABEVIDA,2022,5,mensal,,12,0.0,2524724.08,44161.36,2594999.4,,,3776493.84,3639457.54
2024,C:\OSS-Goias\documentos\ABEVIDA\CRESM\2024\21_Relatorio_Comparativo_Recursos\RELATORIO-FINANCEIRO-MENSAL-05.2023-1.xlsx,RELATORIO-FINANCEIRO-MENSAL-05.2023-1,7,1,CREDEQ,,,,,"Unidade gerida: CREDEQ - Centro de Referência e Excelência em Dependência Química. OSS: ABEVIDA (CNPJ 02.812.043/0001-05). Contrato de Gestão nº 002/2014 - SES, 7º Termo Aditivo vigente de 26/07/2022 a 25/07/2023. Previsão de repasse mensal de custeio: R$ 2.739.864,99. Repasse recebido no mês: R$ 2.244.427,25. Outras entradas incluem rendimentos sobre aplicações financeiras (R$ 4.198,32) e recuperação de despesas (R$ 9.287,16). Saldo anterior: R$ 18.880,70 (em aplicações CEF). Saldo final em 31/05/2023: R$ 29.366,36 (em aplicações CEF). Total de glosas: R$ 0,00. Filename: RELATORIO-FINANCEIRO-MENSAL-05.2023-1.xlsx.",ABEVIDA,2023,5,mensal,,12,0.0,2247427.07,13485.48,2244427.25,,,29366.36,18880.7
2024,C:\OSS-Goias\documentos\ABEVIDA\CRESM\2024\21_Relatorio_Comparativo_Recursos\RELATORIO-FINANCEIRO-MENSAL-05.2024-1.xlsx,RELATORIO-FINANCEIRO-MENSAL-05.2024-1,8,1,CRESM,,,,,"Recursos recebidos SES calculados como soma dos repasses: Custeio (2.730.581,17) + Fundo Rescisório (46.237,88) + Piso Enfermagem (37.081,02) = 2.813.900,07. Saldo anterior total: 3.359.557,01 (Caixa 0,01 + Aplicações Custeio 3.195.057,06 + Investimento 42.926,06 + Fundo Rescisório 121.573,88). Previsão de repasse mensal custeio: R$ 2.739.864,99. Contrato de Gestão 002/2014 - SES, 7º Termo Aditivo vigência 26/07/2022 a 25/07/2024. O cabeçalho do saldo final menciona data 31/01/2023 mas o relatório é competência maio/2024 (provável erro no documento). Rendimentos totais de aplicações financeiras: 44.804,57 (inclui subcontas 845,81 + 196,48 + 26.640,85 - nota: a soma das subcontas não totaliza exatamente 44.804,57, possivelmente há outras subcontas não listadas).",ABEVIDA,2024,5,mensal,,25,0,2978898.27,17121.43,2813900.07,,,3239363.38,3359557.01
2024,C:\OSS-Goias\documentos\ABEVIDA\CRESM\2024\21_Relatorio_Comparativo_Recursos\RELATORIO-FINANCEIRO-MENSAL-06.2022.xlsx,RELATORIO-FINANCEIRO-MENSAL-06.2022,9,1,CREDEQ,,,,,"Hospital identificado no documento como CREDEQ - Centro de Referência e Excelência em Dependência Química. OSS: ABEVIDA (CNPJ 02.812.043/0001-05). Contrato de Gestão nº 002/2014 - SES, 6º Termo Aditivo vigência 27/01/2022 a 25/07/2022. Previsão de repasse mensal custeio: R$ 2.264.292,64; investimento: R$ 0,00. Não houve repasse da SES em junho/2022. Entradas foram compostas exclusivamente por rendimentos financeiros e recuperação de despesas. Resgate de aplicação financeira de R$ 2.381.991,98 utilizado para cobrir pagamentos. Saldo final em 30/06/2022: R$ 1.543.812,68.",ABEVIDA,2022,6,mensal,,30,0,2260579.96,27898.8,0,,,1543812.68,3776493.84
2024,C:\OSS-Goias\documentos\ABEVIDA\CRESM\2024\21_Relatorio_Comparativo_Recursos\RELATORIO-FINANCEIRO-MENSAL-06.2023-1.xlsx,RELATORIO-FINANCEIRO-MENSAL-06.2023-1,9,1,CREDEQ,,,,,"Unidade gerida: CREDEQ - Centro de Referência e Excelência em Dependência Química. OSS: ABEVIDA (CNPJ 02.812.043/0001-05). Contrato de Gestão nº 002/2014 - SES, 7º Termo Aditivo vigência 26/07/2022 a 25/07/2023. Previsão de repasse mensal custeio: R$ 2.739.864,99. Repasse recebido em junho/2023: R$ 2.212.032,64. Rendimentos sobre aplicações: R$ 4.517,80. Outras entradas (Recuperação de Despesas): R$ 9.537,05. Resgate de aplicação financeira: R$ 1.295.029,37. Nova aplicação financeira: R$ 1.300.000,00. Total de glosas: R$ 23.232,65 (Enel/Equatorial). Saldo inicial em aplicações: R$ 29.366,36. Saldo final em aplicações: R$ 38.911,94.",ABEVIDA,2023,6,mensal,,15,0.0,2216541.91,14054.85,2212032.64,,,38911.94,29366.36
2024,C:\OSS-Goias\documentos\ABEVIDA\CRESM\2024\21_Relatorio_Comparativo_Recursos\RELATORIO-FINANCEIRO-MENSAL-06.2024-1.pdf,RELATORIO-FINANCEIRO-MENSAL-06.2024-1,9,1,CRESM,,,,,"Relatório Financeiro Mensal referente a junho/2024. Unidade gerida: Complexo de Referência Estadual em Saúde Mental (CRESM). OSS contratada: ABEVIDA (CNPJ: 02.812.043/0001-05). Contrato de Gestão nº 002/2014-SES, 7º Termo Aditivo vigente de 26/07/2022 a 25/07/2024. Previsão de repasse mensal custeio: R$ 2.739.864,99. Repasse custeio recebido: R$ 2.629.699,77 (abaixo da previsão). Repasse fundo rescisório: R$ 50.165,22. Saldo bancário final em 31/01/2023 conforme indicado no documento (provável erro de digitação, deveria ser 30/06/2024). Sem glosas registradas no período.",ABEVIDA,2024,6,mensal,,21,0.0,3019833.16,29488.62,2679864.99,,,2954700.98,3223472.27
2024,C:\OSS-Goias\documentos\ABEVIDA\CRESM\2024\21_Relatorio_Comparativo_Recursos\RELATORIO-FINANCEIRO-MENSAL-07.2022.xlsx,RELATORIO-FINANCEIRO-MENSAL-07.2022,8,1,CREDEQ,,,,,"Hospital identificado no documento como CREDEQ - Centro de Referência e Excelência em Dependência Química. OSS: ABEVIDA (CNPJ 02.812.043/0001-05). Contrato de Gestão Nº 002/2014 - SES, 6º Termo Aditivo vigente de 27/01/2022 a 25/07/2022. Previsão de repasse mensal custeio: R$ 1.889.410,53. Saldo anterior: R$ 1.543.812,68 (inclui aplicações e poupança). Rendimentos financeiros: R$ 15.378,58. Outras entradas (Recuperação de Despesas): R$ 8.675,29. Total geral de pagamentos: R$ 2.434.909,02. Valores devolvidos: R$ 0,00. Saldo final em 31/07/2022: R$ 1.017.775,78. Glosas: todas zeradas.",ABEVIDA,2022,7,mensal,,18,0.0,2434909.02,24053.87,1884818.25,,,1017775.78,1543812.68
2024,C:\OSS-Goias\documentos\ABEVIDA\CRESM\2024\21_Relatorio_Comparativo_Recursos\RELATORIO-FINANCEIRO-MENSAL-07.2023-1.pdf,RELATORIO-FINANCEIRO-MENSAL-07.2023-1,6,1,CRESM,,,,,"Relatório Financeiro Mensal referente a julho/2023. Saldo anterior (Saldo Bancário Anterior) era zero, mas o Saldo Anterior considerado inclui aplicações financeiras anteriores de R$ 38.911,94. Repasse SES Custeio: R$ 8.081.458,23; Repasse Investimento: R$ 0. Rendimentos sobre aplicações financeiras custeio: R$ 47.051,53. Outras entradas (Recuperação de Despesas): R$ 116.888,13. Valores devolvidos à contratante: R$ 0. Saldo bancário final em 31/07/2023: R$ 5.353.980,48 (integralmente em aplicação financeira CEF). Previsão de repasse mensal do contrato: R$ 2.739.864,99. Contrato de Gestão nº 002/2014-SES, 7º Termo Aditivo vigente de 26/07/2022 a 25/07/2024.",ABEVIDA,2023,7,mensal,,12,0.0,2930329.35,116888.13,8081458.23,,,5353980.48,38911.94
2024,C:\OSS-Goias\documentos\ABEVIDA\CRESM\2024\21_Relatorio_Comparativo_Recursos\RELATORIO-FINANCEIRO-MENSAL-07.2024.xlsx,RELATORIO-FINANCEIRO-MENSAL-07.2024,6,1,CRESM,,,,,"Competência do relatório é julho/2024 (apesar do sheet estar nomeado 05-2024). Repasses SES: Custeio R$2.236.815,79 + Fundo Rescisório R$47.097,89 + Piso Enfermagem R$123.833,64 + Investimento R$207.750,60 = R$2.615.497,92. Rendimentos sobre aplicações financeiras: R$24.781,87 (sem detalhamento por subconta). Outras entradas R$73.650,14. Saldo anterior de 30/06/2024: R$2.954.700,98. Valores devolvidos à contratante: R$0. Saldo final em 31/07/2024: R$2.624.412,45. Concessionárias e Rescisões Trabalhistas listadas como subitens de outras rubricas já contabilizadas.",ABEVIDA,2024,7,mensal,,12,0.0,3044218.46,73650.14,2615497.92,,,2624412.45,2954700.98
2024,C:\OSS-Goias\documentos\ABEVIDA\CRESM\2024\21_Relatorio_Comparativo_Recursos\RELATORIO-FINANCEIRO-MENSAL-08.2022.xlsx,RELATORIO-FINANCEIRO-MENSAL-08.2022,7,1,CREDEQ,,,,,"Unidade: CREDEQ - Centro de Referência e Excelência em Dependência Química. OSS: ABEVIDA (CNPJ 02.812.043/0001-05). Contrato de Gestão nº 002/2014 - SES, 7º Termo Aditivo vigente de 26/07/2022 a 25/07/2023. Previsão de repasse mensal custeio: R$ 2.688.093,10 (a partir do 4º mês). Repasse efetivo custeio em agosto/2022: R$ 2.642.270,96. Saldo bancário final diverge ligeiramente entre linha 7 (R$ 1.435.728,02) e linha SALDO BANCÁRIO FINAL (R$ 1.435.728,79) devido a saldo de poupança de R$ 0,77. Glosas: zeradas. Outras entradas referem-se a recuperação de despesas (R$ 10.836,63) e rendimentos financeiros (R$ 17.501,87).",ABEVIDA,2022,8,mensal,,27,0.0,2252657.22,28338.5,2642270.96,,,1435728.79,1017775.78
2024,C:\OSS-Goias\documentos\ABEVIDA\CRESM\2024\21_Relatorio_Comparativo_Recursos\RELATORIO-FINANCEIRO-MENSAL-08.2023-1-1.xlsx,RELATORIO-FINANCEIRO-MENSAL-08.2023-1-1,9,1,CRESM,,,,,"Contrato de Gestão nº 002/2014 - SES, 7º Termo Aditivo vigência 26/07/2022 a 25/07/2024. Previsão de repasse mensal de custeio: R$ 2.739.864,99. Saldo bancário anterior (01/08/2023): R$ 5.353.980,48 (Banco CEF AG 1626 OP 003 C/C 2752-0). Saldo final (31/08/2023): R$ 6.010.213,70 em aplicação financeira CEF. Valores devolvidos à contratante: zero. Total de glosas: zero. CNPJ OSS: 02.812.043/0001-05. CNPJ Unidade Gerida: 02.812.043/0012-50.",ABEVIDA,2023,8,mensal,,17,0.0,2363321.0,103517.54,2815623.5,,,6010213.7,5353980.48
2024,C:\OSS-Goias\documentos\ABEVIDA\CRESM\2024\21_Relatorio_Comparativo_Recursos\RELATORIO-FINANCEIRO-MENSAL-08.2024-1.xlsx,RELATORIO-FINANCEIRO-MENSAL-08.2024-1,6,1,CRESM,,,,,"Sheet referente a agosto/2024 (aba nomeada 05-2024). Repasse SES: Custeio R$2.906.247,23 + Fundo Rescisório R$58.076,50 + Piso Enfermagem R$62.412,99 + Investimento R$1.687.871,31 = R$4.714.736,03. Rendimentos sobre aplicações financeiras: R$33.123,95. Outras entradas: R$13.781,28. Total entradas: R$4.761.513,26. Saldo anterior: R$2.624.412,45. Total disponível: R$7.385.925,71. Resgate de aplicação financeira: R$2.428.779,07. Total aplicações financeiras: R$4.177.537,41. Saldo bancário final declarado como 31/01/2023 mas competência é agosto/2024. Contrato de Gestão 002/2014-SES, 9º Termo Aditivo vigência 26/07/2024 a 26/07/2026.",ABEVIDA,2024,8,mensal,,12,0,2984991.96,13781.28,4714736.03,,,4406294.75,2624412.45
2024,C:\OSS-Goias\documentos\ABEVIDA\CRESM\2024\21_Relatorio_Comparativo_Recursos\RELATORIO-FINANCEIRO-MENSAL-09.2022.xlsx,RELATORIO-FINANCEIRO-MENSAL-09.2022,9,1,CREDEQ,,,,,"Unidade gerida: CREDEQ - Centro de Referência e Excelência em Dependência Química. OSS: ABEVIDA (CNPJ 02.812.043/0001-05). Contrato de Gestão nº 002/2014 - SES, 7º Termo Aditivo vigente de 26/07/2022 a 25/07/2023. Previsão de repasse mensal custeio (1º ao 3º mês): R$ 2.650.350,53; demais meses: R$ 2.688.093,10. Investimento previsto: R$ 0,00. Saldo anterior composto por aplicação financeira (R$ 1.435.727,25) e poupança (R$ 0,77). Total disponível no período: R$ 3.684.402,80. Resgates de aplicação: R$ 2.606.811,63; novas aplicações: R$ 2.453.152,76. Glosas zeradas. Todas as informações com base em extratos bancários e relatórios SIPEF/BRGAAP. O filename menciona CRESM mas o documento refere-se ao CREDEQ; foi utilizado CREDEQ conforme conteúdo do documento.",ABEVIDA,2022,9,mensal,,19,0.0,2381137.1,31382.14,2217292.64,,,1303265.7,1435728.02
2024,C:\OSS-Goias\documentos\ABEVIDA\CRESM\2024\21_Relatorio_Comparativo_Recursos\RELATORIO-FINANCEIRO-MENSAL-09.2023-1.xlsx,RELATORIO-FINANCEIRO-MENSAL-09.2023-1,9,1,CRESM,,,,,"Relatório Financeiro Mensal referente à competência Setembro/2023. OSS: ABEVIDA (CNPJ 02.812.043/0001-05). Unidade: CRESM (CNPJ 02.812.043/0012-50). Contrato de Gestão nº 002/2014 - SES, 7º Termo Aditivo vigente de 26/07/2022 a 25/07/2024. Previsão de repasse mensal de custeio: R$ 2.739.864,99. O saldo bancário final indicado no cabeçalho da seção 7 menciona 31/08/2023, mas o relatório é de setembro/2023, possivelmente erro de digitação no documento. Recursos_recebidos_outras_fontes composto por rendimentos (R$ 65.068,03) e recuperação de despesas (R$ 21.918,25).",ABEVIDA,2023,9,mensal,,23,0,2553015.85,86986.28,3029286.02,,,6573470.15,6010213.7
2024,C:\OSS-Goias\documentos\ABEVIDA\CRESM\2024\21_Relatorio_Comparativo_Recursos\RELATORIO-FINANCEIRO-MENSAL-09.2024-1.xlsx,RELATORIO-FINANCEIRO-MENSAL-09.2024-1,5,1,CRESM,,,,,"Competência setembro/2024 (aba nomeada 05-2024). Contrato de Gestão 002/2014-SES, 9º Termo Aditivo vigência 26/07/2024 a 26/07/2026. Previsão repasse mensal custeio R$3.001.551,80. Recursos recebidos SES incluem repasse custeio (2.881.551,80), piso enfermagem (67.116,69) e investimento (54.813,19). Saldo bancário final datado como 31/01/2023 no documento, mas competência é setembro/2024. Outras entradas de R$8.616,00 não especificadas.",ABEVIDA,2024,9,mensal,,25,0.0,2780824.8,8616.0,3003481.68,,,4673744.55,4406294.75
2024,C:\OSS-Goias\documentos\ABEVIDA\CRESM\2024\21_Relatorio_Comparativo_Recursos\RELATORIO-FINANCEIRO-MENSAL-10.2022.xlsx,RELATORIO-FINANCEIRO-MENSAL-10.2022,8,1,CREDEQ,,,,,"Unidade gerida: CREDEQ - Centro de Referência e Excelência em Dependência Química. OSS: ABEVIDA (CNPJ 02.812.043/0001-05). Contrato de Gestão nº 002/2014 - SES, 7º Termo Aditivo vigência 26/07/2022 a 25/07/2023. Previsão de repasse mensal custeio: R$ 2.688.093,10. Repasse efetivo outubro/2022: R$ 2.051.336,48. Outras entradas incluem rendimentos sobre aplicações financeiras (R$ 4.322,23) e recuperação de despesas (R$ 11.056,58). Saldo anterior inclui aplicações CEF (R$ 1.173.659,90) e poupança CEF (R$ 129.605,80). Total disponível no período: R$ 3.369.980,99. Nenhuma glosa registrada no período. Filename: RELATORIO-FINANCEIRO-MENSAL-10.2022.xlsx.",ABEVIDA,2022,10,mensal,,12,0.0,1271601.45,15378.81,2051336.48,,,2098379.54,1303265.7
2024,C:\OSS-Goias\documentos\ABEVIDA\CRESM\2024\21_Relatorio_Comparativo_Recursos\RELATORIO-FINANCEIRO-MENSAL-10.2023-1.pdf,RELATORIO-FINANCEIRO-MENSAL-10.2023-1,5,1,CRESM,,,,,"Competência outubro/2023. Saldo anterior (aplicações CEF): R$ 6.573.470,15. Repasse custeio SES: R$ 2.779.078,61. Rendimento aplicações custeio: R$ 65.129,87. Outras entradas (recuperação de despesas): R$ 70.737,17. Total disponível: R$ 9.488.415,80. Resgate aplicação custeio: R$ 5.189.555,85. Nova aplicação custeio: R$ 3.016.001,54. Saldo bancário final (aplicações CEF): R$ 5.656.118,12. Valores devolvidos: R$ 0. Total glosas: R$ 0. Previsão de repasse mensal contrato de gestão/7º TA custeio: R$ 2.739.864,99. O documento indica data do saldo final como 31/08/2023, mas a competência é outubro/2023 (possível erro no documento original).",ABEVIDA,2023,10,mensal,,12,0.0,3832297.68,135867.04,2779078.61,,,5656118.12,6573470.15
2024,C:\OSS-Goias\documentos\ABEVIDA\CRESM\2024\21_Relatorio_Comparativo_Recursos\RELATORIO-FINANCEIRO-MENSAL-10.2024.xlsx,RELATORIO-FINANCEIRO-MENSAL-10.2024,6,1,CRESM,,,,,"Competência Outubro/2024. Contrato de Gestão 002/2014-SES, 9º Termo Aditivo vigência 26/07/2024 a 26/07/2026. Previsão de repasse mensal custeio: R$ 3.001.551,80. Repasse SES custeio recebido: R$ 2.890.541,90 + Piso Enfermagem R$ 67.116,69 = R$ 2.957.658,59. Saldo final datado como 31/01/2023 no documento, mas competência é outubro/2024 (inconsistência no documento original). Sem glosas registradas no período.",ABEVIDA,2024,10,mensal,,15,0.0,2904561.97,4955.01,2957658.59,,,4774686.0,4673744.55
2024,C:\OSS-Goias\documentos\ABEVIDA\CRESM\2024\21_Relatorio_Comparativo_Recursos\RELATORIO-FINANCEIRO-MENSAL-11.2022.pdf,RELATORIO-FINANCEIRO-MENSAL-11.2022,5,1,CREDEQ,,,,,"Unidade gerida: CREDEQ - Centro de Referência e Excelência em Dependência Química. OSS: ABEVIDA. Contrato de Gestão nº 002/2014 - SES, 7º Termo Aditivo vigência 26/07/2022 a 25/07/2023. Saldo anterior composto por aplicações na CEF (R$ 138.591,42) e poupança CEF (R$ 1.959.788,12). Total disponível R$ 4.506.609,66. Total glosas R$ 24.512,02 (Glosa Enel). Saldo bancário final em aplicações CEF R$ 573.650,72. Rendimento sobre aplicações financeiras - custeio: R$ 11.129,56. Recuperação de despesas: R$ 169.807,92.",ABEVIDA,2022,11,mensal,,13,0.0,3932958.94,169807.92,2227292.64,,,573650.72,2098379.54
2024,C:\OSS-Goias\documentos\ABEVIDA\CRESM\2024\21_Relatorio_Comparativo_Recursos\RELATORIO-FINANCEIRO-MENSAL-11.2023-1.xlsx,RELATORIO-FINANCEIRO-MENSAL-11.2023-1,9,1,CRESM,,,,,"Relatório Mensal de Novembro/2023. Contrato de Gestão nº 002/2014 - SES, 7º Termo Aditivo vigência 26/07/2022 a 25/07/2024. Previsão de repasse mensal de custeio: R$ 2.739.864,99. Repasse efetivo de custeio no mês: R$ 2.771.065,74. Saldo anterior composto por aplicação financeira CEF (R$ 5.656.118,12). Valor de aplicação financeira custeio (R$ 15.106.216,97) aparenta ser acumulado/saldo e não fluxo do mês. Saldo final em aplicações CEF: R$ 4.815.604,62. Glosas totais: R$ 0,00. OSS: ABEVIDA (CNPJ 02.812.043/0001-05). Unidade: CRESM (CNPJ 02.812.043/0012-50). O cabeçalho do saldo final menciona 31/08/2023, mas o relatório é de novembro/2023 (inconsistência no documento original).",ABEVIDA,2023,11,mensal,,17,0.0,3670611.19,59031.95,2771065.74,,,4815604.62,5656118.12
2024,C:\OSS-Goias\documentos\ABEVIDA\CRESM\2024\21_Relatorio_Comparativo_Recursos\RELATORIO-FINANCEIRO-MENSAL-11.2024.pdf,RELATORIO-FINANCEIRO-MENSAL-11.2024,9,1,CRESM,,,,,"Competência Novembro/2024. OSS: Associação Brasileira de Esperança e Vida - ABEVIDA. Unidade: CRESM. Contrato de Gestão nº 002/2014-SES, 9º Termo Aditivo vigente 26/07/2024 a 26/07/2026. Previsão de repasse mensal custeio: R$ 3.001.551,80. Saldo bancário final datado como 31/01/2023 no documento (provável erro no documento, competência é novembro/2024). Recursos recebidos SES = Repasse Custeio (2.884.322,15) + Fundo Rescisório (49.442,58) + Piso Enfermagem (44.912,89) = 2.978.677,62. Outras fontes = Rendimentos (37.031,11) + Outras entradas (7.094,93) = 44.126,04. Total de glosas: não informado/zerado.",ABEVIDA,2024,11,mensal,,31,0.0,3962770.26,44030.04,2978677.62,,,3834719.4,4774686.0
2024,C:\OSS-Goias\documentos\ABEVIDA\CRESM\2024\21_Relatorio_Comparativo_Recursos\RELATORIO-FINANCEIRO-MENSAL-12.2018.pdf,RELATORIO-FINANCEIRO-MENSAL-12.2018,10,1,CREDEQ,,,,,"Relatório mensal de dezembro/2018 do CREDEQ (Centro de Referência e Excelência em Dependência Química de Aparecida de Goiânia), gerido pela ABEVIDA. Contrato de Gestão nº 02/2014-SES, vigência 31/07/2014 a 30/07/2019. Valor do repasse mensal do contrato: R$ 2.700.000,00. Devolução de verba ao poder público: R$ 0,00. Fonte dos dados: Prestação de Contas SIPEF - Relatório Financeiro fluxo de caixa XXIX.",ABEVIDA,2018,12,mensal,,13,0.0,1818698.07,14019.94,725890.37,,,94717.83,1173505.59
2024,C:\OSS-Goias\documentos\ABEVIDA\CRESM\2024\21_Relatorio_Comparativo_Recursos\RELATORIO-FINANCEIRO-MENSAL-12.2022.pdf,RELATORIO-FINANCEIRO-MENSAL-12.2022,5,1,CREDEQ,,,,,"Relatório Financeiro Mensal de Dezembro/2022 do CREDEQ (Centro de Referência e Excelência em Dependência Química), gerido pela ABEVIDA, referente ao Contrato de Gestão nº 002/2014-SES. Saldo anterior (aplicação financeira): R$ 573.650,72. Repasse SES Custeio: R$ 2.433.248,80. Rendimentos sobre aplicações: R$ 7.557,11. Outras entradas (recuperação de despesas): R$ 10.850,65. Total disponível: R$ 3.025.307,28. Valores devolvidos: R$ 0,00. Saldo bancário final (aplicação CEF): R$ 17.063,35. Previsão de repasse mensal de custeio: R$ 2.688.093,10. O filename indica dezembro/2022, confirmado pela competência declarada no documento.",ABEVIDA,2022,12,mensal,,12,0.0,3008243.93,18407.76,2433248.8,,,17063.35,573650.72
2024,C:\OSS-Goias\documentos\ABEVIDA\CRESM\2024\21_Relatorio_Comparativo_Recursos\RELATORIO-FINANCEIRO-MENSAL-12.2023-1.xlsx,RELATORIO-FINANCEIRO-MENSAL-12.2023-1,9,1,CRESM,,,,,"Relatório Financeiro Mensal referente a Dezembro/2023. OSS: ABEVIDA (CNPJ 02.812.043/0001-05). Unidade: CRESM - Complexo de Referência Estadual em Saúde Mental (CNPJ 02.812.043/0012-50). Contrato de Gestão nº 002/2014 - SES, 7º Termo Aditivo vigente de 26/07/2022 a 25/07/2024. Previsão de repasse mensal de custeio: R$ 2.739.864,99. Saldo anterior composto por: Caixa R$ 422,83 e Aplicações CEF R$ 4.815.181,79. Recursos outras fontes incluem rendimentos financeiros (R$ 44.213,90) e recuperação de despesas (R$ 18,98). Resgate de aplicação financeira no período: R$ 3.932.710,91. Nova aplicação financeira: R$ 4.512.318,01. Saldo final em aplicação CEF: R$ 3.710.712,70. Total de glosas: zero. Assinado em Aparecida de Goiânia, 29/12/2023. O cabeçalho do item 7 menciona data 31/08/2023, aparentemente erro de digitação (deveria ser 31/12/2023).",ABEVIDA,2023,12,mensal,,15,0.0,4020746.05,44232.88,2871621.25,,,3710712.7,4815604.62
2024,C:\OSS-Goias\documentos\ABEVIDA\CRESM\2024\21_Relatorio_Comparativo_Recursos\RELATORIO-FINANCEIRO-MENSAL-12.2024-2.pdf,RELATORIO-FINANCEIRO-MENSAL-12.2024-2,7,1,CRESM,,,,,"Relatório Financeiro Mensal de Dezembro/2024 do CRESM (Complexo de Referência Estadual em Saúde Mental), gerido pela ABEVIDA (Associação Brasileira de Esperança e Vida), contrato de gestão nº 002/2014-SES, 9º Termo Aditivo vigente de 26/07/2024 a 26/07/2026. Previsão de repasse mensal custeio: R$ 3.001.551,80. Saldo anterior (aplicações financeiras): Custeio R$ 2.965.445,25, Investimento R$ 818.991,27, Fundo Rescisório R$ 50.282,88. Total disponível: R$ 6.929.722,02. Saldo final em aplicações: Custeio R$ 2.240.389,69, Investimento R$ 415.593,81, Fundo Rescisório R$ 7.857,41. O documento indica 'Saldo Bancário Final em 31/01/2023' mas a competência é Dezembro/2024 e a assinatura é de 31/12/2024 — trata-se provavelmente de erro de digitação no campo de data do saldo final. Total resgates registrado como R$ 3.045.722,51 e total aplicações financeiras como R$ 1.843.140,82, porém os itens detalhados mostram 0,00 — possível consolidação anterior inclusa.",ABEVIDA,2024,12,mensal,,18,0.0,4265881.11,6280.99,3057018.43,,,2663840.91,3834719.4
2024,C:\OSS-Goias\documentos\Albert Einstein\HUGO\2024\21_Relatorio_Comparativo_Recursos\Relatorio-mensal-comparativo-de-recursos-recebidos-gastos-e-dev-Dezembro-2024.pdf,Relatorio-mensal-comparativo-de-recursos-recebidos-gastos-e-dev-Dezembro-2024,11,1,HUGO,,,,,"Hospital: HOSPITAL ESTADUAL DE URGÊNCIAS DE GOIÁS - DR. VALDEMIRO CRUZ (HUGO). OSS gestora: Sociedade Beneficente Israelita Brasileira Hospital Albert Einstein. Contrato de Gestão 097/2024 SES/GO. Vigência: 07/08/2024 a 04/12/2027. Previsão de repasse mensal custeio: R$ 21.322.433,06. Repasse SES Custeio no mês: R$ 20.585.534,06 (sendo R$ 20.446.046,88 repasse principal + R$ 139.487,18 Piso de Enfermagem). Repasse Investimento: R$ 4.534.324,64. Repasse Rescisório: R$ 203.381,50. Total repasses SES: R$ 25.323.240,20. Recursos devolvidos à contratante: R$ 0,00. Saldo bancário anterior: R$ 49.254.775,72. Saldo bancário final em 31/12/2024: R$ 44.407.039,59. Recursos_recebidos_ses calculado como soma dos repasses SES (Custeio 20.585.534,06 + Investimento 4.534.324,64 + Rescisório 203.381,50 = 25.323.240,20); recursos_recebidos_outras_fontes = rendimentos (483.933,93) + recuperação de despesas (268.180,47) + devolução saldo caixa (71.210,87) + outros = 823.325,27. Nota: os valores de recursos_recebidos_ses e outras_fontes foram ajustados para refletir apenas os repasses SES diretos e demais entradas respectivamente.",Albert Einstein,2024,12,mensal,,23,0.0,30994301.6,1357649.87,20788915.56,,,44407039.59,49254775.72
2024,C:\OSS-Goias\documentos\Albert Einstein\HUGO\2024\21_Relatorio_Comparativo_Recursos\Relatorio-mensal-comparativo-de-recursos-recebidos-gastos-e-dev-Outubro-2024.xlsx,Relatorio-mensal-comparativo-de-recursos-recebidos-gastos-e-dev-Outubro-2024,16,1,HUGO,,,,,"O documento contém duas abas: 'Agosto 2024' (competência 10/2024, contrato 097/2024, vigência 07/08/2024 a 04/12/2027) e '1 a 7 Agosto' (competência 07/2024, contrato 054/2014, vigência até 06/08/2024). Os dados extraídos referem-se à aba principal 'Agosto 2024' com competência outubro/2024 (10/2024). O saldo final calculado no documento é R$ 33.566.384,20. Repasse de investimento de R$ 5.702.182,48 foi incluído em recursos_recebidos_outras_fontes junto com recuperação de despesas (478.774,19) e devolução de saldo de caixa (219.174,88) = 6.400.131,55, pois apenas o custeio é repasse SES direto de operação corrente; os rendimentos financeiros (311.475,71) também foram considerados em outras fontes. Nota: a previsão mensal de repasse custeio é R$ 21.322.433,06.",Albert Einstein,2024,10,mensal,,9,91631.96,26705475.2,711249.9,21196166.63,,,33566384.2,32455717.47
2024,C:\OSS-Goias\documentos\Albert Einstein\HUGO\2024\21_Relatorio_Comparativo_Recursos\Relatorio-mensal-comparativo-de-recursos-recebidos-gastos-e-devolvidos-ao-Poder-Publico-Novembro-2024.pdf,Relatorio-mensal-comparativo-de-recursos-recebidos-gastos-e-devolvidos-ao-Poder-Publico-Novembro-2024,14,1,HUGO,,,,,"Relatório competência 11/2024. Hospital HUGO (Hospital Estadual de Urgências de Goiás - Dr. Valdemiro Cruz). OSS: Sociedade Benef. Israelita Bras. Hospital Albert Einstein. Contrato 097/2024 SES/GO, vigência 07/08/2024 a 04/12/2027. Previsão repasse mensal custeio R$ 21.322.433,06. Repasse custeio recebido R$ 21.290.821,46 (incluindo Piso de Enfermagem R$ 69.460,25). Repasse investimento R$ 14.402.538,06. Repasse rescisório R$ 317.405,75. Saldo anterior R$ 33.566.384,20. Saldo final R$ 49.254.775,72. Valores devolvidos à contratante: R$ 0,00. Total das aplicações financeiras R$ 33.078.413,51. Pagamentos investimento R$ 0,00. recursos_recebidos_ses calculado como soma dos repasses SES: custeio (21.290.821,46) + investimento (14.402.538,06) + rescisório (317.405,75) = 36.010.765,27. recursos_recebidos_outras_fontes: rendimentos (343.040,66) + recuperação de despesas (4.834.450,98) + devolução caixa (51.607,95) + reembolso (411.988,57) = 5.641.087,16.",Albert Einstein,2024,11,mensal,,10,0.0,25963461.91,5641087.16,36010765.27,,,49254775.72,33566384.2
2024,documentos\IMED\PFRE\2024\99_NaoClassificado\RELATORIO-MENSAL-RECURSOS-RECEBIDOS-E-GASTOS-E.pdf,RELATORIO-MENSAL-RECURSOS-RECEBIDOS-E-GASTOS-E,0,0,PFRE,,,,,"Nota Técnica Explicativa informando que no mês de julho de 2024 não houve Relatório mensal comparativo de recursos recebidos, gastos e devolvidos ao Poder Público, devido à inexistência de recebimento e pagamento no período. Documento emitido pela IMED, gestora da Policlínica Estadual da Região do Entorno - Formosa, em 29 de agosto de 2024, assinado pelo Diretor Financeiro André Silva Sader.",IMED,2024,7,mensal,,0,,,,,,,,
2024,documentos\IMED\PFRE\2024\99_NaoClassificado\RELATORIO_FINANCEIRO_DOS_RECURSOS_102024_POLICLINICA_DE_FORMOSA.xlsx,RELATORIO_FINANCEIRO_DOS_RECURSOS_102024_POLICLINICA_DE_FORMOSA,6,1,PFRE,,,,,"Policlínica Estadual da Região do Entorno - Unidade Formosa. Termo de Colaboração 88/2024, vigência 10/07/2024 a 10/01/2025. Previsão de repasse mensal custeio: R$ 12.965.508,30. Repasse custeio recebido: R$ 2.107.995,81 (conta BB AG 0712-9 C/C 88001-9). Rendimento sobre aplicação financeira: R$ 23.980,07 (não somado ao total de entradas conforme planilha). Recuperação de despesas: R$ 1.739,26. Total de pagamentos custeio conforme subtotal: R$ 1.742.412,19; total geral dos pagamentos: R$ 1.889.649,65. Nenhum valor devolvido à contratante. Saldo em aplicação financeira (BB APLICAÇÃO 88001-9): saldo anterior R$ 3.034.854,56; saldo final R$ 4.958.862,04.",IMED,2024,10,mensal,,25,0,1889649.65,1739.26,2107995.81,,,4958862.04,3034854.56
2024,documentos\IMED\HETRIN\2024\99_NaoClassificado\RELATORIO_FINANCEIRO_DOS_RECURSOS_OUTUBRO_HETRIN.pdf,RELATORIO_FINANCEIRO_DOS_RECURSOS_OUTUBRO_HETRIN,7,1,HETRIN,,,,,"Relatorio Financeiro Mensal - Outubro/2024. Hospital de Urgencias de Trindade - HETRIN. Contrato de Gestao 037/2021. Previsao de repasse mensal custeio: R$ 5.796.227,99. Previsao de repasse mensal investimento: R$ 0,00. Saldo bancario anterior (01/10/2024): R$ 40.084.140,17. Saldo bancario final (31/10/2024): R$ 33.409.144,85. Total de resgates de aplicacao financeira: R$ 15.296.705,88. Total de aplicacoes financeiras: R$ 9.779.940,38. Total de glosas: R$ 0,00. Recursos extracontratuais: R$ 145.552,54. Documento assinado digitalmente por Luciana Fernandes de Souza e Rafael da Silva Oliveira.",IMED,2024,10,mensal,,29,0.0,12960420.58,171243.79,5507441.54,,,33409144.85,40084140.17
2024,C:\OSS-Goias\documentos\ABEVIDA\CRESM\2024\21_Relatorio_Comparativo_Recursos\RELATOTIO-FINANCEIRO-MENSAL-01.2021.xlsx,RELATOTIO-FINANCEIRO-MENSAL-01.2021,5,1,CREDEQ,,,,,"Unidade gerida: CREDEQ - Centro de Referência e Excelência em Dependência Química. Contrato de Gestão nº 002/2014 - SES, vigência do 5º Termo Aditivo: 27/01/2021 a 25/07/2021. Previsão de repasse mensal (custeio): R$ 2.023.964,19. Repasse recebido no mês: R$ 1.399.283,93 (inferior à previsão). Rendimento sobre aplicações financeiras (custeio): R$ 439,04. Total de resgates de aplicação financeira: R$ 1.539.822,90. Total de aplicações financeiras realizadas: R$ 882.399,92. Glosa total: R$ 22.290,75 (referente à Enel). Valores devolvidos à contratante: R$ 0,00. Filename: RELATOTIO-FINANCEIRO-MENSAL-01.2021.xlsx.",ABEVIDA,2021,1,mensal,,13,0.0,1680056.51,8103.32,1399283.93,,,581821.14,854051.36
2024,C:\OSS-Goias\documentos\ABEVIDA\CRESM\2024\21_Relatorio_Comparativo_Recursos\RELATOTIO-FINANCEIRO-MENSAL-02.2021.xlsx,RELATOTIO-FINANCEIRO-MENSAL-02.2021,5,1,CREDEQ,,,,,"Unidade gerida: CREDEQ - Centro de Referência e Excelência em Dependência Química. Contrato de Gestão nº 002/2014 - SES, 5º Termo Aditivo vigente de 27/01/2021 a 25/07/2021. Previsão de repasse mensal de custeio: R$ 2.023.964,19. Repasse efetivo no mês: R$ 300.000,00. Total de resgates de aplicação financeira: R$ 878.406,17. Total de aplicações financeiras: R$ 681.720,39. Glosa Enel: R$ 24.555,03. Total glosas: R$ 24.555,03. CNPJ OSS: 02.812.043/0001-05. CNPJ Unidade: 02.812.043/0012-50. Relatório assinado em Aparecida de Goiânia, 28/02/2021. Nota: o campo 'TOTAL DE GERAL PAGAMENTOS' no documento apresenta valor 0, possivelmente erro de preenchimento; o valor correto de pagamentos custeio é R$ 889.502,35.",ABEVIDA,2021,2,mensal,,13,0.0,889502.35,8138.17,300000.0,,,456.96,581821.14
2024,C:\OSS-Goias\documentos\ABEVIDA\CRESM\2024\21_Relatorio_Comparativo_Recursos\RELATOTIO-FINANCEIRO-MENSAL-03.2021.xlsx,RELATOTIO-FINANCEIRO-MENSAL-03.2021,8,1,CREDEQ,,,,,"Documento refere-se ao CREDEQ (Centro de Referência e Excelência em Dependência Química), gerido pela ABEVIDA (CNPJ 02.812.043/0001-05), competência março/2021. Contrato de Gestão nº 002/2014 - SES, 5º Termo Aditivo vigente de 27/01/2021 a 25/07/2021. Previsão de repasse mensal: R$ 2.023.964,19 (Custeio) e R$ 0,00 (Investimento). Total de pagamentos custeio: R$ 3.299.069,99. Total das glosas: R$ 22.030,30 (Glosa Enel). Saldo bancário final em 31/01/2021 (provável erro de data no documento, deveria ser 31/03/2021): R$ 3.166.224,99. recursos_recebidos_ses calculado como soma de Repasse Custeio (6.308.612,84) + Repasse Investimento (147.440,00) = 6.456.052,84. recursos_recebidos_outras_fontes = Rendimentos CUSTEIO (652,25) + Outras entradas (8.132,93) = 8.785,18.",ABEVIDA,2021,3,mensal,,17,0.0,3299069.99,8785.18,6456052.84,,,3166224.99,456.96
2024,C:\OSS-Goias\documentos\ABEVIDA\CRESM\2024\21_Relatorio_Comparativo_Recursos\RELATOTIO-FINANCEIRO-MENSAL-04.2021.xlsx,RELATOTIO-FINANCEIRO-MENSAL-04.2021,8,1,CREDEQ,,,,,"Unidade gerida: CREDEQ - Centro de Referência e Excelência em Dependência Química. OSS: ABEVIDA (CNPJ: 02.812.043/0001-05). Contrato de Gestão nº 002/2014 - SES, 5º Termo Aditivo vigência 27/01/2021 a 25/07/2021. Previsão de repasse mensal custeio: R$ 2.023.964,19. Repasse recebido em abril/2021: R$ 2.005.378,56. Resgate de aplicação financeira (custeio): R$ 2.339.233,95. Aplicação financeira (custeio): R$ 3.738.872,84. O saldo bancário final indicado no cabeçalho do item 7 menciona '31/01/2021' porém a competência do relatório é abril/2021. Total de glosas: R$ 23.215,72 (referente à Enel). Saldo bancário final apresenta pequena divergência: R$ 2.400.160,11 (item 7) vs R$ 2.400.160,06 (saldo bancário final detalhado). Valor utilizado: R$ 2.400.160,06.",ABEVIDA,2021,4,mensal,,15,0.0,2771807.83,364.39,2005378.56,,,2400160.06,3166224.99
2024,C:\OSS-Goias\documentos\ABEVIDA\CRESM\2024\21_Relatorio_Comparativo_Recursos\RELATOTIO-FINANCEIRO-MENSAL-05.2021.pdf,RELATOTIO-FINANCEIRO-MENSAL-05.2021,5,1,CREDEQ,,,,,"Relatório Financeiro Mensal competência Maio/2021. Unidade gerida: CREDEQ - Centro de Referência e Excelência em Dependência Química. OSS: ABEVIDA (CNPJ 02.529.964/0001-57). Contrato de Gestão nº 002/2014 - SES, 5º Termo Aditivo vigência 27/01/2021 a 25/07/2021. Previsão repasse mensal custeio: R$ 2.023.964,19; investimento: R$ 0,00. Repasse custeio recebido: R$ 1.995.964,19; repasse investimento: R$ 122.900,00. Rendimento aplicação custeio: R$ 2.741,29; outras entradas (recuperação de despesas): R$ 8.132,93. Total aplicação financeira custeio: R$ 1.520.117,28. Total resgates custeio: R$ 1.836.819,66. Saldo bancário final em 31/01/2021 (data indicada no documento, possivelmente erro tipográfico - deveria ser 31/05/2021): R$ 2.086.198,97, composto por aplicações CEF AG 1626 C/A 2752-0: R$ 2.086.193,21 e poupança C/P 5147-1: R$ 5,76. Total glosas: R$ 21.964,39 (Glosa Enel). Fonte: SIPEF - Relatório Financeiro fluxo de caixa XXIX. O filename indica maio/2021, consistente com a competência declarada.",ABEVIDA,2021,5,mensal,,15,0.0,2443699.5,122900.0,1995964.19,,,2086198.97,2400160.06
2024,C:\OSS-Goias\documentos\ABEVIDA\CRESM\2024\21_Relatorio_Comparativo_Recursos\RELATOTIO-FINANCEIRO-MENSAL-06.2021.xlsx,RELATOTIO-FINANCEIRO-MENSAL-06.2021,5,1,CREDEQ,,,,,"Unidade gerida: CREDEQ - Centro de Referência e Excelência em Dependência Química. OSS: ABEVIDA (CNPJ 02.812.043/0001-05). Contrato de Gestão nº 002/2014 - SES, 5º Termo Aditivo vigência 27/01/2021 a 25/07/2021. Previsão de repasse mensal custeio: R$ 2.023.964,19. Repasse efetivo custeio: R$ 1.730.886,58. Rendimentos sobre aplicações financeiras (custeio): R$ 3.618,89. Outras entradas (recuperação de despesas): R$ 8.247,11. Total de resgates de aplicação: R$ 2.009.169,94. Total de aplicações financeiras: R$ 1.718.000,00. Total de glosas: R$ 22.246,48 (Glosa Enel). Saldo bancário final referenciado como 31/01/2021 no documento, mas competência é junho/2021.",ABEVIDA,2021,6,mensal,,15,0.0,2030303.63,11866.0,1730886.58,,,1798647.92,2086198.97
2024,C:\OSS-Goias\documentos\ABEVIDA\CRESM\2024\21_Relatorio_Comparativo_Recursos\RELATOTIO-FINANCEIRO-MENSAL-07.2021-1.pdf,RELATOTIO-FINANCEIRO-MENSAL-07.2021-1,5,1,CREDEQ,,,,,"Unidade gerida: CREDEQ - Centro de Referência e Excelência em Dependência Química. Contrato de Gestão nº 002/2014 - SES, 5º Termo Aditivo vigente de 27/01/2021 a 25/07/2021. Glosa Enel: R$ 17.395,50. Saldo anterior composto principalmente por aplicações financeiras (R$ 1.798.642,15). Resgate de aplicação custeio: R$ 1.628.054,26. Aplicação financeira custeio no período: R$ 279.110,93. Saldo final em 31/07/2021: R$ 451.876,12. O filename indica julho/2021 e a pasta indica 2024, mas o documento é de competência julho/2021.",ABEVIDA,2021,7,mensal,,12,0.0,1785410.48,127455.69,292672.25,,,451876.12,1798647.92
2024,C:\OSS-Goias\documentos\ABEVIDA\CRESM\2024\21_Relatorio_Comparativo_Recursos\RELATOTIO-FINANCEIRO-MENSAL-08.2021.pdf,RELATOTIO-FINANCEIRO-MENSAL-08.2021,5,1,CREDEQ,,,,,"Relatório referente à competência Agosto/2021. Unidade: CREDEQ - Centro de Referência e Excelência em Dependência Química. Contrato de Gestão nº 002/2014-SES, 5º Termo Aditivo vigente de 27/01/2021 a 25/07/2021. Previsão de repasse mensal custeio: R$ 2.023.964,19. Repasse efetivo custeio: R$ 1.950.856,63. Outras entradas incluem rendimentos sobre aplicações (R$ 1.306,65) e recuperação de despesas (R$ 10.299,09). Total de glosas: R$ 21.140,78 (Glosa Enel). Saldo final em 31/08/2021: R$ 895.251,45. O documento indica data final como 31/01/2021 no campo 7, mas a competência declarada é Agosto/2021.",ABEVIDA,2021,8,mensal,,12,0.0,1519087.04,11605.74,1950856.63,,,895251.45,451876.12
2024,C:\OSS-Goias\documentos\ABEVIDA\CRESM\2024\21_Relatorio_Comparativo_Recursos\RELATOTIO-FINANCEIRO-MENSAL-09.2021.xlsx,RELATOTIO-FINANCEIRO-MENSAL-09.2021,6,1,CREDEQ,,,,,"Unidade gerida: CREDEQ - Centro de Referência e Excelência em Dependência Química. OSS: ABEVIDA (CNPJ 02.812.043/0001-05). Contrato de Gestão nº 002/2014 - SES. Vigência 5º Termo Aditivo: 27/01/2021 a 25/07/2021. Previsão repasse mensal custeio: R$ 2.023.964,19. Saldo anterior: R$ 895.251,45 (inclui aplicação R$ 895.245,66 + poupança R$ 5,79). Resgate de aplicação no mês: R$ 2.588.636,43. Nova aplicação no mês: R$ 1.812.854,32. Total de pagamentos custeio: R$ 2.996.348,40. Saldo final 31/09/2021: R$ 120.915,97. Total de glosas: R$ 23.997,85 (Enel). O campo 'TOTAL GERAL DE PAGAMENTOS' aparece como 0 no documento, divergindo do total de pagamentos custeio R$ 2.996.348,40 - possível erro na planilha original. Recursos recebidos outras fontes inclui rendimentos (R$ 1.446,63) + recuperação de despesas (R$ 871.256,83).",ABEVIDA,2021,9,mensal,,16,0.0,2996348.4,872703.46,1349309.46,,,120915.97,895251.45
2024,C:\OSS-Goias\documentos\ABEVIDA\CRESM\2024\21_Relatorio_Comparativo_Recursos\RELATOTIO-FINANCEIRO-MENSAL-10.2021.pdf,RELATOTIO-FINANCEIRO-MENSAL-10.2021,5,1,CREDEQ,,,,,"Relatório Financeiro Mensal referente a Outubro/2021 do CREDEQ (Centro de Referência e Excelência em Dependência Química), gerido pela ABEVIDA. Contrato de Gestão nº 002/2014-SES, 5º Termo Aditivo vigente de 27/01/2021 a 25/07/2021. Previsão de repasse mensal custeio: R$ 2.023.964,19; investimento: R$ 0,00. Saldo bancário final em 31/01/2021 conforme documento (possível erro de data no doc, competência é outubro/2021). Total das glosas: R$ 32.226,60 (Glosa Enel). Rendimentos sobre aplicações financeiras custeio: R$ 2.300,71. Resgate de aplicação custeio: R$ 1.353.143,59. Aplicação financeira custeio: R$ 2.189.583,10.",ABEVIDA,2021,10,mensal,,13,0.0,2159891.83,16076.57,2980254.77,,,959656.19,120915.97
2024,C:\OSS-Goias\documentos\ABEVIDA\CRESM\2024\21_Relatorio_Comparativo_Recursos\RELATOTIO-FINANCEIRO-MENSAL-11.2021-1.xlsx,RELATOTIO-FINANCEIRO-MENSAL-11.2021-1,10,1,CREDEQ,,,,,"Documento refere-se ao CREDEQ (Centro de Referência e Excelência em Dependência Química), não CRESM conforme instrução. OSS gestora: ABEVIDA (Associação Brasileira de Esperança e Vida). Contrato de Gestão Nº 002/2014 - SES. Competência: Novembro/2021. Vigência do 6º Termo Aditivo: 26/07/2021 a 25/07/2022. Valor do repasse mensal contratado: R$ 2.267.292,64. Glosa Enel: R$ 31.754,42. O fluxo de caixa na Sheet 'AGOSTO 2021' refere-se ao mês de Novembro/2021 (título indica MÊS/ANO: NOVEMBRO/2021). Há discrepâncias entre as duas sheets nos valores de saídas (Sheet1: R$ 2.714.211,04 vs Planilha1: R$ 2.711.277,71 em pagamentos custeio).",ABEVIDA,2021,11,mensal,,14,0.0,2714211.04,138593.17,2294655.86,,,678695.18,959656.19
2024,C:\OSS-Goias\documentos\ABEVIDA\CRESM\2024\21_Relatorio_Comparativo_Recursos\RELATOTIO-FINANCEIRO-MENSAL-12.2021.pdf,RELATOTIO-FINANCEIRO-MENSAL-12.2021,5,1,CREDEQ,,,,,"Relatório Financeiro Mensal referente à competência Dezembro/2021. Unidade gerida: CREDEQ - Centro de Referência e Excelência em Dependência Química. Contrato de Gestão nº 002/2014 - SES, vigência do 5º Termo Aditivo: 27/01/2021 a 25/07/2021. OSS: ABEVIDA (CNPJ 02.812.043/0001-05). Saldo bancário final em 31/01/2021 (data indicada no documento, possivelmente erro tipográfico devendo ser 31/12/2021): R$ 879.757,90, composto por Aplicações CEF (R$ 629.752,02) e Poupança CEF (R$ 250.005,88). Glosa Enel: R$ 30.139,66. Total de pagamentos - custeio: R$ 3.573.965,15. Pagamentos de investimento: R$ 0,00.",ABEVIDA,2021,12,mensal,,18,0.0,3573965.15,230976.27,3544051.6,,,879757.9,678695.18
2024,"C:\OSS-Goias\documentos\AGIR\HUGOL\2024\21_Relatorio_Comparativo_Recursos\Relatório mensal comparativo de recursos recebidos, gastos e devolvidos ao Poder Público_01-2024-HUGOL_RET.pdf","Relatório mensal comparativo de recursos recebidos, gastos e devolvidos ao Poder Público_01-2024-HUGOL_RET",8,1,HUGOL,,,,,"Competência 01/2024. Contrato de Gestão 003/2014 SES/GO - 11° Termo Aditivo, vigência 15/07/2023 a 15/07/2026. Previsão de repasse mensal custeio: R$ 33.007.376,07. Repasse custeio recebido inclui CEF C/C 6945-0 (R$ 32.081.056,28) e CEF C/C 6948-5 Fundo de Provisão Rescisões (R$ 351.714,03). Outras entradas incluem contratação de empréstimo (R$ 3.148.837,59), reembolsos e reembolso repasse SES (R$ 222.249,22). Total de glosas: R$ 0,00 (valores não informados pela SES). Saldo bancário final em 31/01/2024: R$ 372.004,38.",AGIR,2024,1,mensal,,13,122.75,36418960.71,3378766.12,32432770.31,,,372004.38,943067.82
2024,"C:\OSS-Goias\documentos\AGIR\HUGOL\2024\21_Relatorio_Comparativo_Recursos\Relatório mensal comparativo de recursos recebidos, gastos e devolvidos ao Poder Público_02-2024-HUGOL_RET.pdf","Relatório mensal comparativo de recursos recebidos, gastos e devolvidos ao Poder Público_02-2024-HUGOL_RET",8,1,HUGOL,,,,,"Competência 02/2024. Repasse mensal contratual de custeio: R$ 33.007.376,07. Repasse recebido via CEF C/C 6945-0 (custeio): R$ 31.902.376,07 e via CEF C/C 6948-5 (Fundo de Provisão Rescisões): R$ 339.589,02. Rendimentos sobre aplicações financeiras: R$ 45.421,28. Outras entradas (reembolsos/empréstimo): R$ 615.786,01. Total de glosas: R$ 0,00. Valores de glosas não informados devido ao não recebimento das informações por parte da SES. Documento assinado digitalmente em 01/10/2024.",AGIR,2024,2,mensal,,13,0.0,32877978.77,661207.29,31902376.07,,,397197.99,372004.38
2024,"C:\OSS-Goias\documentos\AGIR\HUGOL\2024\21_Relatorio_Comparativo_Recursos\Relatório mensal comparativo de recursos recebidos, gastos e devolvidos ao Poder Público_03-2024-HUGOL_RET.pdf","Relatório mensal comparativo de recursos recebidos, gastos e devolvidos ao Poder Público_03-2024-HUGOL_RET",8,1,HUGOL,,,,,"Competência 03/2024. Repasse SES CUSTEIO: R$ 32.314.976,48 (item 2.1). Outras entradas (item 2.5): R$ 440.829,81 incluindo contratação de empréstimo R$ 250.000,00, reembolsos e estornos. Rendimentos sobre aplicações financeiras: R$ 57.628,50. Total de entradas: R$ 32.813.434,79. Total de pagamentos custeio: R$ 33.177.766,42. Valores devolvidos à contratante: R$ 0,00. Saldo bancário final em 31/03/2024: R$ 32.866,36. Total das glosas: R$ 0,00 (valores não informados pela SES). Previsão de repasse mensal custeio: R$ 33.007.376,07. Contrato de Gestão 003/2014 SES/GO - 11° Termo Aditivo, vigência 15/07/2023 a 15/07/2026.",AGIR,2024,3,mensal,,13,0.0,33177766.42,498458.31,32314976.48,,,32866.36,397197.99
2024,"C:\OSS-Goias\documentos\AGIR\HUGOL\2024\21_Relatorio_Comparativo_Recursos\Relatório mensal comparativo de recursos recebidos, gastos e devolvidos ao Poder Público_04-2024-HUGOL_RET.pdf","Relatório mensal comparativo de recursos recebidos, gastos e devolvidos ao Poder Público_04-2024-HUGOL_RET",9,1,HUGOL,,,,,"Competência 04/2024. Repasse SES Custeio: R$ 32.070.602,38 (item 2.1). Repasse Investimento: R$ 0,00. Outras entradas incluem: Contratação de Empréstimo R$ 1.118.000,00, Reembolso Unimed R$ 2.847,12, Reembolso Sentença Judicial R$ 9.579,33, Reembolso Estorno de pagamento R$ 971.987,46. Rendimento sobre aplicações financeiras custeio: R$ 60.803,80. Total Valores Devolvidos à Contratante: R$ 0,00. Total das Glosas: R$ 0,00. Saldo bancário anterior: R$ 32.866,36. Saldo bancário final em 30/04/2024: R$ 1.270.237,83. Contrato de Gestão 003/2014 SES/GO - 11° Termo Aditivo. Previsão de repasse mensal custeio: R$ 33.007.376,07.",AGIR,2024,4,mensal,,11,0.0,32996448.62,2163217.71,32070602.38,,,1270237.83,32866.36
2024,"C:\OSS-Goias\documentos\AGIR\HUGOL\2024\21_Relatorio_Comparativo_Recursos\Relatório mensal comparativo de recursos recebidos, gastos e devolvidos ao Poder Público_05-2024-HUGOL_RET.pdf","Relatório mensal comparativo de recursos recebidos, gastos e devolvidos ao Poder Público_05-2024-HUGOL_RET",9,1,HUGOL,,,,,"Repasse SES Custeio inclui: CEF C/C 6945-0 Custeio R$33.380.077,85 + Fundo de Provisão Rescisões R$345.000,00 + Piso de Enfermagem R$10.365.866,31. Repasse Investimento: R$5.294.041,07. Rendimentos sobre aplicações financeiras Custeio: R$88.101,20 e Investimento: R$15.726,18. Saldo bancário final em 31/05/2024. Total glosas: R$0,00. Valores de glosas não informados devido ao não recebimento das informações por parte da SES. Relatório assinado em 27/09/2024.",AGIR,2024,5,mensal,,10,0.0,42243705.87,247965.9,44090944.16,,,8763310.47,1270237.83
2024,"C:\OSS-Goias\documentos\AGIR\HUGOL\2024\21_Relatorio_Comparativo_Recursos\Relatório mensal comparativo de recursos recebidos, gastos e devolvidos ao Poder Público_06-2024-HUGOL_RET.xlsx","Relatório mensal comparativo de recursos recebidos, gastos e devolvidos ao Poder Público_06-2024-HUGOL_RET",8,1,HUGOL,,,,,"Repasse Custeio: R$ 32.045.727,19; Repasse Investimento: R$ 1.000.000,00. Rendimentos sobre aplicações Custeio: R$ 53.610,41; Investimento: R$ 40.696,13. Outras entradas (reembolsos): R$ 141.338,94. Total de pagamentos Custeio: R$ 33.994.358,01; Investimento: R$ 0. Total valores devolvidos: R$ 0. Glosas totais: R$ 615.639,10 (Residentes cedidos: R$ 177.925,18; Não cumprimento metas: R$ 0; Fatura Equatorial: R$ 437.713,92). Contrato de Gestão 003/2014 - 11° Termo Aditivo, vigência 15/07/2023 a 15/07/2026. Previsão repasse mensal Custeio: R$ 33.215.727,19.",AGIR,2024,6,mensal,,15,0.0,33994358.01,141338.94,32045727.19,,,8050325.13,8763310.47
2024,"C:\OSS-Goias\documentos\AGIR\HUGOL\2024\21_Relatorio_Comparativo_Recursos\Relatório mensal comparativo de recursos recebidos, gastos e devolvidos ao Poder Público_07-2024-HUGOL_RET.pdf","Relatório mensal comparativo de recursos recebidos, gastos e devolvidos ao Poder Público_07-2024-HUGOL_RET",9,1,HUGOL,,,,,"Competência 07/2024. Saldo anterior: R$ 8.050.325,13. Total entradas: R$ 38.464.935,95. Total resgates de aplicação: R$ 28.772.645,63. Total aplicações financeiras: R$ 28.066.674,92. Total pagamentos custeio: R$ 37.376.034,27. Total pagamentos investimento: R$ 1.702.572,00. Total valores devolvidos: R$ 0,00. Saldo final em 31/07/2024: R$ 7.436.654,81. Previsão de repasse mensal contrato de gestão (custeio): R$ 33.215.727,19. Previsão de repasse mensal (investimento): R$ 0,00. Glosas: R$ 0,00 (valores não informados pela SES). Contrato de Gestão 003/2014 SES/GO - 11° Termo Aditivo, vigência 15/07/2023 a 15/07/2026.",AGIR,2024,7,mensal,,21,0.0,39078606.27,105646.13,34276440.14,,,7436654.81,8050325.13
2024,"C:\OSS-Goias\documentos\AGIR\HUGOL\2024\21_Relatorio_Comparativo_Recursos\Relatório mensal comparativo de recursos recebidos, gastos e devolvidos ao Poder Público_08-2024-HUGOL_RET.xlsx","Relatório mensal comparativo de recursos recebidos, gastos e devolvidos ao Poder Público_08-2024-HUGOL_RET",9,1,HUGOL,,,,,"Repasse Custeio recebido: R$ 34.673.337,88 (sendo R$ 33.363.192,74 na CEF C/C 6945-0 e R$ 1.310.145,14 no Fundo de Provisão). Repasse Investimento: R$ 397.809,98. Rendimentos sobre aplicações Custeio: R$ 68.527,67. Rendimentos sobre aplicações Investimento: R$ 57.927,78. Outras entradas (reembolsos): R$ 213.853,59. Total de pagamentos Custeio: R$ 32.239.625,49. Total de pagamentos Investimento: R$ 105.051,44. Valores devolvidos à contratante: R$ 0. Glosas: R$ 0 (não informadas pela SES). Previsão de repasse mensal Custeio contratual: R$ 33.215.727,19. Contrato de Gestão 003/2014 - 11º Termo Aditivo, vigência 15/07/2023 a 15/07/2026.",AGIR,2024,8,mensal,,14,0.0,32344676.93,213853.59,34673337.88,,,10503434.78,7436654.81
2024,"C:\OSS-Goias\documentos\AGIR\HUGOL\2024\21_Relatorio_Comparativo_Recursos\Relatório mensal comparativo de recursos recebidos, gastos e devolvidos ao Poder Público_09-2024-HUGOL.pdf","Relatório mensal comparativo de recursos recebidos, gastos e devolvidos ao Poder Público_09-2024-HUGOL",9,1,HUGOL,,,,,"Competência 09/2024. Repasse SES Custeio inclui R$ 728.993,15 de Piso de Enfermagem. Repasse Investimento: R$ 1.336.853,60. Recursos executados = Total Geral dos Pagamentos (Custeio R$ 31.114.020,02 + Investimento R$ 1.155.237,70). Valores devolvidos à contratante: R$ 0,00. Saldo anterior: R$ 10.503.434,78. Saldo final em 30/09/2024: R$ 12.697.994,80. Total de glosas: R$ 0,00. recursos_recebidos_ses calculado como soma do Repasse Custeio (32.832.702,04) + Repasse Investimento (1.336.853,60) = 34.169.555,64.",AGIR,2024,9,mensal,,15,0.0,32269257.72,154096.21,34169555.64,,,12697994.8,10503434.78
2024,"C:\OSS-Goias\documentos\AGIR\HUGOL\2024\21_Relatorio_Comparativo_Recursos\Relatório mensal comparativo de recursos recebidos, gastos e devolvidos ao Poder Público_10-2024-HUGOL.xlsx","Relatório mensal comparativo de recursos recebidos, gastos e devolvidos ao Poder Público_10-2024-HUGOL",9,1,HUGOL,,,,,"Repasse Custeio: R$ 33.447.937,61 (CEF C/C 6945-0). Repasse Investimento: R$ 79.500,00. Rendimento Custeio: R$ 84.636,20. Rendimento Investimento: R$ 61.146,84. Outras entradas (reembolsos): R$ 101.365,82. Total Resgates de Aplicação: R$ 22.035.207,57. Total Aplicações Financeiras: R$ 21.280.837,05. Saldo anterior: R$ 12.697.994,80. Saldo final em 31/10/2024: R$ 12.011.366,44. Glosas: R$ 0,00. Contrato 003/2014 SES/GO - 11º Termo Aditivo. Vigência: 15/07/2023 a 14/07/2026. Previsão repasse mensal custeio: R$ 33.215.727,19.",AGIR,2024,10,mensal,,11,28482.52,34432732.31,246648.86,33447937.61,,,12011366.44,12697994.8
2024,"C:\OSS-Goias\documentos\AGIR\HUGOL\2024\21_Relatorio_Comparativo_Recursos\Relatório mensal comparativo de recursos recebidos, gastos e devolvidos ao Poder Público_11-2024-HUGOL.pdf","Relatório mensal comparativo de recursos recebidos, gastos e devolvidos ao Poder Público_11-2024-HUGOL",9,1,HUGOL,,,,,"Competência 11/2024. Repasse mensal previsto em contrato: R$ 33.215.727,19 (custeio) e R$ 0,00 (investimento). Contrato de Gestão 003/2014 SES/GO, 11º Termo Aditivo, vigência 15/07/2023 a 14/07/2026. Recursos recebidos SES calculados como soma de repasse custeio (31.673.818,22) + repasse investimento (3.903.559,36). Glosas: todas zeradas (valores não informados pela SES). Saldo bancário final em 30/11/2024.",AGIR,2024,11,mensal,,16,179502.73,35258966.73,571865.18,35577377.58,,,12879210.5,12011366.44
2024,"C:\OSS-Goias\documentos\AGIR\HUGOL\2024\21_Relatorio_Comparativo_Recursos\Relatório mensal comparativo de recursos recebidos, gastos e devolvidos ao Poder Público_12-2024-HUGOL.xlsx","Relatório mensal comparativo de recursos recebidos, gastos e devolvidos ao Poder Público_12-2024-HUGOL",9,1,HUGOL,,,,,"Competência 12/2024. Previsão de repasse mensal custeio: R$ 37.579.858,81. Repasse investimento previsto: R$ 0. Total de pagamentos custeio: R$ 41.555.381,66. Total de pagamentos investimento: R$ 470.577,12. Total geral pagamentos: R$ 42.025.958,78. Valores devolvidos à contratante referem-se exclusivamente a investimento (R$ 21.990,00). Total glosas: R$ 0. Saldo bancário final em 31/12/2024: R$ 12.152.942,32. Contrato de Gestão nº 003/2014 SES/GO - 12º Termo Aditivo, vigência 15/07/2023 a 14/07/2026. OSS: Associação de Gestão Inovação e Resultados em Saúde (AGIR). Recursos_recebidos_outras_fontes corresponde a rendimentos financeiros (custeio + investimento) mais outras entradas (reembolsos etc): 64839.06+68766.76+30702.63=164308.45 — valor registrado como 163308.45 conforme soma do documento (30702.63+64839.06+68766.76).",AGIR,2024,12,mensal,,17,21990.0,42025958.78,163308.45,41157372.15,,,12152942.32,12879210.5
2025,C:\OSS-Goias\documentos\ISG\HDT\2025\21_Relatorio_Comparativo_Recursos\01.2025-Relatorio-Pdf_-ass.pdf,01.2025-Relatorio-Pdf_-ass,7,1,HDT,,,,,"Contrato de Gestão 091/2012 SES/GO, 16º Termo Aditivo, vigência 25/06/2023 a 24/06/2025. Previsão de repasse mensal custeio: R$ 7.634.070,56. Repasse efetivo custeio (2.1): R$ 7.666.638,36. Outras entradas incluem: restituição fundo fixo (R$ 331,48), devolução de pagamento indevido (R$ 191.030,27) e outras entradas (R$ 3.800,00). Total resgates de aplicação financeira: R$ 13.747.830,49 (movimentação interna). Nota explicativa: mapa de repasses/glosas da competência ainda não disponibilizado pela SES.",ISG,2025,1,mensal,,10,0.0,6913693.09,222694.77,7666638.36,,,2826775.59,1851135.55
2025,C:\OSS-Goias\documentos\ISG\HDT\2025\21_Relatorio_Comparativo_Recursos\02.2025-Relatorio-Excel.pdf,02.2025-Relatorio-Excel,7,1,HDT,,,,,"Competência fevereiro/2025. Contrato de Gestão 091/2012 SES/GO - 16º Termo Aditivo. Previsão de repasse mensal custeio: R$ 7.634.070,56. O repasse efetivo de custeio em fevereiro foi de R$ 14.990.301,24 (possivelmente inclui competências anteriores). Mapa de repasses/glosas da competência não disponibilizado pela SES. Total de glosas: R$ 0. Saldo bancário final em 28/02/2025: R$ 8.131.742,08. Total de entradas inclui resgate de aplicação de R$ 7.370.308,91 (movimentação interna). Recursos recebidos outras fontes calculados como soma de rendimentos (38.699,70) + reembolso (86,35) + devolução pagamento indevido (191.030,27) + outras entradas (3.800,00).",ISG,2025,2,mensal,,13,0.0,9918951.07,233616.32,14990301.24,,,8131742.08,2826775.59
2025,C:\OSS-Goias\documentos\ISG\HDT\2025\21_Relatorio_Comparativo_Recursos\03.2025-Relatorio.pdf,03.2025-Relatorio,5,1,HDT,,,,,"Competência: Março/2025. Contrato de Gestão 091/2012 SES/GO, 16º Termo Aditivo 2º Ano (25/06/2023 a 24/06/2025). Previsão de repasse mensal custeio: R$ 7.634.070,56. Repasse investimento: R$ 0. Outras entradas incluem: Reembolso de despesas R$ 11.745,50, Devolução de Pagamento Indevido R$ 191.030,27, Outras entradas R$ 3.800,00. Rendimento sobre aplicações financeiras custeio: R$ 32.815,52. Total de resgates de aplicação: R$ 9.904.543,11 (inclui resgate custeio R$ 1.625.520,45). Valores devolvidos à contratante: R$ 0. Nota: mapa de repasses/glosas da competência não disponibilizado pela SES, não sendo possível informar valores de glosas.",ISG,2025,3,mensal,,8,0.0,7352963.37,239575.77,8039631.37,,,9057801.37,8131742.08
2025,C:\OSS-Goias\documentos\ISG\HDT\2025\21_Relatorio_Comparativo_Recursos\04.2025-Relatorio-1.pdf,04.2025-Relatorio-1,6,1,HDT,,,,,"Contrato de Gestão 091/2012 SES/GO, 16º Termo Aditivo 2º Ano (vigência 25/06/2023 a 24/06/2025). Previsão de repasse mensal custeio: R$ 7.634.070,56. Repasse efetivo de custeio no mês: R$ 696.766,51 (inferior à previsão). Outras entradas incluem: Devolução de Pagamento Indevido R$ 161.640,11 e Outras entradas R$ 3.800,00. Total de resgates de aplicação financeira: R$ 5.619.888,92. Valores devolvidos à contratante: R$ 0. Nota: mapa de repasses/glosas da competência ainda não disponibilizado pela SES.",ISG,2025,4,mensal,,9,0.0,8340798.16,209661.55,696766.51,,,1623431.27,9057801.37
2025,C:\OSS-Goias\documentos\ISG\HDT\2025\21_Relatorio_Comparativo_Recursos\05.2025-Relatorio-Excel.pdf,05.2025-Relatorio-Excel,8,1,HDT,,,,,"Contrato de Gestão nº 091/2012 SES/GO - 16º Termo Aditivo 2º Ano (vigência 25/06/2023 a 24/06/2025). Previsão de repasse mensal custeio: R$ 7.634.070,56. O repasse recebido (R$ 8.056.274,87) é superior à previsão mensal. Nota explicativa: mapa de repasses/glosas da competência ainda não foi disponibilizado pela SES, portanto não é possível informar os valores das glosas. Total de glosas: R$ 0,00. Saldo anterior: R$ 1.623.431,27; Saldo final: R$ 1.615.884,11. Recursos recebidos de outras fontes incluem rendimentos financeiros (R$ 37.968,54), devolução de pagamento indevido (R$ 175.987,29) e outras entradas (R$ 3.800,00), totalizando R$ 217.755,83.",ISG,2025,5,mensal,,14,0.0,8281577.86,217755.83,8056274.87,,,1615884.11,1623431.27
2025,C:\OSS-Goias\documentos\ISG\HDT\2025\21_Relatorio_Comparativo_Recursos\06.2025-Relatorio-Excel.pdf,06.2025-Relatorio-Excel,7,1,HDT,,,,,"Contrato de Gestão 091/2012 SES/GO - 16º Termo Aditivo 2º Ano (vigência 25/06/2023 a 24/06/2025). Previsão de repasse mensal custeio: R$ 7.634.070,56. Repasse efetivo custeio: R$ 6.044.125,29. O mapa de repasses/glosas da competência junho/2025 ainda não foi disponibilizado pela SES, portanto não é possível informar os valores das glosas. Total dos resgates de aplicação financeira: R$ 9.700.970,71 (inclui resgate aplicação custeio R$ 3.456.768,23). Valores devolvidos à contratante: R$ 0,00.",ISG,2025,6,mensal,,14,0.0,6851231.56,200277.19,6044125.29,,,1008855.03,1615884.11
2025,C:\OSS-Goias\documentos\IPGSE\HERSO\2025\21_Relatorio_Comparativo_Recursos\07-relatorio-mensal-julho-11-08-2025-7ca55ec83c.xlsx,07-relatorio-mensal-julho-11-08-2025-7ca55ec83c,12,1,HERSO,,,,,"Hospital Estadual de Santa Helena de Goiás - Dr. Albanir Faleiros Machado (HERSO). Termo de Colaboração nº 101/2024 SES-GO. Vigência início: 30/08/2024. CNPJ OSS: 18.176.322/0002-32. CNPJ Unidade: 02.529.964/0014-71. Saldo bancário final em 31/07/2025 composto integralmente por aplicações financeiras (R$ 7.786.709,68). Bloqueio judicial de R$ 4.072,88. Total de glosas: zero. Repasse SES: Custeio R$ 6.606.897,97 + Investimento R$ 376.743,40 + Aplicação 3% R$ 55.793,04 = R$ 7.039.434,41. Rendimentos sobre aplicações financeiras: R$ 127.972,83. Devolução de pagamento indevido: R$ 234,00.",IPGSE,2025,7,mensal,,21,0,7168833.94,127972.83,7039434.41,,,7786709.68,7791975.26
2025,C:\OSS-Goias\documentos\IPGSE\HERSO\2025\21_Relatorio_Comparativo_Recursos\07-relatorio-mensal-julho-11-08-2025-e42f812108.pdf,07-relatorio-mensal-julho-11-08-2025-e42f812108,12,1,HERSO,,,,,"Competência 07/2025. Termo de Colaboração nº 101/2024 SES-GO. Previsão de repasse mensal do contrato de gestão/aditivo - investimento: R$ 6.097.982,84. Repasses recebidos: Custeio R$ 6.606.897,97 + Investimento R$ 376.743,40 + Aplicação 3% R$ 55.793,04 = R$ 7.039.434,41. Rendimentos sobre aplicações financeiras: R$ 127.972,83. Devolução de pagamento indevido: R$ 234,00. Total de pagamentos custeio: R$ 7.168.833,94. Total pagamentos investimento: R$ 0,00. Valores devolvidos à contratante: R$ 0,00. Bloqueio judicial: R$ 4.072,88. Saldo bancário final em 31/07/2025 em aplicações financeiras: R$ 7.786.709,68. Total glosas: R$ 0,00. Responsáveis: Diógenes Alves Nascimento (Sup. Financeiro) e Dener Ferreira Borges (Contador CRC-GO 016886/O7). Assinado digitalmente em 08/08/2025.",IPGSE,2025,7,mensal,,21,0.0,7168833.94,127972.83,7039434.41,,,7786709.68,7791975.26
2025,C:\OSS-Goias\documentos\ISG\HDT\2025\21_Relatorio_Comparativo_Recursos\07.2025-Relatorio-Excel.pdf,07.2025-Relatorio-Excel,10,1,HDT,,,,,"Competência: Julho/2025. Contrato de Gestão 091/2012 SES/GO - 18º Termo Aditivo. Previsão de repasse mensal CUSTEIO: R$ 8.717.100,95. Repasse efetivamente recebido: R$ 13.043.051,05 (pode incluir competências anteriores). Saldo anterior: R$ 1.008.855,03. Total Resgates (incluindo resgate de aplicação R$ 3.386.155,00) totaliza R$ 16.574.971,55 conforme documento. Nota explicativa: mapa de repasses/glosas da competência não disponibilizado pela SES. Total glosas: R$ 0,00.",ISG,2025,7,mensal,,17,0.0,9120956.35,145765.5,13043051.05,,,5076715.23,1008855.03
2025,C:\OSS-Goias\documentos\IPGSE\HERSO\2025\21_Relatorio_Comparativo_Recursos\08-relatorio-mensal-agosto-09-09-2025-221dce2631.xlsx,08-relatorio-mensal-agosto-09-09-2025-221dce2631,12,1,HERSO,,,,,"Hospital Estadual de Santa Helena de Goiás - Dr. Albanir Faleiros Machado (HERSO). Termo de Colaboração nº 101/2024 SES-GO. Vigência a partir de 30/08/2024. Repasses recebidos da SES: Custeio R$ 6.805.620,16 + Investimento R$ 479.107,92 + Aplicação 3% R$ 383.460,94 = R$ 7.668.188,02. Rendimentos sobre aplicações financeiras: R$ 137.857,67. Devolução de pagamento indevido: R$ 15.480,00. Saldo anterior (aplicações financeiras): R$ 7.786.709,68. Total pagamentos custeio: R$ 6.571.353,71. Total pagamentos investimento: R$ 0. Valores devolvidos à contratante: R$ 0. Saldo bancário final em 31/08/2025: R$ 9.034.838,42. Bloqueio judicial: R$ 2.044,24. Glosas: zero.",IPGSE,2025,8,mensal,,21,0,6571353.71,137857.67,7668188.02,,,9034838.42,7786709.68
2025,C:\OSS-Goias\documentos\IPGSE\HERSO\2025\21_Relatorio_Comparativo_Recursos\08-relatorio-mensal-agosto-09-09-2025-cb3ff8007f.pdf,08-relatorio-mensal-agosto-09-09-2025-cb3ff8007f,12,1,HERSO,,,,,"Relatório Financeiro Mensal de agosto/2025. Organização Social: IPGSE (Instituto de Planejamento e Gestão de Serviços Especializado). Hospital: HERSO (Hospital Estadual de Santa Helena de Goiás - Dr. Albanir Faleiros Machado). Termo de Colaboração nº 101/2024 SES-GO. Previsão de repasse mensal (investimento): R$ 6.097.982,84. Saldo bancário anterior (aplicações financeiras): R$ 7.786.709,68. Total entradas (incluindo resgates): R$ 14.006.586,88. Saldo final em 31/08/2025: R$ 9.034.838,42. Total das glosas: zero. Recursos recebidos SES calculado como soma dos repasses 2.1+2.2+2.3 = R$ 7.668.189,02. Recursos de outras fontes = rendimentos (R$ 137.857,67) + devolução pagamento indevido (R$ 15.480,00) = R$ 153.337,67.",IPGSE,2025,8,mensal,,23,0.0,6571353.71,153337.67,7668189.02,,,9034838.42,7786709.68
2025,C:\OSS-Goias\documentos\ISG\HDT\2025\21_Relatorio_Comparativo_Recursos\08.2025-Relatorio.pdf,08.2025-Relatorio,7,1,HDT,,,,,"Contrato de Gestão nº 091/2012 SES/GO - 18º Termo Aditivo. Previsão de repasse mensal custeio: R$ 8.717.100,95. Repasse efetivo custeio agosto/2025: R$ 9.199.120,30. Saldo anterior: R$ 5.076.715,23. Total resgates de aplicação: R$ 15.880.248,79. Total aplicações financeiras: R$ 0. Valores devolvidos à contratante: R$ 0. Nota explicativa: o mapa de repasses/glosas desta competência ainda não foi disponibilizado pela SES, portanto não é possível informar os valores das glosas. Vigência: 24/06/2025 a 24/06/2028.",ISG,2025,8,mensal,,10,0.0,8944840.83,268505.01,9199120.3,,,5599500.71,5076715.23
2025,documentos\IMED\HETRIN\2025\99_NaoClassificado\08_2025_RELATORIO_RECURSOS_RECEBIDOS_GASTOS_AGO25.pdf,08_2025_RELATORIO_RECURSOS_RECEBIDOS_GASTOS_AGO25,7,1,HETRIN,,,,,"Relatório Financeiro Mensal referente a agosto/2025. Hospital de Urgências de Trindade Walda Ferreira dos Santos (HETRIN), gerido pela IMED, Contrato de Gestão 037/2021, vigência 25/08/2023 a 24/08/2027. Previsão de repasse mensal custeio: R$ 5.796.227,99. Repasse custeio recebido: R$ 5.595.897,80 (inclui R$ 5.545.534,54 conta corrente custeio + R$ 50.363,26 fundo rescisório). Recursos Extracontratuais: R$ 1.218.054,59. Total entradas: R$ 7.306.879,25. Total saídas: R$ 15.164.582,39. Valores devolvidos à contratante: R$ 0,00. Saldo bancário final em 31/08/2025: R$ 36.739.906,93. Total glosas: R$ 0,00.",IMED,2025,8,mensal,,21,0.0,15164582.39,1229932.39,5595897.8,,,36739906.93,44597610.07
2025,C:\OSS-Goias\documentos\IPGSE\HERSO\2025\21_Relatorio_Comparativo_Recursos\09-relatorio-mensal-setembro-13-10-2025-74e7d79b66.xlsx,09-relatorio-mensal-setembro-13-10-2025-74e7d79b66,12,1,HERSO,,,,,"Hospital Estadual de Santa Helena de Goiás - Dr. Albanir Faleiros Machado (HERSO). OSS: IPGSE (CNPJ 18.176.322/0002-32). Termo de Colaboração nº 101/2024 SES-GO. Vigência a partir de 30/08/2024. Previsão de repasse mensal (custeio): R$ 6.097.982,84. Repasses recebidos no mês: Custeio R$ 6.568.050,25 + Investimento R$ 17.340,00 + Aplicação 3% R$ 326.390,08. Rendimentos sobre aplicações: R$ 133.072,17. Outras entradas: Recuperação de Despesas R$ 22,49 + Devolução de Pagamento Indevido R$ 10.327,72. Bloqueio Judicial: R$ 2.034,46. Total de glosas: R$ 0. Saldo final em aplicações financeiras: R$ 8.669.220,17.",IPGSE,2025,9,mensal,,21,0,7418786.5,133094.66,6911780.33,,,8669220.17,9034838.42
2025,C:\OSS-Goias\documentos\IPGSE\HERSO\2025\21_Relatorio_Comparativo_Recursos\09-relatorio-mensal-setembro-13-10-2025-f8140b1b5e.pdf,09-relatorio-mensal-setembro-13-10-2025-f8140b1b5e,12,1,HERSO,,,,,"Relatório Financeiro Mensal referente à competência 09/2025. Hospital: HERSO (Hospital Estadual de Santa Helena de Goiás - Dr. Albanir Faleiros Machado). OSS gestora: IPGSE (Instituto de Planejamento e Gestão de Serviços Especializado). Termo de Colaboração nº 101/2024 SES-GO. Previsão de repasse mensal do contrato de gestão/aditivo - Investimento: R$ 6.097.982,84. Repasses recebidos da SES: Custeio R$ 6.568.050,25 + Investimento R$ 17.340,00 + Aplicação 3% R$ 326.390,08 = R$ 6.911.780,33. Rendimentos sobre aplicações financeiras: R$ 133.072,17. Outras entradas (recuperação de despesas): R$ 22,49. Devolução de pagamento indevido: R$ 10.327,72. Total de pagamentos custeio: R$ 7.418.786,50. Total de pagamentos investimento: R$ 0,00. Valores devolvidos à contratante: R$ 0,00. Bloqueio judicial: R$ 2.034,46. Saldo final em 30/09/2025: R$ 8.669.220,17 (integralmente em aplicações financeiras). Total das glosas: R$ 0,00.",IPGSE,2025,9,mensal,,21,0.0,7418786.5,133094.66,6911780.33,,,8669220.17,9034838.42
2025,C:\OSS-Goias\documentos\ISG\HDT\2025\21_Relatorio_Comparativo_Recursos\09.2025-Relatorio.pdf,09.2025-Relatorio,7,1,HDT,,,,,"Competência setembro/2025. Contrato de Gestão 091/2012 SES/GO, 18º Termo Aditivo. Previsão de repasse mensal custeio: R$ 8.717.100,95. Repasse efetivo recebido: R$ 8.798.697,98. Outras entradas incluem rendimentos (R$ 99.672,10), reembolso de despesas (R$ 6.173,37), devolução de pagamento indevido (R$ 10.011,68), desbloqueio judicial (R$ 23.400,81) e outras (R$ 3.600,00). Saldo bancário final em 31/08/2025 (data indicada no documento). Total de glosas: R$ 0,00 - mapa de repasses/glosas da competência ainda não disponibilizado pela SES.",ISG,2025,9,mensal,,13,0.0,8883384.39,142857.96,8798697.98,,,5657672.26,5599500.71
2025,C:\OSS-Goias\documentos\IPGSE\HERSO\2025\21_Relatorio_Comparativo_Recursos\10-relatorio-mensal-outubro-10-11-2025-ec4ea0d7c3.xlsx,10-relatorio-mensal-outubro-10-11-2025-ec4ea0d7c3,13,1,HERSO,,,,,"Relatório mensal de outubro/2025. Hospital Estadual de Santa Helena de Goiás - Dr. Albanir Faleiros Machado (HERSO). Termo de Colaboração nº 101/2024 SES-GO. Vigência iniciada em 30/08/2024. Saldo anterior (01/10/2025): R$ 8.669.220,17 em aplicações financeiras. Total de entradas no período (sem resgates): R$ 7.478.294,00, sendo R$ 6.633.409,49 repasse custeio + R$ 37.559,89 repasse investimento + R$ 652.780,16 repasse aplicação 3% + R$ 153.069,23 rendimentos + R$ 1.475,23 recuperação de despesas. Total pagamentos custeio: R$ 6.330.298,15. Pagamentos investimento: R$ 0,00. Valores devolvidos à contratante: R$ 0,00. Bloqueio judicial: R$ 1.296,23. Saldo final em 31/10/2025: R$ 9.815.919,79 (integralmente em aplicações financeiras). Previsão de repasse mensal do contrato: R$ 6.097.982,84.",IPGSE,2025,10,mensal,,17,0,6330298.15,154544.46,7323749.54,,,9815919.79,8669220.17
2025,C:\OSS-Goias\documentos\IPGSE\HERSO\2025\21_Relatorio_Comparativo_Recursos\10-relatorio-mensal-outubro-10-11-2025-f0f7587945.pdf,10-relatorio-mensal-outubro-10-11-2025-f0f7587945,13,1,HERSO,,,,,"Competência 10/2025. Termo de Colaboração nº 101/2024 SES-GO. Previsão de repasse mensal: R$ 6.097.982,84. Repasses recebidos da SES: Custeio R$ 6.633.409,49 + Investimento R$ 37.559,89 + Aplicação 3% R$ 652.780,16 = R$ 7.323.749,54. Rendimentos sobre aplicações financeiras: R$ 153.069,23. Recuperação de Despesas: R$ 1.475,23. Saldo bancário final em 31/10/2025: R$ 9.815.919,79 (integralmente em aplicações financeiras). Total de glosas: R$ 0,00. Bloqueio judicial: R$ 1.296,23. Total de pagamentos de investimento: R$ 0,00. Valores devolvidos à contratante: R$ 0,00.",IPGSE,2025,10,mensal,,17,0.0,6330298.15,154544.46,7323749.54,,,9815919.79,8669220.17
2025,C:\OSS-Goias\documentos\ISG\HDT\2025\21_Relatorio_Comparativo_Recursos\10.2025-Relatorio.pdf,10.2025-Relatorio,7,1,HDT,,,,,"Contrato de Gestão 091/2012 SES/GO - 18º Termo Aditivo 1º Ano (vigência 24/06/2025 a 24/06/2028). Previsão repasse mensal custeio: R$ 8.717.100,95. Repasse custeio recebido: R$ 9.306.032,17; Repasse investimento: R$ 140.459,96. Saldo final datado de 31/08/2025 no documento (divergência com competência outubro/2025). O mapa de repasses/glosas desta competência ainda não foi disponibilizado pela SES. Total glosas: R$ 0,00. Recursos_recebidos_ses calculado como soma de repasse custeio (9.306.032,17) + repasse investimento (140.459,96) = 9.446.492,13. Recursos_recebidos_outras_fontes: devolução pagamento indevido (31.859,79) + outras entradas (3.800,00) = 35.659,79.",ISG,2025,10,mensal,,10,0.0,7554534.44,35659.79,9446492.13,,,7585289.74,5657672.26
2025,C:\OSS-Goias\documentos\IMED\HETRIN\2025\99_NaoClassificado\10_2025_RELATORIO-MENSAL-RECURSOS-RECEBIDOS-E-GASTOS_OUT25.pdf,10_2025_RELATORIO-MENSAL-RECURSOS-RECEBIDOS-E-GASTOS_OUT25,7,1,HETRIN,,,,,"Competência indicada no documento: SETEMBRO/2025. Filename indica período 10/2025 (outubro). Conforme orientação, foi mantido o período do filename (2025-10). Contrato 037/2021. Previsão de repasse mensal custeio: R$ 5.796.227,99. Saldo final em 30.09.2025: R$ 32.669.086,76. Outras entradas (R$ 1.118.948,61) compostas por rendimentos de aplicações (custeio R$ 410.248,05 + investimento R$ 36.706,62) e outras entradas R$ 671.993,94 (incl. Recursos Extracontratuais R$ 665.183,62).",IMED,2025,10,mensal,,16,0,12954522.23,1118948.61,6057463.55,,,32669086.76,36739906.93
2025,C:\OSS-Goias\documentos\Albert Einstein\HUGO\2025\21_Relatorio_Comparativo_Recursos\11-2025-Relatorio-mensal-comparativo-de-recursos-recebidos-gastosv2.pdf,11-2025-Relatorio-mensal-comparativo-de-recursos-recebidos-gastosv2,10,1,HUGO,,,,,"Competência 11/2025. Repasse SES (Custeio R$ 21.680.547,54 + Investimento R$ 643.000,00 + Rescisório R$ 1.879.489,62 = R$ 24.203.037,16). Outras fontes: Rendimentos de Aplicações R$ 614.637,00 + Recuperação de Despesas R$ 483,00 + Receitas Não Governamentais (Doações) R$ 86.509,60 = R$ 701.629,60. Total entradas: R$ 24.904.666,76. Saídas totais: R$ 27.887.865,76 (Custeio R$ 27.405.424,60 + Investimento R$ 470.861,16 + Devolução R$ 11.580,00). Saldo final R$ 48.726.571,18 (banco + aplicações financeiras, excluindo movimentação de aplicação). Glosa por não cumprimento de metas 03/10: R$ 154.736,44. Previsão de repasse mensal contratual custeio: R$ 25.051.562,75.",Albert Einstein,2025,11,mensal,,15,11580.0,27876285.76,701629.6,24203037.16,,,48726571.18,51709770.18
2025,C:\OSS-Goias\documentos\IPGSE\HERSO\2025\21_Relatorio_Comparativo_Recursos\11-relatorio-mensal-novembro-09-12-2025-67658df41b.pdf,11-relatorio-mensal-novembro-09-12-2025-67658df41b,12,1,HERSO,,,,,"Relatório Mensal Comparativo de Recursos - Competência 11/2025. Hospital Estadual de Santa Helena de Góias - Dr. Albanir Faleiros Machado (HERSO). OSS: IPGSE (Instituto de Planejamento e Gestão de Serviços Especializado). Termo de Colaboração nº 101/2024 SES-GO. Vigência a partir de 30/08/2024. Previsão de repasse mensal: R$ 6.097.982,84. Repasse CUSTEIO recebido: R$ 6.402.844,40. Repasse APLICAÇÃO 3% recebido: R$ 3.216.905,81. Total valores devolvidos à contratante: R$ 0,00. Bloqueio Judicial: R$ 1.937,49. Glosas: R$ 0,00. Saldo bancário final em 30/11/2025: R$ 12.934.875,19 (integralmente em aplicações financeiras).",IPGSE,2025,11,mensal,,22,9998.0,6627045.53,3216905.81,6402844.4,,,12934875.19,9815919.79
2025,C:\OSS-Goias\documentos\IPGSE\HERSO\2025\21_Relatorio_Comparativo_Recursos\11-relatorio-mensal-novembro-09-12-2025-de28a77415.xlsx,11-relatorio-mensal-novembro-09-12-2025-de28a77415,12,1,HERSO,,,,,"Relatório Mensal de Novembro/2025 do Hospital Estadual de Santa Helena de Góias - Dr. Albanir Faleiros Machado (HERSO), gerido pelo IPGSE, Termo de Colaboração nº 101/2024 SES-GO, vigência a partir de 30/08/2024. Previsão de repasse mensal do contrato: R$ 6.097.982,84. Repasses SES: Custeio R$ 6.402.844,40 + Aplicação 3% R$ 3.216.905,81 = R$ 9.619.750,21. Total valores devolvidos à contratante no período: R$ 0,00 (a devolução de R$ 9.998,00 refere-se à rubrica 5.1.18 Devolução de Verba ao Poder Público). Glosas: zero. Saldo final em 30/11/2025: R$ 12.934.875,19.",IPGSE,2025,11,mensal,,33,9998.0,6627045.53,138186.21,9619750.21,,,12934875.19,9815919.79
2025,C:\OSS-Goias\documentos\ISG\HDT\2025\21_Relatorio_Comparativo_Recursos\11.2025-Relatorio-Excel.pdf,11.2025-Relatorio-Excel,9,1,HDT,,,,,"Repasse SES custeio: R$ 8.575.392,18 (previsão mensal R$ 8.717.100,95). Outras entradas incluem rendimentos sobre aplicações (R$ 119.052,18), desbloqueio judicial (R$ 33.650,72) e outras (R$ 3.800,00). Total entradas: R$ 8.731.895,08. Saldo anterior: R$ 7.585.289,74. Saldo final: R$ 7.431.684,32. Nenhum valor devolvido à contratante. O mapa de repasses/glosas da competência 11/2025 não foi disponibilizado pela SES. Contrato de Gestão 091/2012 SES/GO - 18º Termo Aditivo.",ISG,2025,11,mensal,,9,0.0,8885500.5,156502.9,8575392.18,,,7431684.32,7585289.74
2025,documentos\IMED\HETRIN\2025\99_NaoClassificado\11_2025_RELATORIO-MENSAL-RECURSOS-RECEBIDOS-E-GASTOS_NOV25.xlsx,11_2025_RELATORIO-MENSAL-RECURSOS-RECEBIDOS-E-GASTOS_NOV25,7,1,HUTRIN,,,,,"Hospital: HUTRIN (Hospital de Urgências de Trindade). OSS gestora: IMED (Instituto de Medicina Estudo e Desenvolvimento). Contrato de Gestão nº 037/2021, vigência 25/08/2023 a 24/08/2027. Previsão de repasse mensal custeio: R$ 5.796.227,99; investimento: R$ 0,00. Repasse custeio recebido em novembro/2025: R$ 5.578.278,53 (conta principal) + R$ 270.683,85 (fundo rescisório) = R$ 5.848.962,38. Recursos Extracontratuais: R$ 131.934,38. Rendimentos sobre aplicações financeiras custeio: R$ 273.772,01; investimento: R$ 31.602,22. Total entradas: R$ 6.286.870,27. Total saídas: R$ 10.362.193,40. Valores devolvidos à contratante: R$ 0,00. Saldo anterior: R$ 29.836.046,20; saldo final: R$ 26.007.055,23. Glosas: R$ 0,00.",IMED,2025,11,mensal,,23,0.0,10362193.4,132532.66,5848962.38,,,26007055.23,29836046.2
2025,C:\OSS-Goias\documentos\Albert Einstein\HUGO\2025\21_Relatorio_Comparativo_Recursos\12-2025-Relatorio-mensal-comparativo-de-recursos-recebidos-gastos-1.xlsx,12-2025-Relatorio-mensal-comparativo-de-recursos-recebidos-gastos-1,17,1,HUGO,,,,,"Hospital identificado no documento como HOSPITAL ESTADUAL DE URGÊNCIAS DE GOIÁS - DR. VALDEMIRO CRUZ (HUGO). OSS gestora: SOCIEDADE BENEF. ISRAELITA BRAS. HOSPITAL ALBERT EINSTEIN. Contrato de Gestão 097/2024 SES/GO - 1º Termo Aditivo. Vigência: 07/08/2024 a 04/12/2027. Previsão de repasse mensal de custeio: R$ 25.051.562,75. Repasse de investimento previsto: R$ 0. Glosa por não cumprimento de metas (04/10): R$ 154.736,44. O saldo bancário final é referenciado no documento como '31/09/2025', porém o relatório é de competência 12/2025 (possível erro tipográfico no documento original). Repasses SES incluem custeio, investimento e rescisório.",Albert Einstein,2025,12,mensal,,30,33690.83,32773924.2,119353.6,24398964.21,,,45019203.21,48726571.18
2025,C:\OSS-Goias\documentos\ISG\HDT\2025\21_Relatorio_Comparativo_Recursos\12.2024-Relatorio.pdf,12.2024-Relatorio,7,1,HDT,,,,,"Competência DEZEMBRO/2024. Contrato de Gestão 091/2012 SES/GO - 16º Termo Aditivo 2º Ano (25/06/2024 a 24/06/2025). Previsão de repasse mensal custeio: R$ 7.634.070,56. Repasse efetivo recebido: R$ 7.816.629,36. Glosas: servidores cedidos folha 11/2024 R$ 1.389.134,31; Residência Médica 11/2024 R$ 93.799,68; não cumprimento de metas R$ 219.510,00; Energia Elétrica 11/2024 R$ 88.887,36; Total glosas R$ 1.791.331,35. Nota: mapa de repasses/glosas da competência não disponibilizado pela SES.",ISG,2024,12,mensal,,14,0.0,9386130.69,278438.16,7816629.36,,,1851135.55,3142184.72
2025,C:\OSS-Goias\documentos\Albert Einstein\HUGO\2025\21_Relatorio_Comparativo_Recursos\12.2025-Fluxo_de_Caixa_12-2025_assinado-1.pdf,12.2025-Fluxo_de_Caixa_12-2025_assinado-1,17,1,HUGO,,,,,"Relatório referente à competência 12/2025 do HUGO (Hospital Estadual de Urgências de Goiás - Dr. Valdemiro Cruz), gerido pela Sociedade Beneficente Israelita Brasileira Hospital Albert Einstein. Contrato de Gestão 097/2024 SES/GO - 1º Termo Aditivo do Termo de Colaboração, vigência 07/08/2024 a 04/12/2027. Previsão de repasse mensal de custeio: R$ 25.051.562,75. Recursos recebidos SES incluem custeio (R$ 24.398.964,21), investimento (R$ 2.681.062,52) e rescisório (R$ 1.169.907,98), totalizando R$ 28.249.934,71. Total saídas financeiras: R$ 32.773.924,20 (custeio R$ 32.014.325,59 + investimento R$ 725.907,78 + devoluções R$ 33.690,83). Glosa por não cumprimento de metas (04/10): R$ 154.736,44. Saldo bancário final em 31/12/2025 (documento indica erroneamente 31/09/2025): R$ 45.019.203,21. Documento assinado digitalmente por Danilo da Silva Lili, Gerente Regional de Controladoria, em 07/01/2026.",Albert Einstein,2025,12,mensal,,27,33690.83,32773924.2,816621.52,28.24993471,,,45019203.21,48726571.18
2025,C:\OSS-Goias\documentos\FUNEV\HEANA\2025\21_Relatorio_Comparativo_Recursos\1736537185897-12_Relatorio_financeiro_mensal_HEANA.pdf,1736537185897-12_Relatorio_financeiro_mensal_HEANA,9,1,HEANA,,,,,"Relatório financeiro mensal de dezembro/2024 do Hospital Estadual de Anápolis Dr. Henrique Santillo (HEANA), gerido pela FUNEV. Contrato de Gestão nº 66/2019, vigência 18/11/2024 a 18/11/2027. Previsão de repasse mensal de custeio: R$ 9.747.841,12. Repasse CEF C/C 6886-1 Custeio: R$ 10.569.257,78; Fundo Rescisório: R$ 173.970,87. Glosas não disponibilizadas pela SES até a conclusão do relatório. Total das glosas: R$ 0,00. Outras entradas incluem movimentações financeiras e recuperação de despesas: R$ 2.300.356,85.",FUNEV,2024,12,mensal,,12,2586.83,12350252.04,2300356.85,10569257.78,,,8360209.28,7580648.48
2025,C:\OSS-Goias\documentos\FUNEV\HEANA\2025\21_Relatorio_Comparativo_Recursos\1736537185900-12_Relatorio_financeiro_mensal_HEANA.xlsx,1736537185900-12_Relatorio_financeiro_mensal_HEANA,8,1,HEANA,,,,,"Relatório mensal de dezembro/2024. Hospital: HEANA (Hospital Estadual de Anápolis Dr. Henrique Santillo). OSS gestora: FUNEV (Fundação Universitária Evangélica). Contrato de Gestão nº 66/2019, vigência 18/11/2024 a 18/11/2027. Previsão repasse mensal custeio: R$ 9.747.841,12. Repasse custeio SES recebido no mês: R$ 10.569.257,78 (inclui repasse fundo rescisório R$ 173.970,87). Total entradas incluem rendimentos de aplicações financeiras (custeio R$ 48.988,17; fundo rescisório R$ 9.048,03; investimento R$ 17.348,83; TAC R$ 13.429,14) e outras entradas R$ 2.300.356,85. Saldo final em 31/12/2024: R$ 8.360.209,28. Glosas não disponibilizadas pela SES até a conclusão do relatório.",FUNEV,2024,12,mensal,,14,2586.83,12350252.04,2300356.85,10569257.78,,,8360209.28,7580648.48
2025,C:\OSS-Goias\documentos\FUNEV\HEANA\2025\21_Relatorio_Comparativo_Recursos\1744328509747-0325_Relatorio_financeiro_mensal.pdf,1744328509747-0325_Relatorio_financeiro_mensal,8,1,HEANA,,,,,"Relatório Financeiro Mensal de março/2025 do Hospital Estadual de Anápolis Dr. Henrique Santillo (HEANA), gerido pela FUNEV. Previsão de repasse mensal de custeio: R$ 9.718.407,20. Repasse efetivo de custeio (CEF C/C 580133922-8): R$ 10.252.232,70. Repasse Fundo Rescisório: R$ 194.907,85. Item 2.5 'Outras entradas' apresenta valor negativo de -742.068,38 (movimentações financeiras e recuperação de despesas). Total de resgates financeiros: R$ 5.536.976,93. Total de aplicações financeiras: R$ 13.149.195,85. As informações referentes às glosas não foram disponibilizadas pela SES até a conclusão do relatório. Documento assinado em 10 de abril de 2025.",FUNEV,2025,3,mensal,,14,0.0,11270052.17,194907.85,10252232.7,,,13025923.67,14537372.67
2025,C:\OSS-Goias\documentos\FUNEV\HEANA\2025\21_Relatorio_Comparativo_Recursos\1744328509750-39.1_Fluxo_de_Caixa_03-2025_HEANA.xlsx,1744328509750-39.1_Fluxo_de_Caixa_03-2025_HEANA,8,1,HEANA,,,,,"Hospital Estadual de Anápolis Dr. Henrique Santillo (HEANA), gerido pela FUNEV (Fundação Universitária Evangélica), Contrato de Gestão 66/2019, vigência 18/11/2023 a 18/11/2027. Previsão de repasse mensal de custeio: R$ 9.718.407,20. Repasse efetivo de custeio SES em março/2025: R$ 10.252.232,70 (inclui também repasse fundo rescisório de R$ 194.907,85). Total de entradas (sem resgates): R$ 9.758.603,17. Total de saídas: R$ 11.270.052,17 (custeio R$ 11.105.855,17 + investimento R$ 164.197,00). Saldo inicial: R$ 14.537.372,67. Saldo final em 31/03/2025: R$ 13.025.923,67. Glosas: não foram disponibilizadas pela SES até a conclusão do relatório. Item 2.5 'Outras entradas' apresenta valor negativo de -R$ 742.068,38 (movimentações financeiras/recuperação de despesas). Relatório assinado em Anápolis, 10 de abril de 2025.",FUNEV,2025,3,mensal,,50,0,11270052.17,,10252232.7,,,13025923.67,14537372.67
2025,C:\OSS-Goias\documentos\FUNEV\HEANA\2025\21_Relatorio_Comparativo_Recursos\1744374338220-0125_Relatorio_financeiro_mensal.pdf,1744374338220-0125_Relatorio_financeiro_mensal,8,1,HEANA,,,,,"Relatório Financeiro Mensal de Janeiro/2025 do Hospital Estadual de Anápolis Dr. Henrique Santillo (HEANA), gerido pela FUNEV. Contrato de Gestão nº 66/2019, vigência 18/11/2023 a 18/11/2027. Previsão de repasse mensal de custeio: R$ 9.718.407,20. Repasse efetivo recebido da SES em janeiro/2025: R$ 9.901.786,64 (CEF C/C 580133922-8 - Custeio). Outras entradas incluem rendimentos financeiros (R$ 67.035,34 de rendimentos diversos) e recuperação de despesas (R$ 6.859,00). Total de resgates financeiros: R$ 11.565.639,25. Total de aplicações financeiras: R$ 9.158.927,98. Valores devolvidos à contratante: R$ 0,00. Glosas não disponibilizadas pela SES até a conclusão do relatório. Documento assinado eletronicamente em 10/04/2025.",FUNEV,2025,1,mensal,,12,0.0,11726231.63,74894.34,9901786.64,,,6610658.63,8360209.28
2025,C:\OSS-Goias\documentos\FUNEV\HEANA\2025\21_Relatorio_Comparativo_Recursos\1744374338226-39.1_Fluxo_de_Caixa_HEANA_01-2025.xlsx,1744374338226-39.1_Fluxo_de_Caixa_HEANA_01-2025,9,1,HEANA,,,,,"Hospital Estadual de Anápolis Dr. Henrique Santillo (HEANA), gerido pela FUNEV (Fundação Universitária Evangélica). Contrato de Gestão nº 66/2019, vigência 18/11/2023 a 18/11/2027. Previsão de repasse mensal custeio: R$ 9.718.407,20. Repasse efetivo recebido da SES (custeio): R$ 9.901.786,64. Recursos recebidos de outras fontes (rendimentos + outras entradas): R$ 17.662,05 + R$ 10.505,11 + R$ 26.368,00 + R$ 13.500,18 + R$ 6.859,00 = R$ 74.894,34. Total entradas do mês: R$ 9.976.680,98. Total saídas (pagamentos custeio + investimento): R$ 11.726.231,63. Total devolvido: R$ 0. Saldo bancário final em 31/01/2025: R$ 6.610.658,63. Glosas: informações não disponibilizadas pela SES até a conclusão do relatório. Conta TAC (577537688-5) com saldo inicial de R$ 3.190.856,02 e saldo final de R$ 3.217.224,02.",FUNEV,2025,1,mensal,,44,0.0,11726231.63,54535.34,9901786.64,,,6610658.63,8360209.28
2025,C:\OSS-Goias\documentos\FUNEV\HEANA\2025\21_Relatorio_Comparativo_Recursos\1744374363775-0225_Relatorio_financeiro_mensal.pdf,1744374363775-0225_Relatorio_financeiro_mensal,8,1,HEANA,,,,,"Relatório Financeiro Mensal de Fevereiro/2025 do Hospital Estadual de Anápolis Dr. Henrique Santillo (HEANA), gerido pela FUNEV. Contrato de Gestão nº 66/2019, vigência 18/11/2023 a 18/11/2027. Previsão de repasse mensal de custeio: R$ 9.718.407,20. Repasse CEF custeio acumulado no período: R$ 19.722.942,63 (inclui repasses de meses anteriores transitando). Outras entradas incluem movimentações financeiras e recuperação de despesas no valor negativo de -R$ 1.499.994,00. Glosas: informações não disponibilizadas pela SES até a conclusão do relatório. Saldo bancário final em 28/02/2025: R$ 14.537.372,67. Total das glosas: R$ 0,00.",FUNEV,2025,2,mensal,,14,17010.0,10707882.54,928663.95,19722942.63,,,14537372.67,6610658.63
2025,C:\OSS-Goias\documentos\FUNEV\HEANA\2025\21_Relatorio_Comparativo_Recursos\1744374363777-39.1_Fluxo_de_Caixa_02-2025_HEANA.xlsx,1744374363777-39.1_Fluxo_de_Caixa_02-2025_HEANA,8,1,HEANA,,,,,"Hospital Estadual de Anápolis Dr. Henrique Santillo (HEANA), gerido pela FUNEV (CNPJ 07.776.237/0001-08), Contrato de Gestão 66/2019, vigência 18/11/2023 a 18/11/2027. Previsão de repasse mensal de custeio: R$ 9.718.407,20. Repasse SES (custeio) no mês: R$ 19.722.942,63 (dois meses). Total de entradas: R$ 18.651.606,58 (líquido após movimentações financeiras internas). Total de resgates de aplicações: R$ 11.497.003,57. Total de aplicações financeiras: R$ 10.762.532,50. Total de pagamentos custeio: R$ 10.697.132,54. Total de pagamentos investimento: R$ 10.750,00. Valores devolvidos à contratante: R$ 17.010,00. Saldo final em 28/02/2025: R$ 14.537.372,67. As informações referentes às glosas não foram disponibilizadas pela SES até a conclusão deste relatório.",FUNEV,2025,2,mensal,,44,17010.0,10707882.54,,19722942.63,,,14537372.67,6610658.63
2025,C:\OSS-Goias\documentos\FUNEV\HEANA\2025\21_Relatorio_Comparativo_Recursos\1746996630591-0425_Relatório_Financeiro_Mensal.pdf,1746996630591-0425_Relatório_Financeiro_Mensal,8,1,HEANA,,,,,"Relatório Financeiro Mensal HEANA - Abril/2025. Contrato de Gestão nº 66/2019, vigência 18/11/2023 a 18/11/2027. Previsão de repasse mensal de custeio: R$ 9.718.407,20. Repasse SES CUSTEIO no período: R$ 1.850.902,64 e FUNDO RESCISÓRIO: R$ 188.204,41. Total resgates financeiros: R$ 9.701.267,98. Total aplicações financeiras: R$ 170.660,34. Glosas não disponibilizadas pela SES até a conclusão do relatório. Saldo bancário final em 30/04/2025: R$ 4.312.661,61. Recursos recebidos de outras fontes calculados como rendimentos totais (30.120,40 + 9.800,95 + 10.146,64 + 13.077,59 = 63.145,58) mais repasse fundo rescisório (188.204,41), totalizando 251.349,99.",FUNEV,2025,4,mensal,,12,0.0,10815514.69,251349.58,1850902.64,,,4312661.61,13025923.67
2025,C:\OSS-Goias\documentos\FUNEV\HEANA\2025\21_Relatorio_Comparativo_Recursos\1746996630595-39.1_Fluxo_de_Caixa_04-2025_HEANA.xlsx,1746996630595-39.1_Fluxo_de_Caixa_04-2025_HEANA,9,1,HEANA,,,,,"Hospital Estadual de Anápolis Dr. Henrique Santillo (HEANA), gerido pela FUNEV (CNPJ 07.776.237/0001-08), contrato de gestão 66/2019, vigência 18/11/2023 a 18/11/2027. Previsão de repasse mensal de custeio: R$ 9.718.407,20. Repasse efetivo de custeio no mês: R$ 1.850.902,64 (parcial). Total entradas: R$ 2.102.252,63 (inclui rendimentos e repasse fundo rescisório). Total saídas: R$ 10.815.514,69. Saldo final em 30/04/2025: R$ 4.312.661,61. Glosas: zero informado, com nota de que as informações de glosas não foram disponibilizadas pela SES até a conclusão do relatório. Relatório datado de 09/05/2025.",FUNEV,2025,4,mensal,,55,0,10815514.69,251349.99,1850902.64,,,4312661.61,13025923.67
2025,C:\OSS-Goias\documentos\FUNEV\HEANA\2025\21_Relatorio_Comparativo_Recursos\1749582024755-0525_Relatório_Financeiro_Mensal.pdf,1749582024755-0525_Relatório_Financeiro_Mensal,8,1,HEANA,,,,,"Relatório Financeiro Mensal de MAIO/2025. Hospital Estadual de Anápolis Dr. Henrique Santillo (HEANA). Contrato de Gestão nº 66/2019, vigência 18/11/2023 a 18/11/2027. Previsão de repasse mensal de custeio: R$ 9.718.407,20. Saldo inicial em maio/2025: R$ 4.312.661,61. Total de entradas: R$ 10.189.026,08. Total de resgates financeiros: R$ 10.739.537,27. Total de aplicações financeiras: R$ 10.514.436,86. Total de saídas: R$ 10.901.582,31. Total de valores devolvidos: R$ 6.140,00. Saldo bancário final em 31/05/2025: R$ 3.593.965,38. Glosas não disponibilizadas pela SES até a conclusão do relatório.",FUNEV,2025,5,mensal,,17,6140.0,10901582.31,401050.0,9338933.52,,,3593965.38,4312661.61
2025,C:\OSS-Goias\documentos\FUNEV\HEANA\2025\21_Relatorio_Comparativo_Recursos\1749582024758-39.1_Fluxo_de_Caixa_05-2025_HEANA.xlsx,1749582024758-39.1_Fluxo_de_Caixa_05-2025_HEANA,9,1,HEANA,,,,,"Hospital Estadual de Anápolis Dr. Henrique Santillo (HEANA), gerido pela FUNEV (CNPJ 07.776.237/0001-08), Contrato de Gestão 66/2019, vigência 18/11/2023 a 18/11/2027. Previsão de repasse mensal de custeio: R$ 9.718.407,20. O repasse SES de custeio (item 2.1.1) foi de R$ 9.338.933,52 e o repasse para Fundo Rescisório (item 2.1.2) foi de R$ 384.293,59. Outras entradas incluem movimentações financeiras e recuperação de despesas de R$ 401.050,00. Valores devolvidos à contratante (custeio) de R$ 6.140,00 referem-se ao resgate da conta de investimento. As informações referentes às glosas não foram disponibilizadas pela SES até a conclusão deste relatório. Relatório assinado em Anápolis, 06 de junho de 2025.",FUNEV,2025,5,mensal,,52,6140.0,10901582.31,401050.0,9338933.52,,,3593965.38,4312661.61
2025,C:\OSS-Goias\documentos\FUNEV\HEANA\2025\21_Relatorio_Comparativo_Recursos\1752192527154-Fluxo_de_Caixa_062025_HEANA.pdf,1752192527154-Fluxo_de_Caixa_062025_HEANA,8,1,HEANA,,,,,"Relatório Financeiro Mensal de junho/2025. Hospital Estadual de Anápolis Dr. Henrique Santillo (HEANA), gerido pela FUNEV. Contrato de Gestão nº 66/2019, vigência 18/11/2023 a 18/11/2027. Previsão de repasse mensal de custeio: R$ 9.718.407,20. Repasse efetivo de custeio no mês: R$ 10.031.693,98. Total de entradas inclui resgates de aplicações financeiras (R$ 8.869.422,14) e aplicações realizadas (R$ 8.938.439,67). As informações referentes às glosas não foram disponibilizadas pela SES até a conclusão deste relatório.",FUNEV,2025,6,mensal,,17,0.0,10252862.71,512691.19,10031693.98,,,3885465.93,3593965.38
2025,C:\OSS-Goias\documentos\FUNEV\HEANA\2025\21_Relatorio_Comparativo_Recursos\1752192527159-39.1_Fluxo_de_Caixa_06-2025_HEANA.xlsx,1752192527159-39.1_Fluxo_de_Caixa_06-2025_HEANA,9,1,HEANA,,,,,"Relatório Mensal Financeiro de junho/2025 do Hospital Estadual de Anápolis Dr. Henrique Santillo (HEANA), gerido pela FUNEV (CNPJ 07.776.237/0001-08). Contrato de Gestão 66/2019, vigência 18/11/2023 a 18/11/2027. Previsão de repasse mensal custeio: R$ 9.718.407,20. Repasse efetivo SES (custeio): R$ 10.031.693,98. Total entradas (incluindo rendimentos e outras): R$ 10.544.363,26. Total saídas (pagamentos custeio): R$ 10.252.862,71. Total valores devolvidos: R$ 0. Total glosas: R$ 0 (informações de glosas não disponibilizadas pela SES até a conclusão do relatório). Saldo bancário final em 30/06/2025: R$ 3.885.465,93. As entradas incluem resgates de aplicações financeiras (R$ 8.869.422,14) e novas aplicações (R$ 8.938.439,67). Fonte: extratos bancários, fluxo de caixa SIPEF e balancete contábil. Relatório emitido em 09/07/2025.",FUNEV,2025,6,mensal,,55,0,10252862.71,450249.49,10031693.98,,,3885465.93,3593965.38
2025,C:\OSS-Goias\documentos\FUNEV\HEANA\2025\21_Relatorio_Comparativo_Recursos\1754862488094-91_Fluxo_de_Caixa_07-2025_HEANA..pdf,1754862488094-91_Fluxo_de_Caixa_07-2025_HEANA.,9,1,HEANA,,,,,"Relatório Financeiro Mensal de Julho/2025 do Hospital Estadual de Anápolis Dr. Henrique Santillo (HEANA), gerido pela FUNEV. Previsão de repasse mensal de custeio: R$ 9.718.407,20. Repasse efetivo de custeio recebido no mês: R$ 10.078.987,45 (inclui dois meses ou ajuste). Fundo Rescisório recebido: R$ 197.516,10. Investimento recebido: R$ 4.704,00. Rendimentos totais: R$ 63.671,92. Outras entradas: R$ 4.330,00. Total de resgates financeiros: R$ 8.857.481,37. Total de aplicações financeiras: R$ 8.309.171,42. Valores devolvidos à contratante: R$ 0,00. Glosas não disponibilizadas pela SES até a conclusão do relatório. Saldo bancário final em 31/07/2025: R$ 3.047.338,75.",FUNEV,2025,7,mensal,,12,0.0,11187336.65,270209.02,10078987.45,,,3047338.75,3885465.93
2025,C:\OSS-Goias\documentos\FUNEV\HEANA\2025\21_Relatorio_Comparativo_Recursos\1754862488096-91_Fluxo_de_Caixa_07-2025_HEANA.xlsx,1754862488096-91_Fluxo_de_Caixa_07-2025_HEANA,12,1,HEANA,,,,,"Hospital Estadual de Anápolis Dr. Henrique Santillo (HEANA), gerido pela FUNEV (CNPJ 07.776.237/0001-08), contrato de gestão 66/2019, vigência 18/11/2023 a 18/11/2027. Previsão de repasse mensal custeio: R$ 9.718.407,20. Repasse de investimento no mês: R$ 4.704,00 (juros/rendimento de conta investimento). Recursos recebidos outras fontes incluem: rendimentos de aplicação (R$ 63.671,92), resgate TAC (R$ 500.000,00) e outras entradas (R$ 4.330,00) e repasse fundo rescisório (R$ 197.516,10). Total de saídas inclui custeio (R$ 11.105.216,65) e investimento (R$ 82.120,00). Glosas não disponibilizadas pela SES. Saldo final em 31/07/2025: R$ 3.047.338,75. Data de elaboração: 09/08/2025.",FUNEV,2025,7,mensal,,29,0.0,11187336.65,270217.45,10078987.45,,,3047338.75,3885465.93
2025,C:\OSS-Goias\documentos\FUNEV\HEANA\2025\21_Relatorio_Comparativo_Recursos\1757442166551-0825_Relatório_Financeiro_Mensal_Heana.pdf,1757442166551-0825_Relatório_Financeiro_Mensal_Heana,8,1,HEANA,,,,,"Relatório Financeiro Mensal de Agosto/2025. Hospital Estadual de Anápolis Dr. Henrique Santillo (HEANA), gerido pela FUNEV. Contrato de Gestão nº 66/2019, vigência 18/11/2023 a 18/11/2027. Previsão de repasse mensal de custeio: R$ 9.718.407,20. Repasse SES custeio recebido em agosto: R$ 10.315.325,55 (inclui repasse custeio R$ 10.315.325,55 e fundo rescisório R$ 403.050,43). Recursos_recebidos_outras_fontes inclui: repasse investimento R$ 143.546,00, rendimentos custeio R$ 21.317,61, rendimentos fundo rescisório R$ 10.972,65, rendimentos TAC R$ 4.897,50, rendimentos investimento R$ 15.167,22 e outras entradas R$ 152.933,25 (total R$ 348.834,23 + R$ 403.050,43 = R$ 751.884,68 aprox). Total de saídas: R$ 10.789.781,35. Valores devolvidos à contratante: R$ 0,00. Glosas não disponibilizadas pela SES até a conclusão do relatório. Documento assinado eletronicamente em 09/09/2025.",FUNEV,2025,8,mensal,,12,0.0,10789781.35,751884.66,10315325.55,,,3324767.61,3047338.75
2025,C:\OSS-Goias\documentos\FUNEV\HEANA\2025\21_Relatorio_Comparativo_Recursos\1757442166554-0825_Relatório_Financeiro_Mensal_Heana.xlsx,1757442166554-0825_Relatório_Financeiro_Mensal_Heana,9,1,HEANA,,,,,"Hospital Estadual de Anápolis Dr. Henrique Santillo (HEANA), gerido pela FUNEV (CNPJ 07.776.237/0001-08), Contrato de Gestão 66/2019, vigência 18/11/2023 a 18/11/2027. Previsão de repasse mensal de custeio: R$ 9.718.407,20. Saldo bancário final em 31/08/2025: R$ 3.324.767,61. Recursos devolvidos: R$ 0. Total de glosas: R$ 0 (informações de glosas não disponibilizadas pela SES). Inclui conta TAC (577537688-5) com resgate de R$ 550.000 e aplicação de R$ 150.000 no mês. Outras entradas (R$ 152.933,25) incluem movimentações financeiras e recuperação de despesas. Relatório elaborado em 07/09/2025.",FUNEV,2025,8,mensal,,21,0.0,10789781.35,751783.83,10315325.55,,,3324767.61,3047338.75
2025,C:\OSS-Goias\documentos\FUNEV\HEANA\2025\21_Relatorio_Comparativo_Recursos\1760114043386-0925_Relatório_Financeiro_Mensal_Heana.pdf,1760114043386-0925_Relatório_Financeiro_Mensal_Heana,8,1,HEANA,,,,,"Relatório Financeiro Mensal de setembro/2025 do Hospital Estadual de Anápolis Dr. Henrique Santillo (HEANA), gerido pela FUNEV. Contrato de Gestão nº 66/2019, vigência 18/11/2023 a 18/11/2027. Previsão de repasse mensal de custeio: R$ 9.718.407,20. Repasse efetivo recebido da SES no mês: R$ 10.027.866,53 (CEF C/C 580133922-8 - CUSTEIO). Outras entradas incluem rendimentos financeiros (R$ 44.531,13) e recuperação de despesas/movimentações financeiras (R$ 500.299,90). Total de resgates de aplicações: R$ 4.823.679,90. Total de aplicações financeiras: R$ 4.289.592,02. Valores devolvidos à contratante: R$ 0,00. Glosas: informações não disponibilizadas pela SES até a conclusão do relatório. Documento assinado em 09/10/2025.",FUNEV,2025,9,mensal,,12,0.0,11572456.65,544831.09,10027866.53,,,2325008.52,3324767.61
2025,C:\OSS-Goias\documentos\FUNEV\HEANA\2025\21_Relatorio_Comparativo_Recursos\1760114043391-0925_Relatório_Financeiro_Mensal_Heana.xlsx,1760114043391-0925_Relatório_Financeiro_Mensal_Heana,8,1,HEANA,,,,,"Relatório Financeiro Mensal de Setembro/2025 do Hospital Estadual de Anápolis Dr. Henrique Santillo (HEANA), gerido pela FUNEV (CNPJ: 07.776.237/0001-08), Contrato de Gestão nº 66/2019, vigência 18/11/2023 a 18/11/2027. Previsão de repasse mensal custeio: R$ 9.718.407,20. Repasse SES recebido no mês: R$ 10.027.866,53 (conta CEF 580133922-8 - CUSTEIO). Total de entradas: R$ 10.572.697,56 (inclui rendimentos financeiros e outras entradas/recuperação de despesas). Total de saídas (pagamentos custeio): R$ 11.572.456,65. Total de saídas investimento: R$ 0. Valores devolvidos: R$ 0. Glosas: R$ 0 (informações não disponibilizadas pela SES até a conclusão do relatório). Saldo inicial total: R$ 3.324.767,61. Saldo bancário final em 30/09/2025: R$ 2.325.008,52. Fonte: extratos bancários, fluxo de caixa Sipef e Balancete Contábil. Data do relatório: 09/10/2025.",FUNEV,2025,9,mensal,,55,0.0,11572456.65,500299.9,10027866.53,,,2325008.52,3324767.61
2025,"C:\OSS-Goias\documentos\FUNEV\HEANA\2025\21_Relatorio_Comparativo_Recursos\1762807853611-Relatrio_mensal_comparativo_de_recursos_recebidos,_gastos_e_devolvidos_ao_poder_público_-_Outubro_2025.pdf","1762807853611-Relatrio_mensal_comparativo_de_recursos_recebidos,_gastos_e_devolvidos_ao_poder_público_-_Outubro_2025",9,1,HEANA,,,,,"Relatório mensal de outubro/2025. Repasse CUSTEIO: R$ 13.152.004,67; Repasse FUNDO RESCISÓRIO: R$ 1.049.061,26; Repasse INVESTIMENTO: R$ 438,00. Rendimentos totais: R$ 72.327,34. Outras entradas (movim. financeiras/recuperação de despesas): R$ 250.000,00. Total saídas custeio: R$ 12.908.682,05; Total saídas investimento: R$ 66.448,00. Valores devolvidos à contratante: R$ 0,00. Glosas não disponibilizadas pela SES até a conclusão do relatório. Recursos recebidos SES calculado como soma dos repasses diretos da SES (itens 2.1.1 + 2.1.2 + 2.2 = 14.201.065,93). Recursos recebidos outras fontes calculado como rendimentos + outras entradas (72.327,34 + 250.000,00 = 322.327,34). Previsão de repasse mensal custeio: R$ 12.126.268,22.",FUNEV,2025,10,mensal,,12,0.0,12975130.05,322765.34,14201065.93,,,3873709.74,2325008.52
2025,"C:\OSS-Goias\documentos\FUNEV\HEANA\2025\21_Relatorio_Comparativo_Recursos\1762807853614-Relatrio_mensal_comparativo_de_recursos_recebidos,_gastos_e_devolvidos_ao_poder_público_-_Outubro_2025.xlsx","1762807853614-Relatrio_mensal_comparativo_de_recursos_recebidos,_gastos_e_devolvidos_ao_poder_público_-_Outubro_2025",12,1,HEANA,,,,,"Hospital Estadual de Anápolis Dr. Henrique Santillo (HEANA), gerido pela FUNEV (CNPJ 07.776.237/0001-08), Contrato de Gestão 66/2019, vigência 18/11/2023 a 18/11/2027. Previsão de repasse mensal de custeio: R$ 12.126.268,22. Saldo bancário final em 31/10/2025: R$ 3.873.709,74. Glosas não disponibilizadas pela SES até a conclusão do relatório. Repasse de custeio SES (R$ 13.152.004,67) inclui valor acima da previsão mensal, possivelmente com parcelas retroativas ou adicionais. Outras entradas (R$ 250.000,00) referem-se a movimentações financeiras e recuperação de despesas. Total de pagamentos custeio: R$ 12.908.682,05; Total pagamentos investimento: R$ 66.448,00.",FUNEV,2025,10,mensal,,23,0,12975130.05,250000,13152004.67,,,3873709.74,2325008.52
2025,C:\OSS-Goias\documentos\FUNEV\HEANA\2025\21_Relatorio_Comparativo_Recursos\1765304656664-1125_Relatório_Financeiro_Mensal_Heana.pdf,1765304656664-1125_Relatório_Financeiro_Mensal_Heana,9,1,HEANA,,,,,"Relatório Financeiro Mensal referente a Novembro/2025. Hospital Estadual de Anápolis Dr. Henrique Santillo (HEANA), gerido pela FUNEV, Contrato de Gestão nº 66/2019, Aditivo VII (16/09/25 a 18/11/27). Previsão de repasse mensal de custeio: R$ 12.126.268,22. Repasse SES custeio: R$ 12.354.041,41; Repasse SES fundo rescisório: R$ 700.443,08; Repasse SES investimento: R$ 729.150,00. Saldo inicial inclui caixa, contas correntes e aplicações financeiras. Total de resgates financeiros: R$ 8.246.160,50. Total de aplicações financeiras: R$ 8.963.174,41. Valores devolvidos à contratante: R$ 0,00. Glosas não informadas pela SES até a conclusão do relatório. Nota explicativa: as informações referentes às glosas não foram disponibilizadas pela SES até a conclusão deste relatório. Documento assinado em 09/12/2025.",FUNEV,2025,11,mensal,,12,0.0,13114489.8,855932.61,13054484.49,,,4669637.04,3873709.74
2025,C:\OSS-Goias\documentos\FUNEV\HEANA\2025\21_Relatorio_Comparativo_Recursos\1765304656666-1125_Relatório_Financeiro_Mensal_Heana.xlsx,1765304656666-1125_Relatório_Financeiro_Mensal_Heana,9,1,HEANA,,,,,"Hospital Estadual de Anápolis Dr. Henrique Santillo (HEANA), gerido pela FUNEV (CNPJ 07.776.237/0001-08). Contrato de Gestão nº 66/2019, Aditivo VII vigência 16/09/25 a 18/11/27. Previsão de repasse mensal custeio: R$ 12.126.268,22. Repasse efetivo custeio: R$ 12.354.041,41. Repasse fundo rescisório: R$ 700.443,08. Repasse investimento: R$ 729.150,00. Total entradas: R$ 13.910.417,10. Total saídas (custeio): R$ 13.114.489,801. Total investimento pago: R$ 0. Valores devolvidos: R$ 0. Saldo final em 30/11/2025: R$ 4.669.637,039. As informações referentes às glosas não foram disponibilizadas pela SES até a conclusão deste relatório. Fonte: Extratos bancários, fluxo de caixa Sipef e Balancete Contábil. Data do relatório: 09/12/2025.",FUNEV,2025,11,mensal,,50,0.0,13114489.801,50000.0,12354041.41,,,4669637.039,3873709.74
2025,"C:\OSS-Goias\documentos\IGH\HEAPA\2025\21_Relatorio_Comparativo_Recursos\2025.01 - HEAPA - Relatório mensal comparativo dos recursos recebidos, gastos e devolvidos ao Público.pdf","2025.01 - HEAPA - Relatório mensal comparativo dos recursos recebidos, gastos e devolvidos ao Público",5,1,HEAPA,,,,,"Competência: Janeiro/2025. Hospital Estadual de Urgências de Aparecida de Goiânia Cairo Louzada (HEAPA). OSS: Instituto de Gestão e Humanização (IGH). Contrato: 10° Termo Aditivo ao Contrato de Gestão n° 096/2016. Repasse SES de custeio e investimento previstos como R$ - (zero) no período. As entradas são compostas de rendimentos sobre aplicações financeiras (R$ 1,95) e outras entradas (recuperação de despesas R$ 159.436,15 e demais). Saldo anterior: R$ 46.166,25. Saldo final: R$ 212,71. Valores devolvidos à contratante: zero. Total de resgates de aplicação financeira: R$ 25.448,29. Total de aplicações financeiras: R$ 19.699,69.",IGH,2025,1,mensal,,10,0.0,37365.01,159436.15,0.0,,,212.71,46166.25
2025,"C:\OSS-Goias\documentos\IGH\HEAPA\2025\21_Relatorio_Comparativo_Recursos\2025.02 - HEAPA - Relatório mensal comparativo dos recursos recebidos, gastos e devolvidos ao Público.pdf","2025.02 - HEAPA - Relatório mensal comparativo dos recursos recebidos, gastos e devolvidos ao Público",5,1,HEAPA,,,,,"Competência: Fevereiro/2025. Hospital Estadual de Urgências de Aparecida de Goiânia Cairo Louzada (HEAPA). OSS: IGH. Contrato de Gestão n° 096/2016 - 10° Termo Aditivo. Previsão de repasse mensal da SES (custeio e investimento) zerada (R$ -). Repasses SES (2.1 custeio e 2.2 investimento) iguais a zero no período. Entradas compostas por outras entradas (R$ 139.126,63) e rendimentos sobre aplicações (R$ 1,95 = 1,88+0,07). Total entradas R$ 139.230,53. Saldo anterior R$ 46.986,64 (integralmente em aplicações financeiras). Saldo final R$ 47.875,92. Sem devoluções à contratante. Sem glosas registradas.",IGH,2025,2,mensal,,11,0.0,28524.75,139126.63,0.0,,,47875.92,46986.64
2025,"C:\OSS-Goias\documentos\IGH\HEAPA\2025\21_Relatorio_Comparativo_Recursos\2025.03 - HEAPA - Relatório mensal comparativo dos recursos recebidos, gastos e devolvidos ao Público.xlsx","2025.03 - HEAPA - Relatório mensal comparativo dos recursos recebidos, gastos e devolvidos ao Público",5,1,HEAPA,,,,,"Saldo bancário final não totalizado no documento (células em branco para 7.1 e 7.2 parcialmente). Repasse SES custeio e investimento = 0 no período. Entradas compostas por rendimentos financeiros (R$ 401,55) e outras entradas/receitas não governamentais (R$ 139.126,63). Contrato de gestão: 10° Termo Aditivo ao CG n° 096/2016, vigência 22/09/2023 a 29/05/2024. Saldo anterior: R$ 47.875,92. Saldo final parcialmente identificável: Bradesco aplicação R$ 7.921,80 + CEF conta movimento R$ 191,69 + CEF aplicações R$ 47.545,43 + CEF aplicação R$ 0,45.",IGH,2025,3,mensal,,10,0,17143.43,139126.63,0,,,,47875.92
2025,C:\OSS-Goias\documentos\Albert Einstein\HUGO\2025\21_Relatorio_Comparativo_Recursos\Fluxo-de-Caixa-Janeiro-2025.xlsx,Fluxo-de-Caixa-Janeiro-2025,7,1,HUGO,,,,,"Hospital Estadual de Urgências de Goiás - Dr. Valdemiro Cruz (HUGO). Contrato de Gestão 097/2024 SES/GO, vigência 07/08/2024 a 04/12/2027. Previsão de repasse mensal custeio: R$ 21.322.433,06. Repasse SES custeio inclui R$ 20.748.985,00 via CEF e R$ 67.387,47 de Piso de Enfermagem. Outras entradas incluem rendimentos sobre aplicações (R$ 460.052,82), recuperação de despesas (R$ 103.143,75) e devolução saldo de caixa (R$ 79.386,17). Total de pagamentos custeio: R$ 27.330.920,27; investimento: R$ 1.188.143,36. Devolução à contratante refere-se exclusivamente à conta investimento. Sem glosas registradas no período.",Albert Einstein,2025,1,mensal,,18,123999.92,28519063.63,642582.57,20816372.47,,,37222928.32,44407036.66
2025,C:\OSS-Goias\documentos\Albert Einstein\HUGO\2025\21_Relatorio_Comparativo_Recursos\Fluxo_de_Caixa_-_Janeiro_2025_of_assinado.pdf,Fluxo_de_Caixa_-_Janeiro_2025_of_assinado,16,1,HUGO,,,,,"Hospital: HOSPITAL ESTADUAL DE URGÊNCIAS DE GOIÁS - DR. VALDEMIRO CRUZ (HUGO). OSS Gestora: Sociedade Beneficente Israelita Brasileira Hospital Albert Einstein. Contrato de Gestão nº 097/2024 SES/GO. Vigência: 07/08/2024 a 04/12/2027. Previsão de repasse mensal custeio: R$ 21.322.433,06. Repasse custeio recebido inclui R$ 20.748.985,00 via CEF e R$ 67.387,47 de Piso de Enfermagem. Total de saídas de recursos financeiros (custeio + investimento): R$ 28.519.063,63. Valores devolvidos à contratante referem-se exclusivamente à conta de investimento. Aplicação financeira total no período: R$ 8.820.000,00. Saldo bancário final em 31/01/2025: R$ 37.222.928,32.",Albert Einstein,2025,1,mensal,,26,123999.92,28519063.63,642182.74,20816372.47,,,37222928.32,44407036.66
2025,documentos\IMED\PFRE\2025\99_NaoClassificado\G.9-RELATORIO-MENSAL-DE-RECURSOS-RECEBIDOS-E-GASTOS-DEZ24.pdf,G.9-RELATORIO-MENSAL-DE-RECURSOS-RECEBIDOS-E-GASTOS-DEZ24,11,1,PFRE,,,,,"Relatório Financeiro Mensal - Competência Dezembro/2024. Unidade: Policlínica Estadual da Região do Entorno - Unidade Formosa. Vigência do contrato: 10/07/2024 a 10/01/2025. Previsão de repasse mensal custeio: R$ 2.160.918,05. Saldo bancário anterior: R$ 4.392.696,30. Saldo bancário final em 31/12/2024: R$ 4.169.509,97. Total de resgates de aplicação financeira: R$ 1.902.996,81. Total das aplicações financeiras: R$ 3.806.553,52. Glosas: zero.",IMED,2024,12,mensal,,14,0.0,2456722.8,19319.67,30497.33,,,4169509.97,4392696.3
2025,documentos\IMED\HETRIN\2025\99_NaoClassificado\G.9-RELATORIO-MENSAL-RECURSOS-RECEBIDOS-E-GASTOS-DEZ24.xlsx,G.9-RELATORIO-MENSAL-RECURSOS-RECEBIDOS-E-GASTOS-DEZ24,7,1,HUTRIN,,,,,"Hospital de Urgências de Trindade - HUTRIN. Contrato de Gestão 037/2021, vigência 25/08/2023 a 24/08/2027. Previsão de repasse mensal custeio: R$ 5.796.227,99. Repasse custeio recebido: R$ 5.800.454,53 (sendo R$ 5.718.369,31 em conta 6869-1 e R$ 82.085,22 em conta 6871-3 Fundo Rescisório). Outras entradas incluem Recuperação de Despesas (R$ 10.020,08) e Recursos Extracontratuais (R$ 2.200.899,12). Saldo bancário final de 7= (1+2)-(4+5+6) apresenta divergência entre o saldo listado em 7 (R$ 22.868.552,79) e o calculado (R$ 28.406.117,61). Glosas zeradas no período.",IMED,2024,12,mensal,,26,0.0,9902481.75,2210919.2,5800454.53,,,22868552.79,31583973.66
2025,C:\OSS-Goias\documentos\AGIR\HEJ\2025\21_Relatorio_Comparativo_Recursos\HEJ - Relatorio Financeiro 09.2025 -TCE assinado.pdf,HEJ - Relatorio Financeiro 09.2025 -TCE assinado,6,1,HEJ,,,,,"Competência 09/2025. Contrato de Gestão 41/2025 SES/GO. Vigência: 01/09/2025 a 01/09/2028. Previsão de repasse mensal custeio: R$ 9.920.175,60. Repasse investimento: R$ 0,00. Saldo bancário inicial zerado (primeiro mês de contrato). Saldo final em 30/09/2025: R$ 7.542.670,06, sendo R$ 1,00 em conta corrente e R$ 7.542.669,06 em aplicações financeiras. O saldo em aplicações inclui provisão de 13º e férias e valores comprometidos com pagamento de fornecedores e insumos, não sendo considerado sobra de caixa. Total de glosas: R$ 0,00 (valores não informados por não recebimento de informações da SES). Outras entradas incluem estorno de pagamento de R$ 2.800,00. Rendimento sobre aplicações financeiras: R$ 69.468,14.",AGIR,2025,9,mensal,,12,0.0,1871674.88,72268.14,9342076.8,,,7542670.06,0.0
2025,C:\OSS-Goias\documentos\AGIR\HEJ\2025\21_Relatorio_Comparativo_Recursos\HEJ - Relatorio Financeiro 12.2025 -TCE - RETIFICADO 09-02 - Assinado.pdf,HEJ - Relatorio Financeiro 12.2025 -TCE - RETIFICADO 09-02 - Assinado,7,1,HEJ,,,,,"Competência 12/2025. Contrato de Gestão 41/2025 SES/GO, vigência 01/09/2025 a 01/09/2028. Previsão de repasse mensal de custeio: R$ 9.920.175,60. Repasse custeio inclui Fundo Rescisório de R$ 1.853.088,80. Saldo anterior: R$ 10.943.838,80. Rendimentos sobre aplicações financeiras: R$ 182.248,24. Total de glosas: R$ 0,00. Obs.: Valores de glosas não informados devido ao não recebimento das informações por parte da SES. Item 7.3.1 C/APLIC 00098692-6 CUSTEIO - parte do valor refere-se a Provisão de 13º e Férias, saldo restante comprometido para pagamento de fornecedores e insumos. Relatório retificado em 09/02/2026.",AGIR,2025,12,mensal,,17,0.0,11018890.34,5776.48,11843743.09,,,11956716.27,10943838.8
2025,C:\OSS-Goias\documentos\AGIR\HEJ\2025\21_Relatorio_Comparativo_Recursos\HEJ - Relatorio Financeiro 12.2025 -TCE.xlsx,HEJ - Relatorio Financeiro 12.2025 -TCE,7,1,HEJ,,,,,"Contrato de Gestão nº 41/2025 SES/GO. Vigência: 01/09/2025 a 01/09/2028. Previsão de repasse mensal custeio: R$ 9.920.175,60. Previsão de repasse mensal investimento: R$ 0. Saldo anterior: R$ 10.943.838,80 (Banco Conta Corrente R$ 1,00 + Aplicações R$ 10.943.837,80). Total de entradas: R$ 12.031.767,81. Total resgates de aplicação: R$ 14.911.116,44. Total aplicações financeiras: R$ 15.193.159,23. Total pagamentos: R$ 11.018.890,34. Valores devolvidos à contratante: R$ 0. Saldo bancário final em 31/12/2025: R$ 11.956.716,27. Total de glosas: R$ 0. Glosas não informadas por falta de retorno da SES. Parte do saldo em C/APLIC 00098692-6 refere-se a provisão de 13º e Férias, restante comprometido para pagamento de fornecedores. Recursos recebidos outras fontes inclui rendimentos de aplicações (R$ 182.248,24) e outras entradas/reembolsos (R$ 5.776,48).",AGIR,2025,12,mensal,,13,0,11018890.34,188024.72,11843743.09,,,11956716.27,10943838.8
2025,C:\OSS-Goias\documentos\AGIR\HEJ\2025\21_Relatorio_Comparativo_Recursos\HEJ - Relatorio Financeiro X.2025 -TCE.xlsx,HEJ - Relatorio Financeiro X.2025 -TCE,9,1,HEJ,,,,,"Documento refere-se ao CRER (Centro Estadual de Reabilitação e Readaptação Dr. Henrique Santillo), não ao HEJ, conforme nome da unidade gerida. Todos os valores do relatório estão zerados para a competência 09/2025. Previsão de repasse mensal de custeio: R$ 17.920.027,16. Previsão de repasse mensal de investimento: R$ 0,00. Contrato de Gestão nº 123/2011 SES/GO - 14º Termo Aditivo, vigência 27/03/2024 a 27/03/2026. OSS: AGIR (CNPJ 05.029.600/0002-87). Glosas não informadas por não recebimento das informações da SES. Parte do saldo em aplicação financeira CEF 580134115-0 refere-se a Provisão de 13º e Férias, e o restante está comprometido para pagamento de fornecedores.",AGIR,2025,9,mensal,,30,0,0,0,0,,,0,0
2025,C:\OSS-Goias\documentos\AGIR\HUGOL\2025\21_Relatorio_Comparativo_Recursos\HUGOL - Relatorio Financeiro 04.2025 -TCE.xlsx,HUGOL - Relatorio Financeiro 04.2025 -TCE,9,1,HUGOL,,,,,"Relatório Mensal Competência 04/2025. Contrato de Gestão 003/2014 SES/GO - 12º Termo Aditivo, vigência 15/07/2023 a 14/07/2026. Previsão de repasse mensal custeio: R$ 37.609.714,48. Saldo anterior (01/04/2025): R$ 18.269.641,47. Total entradas: R$ 46.356.996,18. Total resgates de aplicação: R$ 25.302.164,94. Total aplicações financeiras: R$ 25.762.079,70. Total pagamentos custeio: R$ 45.326.201,17. Total pagamentos investimento: R$ 672.015,02. Valores devolvidos: R$ 0. Saldo final (30/04/2025): R$ 18.628.421,46. Total glosas: R$ 0. Parte do saldo em aplicação CEF 580134193-1 refere-se a Provisão de 13º e Férias, restante comprometido para pagamento de fornecedores.",AGIR,2025,4,mensal,,18,0,45998216.19,212398.46,45826138.09,,,18628421.46,18269641.47
2025,C:\OSS-Goias\documentos\AGIR\HUGOL\2025\21_Relatorio_Comparativo_Recursos\HUGOL - Relatorio Financeiro 04.2025 -TCE_.pdf,HUGOL - Relatorio Financeiro 04.2025 -TCE_,9,1,HUGOL,,,,,"Relatório Financeiro Mensal competência 04/2025. Contrato de Gestão 003/2014 SES/GO 12° Termo Aditivo, vigência 15/07/2023 a 14/07/2026. Previsão de repasse mensal custeio: R$ 37.609.714,48. Repasse investimento: R$ 0,00. Total valores devolvidos: R$ 0,00. Glosas: R$ 0,00 (não informadas por falta de dados da SES). Parte do saldo final em aplicação custeio refere-se a provisão de 13º e férias, restante comprometido com fornecedores. Saldo bancário anterior: R$ 18.269.641,47. Saldo bancário final em 30/04/2025: R$ 18.628.421,46.",AGIR,2025,4,mensal,,16,0.0,45998216.19,530857.09,45826138.09,,,18628421.46,18269641.47
2025,C:\OSS-Goias\documentos\AGIR\HUGOL\2025\21_Relatorio_Comparativo_Recursos\HUGOL - Relatorio Financeiro 05.2025 -TCE.xlsx,HUGOL - Relatorio Financeiro 05.2025 -TCE,9,1,HUGOL,,,,,"Competência 05/2025. Contrato de Gestão 003/2014 SES/GO, 12º Termo Aditivo, vigência 15/07/2023 a 14/07/2026. Previsão de repasse mensal de custeio: R$ 37.609.714,48. Repasse de investimento previsto: R$ 0. Glosas não informadas por falta de dados da SES. Parte do saldo CEF APLIC. 580134193-1 refere-se a Provisão de 13º e Férias, restante comprometido com fornecedores.",AGIR,2025,5,mensal,,19,307123.85,32526169.25,441751.76,31394060.46,,,17630940.58,18628421.46
2025,C:\OSS-Goias\documentos\AGIR\HUGOL\2025\21_Relatorio_Comparativo_Recursos\HUGOL - Relatorio Financeiro 08.2025 -TCE.xlsx,HUGOL - Relatorio Financeiro 08.2025 -TCE,9,1,HUGOL,,,,,"Competência 08/2025. Contrato de Gestão 003/2014 SES/GO - 12° Termo Aditivo, vigência 15/07/2023 a 14/07/2026. Previsão de repasse mensal de custeio: R$ 37.609.714,48. Repasse de investimento: R$ 0. Total de glosas: R$ 0. Saldo anterior: R$ 22.169.536,89. Total entradas: R$ 37.715.913,34. Total pagamentos: R$ 29.810.497,68. Valores devolvidos: R$ 0. Saldo final em 31/08/2025: R$ 30.074.952,55. Nota: parte do valor da CEF APLIC. 580134193-1 refere-se a Provisão de 13º e Férias, e o saldo restante encontra-se totalmente comprometido para pagamento de fornecedores. Recursos recebidos de outras fontes inclui rendimentos de aplicações (R$ 515.110,55) e outras entradas (R$ 43.497,38).",AGIR,2025,8,mensal,,20,0,29810497.68,745605.48,36970372.86,,,30074952.55,22169536.89
2025,C:\OSS-Goias\documentos\AGIR\HUGOL\2025\21_Relatorio_Comparativo_Recursos\HUGOL - Relatorio Financeiro 11.2025 -TCE assinado.pdf,HUGOL - Relatorio Financeiro 11.2025 -TCE assinado,9,1,HUGOL,,,,,"Competência: 11/2025. Contrato de Gestão 003/2014 SES/GO - 12° Termo Aditivo. Vigência: 15/07/2023 a 14/07/2026. Previsão repasse mensal custeio: R$ 37.667.381,03. Repasse custeio inclui R$ 871.579,17 referente ao Piso de Enfermagem. Repasse investimento: R$ 2.255.019,32. Total glosas: R$ 0,00. Nota: parte do saldo CEF APLIC. 580134193-1 refere-se a Provisão de 13º e Férias, estando o restante comprometido com pagamentos a fornecedores e insumos.",AGIR,2025,11,mensal,,13,1171270.6,43996104.75,57371.3,39177106.5,,,27266134.26,30463970.02
2025,C:\OSS-Goias\documentos\AGIR\HUGOL\2025\21_Relatorio_Comparativo_Recursos\HUGOL - Relatorio Financeiro 12.2025 -TCE - Ass.pdf,HUGOL - Relatorio Financeiro 12.2025 -TCE - Ass,9,1,HUGOL,,,,,"Relatório Financeiro Mensal competência 12/2025. HUGOL gerido pela AGIR (ASSOCIAÇÃO DE GESTÃO INOVAÇÃO E RESULTADOS EM SAÚDE). Contrato de Gestão 003/2014 SES/GO - 12° Termo Aditivo, vigência 15/07/2023 a 14/07/2026. Previsão de repasse mensal custeio: R$ 37.667.381,03. Total repasse SES custeio no mês: R$ 40.104.428,99 (inclui piso de enfermagem R$ 881.176,86 e fundo rescisões R$ 1.742.743,16). Valores devolvidos à contratante: R$ 0,00. Glosas: R$ 0,00 (não informadas por falta de dados da SES). Item 7.3.2 CEF - APLIC. 580134193-1 CUSTEIO: parte do valor refere-se a Provisão de 13º e Férias, saldo comprometido para pagamento de fornecedores e insumos, não constitui sobra de caixa.",AGIR,2025,12,mensal,,18,0.0,39276505.92,29767.66,37480508.97,,,28586077.35,27266134.26
2025,C:\OSS-Goias\documentos\AGIR\HUGOL\2025\21_Relatorio_Comparativo_Recursos\HUGOL - Relatorio Financeiro 12.2025 -TCE.xlsx,HUGOL - Relatorio Financeiro 12.2025 -TCE,9,1,HUGOL,,,,,"Repasse Custeio inclui: CEF C/C 580134193-1 CUSTEIO (R$ 37.480.508,97), Fundo de Provisão Rescisões/Ações Judiciais 3% (R$ 1.742.743,16) e Piso de Enfermagem (R$ 881.176,86). Recursos_recebidos_outras_fontes = Rendimentos Custeio (R$ 265.874,27) + Rendimentos Investimento (R$ 196.378,09) + Outras entradas (R$ 29.767,66). Saldo anterior: R$ 27.266.134,26. Saldo final: R$ 28.586.077,35. Total glosas: R$ 0. Item 7.3.2 CEF - APLIC. 580134193-1 CUSTEIO: parte do valor refere-se a Provisão de 13º e Férias, saldo restante comprometido para pagamento de fornecedores. Data do relatório: 07 de Janeiro de 2025.",AGIR,2025,12,mensal,,10,0.0,39276505.92,492020.02,40104428.99,,,28586077.35,27266134.26
2025,C:\OSS-Goias\documentos\Instituto Patris\HEL\2025\21_Relatorio_Comparativo_Recursos\id4056_Relatório Financeiro - Janeiro_2025 (.pdf).pdf,id4056_Relatório Financeiro - Janeiro_2025 (.pdf),6,1,HEL,,,,,"Contrato de Gestão nº 045/2022, vigência 13/06/2022 a 12/06/2026. Previsão de repasse mensal custeio: R$ 4.725.799,40. Repasse investimento não previsto. Valores devolvidos à contratante: R$ 0,00. Total das glosas: zero (sem glosas registradas). Saldo bancário anterior (01/01/2025): R$ 3.969.524,81 composto por aplicações financeiras: Fundo Rescisório R$ 1.678.711,07 e Custeio R$ 2.290.813,74. Saldo bancário final (31/01/2025): R$ 3.801.021,63. Documento assinado digitalmente por Luiz Antonio Procopio da Silva em 26/02/2025.",Instituto Patris,2025,1,mensal,,12,0.0,5581147.4,35948.27,5376695.95,,,3801021.63,3969524.81
2025,C:\OSS-Goias\documentos\Instituto Patris\HEL\2025\21_Relatorio_Comparativo_Recursos\id4057_Relatório Financeiro - Janeiro_2025 (.xls).xlsx,id4057_Relatório Financeiro - Janeiro_2025 (.xls),6,1,HEL,,,,,"Contrato de Gestão nº 045/2022, vigência 13/06/2022 a 12/06/2026. Previsão de repasse mensal de custeio: R$ 4.725.799,40. Saldo anterior (01/01/2025): R$ 3.969.524,81, composto principalmente por aplicações financeiras (CEF 6834-9 Fundo Rescisório: R$ 1.678.711,07 e CEF 6640-0 Custeio: R$ 2.290.813,74). Saldo final (31/01/2025): R$ 3.801.021,63. Total de glosas: R$ 0,00. Recursos recebidos SES calculados como soma do Repasse Custeio (R$ 5.013.400,82) + Piso Enfermagem (R$ 363.295,13). Rendimentos financeiros totalizaram R$ 35.948,27.",Instituto Patris,2025,1,mensal,,14,0,5581147.4,35948.27,5376695.95,,,3801021.63,3969524.81
2025,C:\OSS-Goias\documentos\Instituto Patris\HEL\2025\21_Relatorio_Comparativo_Recursos\id4095_Relatório Financeiro - Fevereiro_2025 (.pdf).pdf,id4095_Relatório Financeiro - Fevereiro_2025 (.pdf),6,1,HEL,,,,,"Competência Janeiro/2025. Previsão de repasse mensal de custeio: R$ 5.253.400,82. Repasse de investimento não informado. Saldo bancário final apurado em 28/02/2025. Total de glosas: zero. Arquivo nomeado como Fevereiro/2025 mas competência declarada é Janeiro/2025. Recursos recebidos SES calculados como soma de 2.1 (6.350.239,99) + 2.1.2 (32.860,25) + 2.1.3 (364.875,76) = 6.747.975,00. Rendimentos financeiros (50.283,91) classificados como outras fontes.",Instituto Patris,2025,1,mensal,,13,0.0,5660984.13,50284.91,6747975.0,,,4938297.41,3801021.63
2025,C:\OSS-Goias\documentos\Instituto Patris\HEL\2025\21_Relatorio_Comparativo_Recursos\id4096_Relatório Financeiro - Fevereiro_2025 (.xls).xlsx,id4096_Relatório Financeiro - Fevereiro_2025 (.xls),6,1,HEL,,,,,"Competência do relatório indicada como Janeiro/2025 no campo interno, mas o filename e aba indicam Fevereiro/2025; saldo bancário final de 28/02/2025. Recursos recebidos SES calculados como soma dos repasses (6350239.99 + 32860.25 + 364875.76 = 6747975.00). Rendimentos financeiros totalizam 50284.91 classificados como outras fontes. Valores devolvidos: R$ 0. Total de glosas: R$ 0. Contrato de Gestão nº 045/2022, vigência 13/06/2022 a 12/06/2026.",Instituto Patris,2025,2,mensal,,11,0.0,5660984.13,50284.91,6747975.0,,,4938297.41,3801021.63
2025,C:\OSS-Goias\documentos\Instituto Patris\HEL\2025\21_Relatorio_Comparativo_Recursos\id4167_Relatório Financeiro - Março_2025 (.xls).xlsx,id4167_Relatório Financeiro - Março_2025 (.xls),6,1,HEL,,,,,"Sheet identificada como 02-2025 (fevereiro/2025), mas o cabeçalho do relatório indica Competência Março/2025. O saldo bancário final da data 2025-02-28 é R$ 9.366.459,26. Repasses SES somam: Custeio R$ 9.152.137,73 + Fundo Rescisório R$ 49.085,88 + Piso Enfermagem R$ 375.094,88 = R$ 9.576.317,49. Rendimentos financeiros somam R$ 51.161,28. Total entradas: R$ 9.627.479,77. Total resgates: R$ 4.015.846,72 (apenas CEF 6834-9 R$ 12.808,55 somados na linha mas total exibido é R$ 4.015.846,72). Total aplicações: R$ 9.519.932,60.",Instituto Patris,2025,2,mensal,,14,0,5199317.923,51161.28,9576317.49,,,9366459.26,4938297.41
2025,C:\OSS-Goias\documentos\Instituto Patris\HEL\2025\21_Relatorio_Comparativo_Recursos\id4168_Relatório Financeiro - Março_2025 (.pdf).pdf,id4168_Relatório Financeiro - Março_2025 (.pdf),6,1,HEL,,,,,"Contrato de Gestão nº 045/2022, vigência 13/06/2022 a 12/06/2026. Previsão de repasse mensal custeio: R$ 5.253.400,82. Saldo anterior (28/02/2025): R$ 4.938.297,41. Total entradas: R$ 9.627.479,77. Total resgates de aplicação: R$ 4.015.846,72 (movimentação interna). Total aplicações financeiras: R$ 9.519.932,60. Saldo bancário final: R$ 9.366.459,26. Recursos recebidos SES calculados como soma dos repasses diretos: custeio (9.152.137,73) + fundo rescisório (49.085,88) + piso enfermagem (375.094,88) = 9.576.318,49. Outras entradas correspondem a rendimentos financeiros (36.926,06 + 14.235,22 = 51.161,28). Sem glosas registradas no período.",Instituto Patris,2025,3,mensal,,13,0.0,5199317.92,51161.28,9576317.49,,,9366459.26,4938297.41
2025,C:\OSS-Goias\documentos\Instituto Patris\HEL\2025\21_Relatorio_Comparativo_Recursos\id4212_Relatório Financeiro - Abril_2025 (.xls).xlsx,id4212_Relatório Financeiro - Abril_2025 (.xls),6,1,HEL,,,,,"Contrato de Gestão nº 045/2022, vigência 13/06/2022 a 12/06/2026. Previsão de repasse mensal custeio: R$ 5.253.400,82. Saldo anterior (abril/2025): R$ 9.366.459,26. Total de entradas: R$ 1.929.723,91 (inclui repasses SES e rendimentos financeiros). Total resgates: R$ 6.726.835,41 (não contabilizado como entrada de recursos). Total aplicações: R$ 3.048.499,32. Total pagamentos: R$ 5.515.329,75. Total glosas: R$ 0. Saldo final: R$ 5.780.853,42. Recursos recebidos SES calculados como soma dos repasses (custeio + fundo rescisório + piso enfermagem): 1.437.078,71 + 48.499,32 + 372.113,01 = 1.857.691,04. Recursos de outras fontes (rendimentos financeiros): 56.268,74 + 15.764,13 = 72.032,87.",Instituto Patris,2025,4,mensal,,17,0.0,5515329.75,72032.87,1857691.04,,,5780853.42,9366459.26
2025,C:\OSS-Goias\documentos\Instituto Patris\HEL\2025\21_Relatorio_Comparativo_Recursos\id4213_Relatório Financeiro - Abril_2025 (.pdf).pdf,id4213_Relatório Financeiro - Abril_2025 (.pdf),6,1,HEL,,,,,"Relatório Financeiro Mensal - Abril 2025. Hospital Estadual de Luziânia (HEL), gerido pelo Instituto Patris, Contrato de Gestão nº 045/2022 (vigência 13/06/2022 a 12/06/2026). Previsão de repasse mensal custeio: R$ 5.253.400,82. Saldo anterior (01/04/2025): R$ 9.366.459,26, composto por aplicações financeiras (fundo rescisório R$ 1.703.352,32 e custeio R$ 7.663.106,94). Total de entradas: R$ 1.929.723,91. Total de resgates: R$ 6.726.835,41. Total de aplicações: R$ 3.048.499,32. Total de pagamentos custeio: R$ 5.515.329,75. Sem pagamentos de investimento. Total devolvido: R$ 0,00. Saldo bancário final (30/04/2025): R$ 5.780.853,42. Total das glosas: não informado (traço). Recursos recebidos SES calculados como soma dos repasses: custeio (1.437.078,71) + fundo rescisório (48.499,32) + piso enfermagem (372.113,01) = 1.857.691,04. Outras entradas correspondem aos rendimentos financeiros (56.268,74 + 15.764,13 = 72.032,87).",Instituto Patris,2025,4,mensal,,17,0.0,5515329.75,72032.87,1857691.04,,,5780853.42,9366459.26
2025,C:\OSS-Goias\documentos\Instituto Patris\HEL\2025\21_Relatorio_Comparativo_Recursos\id4254_Relatório Financeiro - Maio_2025 (.pdf).pdf,id4254_Relatório Financeiro - Maio_2025 (.pdf),6,1,HEL,,,,,"Previsão de repasse mensal de custeio: R$ 5.253.400,82. Repasse de investimento não informado. Saldo anterior (abril/2025): R$ 5.780.853,42. Total de entradas no período: R$ 4.709.997,01 (inclui repasses SES e rendimentos financeiros). Total de resgates de aplicação: R$ 3.800.430,36. Total de aplicações financeiras: R$ 5.988.876,02. Total geral de pagamentos (custeio): R$ 5.417.881,21. Sem pagamentos de investimento no período. Sem glosas registradas. Saldo bancário final em 31/05/2025: R$ 5.072.969,22. Contrato de Gestão nº 045/2022, vigência 13/06/2022 a 12/06/2026. recursos_recebidos_ses calculado como soma dos repasses SES: 4.158.867,70 + 100.633,59 + 373.918,69 = 4.633.420,00. recursos_recebidos_outras_fontes corresponde a rendimentos financeiros: 59.484,42 + 17.092,61 = 76.577,03.",Instituto Patris,2025,5,mensal,,17,0.0,5417881.21,76577.03,4633420.0,,,5072969.22,5780853.42
2025,C:\OSS-Goias\documentos\Instituto Patris\HEL\2025\21_Relatorio_Comparativo_Recursos\id4255_Relatório Financeiro - Maio_2025 (.xls).xlsx,id4255_Relatório Financeiro - Maio_2025 (.xls),6,1,HEL,,,,,"Contrato de Gestão 045/2022, vigência 13/06/2022 a 12/06/2026. Previsão de repasse mensal custeio: R$ 5.253.400,82. Total de glosas: R$ 0. Valores devolvidos à contratante: R$ 0. recursos_recebidos_ses inclui repasse custeio (4.158.867,70) + fundo rescisório (100.633,59) + piso enfermagem (373.918,69) = 4.633.419,98. recursos_recebidos_outras_fontes corresponde aos rendimentos sobre aplicações financeiras (59.484,42 + 17.092,61 = 76.577,03).",Instituto Patris,2025,5,mensal,,12,0,5417881.21,76577.03,4633419.98,,,5072969.22,5780853.42
2025,C:\OSS-Goias\documentos\Instituto Patris\HEL\2025\21_Relatorio_Comparativo_Recursos\id4326_Relatório Financeiro - Junho_2025 (.pdf).pdf,id4326_Relatório Financeiro - Junho_2025 (.pdf),6,1,HEL,,,,,"Contrato de Gestão nº 045/2022, vigência 13/06/2022 a 12/06/2026. Previsão de repasse mensal custeio: R$ 5.253.400,82. Saldo anterior (maio/2025): R$ 5.072.969,22. Total de entradas junho/2025: R$ 5.541.284,49 (inclui repasse custeio R$ 5.103.400,82 + piso enfermagem R$ 367.322,81 + rendimentos R$ 70.560,86). Total aplicações financeiras: R$ 0,00. Total devolvido: R$ 0,00. Saldo final em 30/06/2025: R$ 5.591.072,88. Total glosas: não informado (traço). Documento assinado digitalmente em 11/07/2025.",Instituto Patris,2025,6,mensal,,11,0.0,5023180.83,70560.86,5470723.63,,,5591072.88,5072969.22
2025,C:\OSS-Goias\documentos\Instituto Patris\HEL\2025\21_Relatorio_Comparativo_Recursos\id4327_Relatório Financeiro - Junho_2025 (.xls).xlsx,id4327_Relatório Financeiro - Junho_2025 (.xls),6,1,HEL,,,,,"Relatório referente a junho/2025 (competência indicada na aba 05-2025). Saldo anterior: R$ 5.072.969,22. Total entradas: R$ 5.541.284,49 (inclui repasse custeio R$ 5.103.400,82, piso enfermagem R$ 367.322,81 e rendimentos R$ 70.560,86). Total pagamentos custeio: R$ 5.023.180,83. Valores devolvidos: R$ 0,00. Saldo final: R$ 5.591.072,88. Contrato de Gestão nº 045/2022, vigência 13/06/2022 a 12/06/2026. Total glosas: R$ 0,00.",Instituto Patris,2025,6,mensal,,10,0.0,5023180.83,70560.86,5470723.63,,,5591072.88,5072969.22
2025,C:\OSS-Goias\documentos\Instituto Patris\HEL\2025\21_Relatorio_Comparativo_Recursos\id4405_Relatório Financeiro - Julho_2025 (.pdf).pdf,id4405_Relatório Financeiro - Julho_2025 (.pdf),6,1,HEL,,,,,"Contrato de Gestão nº 045/2022, vigência 13/06/2022 a 12/06/2026. Previsão de repasse mensal de custeio: R$ 5.253.400,82. Previsão de repasse de investimento não informada. Saldo anterior (01/07/2025): R$ 5.591.072,88. Saldo final (31/07/2025): R$ 6.048.648,01. Total de resgates de aplicação financeira: R$ 4.649.409,23. Total de aplicações financeiras no período: R$ 10.760.383,32. Sem glosas registradas. Documento assinado digitalmente por Luiz Antonio Procopio da Silva em 14/08/2025.",Instituto Patris,2025,7,mensal,,13,0.0,5020031.5,91204.56,5386402.07,,,6048648.01,5591072.88
2025,C:\OSS-Goias\documentos\Instituto Patris\HEL\2025\21_Relatorio_Comparativo_Recursos\id4406_Relatório Financeiro - Julho_2025 (.xls).xlsx,id4406_Relatório Financeiro - Julho_2025 (.xls),6,1,HEL,,,,,"Relatório Financeiro Mensal de Julho/2025 do Hospital Estadual de Luziânia (HEL), gerido pelo Instituto Patris, Contrato de Gestão nº 045/2022 (vigência 13/06/2022 a 12/06/2026). Previsão de repasse mensal de custeio: R$ 5.253.400,82. Saldo anterior: R$ 5.591.072,88. Total de entradas no período: R$ 5.477.606,63 (incluindo repasse custeio R$ 4.959.949,07, fundo rescisório R$ 68.117,93, piso enfermagem R$ 358.335,07 e rendimentos R$ 91.204,56). Total de pagamentos: R$ 5.020.031,50. Saldo final: R$ 6.048.648,01. Total de glosas: R$ 0. Aplicações financeiras finais: Fundo Rescisório R$ 1.425.737,69 e Custeio R$ 4.622.910,32. A aba do documento está identificada como 06-2025, mas a competência declarada no relatório é Julho/2025.",Instituto Patris,2025,7,mensal,,17,0,5020031.5,91204.56,5386402.07,,,6048648.01,5591072.88
2025,C:\OSS-Goias\documentos\Instituto Patris\HEL\2025\21_Relatorio_Comparativo_Recursos\id4495_Relatório Financeiro - Agosto_2025 (.pdf).pdf,id4495_Relatório Financeiro - Agosto_2025 (.pdf),6,1,HEL,,,,,"Contrato de Gestão nº 045/2022, vigência 13/06/2022 a 12/06/2026. Previsão de repasse mensal custeio: R$ 5.253.400,82. Saldo anterior (01/08/2025): R$ 6.048.648,01 composto por aplicações financeiras (Fundo Rescisório R$ 1.425.737,69 + Custeio R$ 4.622.910,32). Total entradas: R$ 5.601.509,66. Total resgates aplicação: R$ 4.262.617,94. Total aplicações: R$ 4.383.653,54. Saldo final (31/08/2025): R$ 6.260.875,93. Sem glosas registradas. Sem pagamentos de investimento no período. recursos_recebidos_ses inclui repasse custeio (5.090.572,19) + fundo rescisório (66.828,63) + piso enfermagem (352.916,52). recursos_recebidos_outras_fontes corresponde a rendimentos financeiros (76.020,33 + 15.171,99).",Instituto Patris,2025,8,mensal,,13,0.0,5389281.74,91192.32,5510317.34,,,6260875.93,6048648.01
2025,C:\OSS-Goias\documentos\Instituto Patris\HEL\2025\21_Relatorio_Comparativo_Recursos\id4496_Relatório Financeiro - Agosto_2025 (.xls).xlsx,id4496_Relatório Financeiro - Agosto_2025 (.xls),6,1,HEL,,,,,"Saldo anterior: R$ 6.048.648,01. Total entradas: R$ 5.601.509,66 (repasses SES custeio R$ 5.090.572,19 + fundo rescisório R$ 66.828,63 + piso enfermagem R$ 352.916,52 + rendimentos R$ 91.192,32). Total resgates de aplicação: R$ 4.262.617,94. Total aplicações financeiras: R$ 4.383.653,54. Total pagamentos custeio: R$ 5.389.281,74. Total devolvido: R$ 0. Saldo final: R$ 6.260.875,93. Previsão de repasse mensal contrato: R$ 5.253.400,82. Contrato de Gestão nº 045/2022, vigência 13/06/2022 a 12/06/2026. Total glosas: R$ 0.",Instituto Patris,2025,8,mensal,,13,0,5389281.74,91192.32,5510317.34,,,6260875.93,6048648.01
2025,C:\OSS-Goias\documentos\Instituto Patris\HEL\2025\21_Relatorio_Comparativo_Recursos\id4647_Relatório Financeiro - Setembro_2025 (.pdf).pdf,id4647_Relatório Financeiro - Setembro_2025 (.pdf),7,1,HEL,,,,,"Competência: Setembro/2025. Contrato de Gestão nº 045/2022, vigência 13/06/2022 a 12/06/2026. Previsão repasse mensal custeio: R$ 5.253.400,82. Repasse investimento: não informado. Saldo anterior (31/08/2025): R$ 6.260.875,93. Total entradas: R$ 5.846.379,93 (inclui repasse custeio R$ 4.914.967,73 + fundo rescisório R$ 490.667,64 + piso enfermagem R$ 350.406,63 + rendimentos R$ 90.337,93). Total geral pagamentos: R$ 5.463.841,66 (custeio R$ 5.035.046,66 + investimento R$ 428.795,00). Valores devolvidos: R$ 0,00. Saldo bancário final: R$ 6.643.414,20. Sem glosas registradas. Documento assinado digitalmente por Luiz Antonio Procopio da Silva em 05/12/2025.",Instituto Patris,2025,9,mensal,,23,0.0,5463841.66,90337.93,5756041.0,,,6643414.2,6260875.93
2025,C:\OSS-Goias\documentos\Instituto Patris\HEL\2025\21_Relatorio_Comparativo_Recursos\id4648_Relatório Financeiro - Setembro_2025 (.xls).xlsx,id4648_Relatório Financeiro - Setembro_2025 (.xls),7,1,HEL,,,,,"Contrato de Gestão 045/2022, vigência 13/06/2022 a 12/06/2026. Previsão de repasse mensal de custeio: R$ 5.253.400,82. Saldo anterior (agosto/2025): R$ 6.260.875,93, sendo R$ 4.801.174,28 em aplicação custeio (CEF 6640-0) e R$ 1.459.701,65 em fundo rescisório (CEF 6834-9). Saldo final (setembro/2025): R$ 6.643.414,20, sendo R$ 4.672.761,22 em aplicação custeio e R$ 1.970.652,98 em fundo rescisório. Total devolvido: R$ 0,00. Total de glosas: R$ 0,00. recursos_recebidos_ses calculado como soma dos repasses SES (4.914.967,73 + 490.667,64 + 350.406,63 = 5.756.041,00); recursos_recebidos_outras_fontes corresponde aos rendimentos financeiros (70.054,24 + 20.283,69 = 90.337,93).",Instituto Patris,2025,9,mensal,,12,0.0,5463841.66,90337.93,5756041.0,,,6643414.2,6260875.93
2025,C:\OSS-Goias\documentos\Instituto Patris\HEL\2025\21_Relatorio_Comparativo_Recursos\id4649_Relatório Financeiro - Outubro_2025 (.pdf).pdf,id4649_Relatório Financeiro - Outubro_2025 (.pdf),6,1,HEL,,,,,"Contrato de Gestão nº 045/2022, vigência 13/06/2022 a 12/06/2026. Previsão de repasse mensal de custeio: R$ 5.253.400,82. Repasse de investimento não informado. Total de entradas no período: R$ 5.930.490,26 (inclui repasses SES de custeio R$ 4.982.534,64, fundo rescisório R$ 490.667,64, piso enfermagem R$ 351.184,41 e rendimentos financeiros R$ 106.103,57). Total aplicações financeiras: R$ 5.281.151,69. Total resgates: R$ 4.470.064,66. Saldo final em aplicações: Fundo Rescisório R$ 2.211.122,80 + Custeio R$ 5.349.482,00. Total glosas: zero. Documento assinado digitalmente por Luiz Antonio Procopio da Silva em 07/12/2025.",Instituto Patris,2025,10,mensal,,13,0.0,5013299.66,106103.57,5824386.69,,,7560604.8,6643414.2
2025,C:\OSS-Goias\documentos\Instituto Patris\HEL\2025\21_Relatorio_Comparativo_Recursos\id4650_Relatório Financeiro - Outubro_2025 (.xls).xlsx,id4650_Relatório Financeiro - Outubro_2025 (.xls),6,1,HEL,,,,,"Contrato de Gestão nº 045/2022, vigência 13/06/2022 a 12/06/2026. Previsão de repasse mensal de custeio: R$ 5.253.400,82. Saldo anterior (início de outubro/2025): R$ 6.643.414,20. Saldo final (31/10/2025): R$ 7.560.604,80. Total de entradas: R$ 5.930.490,26 (inclui repasses SES de custeio, fundo rescisório e piso enfermagem, além de rendimentos de aplicações). Total de resgates: R$ 4.470.064,66. Total de aplicações financeiras: R$ 5.281.151,69. Sem glosas registradas no período. Aplicações financeiras ao final: Fundo Rescisório R$ 2.211.122,80 e Custeio R$ 5.349.482,00.",Instituto Patris,2025,10,mensal,,17,0.0,5013299.66,106103.57,5824386.69,,,7560604.8,6643414.2
2025,C:\OSS-Goias\documentos\Instituto Patris\HEL\2025\21_Relatorio_Comparativo_Recursos\id4673_Relatório Financeiro - Novembro_2025 (.pdf).pdf,id4673_Relatório Financeiro - Novembro_2025 (.pdf),6,1,HEL,,,,,"Competência: Novembro/2025. Contrato de Gestão nº 045/2022, vigência 13/06/2022 a 12/06/2026. Previsão de repasse mensal de custeio: R$ 5.253.400,82. Repasse investimento não informado. Saldo final em aplicações financeiras: Fundo Rescisório R$ 5.105.309,26 e Custeio R$ 4.581.525,96. Total das glosas não informado (sem valor registrado). Nenhuma nota explicativa registrada. Recursos_recebidos_outras_fontes inclui Fundo Rescisório (R$ 2.859.575,03), Piso Enfermagem (R$ 364.394,07) e rendimentos financeiros (R$ 105.057,85).",Instituto Patris,2025,11,mensal,,15,0.0,6197764.26,3258580.53,4994967.73,,,9686835.22,7560604.8
2025,C:\OSS-Goias\documentos\Instituto Patris\HEL\2025\21_Relatorio_Comparativo_Recursos\id4674_Relatório Financeiro - Novembro_2025 (.xls).xlsx,id4674_Relatório Financeiro - Novembro_2025 (.xls),6,1,HEL,,,,,"Contrato de Gestão nº 045/2022, vigência 13/06/2022 a 12/06/2026. Previsão de repasse mensal de custeio: R$ 5.253.400,82. Saldo anterior (início de novembro/2025): R$ 7.560.604,80. Total de entradas: R$ 8.323.994,68 (inclui repasses SES de R$ 8.218.936,83 e rendimentos de R$ 105.057,85). Total de resgates de aplicação financeira: R$ 9.797.967,89. Total de aplicações financeiras: R$ 11.819.140,46. Total de pagamentos: R$ 6.197.764,26. Saldo bancário final em 30/11/2025: R$ 9.686.835,22. Total de glosas: R$ 0,00. recursos_recebidos_ses calculado como soma dos repasses SES: 4.994.967,73 + 2.859.575,03 + 364.394,07 = 8.218.936,83. recursos_recebidos_outras_fontes corresponde aos rendimentos sobre aplicações financeiras: 70.446,42 + 34.611,43 = 105.057,85.",Instituto Patris,2025,11,mensal,,13,0.0,6197764.26,105057.85,8218937.83,,,9686835.22,7560604.8
2025,C:\OSS-Goias\documentos\Instituto Patris\HEL\2025\21_Relatorio_Comparativo_Recursos\id4675_Relatório Financeiro - Dezembro_2025 (.pdf).xlsx,id4675_Relatório Financeiro - Dezembro_2025 (.pdf),6,1,HEL,,,,,"Saldo anterior: R$ 9.686.835,22. Total entradas: R$ 6.158.244,05 (inclui repasse custeio R$ 5.154.967,73, fundo rescisório R$ 245.333,82, piso enfermagem R$ 633.022,87, rendimentos R$ 124.919,63). Total resgates aplicação: R$ 5.184.017,74. Total aplicações financeiras: R$ 4.245.333,82. Total pagamentos: R$ 6.434.395,48. Total devolvido: R$ 0. Saldo final: R$ 9.410.683,79. Total glosas: R$ 0. Previsão de repasse mensal custeio contrato: R$ 5.253.400,82. Contrato 045/2022 vigência 13/06/2022 a 12/06/2026.",Instituto Patris,2025,12,mensal,,13,0,6434395.48,124919.63,6033324.42,,,9410683.79,9686835.22
2025,C:\OSS-Goias\documentos\Instituto Patris\HEL\2025\21_Relatorio_Comparativo_Recursos\id4676_Relatório Financeiro - Dezembro_2025 (.xls).pdf,id4676_Relatório Financeiro - Dezembro_2025 (.xls),6,1,HEL,,,,,"Competência Dezembro/2025. Saldo anterior: R$ 9.686.835,22 (aplicações financeiras: Fundo Rescisório R$ 5.105.309,26 + Custeio R$ 4.581.525,96). Total de resgates de aplicação financeira: R$ 5.184.017,74. Total de novas aplicações financeiras: R$ 4.245.333,82. Saldo final em 31/12/2025: R$ 9.410.683,79 (conta movimento custeio R$ 137.612,86 + aplicação Fundo Rescisório R$ 4.759.977,34 + aplicação custeio R$ 4.513.093,59). Previsão de repasse mensal contrato custeio: R$ 5.253.400,82. Sem glosas registradas. Recursos recebidos SES = repasse custeio (5.154.967,73) + fundo rescisório (245.333,82) + piso enfermagem (633.022,87) = 6.033.324,42. Recursos de outras fontes = rendimentos financeiros (73.048,02 + 51.871,61) = 124.919,63.",Instituto Patris,2025,12,mensal,,13,0.0,6434395.48,124919.63,6033324.42,,,9410683.79,9686835.22
2025,C:\OSS-Goias\documentos\IMED\HETRIN\2025\99_NaoClassificado\RELAT93RIO_FINANCEIRO_DOS_RECURSOS_HETRIN_022025.pdf,RELAT93RIO_FINANCEIRO_DOS_RECURSOS_HETRIN_022025,7,1,HUTRIN,,,,,"Relatório Mensal Comparativo de Recursos Recebidos, Gastos e Devolvidos ao Poder Público referente a fevereiro/2025. Contrato de Gestão nº 037/2021. Previsão de repasse mensal de custeio: R$ 5.796.227,99. Repasse efetivo de custeio recebido: R$ 6.075.199,23 (via C.E.F AG:0012 C/C 580133732-2). Rendimentos sobre aplicações financeiras de custeio: R$ 212.170,13. Rendimentos sobre aplicações financeiras de investimento: R$ 37.891,65. Valores devolvidos à contratante: R$ 0,00. Saldo bancário final em 28/02/2025: R$ 24.043.057,32.",IMED,2025,2,mensal,,21,0.0,10325895.65,0.0,6075199.23,,,24043057.32,28043691.96
2025,C:\OSS-Goias\documentos\IMED\HETRIN\2025\99_NaoClassificado\RELATC393RIO_FINANCEIRO_DOS_RECURSOS_HETRIN_092025.pdf,RELATC393RIO_FINANCEIRO_DOS_RECURSOS_HETRIN_092025,7,1,HUTRIN,,,,,"Hospital de Urgências de Trindade (HUTRIN), gerido pela IMED, contrato de gestão nº 037/2021, vigência 25/08/2023 a 24/08/2027. Competência setembro/2025. Previsão de repasse mensal de custeio: R$ 5.796.227,99. Repasse SES custeio recebido no mês: R$ 5.516.095,85 (conta 580133732-2) + R$ 541.367,70 (fundo rescisório) = R$ 6.057.463,55. Recursos Extracontratuais de R$ 665.183,62 incluídos em outras fontes. Valores devolvidos à contratante: zero. Saldo bancário final em 30/09/2025: R$ 32.669.086,76.",IMED,2025,9,mensal,,27,0.0,12954522.23,671993.94,6057463.55,,,32669086.76,36739906.93
2025,C:\OSS-Goias\documentos\ABEVIDA\CRESM\2025\21_Relatorio_Comparativo_Recursos\RELATORIO-FINANCEIRO-MENSAL-01.2025.pdf,RELATORIO-FINANCEIRO-MENSAL-01.2025,7,1,CRESM,,,,,"Repasse SES Custeio: R$ 2.897.067,24; Repasse Fundo Rescisório: R$ 47.870,95; Repasse Piso Enfermagem: R$ 0,00; Repasse Investimento: R$ 0,00. Rendimentos sobre aplicações financeiras: R$ 25.565,93. Outras entradas: R$ 3.813,74. Saldo bancário final datado como 31/01/2023 no documento, mas competência é janeiro/2025. Previsão de repasse mensal custeio: R$ 3.001.551,80. Contrato de Gestão nº 002/2014-SES, 9º Termo Aditivo vigência 26/07/2024 a 26/07/2026.",ABEVIDA,2025,1,mensal,,12,0.0,2950169.51,3813.74,2944938.19,,,2687989.16,2663840.91
2025,C:\OSS-Goias\documentos\ABEVIDA\CRESM\2025\21_Relatorio_Comparativo_Recursos\RELATORIO-FINANCEIRO-MENSAL-02.2025.xlsx,RELATORIO-FINANCEIRO-MENSAL-02.2025,6,1,CRESM,,,,,"Relatório Financeiro Mensal de Fevereiro/2025. Contrato de Gestão nº 002/2014-SES, 9º Termo Aditivo vigência 26/07/2024 a 26/07/2026. Previsão de repasse mensal custeio: R$ 3.001.551,80. Repasse efetivo custeio em fevereiro: R$ 5.763.103,60 (dois meses). Saldo anterior (aplicações financeiras): Custeio R$ 2.212.515,90, Investimento R$ 419.400,95, Fundo Rescisório R$ 56.072,41. Rendimentos sobre aplicações: R$ 33.127,21. Outras entradas: R$ 11.879,85. Total geral dos pagamentos (custeio): R$ 3.024.491,85. Valores devolvidos: R$ 0. Saldo final bancário em 31/01/2023 (data no documento provavelmente incorreta, deveria ser 28/02/2025): R$ 5.471.608,07. Sem glosas registradas.",ABEVIDA,2025,2,mensal,,12,0,3024491.85,11879.85,5763103.6,,,5471608.07,2687989.26
2025,C:\OSS-Goias\documentos\ABEVIDA\CRESM\2025\21_Relatorio_Comparativo_Recursos\RELATORIO-FINANCEIRO-MENSAL-03.2025.xlsx,RELATORIO-FINANCEIRO-MENSAL-03.2025,7,1,CRESM,,,,,"Competência março/2025. Saldo anterior de R$ 5.471.608,07. Total de entradas R$ 331.820,37 (repasse custeio SES R$ 106.426,21 + fundo rescisório R$ 65.668,98 + investimento R$ 102.488,46 + rendimentos R$ 29.828,46 + outras R$ 27.408,26). Total de pagamentos custeio R$ 2.862.236,76. Valores devolvidos: R$ 0. Saldo final R$ 2.941.191,68. Glosas: zero. Previsão repasse mensal custeio: R$ 3.001.551,80. Contrato 002/2014-SES, 9º Termo Aditivo vigência 26/07/2024 a 26/07/2026. Assinatura datada de 28/02/2025.",ABEVIDA,2025,3,mensal,,18,0.0,2862236.76,27408.26,172095.19,,,2941191.68,5471608.07
2025,C:\OSS-Goias\documentos\ABEVIDA\CRESM\2025\21_Relatorio_Comparativo_Recursos\RELATORIO-FINANCEIRO-MENSAL-04.2025.xlsx,RELATORIO-FINANCEIRO-MENSAL-04.2025,7,1,CRESM,,,,,"Relatório referente a Abril/2025. OSS: ABEVIDA (Associação Brasileira de Esperança e Vida). Contrato de Gestão 002/2014-SES, 9º Termo Aditivo vigente de 26/07/2024 a 26/07/2026. Previsão de repasse mensal Custeio: R$ 3.001.551,80. Saldo anterior: R$ 2.941.191,68. Total de entradas: R$ 3.074.667,77. Total geral de pagamentos (Custeio): R$ 3.017.117,00. Valores devolvidos: R$ 0,00. Saldo final: R$ 2.998.742,45. O cabeçalho do saldo bancário final menciona data 31/01/2023, porém o relatório é de Abril/2025, sendo provável erro de template. Recursos recebidos SES calculados como soma dos repasses SES: Custeio (2.963.894,14) + Fundo Rescisório (66.890,83) = 3.030.784,97. Total de pagamentos custeio (3.017.117,00) corresponde à soma das subcategorias de pagamento mais a linha 'Concessionárias' de mesmo valor (possível duplicidade/sobreposição no documento original).",ABEVIDA,2025,4,mensal,,20,0.0,3017117.0,6539.83,3030784.97,,,2998742.45,2941191.68
2025,C:\OSS-Goias\documentos\ABEVIDA\CRESM\2025\21_Relatorio_Comparativo_Recursos\RELATORIO-FINANCEIRO-MENSAL-05.2025.pdf,RELATORIO-FINANCEIRO-MENSAL-05.2025,9,1,CRESM,,,,,"Competência Maio/2025. Previsão de repasse mensal de custeio: R$ 3.001.551,80. Previsão de repasse de investimento: R$ 0,00. Saldo bancário final datado como 31/01/2023 no documento (provável erro de template; corresponde ao fechamento de maio/2025). Recursos recebidos da SES incluem Repasse Custeio (R$ 2.934.039,32) e Repasse Fundo Rescisório (R$ 68.167,38), totalizando R$ 3.002.206,70. Total de glosas: R$ 0,00. Assinado digitalmente pela ABEVIDA em 03/06/2025.",ABEVIDA,2025,5,mensal,,16,0.0,3221564.46,5862.62,3002206.7,,,2825330.35,2998742.45
2025,C:\OSS-Goias\documentos\ABEVIDA\CRESM\2025\21_Relatorio_Comparativo_Recursos\RELATORIO-FINANCEIRO-MENSAL-06.2025-1.pdf,RELATORIO-FINANCEIRO-MENSAL-06.2025-1,9,1,CRESM,,,,,"Relatório Financeiro Mensal referente a Junho/2025 do CRESM - Complexo de Referência Estadual em Saúde Mental, gerido pela ABEVIDA (CNPJ 02.812.043/0001-05), Contrato de Gestão 002/2014-SES, 9º Termo Aditivo vigente de 26/07/2024 a 26/07/2026. Previsão de repasse mensal custeio: R$ 3.001.551,80; Previsão investimento: R$ 0,00. Saldo bancário final datado como 31/01/2023 no documento (possível erro no documento; assinatura em 30/06/2025). Recursos recebidos da SES incluem repasse custeio (R$ 2.941.497,64) e fundo rescisório (R$ 67.586,08), totalizando R$ 3.009.083,72. Total de entradas inclui também rendimentos financeiros (R$ 37.587,99) e outras entradas (R$ 4.258,54). Glosas zeradas. Fonte: Extratos bancários e Balancete Contábil, Sipef/BRGAAP.",ABEVIDA,2025,6,mensal,,19,0.0,3022255.36,4258.54,3009083.72,,,2854005.24,2825330.35
2025,C:\OSS-Goias\documentos\ABEVIDA\CRESM\2025\21_Relatorio_Comparativo_Recursos\RELATORIO-FINANCEIRO-MENSAL-06.2025.xlsx,RELATORIO-FINANCEIRO-MENSAL-06.2025,7,1,CRESM,,,,,"Competência: Junho/2025. Contrato de Gestão 002/2014-SES, 9º Termo Aditivo vigência 26/07/2024 a 26/07/2026. Previsão de repasse mensal custeio: R$ 3.001.551,80. Saldo bancário final datado como 31/01/2023 no campo, mas assinatura data 30/06/2025 (provável erro no template). Repasse Piso Enfermagem: R$ 0. Total glosas: R$ 0. Fundo Rescisório saldo conta movimento: R$ 227.204,68 (possível transferência interna). Resgate aplicação financeira total: R$ 3.205.306,55. Total aplicações financeiras: R$ 3.035.646,65.",ABEVIDA,2025,6,mensal,,19,0.0,3022255.36,4258.54,3009083.72,,,2854005.24,2825330.35
2025,C:\OSS-Goias\documentos\ABEVIDA\CRESM\2025\21_Relatorio_Comparativo_Recursos\RELATORIO-FINANCEIRO-MENSAL-07.2025.xlsx,RELATORIO-FINANCEIRO-MENSAL-07.2025,9,1,CRESM,,,,,"Relatório referente a Julho/2025 (competência). O cabeçalho do saldo final menciona '31/01/2023' mas o documento indica assinatura em 31 julho de 2025, tratando-se de erro de digitação no template. Repasse mensal previsto no contrato: R$ 3.001.551,80 (custeio) e R$ 0 (investimento) - 9º Termo Aditivo vigente de 26/07/2024 a 26/07/2026. Rendimentos detalhados: Custeio R$ 33.347,62, Investimento R$ 4.785,53, Fundo Rescisório R$ 2.654,49. Saldo final composto por: Aplicação Custeio R$ 2.131.820,85, Aplicação Investimento R$ 421.613,25, Fundo Rescisório R$ 299.837,75.",ABEVIDA,2025,7,mensal,,22,10000.0,3003055.76,4222.51,2899878.06,,,2853271.85,2854005.24
2025,C:\OSS-Goias\documentos\ABEVIDA\CRESM\2025\21_Relatorio_Comparativo_Recursos\RELATORIO-FINANCEIRO-MENSAL-08.2025-1.pdf,RELATORIO-FINANCEIRO-MENSAL-08.2025-1,8,1,CRESM,,,,,"Relatório Financeiro Mensal referente a agosto/2025. Contrato de Gestão nº 002/2014 - SES, 9º Termo Aditivo, vigência 26/07/2024 a 26/07/2026. Previsão de repasse mensal custeio: R$ 3.001.551,80. Previsão de repasse mensal investimento: R$ 0,00. Saldo anterior total: R$ 2.853.271,85 (Custeio: R$ 2.131.820,85; Investimento: R$ 421.613,25; Fundo Rescisório: R$ 299.837,75). Total de resgates de aplicação financeira: R$ 2.812.245,18. Total de aplicações financeiras: R$ 2.907.816,74. Saldo final em 31/08/2025: R$ 2.987.685,46 (Custeio aplicação: R$ 2.147.375,95; Investimento aplicação: R$ 473.385,27; Fundo Rescisório aplicação: R$ 366.924,20). Glosas: zero. Assinado digitalmente em 04/09/2025.",ABEVIDA,2025,8,mensal,,19,0.0,2962694.01,42655.75,3054451.87,,,2987685.46,2853271.85
2025,C:\OSS-Goias\documentos\ABEVIDA\CRESM\2025\21_Relatorio_Comparativo_Recursos\RELATORIO-FINANCEIRO-MENSAL-08.2025.xlsx,RELATORIO-FINANCEIRO-MENSAL-08.2025,9,1,CRESM,,,,,"Relatório Financeiro Mensal referente a Agosto/2025. OSS gestora: ABEVIDA (Associação Brasileira de Esperança e Vida). Unidade gerida: CRESM (Complexo de Referência Estadual em Saúde Mental). Contrato de Gestão nº 002/2014-SES, 9º Termo Aditivo com vigência 26/07/2024 a 26/07/2026. Previsão de repasse mensal de custeio: R$ 3.001.551,80. Previsão de repasse mensal de investimento: R$ 0. Saldo bancário anterior: R$ 2.853.271,85 (inclui aplicações financeiras). Total de entradas: R$ 3.097.107,62. Total disponível: R$ 5.950.379,47. Total de resgates de aplicação financeira: R$ 2.812.245,18. Total das aplicações financeiras: R$ 2.907.816,74. Saldo bancário final em 31/08/2025: R$ 2.987.685,46. Recurso recebidos SES calculado como soma de repasse custeio (2.990.976,35) + fundo rescisório (63.475,52) = 3.054.451,87. Fonte: Extratos bancários e Balancete Contábil, Sipef/BRGAAP.",ABEVIDA,2025,8,mensal,,25,0.0,2962694.01,3813.74,3054451.87,,,2987685.46,2853271.85
2025,C:\OSS-Goias\documentos\ABEVIDA\CRESM\2025\21_Relatorio_Comparativo_Recursos\RELATORIO-FINANCEIRO-MENSAL-09.2025.pdf,RELATORIO-FINANCEIRO-MENSAL-09.2025,7,1,CRESM,,,,,"Relatório Financeiro Mensal referente à competência Setembro/2025. Unidade gerida: Complexo de Referência Estadual em Saúde Mental (CRESM). OSS contratada: ABEVIDA (Associação Brasileira de Esperança e Vida), CNPJ 02.812.043/0001-05. Contrato de Gestão nº 002/2014-SES, 11º Termo Aditivo vigência 26/07/2025 a 26/07/2026. Previsão de repasse mensal de custeio: R$ 3.403.414,71. Saldo bancário final em 31/08/2025 conforme consta no documento. Recursos recebidos da SES correspondem ao repasse de custeio (R$ 2.938.237,83) mais fundo rescisório (R$ 64.318,00). Rendimentos financeiros totalizaram R$ 40.368,39. Glosas: nenhuma registrada no período.",ABEVIDA,2025,9,mensal,,19,0.0,3010223.32,3813.74,3002555.83,,,3024200.1,2987685.46
2025,C:\OSS-Goias\documentos\ABEVIDA\CRESM\2025\21_Relatorio_Comparativo_Recursos\RELATORIO-FINANCEIRO-MENSAL-10.2025.xlsx,RELATORIO-FINANCEIRO-MENSAL-10.2025,9,1,CRESM,,,,,"Relatório Financeiro Mensal referente a Outubro/2025. Contrato de Gestão nº 002/2014-SES, 11º Termo Aditivo vigente de 26/07/2025 a 26/07/2026. Previsão de repasse mensal de custeio: R$ 3.403.414,71. O saldo final informado no cabeçalho da seção 7 menciona 31/08/2025, porém a assinatura é datada de 31 de outubro de 2025, indicando possível erro de digitação na data do saldo. Recursos recebidos da SES calculados como soma de Repasse Custeio (3.415.543,41) + Repasse Fundo Rescisório (64.338,66) = 3.479.882,07. Outras fontes: rendimentos financeiros (47.860,53) + outras entradas (3.934,87). Total de entradas: 3.531.677,47. Glosas: zero em todas as categorias.",ABEVIDA,2025,10,mensal,,20,0.0,3294003.27,3934.87,3479882.07,,,3261874.31,3024200.11
2025,C:\OSS-Goias\documentos\ABEVIDA\CRESM\2025\21_Relatorio_Comparativo_Recursos\RELATORIO-FINANCEIRO-MENSAL-11.2025.xlsx,RELATORIO-FINANCEIRO-MENSAL-11.2025,6,1,CRESM,,,,,"Relatório Financeiro Mensal referente a Novembro/2025. Contrato de Gestão 002/2014-SES, 11º Termo Aditivo (vigência 26/07/2025 a 26/07/2026). Previsão de repasse mensal de custeio: R$ 3.403.414,71. Glosas zeradas. Saldo final em aplicações financeiras: R$ 3.079.548,00. A data indicada no campo 'Saldo Bancário Final' menciona 31/08/2025, possivelmente erro de preenchimento, pois o relatório é de Novembro/2025.",ABEVIDA,2025,11,mensal,,16,0.0,3722020.57,12213.56,3485665.79,,,3079548.0,3261874.31
2025,C:\OSS-Goias\documentos\ABEVIDA\CRESM\2025\21_Relatorio_Comparativo_Recursos\RELATORIO-FINANCEIRO-MENSAL-12.2025.xlsx,RELATORIO-FINANCEIRO-MENSAL-12.2025,6,1,CRESM,,,,,"Relatório Financeiro Mensal - Dezembro/2025. Contrato de Gestão 002/2014-SES, 11º Termo Aditivo vigência 26/07/2025 a 26/07/2026. Previsão de repasse mensal custeio: R$ 3.403.414,71. Saldo anterior inclui aplicações financeiras: Custeio R$ 1.975.456,41, Investimento R$ 415.936,08, Fundo Rescisório R$ 688.155,51. Total resgate de aplicações: R$ 3.517.033,57. Total de novas aplicações: R$ 4.140.429,38. Saldo final em aplicações: Custeio R$ 1.354.871,89, Investimento R$ 420.499,01, Fundo Rescisório R$ 726.056,78. Glosas: zero. O título do saldo bancário final menciona data 31/08/2025, porém o documento é de dezembro/2025 conforme competência declarada e assinatura datada de 31 de dezembro de 2025. Recursos recebidos SES calculados como soma de repasse custeio (3.340.823,97) + fundo rescisório (158.939,47) = 3.499.763,44.",ABEVIDA,2025,12,mensal,,20,0,4128125.87,4966.62,3499763.44,,,2501427.68,3079548
2025,C:\OSS-Goias\documentos\Albert Einstein\HUGO\2025\21_Relatorio_Comparativo_Recursos\Relatorio-Financeiro-Mensal-Comparativo-De-Recursos-Recebidos-Gastos-E-Devolvidos-Ao-Poder-Publico-Maio-2025_Assinado.pdf,Relatorio-Financeiro-Mensal-Comparativo-De-Recursos-Recebidos-Gastos-E-Devolvidos-Ao-Poder-Publico-Maio-2025_Assinado,15,1,HUGO,,,,,"Relatório referente à competência maio/2025 do HUGO (Hospital Estadual de Urgências de Goiás - Dr. Valdemiro Cruz), gerido pelo Albert Einstein (SBIBHAE). Contrato 097/2024 SES/GO - 1º Termo Aditivo. Previsão de repasse mensal de custeio: R$ 25.051.562,75. Repasses SES recebidos no período: Custeio R$ 34.904.877,23 (inclui Piso de Enfermagem R$ 32.398,29), Investimento R$ 1.863.406,18, Rescisório R$ 392.939,52. Rendimentos sobre aplicações: R$ 667.814,65. Recuperação de despesas: R$ 53.305,50. Reembolso de despesas: R$ 116.929,60. Valores devolvidos à contratante: R$ 0,00. Saldo bancário final em 31/05/2025: R$ 49.396.481,22.",Albert Einstein,2025,5,mensal,,16,0.0,27544385.76,667814.65,37161222.93,,,49396481.22,38941594.3
2025,C:\OSS-Goias\documentos\Albert Einstein\HUGO\2025\21_Relatorio_Comparativo_Recursos\Relatorio-Mensal-Comparativo-de-Recursos-Recebidos-fevereiro-2025.xlsx,Relatorio-Mensal-Comparativo-de-Recursos-Recebidos-fevereiro-2025,16,1,HUGO,,,,,"Relatório referente à competência janeiro/2025 (sheet 'Janeiro - 2025'). Repasse custeio SES: R$ 22.649.946,44 + Piso de Enfermagem R$ 70.272,12 = R$ 22.720.218,56; Repasse investimento: R$ 9.498.102,72; Repasse rescisório: R$ 203.381,50; total repasses SES = R$ 32.421.702,78. Rendimentos sobre aplicações: R$ 479.635,17. Recuperação de despesas: R$ 156.346,26. Devolução saldo de caixa: R$ 3.815,00. Valores devolvidos à contratante: R$ 0. Previsão repasse mensal custeio contrato 097/2024: R$ 21.322.433,06. Vigência contrato: 07/08/2024 a 04/12/2027. OSS: Sociedade Benef. Israelita Bras. Hospital Albert Einstein, CNPJ 60.765.823/0090-05.",Albert Einstein,2025,1,mensal,,16,0,26361462.99,639981.43,32421863.78,,,43922964.54,37222928.32
2025,C:\OSS-Goias\documentos\Hospital de Amor\CORA\2025\21_Relatorio_Comparativo_Recursos\relatorio-mensal-comparativo-de-recursos-recebidos-gastos-e-devolvidos-ao-poder-publico-abril-2025.pdf,Relatorio-mensal-comparativo-de-recursos-recebidos-gastos-e-devolvidos-ao-poder-publico-Abril-2025,4,1,CORA,,,,,"Unidade gerida: CORA – Complexo Oncológico de Referência do Estado de Goiás. OSS contratada: Fundação Pio XII. Contrato de Gestão 003/2022 SES/GO, 3° Termo Aditivo, vigência 28/12/2022 a 27/12/2034. Previsão de repasse mensal de custeio: R$ 4.245.179,85. Repasse efetivo de custeio recebido em abril/2025: R$ 2.654.453,50 (inferior à previsão). Saldo bancário anterior zerado. O saldo final de R$ 2.639.855,85 está em aplicações financeiras e, conforme nota, refere-se a provisão de 13º e férias e compromissos com fornecedores, não se tratando de sobra de caixa. Total de glosas: R$ 0,00 (valores não informados por ausência de repasse de informações pela SES). Documento assinado digitalmente por Alessandro de Assis Gomes, Supervisor Financeiro, Matrícula 19.087, em 15/05/2025.",Fundação Pio XII,2025,4,mensal,,13,0.0,20005.23,5407.58,2654453.5,,,2639855.85,0.0
2025,C:\OSS-Goias\documentos\Albert Einstein\HUGO\2025\21_Relatorio_Comparativo_Recursos\Relatorio-Mensal-Comparativo-de-Recursos-Recebidos-Gastos-e-Devolvidos-ao-Poder-Publico-Abril-2025.pdf.pdf,Relatorio-Mensal-Comparativo-de-Recursos-Recebidos-Gastos-e-Devolvidos-ao-Poder-Publico-Abril-2025.pdf,16,1,HUGO,,,,,"Competência 04/2025. Repasses SES totalizam R$ 10.266.064,15 (Custeio R$ 3.000.685,60 + Investimento R$ 7.082.657,37 + Rescisório R$ 182.721,18). Outras fontes: Rendimentos sobre aplicações financeiras R$ 463.594,18 + Recuperação de despesas R$ 220.440,37 + Reembolso de despesas R$ 4.335,43 = R$ 688.369,98. Pagamentos totais (Custeio R$ 21.944.250,10 + Investimento R$ 5.407.039,25) = R$ 27.351.289,35. Devolução à contratante: R$ 799.853,72. Saldo final R$ 38.941.594,30. Previsão de repasse mensal do contrato: R$ 25.051.562,75. Contrato 097/2024 SES/GO (1º Aditivo Termo de Colaboração).",Albert Einstein,2025,4,mensal,,16,799853.72,27351289.35,688369.98,10266064.15,,,38941594.3,56138303.24
2025,C:\OSS-Goias\documentos\IPGSE\HERSO\2025\21_Relatorio_Comparativo_Recursos\relatorio-mensal-comparativo-de-recursos-recebidos-gastos-e-devolvidos-ao-poder-publico-abril-24-07-2025-02cab3d47a.pdf,relatorio-mensal-comparativo-de-recursos-recebidos-gastos-e-devolvidos-ao-poder-publico-abril-24-07-2025-02cab3d47a,12,1,HERSO,,,,,"Relatório Mensal Comparativo de Recursos - Competência 04/2025. Hospital Estadual de Santa Helena de Goiás - Dr. Albanir Faleiros Machado (HERSO). Termo de Colaboração nº 101/2024 SES-GO. Previsão de repasse mensal de custeio: R$ 6.097.982,84. Repasse recebido no mês: R$ 1.166.100,79 (CUSTEIO) + R$ 62.460,27 (APLICAÇÃO 3%). Total de pagamentos investimento: R$ 0. Valores devolvidos à contratante: R$ 0. Total de glosas: R$ 0. Bloqueio judicial: R$ 1.247,14. Reembolso de rateios deduzido: R$ 103.129,05. Saldo bancário final em 30/04/2025: R$ 5.636.193,69.",IPGSE,2025,4,mensal,,17,0.0,5955074.69,62460.27,1166100.79,,,5636193.69,10306047.79
2025,C:\OSS-Goias\documentos\IPGSE\HERSO\2025\21_Relatorio_Comparativo_Recursos\relatorio-mensal-comparativo-de-recursos-recebidos-gastos-e-devolvidos-ao-poder-publico-abril-24-07-2025-d66f0a8bd4.xlsx,relatorio-mensal-comparativo-de-recursos-recebidos-gastos-e-devolvidos-ao-poder-publico-abril-24-07-2025-d66f0a8bd4,12,1,HERSO,,,,,"Relatório Mensal de Abril/2025. Hospital Estadual de Santa Helena de Goiás - Dr. Albanir Faleiros Machado (HERSO). OSS gestora: IPGSE (CNPJ 18.176.322/0002-32). Termo de Colaboração nº 101/2024 SES-GO. Vigência a partir de 30/08/2024. Previsão de repasse mensal de custeio: R$ 6.097.982,84. Repasse SES recebido no mês (custeio): R$ 1.166.100,79. Repasse APLICAÇÃO 3%: R$ 62.460,27. Total de pagamentos custeio: R$ 5.955.074,69. Saldo bancário final em 30/04/2025: R$ 5.636.193,69. Bloqueio judicial: R$ 1.247,14. Valores devolvidos à contratante: R$ 0,00. Sem glosas registradas.",IPGSE,2025,4,mensal,,21,0.0,5955074.69,120366.94,1166100.79,,,5636193.69,10306047.79
2025,C:\OSS-Goias\documentos\Albert Einstein\HUGO\2025\21_Relatorio_Comparativo_Recursos\Relatorio-mensal-comparativo-de-recursos-recebidos-gastos-e-devolvidos-ao-poder-publico-Agosto-2025.pdf.pdf,Relatorio-mensal-comparativo-de-recursos-recebidos-gastos-e-devolvidos-ao-poder-publico-Agosto-2025.pdf,13,1,HUGO,,,,,"Competência 08/2025. Contrato de Gestão 097/2024 SES/GO - 1º Termo Aditivo do Termo de Colaboração. Vigência: 07/08/2024 a 04/12/2027. Previsão de repasse mensal custeio: R$ 25.594.867,92. Total saídas inclui custeio (R$ 21.897.691,80) e investimento (R$ 3.158.014,52). Recursos recebidos SES calculados como soma dos repasses governamentais: custeio (R$ 26.080.579,91) + investimento (R$ 2.196,00) + rescisório (R$ 194.272,18) = R$ 26.277.048,09. Sem glosas registradas.",Albert Einstein,2025,8,mensal,,23,171768.78,25055706.32,247155.57,26276848.09,,,52087581.36,50084491.77
2025,C:\OSS-Goias\documentos\Albert Einstein\HUGO\2025\21_Relatorio_Comparativo_Recursos\Relatorio-mensal-comparativo-de-recursos-recebidos-gastos-e-devolvidos-ao-poder-publico-Agosto-2025.xl_.xlsx,Relatorio-mensal-comparativo-de-recursos-recebidos-gastos-e-devolvidos-ao-poder-publico-Agosto-2025.xl_,10,1,HUGO,,,,,"Hospital Estadual de Urgências de Goiás - Dr. Valdemiro Cruz (HUGO). Contrato de Gestão 097/2024 SES/GO - 1º Termo Aditivo. Vigência: 07/08/2024 a 04/12/2027. Previsão repasse mensal custeio: R$ 25.594.867,92. Repasse SES custeio (2.1): R$ 26.080.579,91; Repasse investimento (2.2): R$ 2.196,00; Repasse rescisório (2.3): R$ 194.272,18. Rendimentos financeiros (2.4): R$ 702.622,43. Receitas não governamentais (2.9): R$ 247.155,57. Total pagamentos custeio: R$ 21.897.691,80. Total pagamentos investimento: R$ 3.158.014,52. Valores devolvidos à contratante: R$ 171.768,78. Glosas: zero. Documento assinado por Danilo da Silva Lili, Gerente Regional de Controladoria, em 04/09/2025.",Albert Einstein,2025,8,mensal,,25,171768.78,25055706.32,950916.6,26276848.09,,,52087581.36,50084491.77
2025,C:\OSS-Goias\documentos\Hospital de Amor\CORA\2025\21_Relatorio_Comparativo_Recursos\relatorio-mensal-comparativo-de-recursos-recebidos-gastos-e-devolvidos-ao-poder-publico-dezembro-2025.pdf,relatorio-mensal-comparativo-de-recursos-recebidos-gastos-e-devolvidos-ao-poder-publico-dezembro-2025,5,1,CORA,,,,,"Competência 12/2025. OSS contratada: Fundação Pio XII (CNPJ 49.150.352/0046-14). Repasse SES custeio inclui: CEF C/C 579393185-2 (R$4.442.088,56), fundo rescisões/ações judiciais 4,67% (R$244.304,20) e reembolso de valores (R$205.767,46). Rendimentos sobre aplicações financeiras custeio: R$24.795,87. Outras entradas (estorno de pagamento): R$65.301,74. Total de pagamentos custeio: R$4.998.835,35. Não houve pagamentos de investimento nem devolução à contratante. Saldo bancário final em 31/12/2025: R$708.300,16 (conta movimento R$604.340,91 + aplicações R$103.959,25). Glosas não informadas pois SES não forneceu as informações. Fatura Saneago paga com recursos do repasse de custeio enquanto não há alteração de titularidade. Documento assinado digitalmente em 05/01/2026 por Alessandro de Assis Gomes, Supervisor Financeiro.",Fundação Pio XII,2025,12,mensal,,17,0,4998835.35,90097.61,4892160.22,,,708300.16,930645.14
2025,C:\OSS-Goias\documentos\IPGSE\HERSO\2025\21_Relatorio_Comparativo_Recursos\relatorio-mensal-comparativo-de-recursos-recebidos-gastos-e-devolvidos-ao-poder-publico-dezembro-24-07-2025-505bd16bdd.xlsx,relatorio-mensal-comparativo-de-recursos-recebidos-gastos-e-devolvidos-ao-poder-publico-dezembro-24-07-2025-505bd16bdd,11,1,HERSO,,,,,"Hospital Estadual de Santa Helena de Goiás - Dr. Albanir Faleiros Machado (HERSO). Termo de Colaboração nº 101/2024 SES-GO. Vigência início: 30/08/2024. Previsão de repasse mensal custeio: R$ 6.097.982,84. Recursos recebidos SES calculados como soma dos repasses: 5.847.982,84 (custeio) + 26.998,00 (investimento) + 62.485,09 (aplicação 3%) = 5.937.465,93. Valores devolvidos à contratante: R$ 0,00. Total glosas: R$ 0,00. Saldo final em aplicações financeiras: R$ 4.955.702,24.",IPGSE,2024,12,mensal,,19,0.0,7119965.93,69086.84,5937465.93,,,4955702.24,6026103.57
2025,C:\OSS-Goias\documentos\IPGSE\HERSO\2025\21_Relatorio_Comparativo_Recursos\relatorio-mensal-comparativo-de-recursos-recebidos-gastos-e-devolvidos-ao-poder-publico-dezembro-24-07-2025-d4a656de51.pdf,relatorio-mensal-comparativo-de-recursos-recebidos-gastos-e-devolvidos-ao-poder-publico-dezembro-24-07-2025-d4a656de51,11,1,HERSO,,,,,"Relatório Mensal Comparativo de Recursos - Competência 12/2024. Hospital Estadual de Santa Helena de Goiás - Dr. Albanir Faleiros Machado (HERSO). Gestora: IPGSE. Termo de Colaboração nº 101/2024 SES-GO, vigência a partir de 30/08/2024. Previsão de repasse mensal custeio: R$ 6.097.982,84. Saldo bancário anterior (01/12/2024): R$ 6.026.103,57. Total de pagamentos custeio: R$ 7.119.965,93. Pagamentos de investimento: R$ 0,00. Valores devolvidos: R$ 0,00. Saldo final em 31/12/2024: R$ 4.955.702,24 (integralmente em aplicações financeiras). Total das glosas: R$ 0,00. Recursos recebidos SES calculados como soma dos repasses 2.1+2.2+2.3 = R$ 5.937.465,93.",IPGSE,2024,12,mensal,,21,0.0,7119965.93,69086.84,5937465.93,,,4955702.24,6026103.57
2025,C:\OSS-Goias\documentos\IPGSE\HERSO\2025\21_Relatorio_Comparativo_Recursos\relatorio-mensal-comparativo-de-recursos-recebidos-gastos-e-devolvidos-ao-poder-publico-fevereiro-24-07-2025-0fcc592d00.pdf,relatorio-mensal-comparativo-de-recursos-recebidos-gastos-e-devolvidos-ao-poder-publico-fevereiro-24-07-2025-0fcc592d00,11,1,HERSO,,,,,"Relatório Mensal Comparativo de Recursos - Competência 02/2025. Hospital Estadual de Santa Helena de Goiás - Dr. Albanir Faleiros Machado (HERSO). Termo de Colaboração nº 101/2024 SES-GO. OSS gestora: IPGSE (Instituto de Planejamento e Gestão de Serviços Especializado). Previsão de repasse mensal de custeio: R$ 6.097.982,84. Saldo bancário anterior: R$ 4.470.397,11. Total de pagamentos custeio: R$ 6.430.426,59. Total de pagamentos investimento: R$ 0,00. Valores devolvidos à contratante: R$ 0,00. Saldo bancário final em 28/02/2025: R$ 9.838.183,01. Rendimentos sobre aplicações financeiras: R$ 52.669,80. Recuperação de despesas: R$ 965,39. Total das glosas: R$ 0,00.",IPGSE,2025,2,mensal,,19,0.0,6430426.59,965.39,11745965.68,,,9838183.01,4470397.11
2025,C:\OSS-Goias\documentos\IPGSE\HERSO\2025\21_Relatorio_Comparativo_Recursos\relatorio-mensal-comparativo-de-recursos-recebidos-gastos-e-devolvidos-ao-poder-publico-fevereiro-24-07-2025-6f7ebc428a.xlsx,relatorio-mensal-comparativo-de-recursos-recebidos-gastos-e-devolvidos-ao-poder-publico-fevereiro-24-07-2025-6f7ebc428a,11,1,HERSO,,,,,"Competência: 02/2025. Hospital Estadual de Santa Helena de Goiás - Dr. Albanir Faleiros Machado (HERSO). OSS: IPGSE (CNPJ 18.176.322/0002-32). Termo de Colaboração nº 101/2024 SES-GO. Vigência início: 30/08/2024. Previsão de repasse mensal de custeio: R$ 6.097.982,84. Repasse SES recebido no período (custeio): R$ 11.745.965,68 (referente a dois meses). Rendimentos sobre aplicações financeiras: R$ 52.669,80. Recuperação de despesas: R$ 965,39. Total de pagamentos custeio: R$ 6.430.426,59. Pagamentos investimento: R$ 0,00. Valores devolvidos à contratante: R$ 0,00. Saldo bancário final em 28/02/2025: R$ 9.838.183,01 (conta movimento: R$ 5.898.539,24; aplicações: R$ 3.939.643,77). Total de glosas: R$ 0,00. Sem nota explicativa registrada.",IPGSE,2025,2,mensal,,19,0.0,6430426.59,53635.19,11745965.68,,,9838183.01,4470397.11
2025,C:\OSS-Goias\documentos\IPGSE\HERSO\2025\21_Relatorio_Comparativo_Recursos\relatorio-mensal-comparativo-de-recursos-recebidos-gastos-e-devolvidos-ao-poder-publico-janeiro-24-07-2025-2bc94d2e5a.pdf,relatorio-mensal-comparativo-de-recursos-recebidos-gastos-e-devolvidos-ao-poder-publico-janeiro-24-07-2025-2bc94d2e5a,11,1,HERSO,,,,,"Competência: 01/2025. Termo de Colaboração nº 101/2024 SES-GO. Previsão de repasse mensal de custeio: R$ 6.097.982,84. Saldo bancário anterior (aplicações financeiras): R$ 4.955.702,24. Total das entradas (incluindo resgates de aplicação): R$ 7.746.973,58. Total das aplicações financeiras: R$ 1.245.327,74. Bloqueio Judicial: R$ 1.406,64. Saldo bancário final em 31/01/2025: R$ 4.470.397,11 (em aplicações financeiras). Total das glosas: R$ 0,00. Repasse APLICAÇÃO 3%: R$ 13.086,19. Rendimentos sobre aplicações financeiras: R$ 45.840,82. Recuperação de despesas: R$ 56,19.",IPGSE,2025,1,mensal,,19,0.0,6454398.38,13086.19,5911516.69,,,4470397.11,4955702.24
2025,C:\OSS-Goias\documentos\IPGSE\HERSO\2025\21_Relatorio_Comparativo_Recursos\relatorio-mensal-comparativo-de-recursos-recebidos-gastos-e-devolvidos-ao-poder-publico-janeiro-24-07-2025-91b6b1806e.xlsx,relatorio-mensal-comparativo-de-recursos-recebidos-gastos-e-devolvidos-ao-poder-publico-janeiro-24-07-2025-91b6b1806e,11,1,HERSO,,,,,"Relatório mensal de janeiro/2025. Hospital HERSO (Hospital Estadual de Santa Helena de Goiás - Dr. Albanir Faleiros Machado). Termo de Colaboração nº 101/2024 SES-GO. Vigência a partir de 30/08/2024. Previsão de repasse mensal de custeio: R$ 6.097.982,84. Repasse SES recebido em custeio: R$ 5.911.516,69. Repasse APLICAÇÃO 3%: R$ 13.086,19. Rendimentos sobre aplicações financeiras: R$ 45.840,82. Outras entradas (recuperação de despesas): R$ 56,19. Saldo inicial (aplicações financeiras): R$ 4.955.702,24. Saldo final bancário em 31/01/2025: R$ 4.470.397,11. Valores devolvidos à contratante: R$ 0,00. Bloqueio judicial: R$ 1.406,64. Total glosas: R$ 0,00.",IPGSE,2025,1,mensal,,19,0.0,6454398.38,58999.2,5911516.69,,,4470397.11,4955702.24
2025,C:\OSS-Goias\documentos\Albert Einstein\HUGO\2025\21_Relatorio_Comparativo_Recursos\Relatorio-mensal-comparativo-de-recursos-recebidos-gastos-e-devolvidos-ao-poder-publico-Julho-2025.pdf,Relatorio-mensal-comparativo-de-recursos-recebidos-gastos-e-devolvidos-ao-poder-publico-Julho-2025,14,1,HUGO,,,,,"Relatório Financeiro Mensal - Competência 07/2025. Hospital: HUGOL - Hospital Estadual de Urgências de Goiás Dr. Valdemiro Cruz. OSS gestora: Sociedade Beneficente Israelita Brasileira Hospital Albert Einstein. Contrato de Gestão nº 097/2024 SES/GO - 1º Termo Aditivo do Termo de Colaboração. Vigência: 07/08/2024 a 04/12/2027. Previsão de repasse mensal custeio: R$ 25.051.562,75. Total de recursos recebidos da SES (custeio + investimento + rescisório): R$ 29.674.060,04. Recursos executados: custeio R$ 23.697.615,79 + investimento R$ 3.353.636,77 = R$ 27.051.252,56. Valores devolvidos à contratante (investimento): R$ 1.146.298,99. Saldo bancário anterior: R$ 47.809.384,95. Saldo bancário final em 31/07/2025: R$ 50.084.491,77. Glosas: R$ 0,00. Documento assinado digitalmente por Danilo da Silva Lili em 08/08/2025.",Albert Einstein,2025,7,mensal,,23,1146298.99,27051252.56,27738.44,29674773.04,,,50084491.77,47809384.95
2025,C:\OSS-Goias\documentos\Hospital de Amor\CORA\2025\21_Relatorio_Comparativo_Recursos\relatorio-mensal-comparativo-de-recursos-recebidos-gastos-e-devolvidos-ao-poder-publico-junho-2025.pdf,relatorio-mensal-comparativo-de-recursos-recebidos-gastos-e-devolvidos-ao-poder-publico-junho-2025,6,1,CORA,,,,,"Competência junho/2025. OSS contratada: Fundação Pio XII (CNPJ 49.150.352/0046-14). Unidade gerida: CORA – Complexo Oncológico de Referência do Estado de Goiás. Contrato 003/2022 SES/GO 3º Termo Aditivo, vigência 28/12/2022 a 27/12/2034. Previsão repasse mensal custeio: R$ 4.245.179,85. Saldo bancário final em 30/06/2025: R$ 3.869.669,42. Total valores devolvidos: zero. Glosas não informadas por não recebimento de informações da SES. Item 5.1.2: faturas Saneago e Equatorial pagas com recursos de custeio enquanto não há alteração de titularidade. Item 2.5.5: reembolso da Matriz R$ 1.977,88 + R$ 9.606,00 + R$ 2,00 estorno (erros em 12/06/25) e reembolso Sempreped Terapia Intensiva Ltda R$ 5.477,34 (pagamento a maior de retenção de impostos, devolvido em 18/06/25).",Fundação Pio XII,2025,6,mensal,,13,0,3422433.28,43679.35,6075021.56,,,3869669.42,1173401.79
2025,C:\OSS-Goias\documentos\Albert Einstein\HUGO\2025\21_Relatorio_Comparativo_Recursos\Relatorio-Mensal-Comparativo-de-Recursos-Recebidos-Gastos-e-Devolvidos-ao-Poder-Publico-Junho-2025.pdf.pdf,Relatorio-Mensal-Comparativo-de-Recursos-Recebidos-Gastos-e-Devolvidos-ao-Poder-Publico-Junho-2025.pdf,15,1,HUGO,,,,,"Hospital: HUGO - Hospital Estadual de Urgências de Goiás Dr. Valdemiro Cruz. OSS gestora: Sociedade Beneficente Israelita Brasileira Hospital Albert Einstein. Contrato de Gestão 097/2024 SES/GO - 1º Termo Aditivo. Vigência: 07/08/2024 a 04/12/2027. Previsão de repasse mensal custeio: R$ 25.051.562,75. Repasse investimento: R$ 0,00. Competência: junho/2025. Saldo bancário anterior: R$ 49.396.481,22. Total de pagamentos custeio: R$ 23.984.144,40. Total de pagamentos investimento: R$ 2.662.893,10. Total saídas de recursos financeiros: R$ 26.969.691,47. Total valores devolvidos: R$ 322.653,97. Bloqueio Judicial: R$ 8.000,00. Saldo bancário final em 30/06/2025: R$ 47.809.384,95. recursos_recebidos_ses calculado como soma dos repasses SES: custeio (R$ 24.686.392,43) + investimento (R$ 8.993,40) = R$ 24.695.385,83. recursos_executados calculado como soma custeio (R$ 23.984.144,40) + investimento (R$ 2.662.893,10) = R$ 26.646.037,50.",Albert Einstein,2025,6,mensal,,25,322653.97,26646037.5,,24695385.83,,,47809384.95,49396481.22
2025,C:\OSS-Goias\documentos\IPGSE\HERSO\2025\21_Relatorio_Comparativo_Recursos\relatorio-mensal-comparativo-de-recursos-recebidos-gastos-e-devolvidos-ao-poder-publico-junho-24-07-2025-6376a63ffc.xlsx,relatorio-mensal-comparativo-de-recursos-recebidos-gastos-e-devolvidos-ao-poder-publico-junho-24-07-2025-6376a63ffc,12,1,HERSO,,,,,"Relatório Mensal Comparativo - Competência 05/2025. Hospital Estadual de Santa Helena de Goiás - Dr. Albanir Faleiros Machado (HERSO). OSS: IPGSE (CNPJ 18.176.322/0002-32). Termo de Colaboração nº 101/2024 SES-GO. Vigência a partir de 30/08/2024. Previsão de repasse mensal de custeio: R$ 6.097.982,84. Repasses recebidos no período: Custeio R$ 5.767.650,88 + Investimento R$ 9.330,00 + Aplicação 3% R$ 111.810,52 = R$ 5.888.791,40. Rendimentos sobre aplicações financeiras: R$ 71.559,70. Bloqueio judicial: R$ 3.120,62. Total de pagamentos - Investimento: R$ 0. Total devolvido à contratante: R$ 0. Saldo bancário final em 31/05/2025: R$ 4.707.454,48.",IPGSE,2025,5,mensal,,21,0,6885969.69,71559.7,5888791.4,,,4707454.48,5636193.69
2025,C:\OSS-Goias\documentos\IPGSE\HERSO\2025\21_Relatorio_Comparativo_Recursos\relatorio-mensal-comparativo-de-recursos-recebidos-gastos-e-devolvidos-ao-poder-publico-junho-24-07-2025-af8b119307.pdf,relatorio-mensal-comparativo-de-recursos-recebidos-gastos-e-devolvidos-ao-poder-publico-junho-24-07-2025-af8b119307,11,1,HERSO,,,,,"Competência 06/2025. Termo de Colaboração nº 101/2024 SES-GO. Previsão de repasse mensal custeio: R$ 6.097.982,84. Repasse custeio recebido: R$ 8.868.310,37; Repasse investimento: R$ 38.319,28; Total repasses SES: R$ 8.906.629,65. Rendimentos sobre aplicações financeiras: R$ 71.047,51. Total de pagamentos custeio: R$ 5.893.156,38. Pagamentos investimento: R$ 0,00. Valores devolvidos à contratante: R$ 0,00. Saldo bancário final em 30/06/2025: R$ 7.791.975,26 (conta movimento R$ 649.577,68 + aplicações financeiras R$ 7.142.397,58). Total glosas: R$ 0,00. Signatários: Diógenes Alves Nascimento (Sup. Financeiro) e Dener Ferreira Borges (Contador CRC-GO 016886/O7).",IPGSE,2025,6,mensal,,21,0.0,5893156.38,71047.51,8906629.65,,,7791975.26,4707454.48
2025,C:\OSS-Goias\documentos\Hospital de Amor\CORA\2025\21_Relatorio_Comparativo_Recursos\relatorio-mensal-comparativo-de-recursos-recebidos-gastos-e-devolvidos-ao-poder-publico-maio-2025.pdf,relatorio-mensal-comparativo-de-recursos-recebidos-gastos-e-devolvidos-ao-poder-publico-maio-2025,7,1,CORA,,,,,"Competência 05/2025. Contrato de Gestão 003/2022 SES/GO - 3° Termo Aditivo, vigência 28/12/2022 a 27/12/2034. Previsão de repasse mensal de custeio: R$ 4.245.179,85. Nenhum repasse SES foi recebido no mês. As entradas são exclusivamente de rendimentos sobre aplicações financeiras. O resgate de aplicação financeira de R$ 1.484.224,99 foi utilizado para cobrir os pagamentos realizados. Saldo bancário final em 30/05/2025: R$ 1.173.401,79. Valores de glosas não informados devido ao não recebimento das informações por parte da SES. A fatura da Equatorial foi paga com recursos do repasse de custeio, enquanto não há alteração de titularidade da unidade consumidora.",Fundação Pio XII,2025,5,mensal,,15,0.0,1484224.99,17770.93,0.0,,,1173401.79,2639855.85
2025,C:\OSS-Goias\documentos\IPGSE\HERSO\2025\21_Relatorio_Comparativo_Recursos\relatorio-mensal-comparativo-de-recursos-recebidos-gastos-e-devolvidos-ao-poder-publico-maio-24-07-2025-16673a52f6.pdf,relatorio-mensal-comparativo-de-recursos-recebidos-gastos-e-devolvidos-ao-poder-publico-maio-24-07-2025-16673a52f6,14,1,HERSO,,,,,"Relatório Mensal Comparativo de Recursos - Competência 05/2025. Hospital Estadual de Santa Helena de Goiás - Dr. Albanir Faleiros Machado (HERSO). Termo de Colaboração nº 101/2024 SES-GO. Previsão de repasse mensal custeio: R$ 6.097.982,84. Repasse custeio recebido: R$ 5.767.650,88; Repasse investimento: R$ 9.330,00; Repasse aplicação 3%: R$ 111.810,52. Total repasses SES: R$ 5.888.791,40. Rendimentos sobre aplicações financeiras: R$ 71.559,70. Total pagamentos custeio: R$ 6.885.969,69. Pagamentos investimento: R$ 0,00. Valores devolvidos à contratante: R$ 0,00. Saldo bancário anterior: R$ 5.636.193,69. Saldo bancário final em 31/05/2025: R$ 4.707.454,48. Total glosas: R$ 0,00. Bloqueio judicial: R$ 3.120,62.",IPGSE,2025,5,mensal,,21,0.0,6885969.69,71559.7,5888791.4,,,4707454.48,5636193.69
2025,C:\OSS-Goias\documentos\IPGSE\HERSO\2025\21_Relatorio_Comparativo_Recursos\relatorio-mensal-comparativo-de-recursos-recebidos-gastos-e-devolvidos-ao-poder-publico-maio-24-07-2025-5b48917996.xlsx,relatorio-mensal-comparativo-de-recursos-recebidos-gastos-e-devolvidos-ao-poder-publico-maio-24-07-2025-5b48917996,12,1,HERSO,,,,,"Relatório mensal de maio/2025. Hospital Estadual de Santa Helena de Goiás - Dr. Albanir Faleiros Machado (HERSO). Termo de Colaboração nº 101/2024 SES-GO. Vigência iniciada em 30/08/2024. Previsão de repasse mensal de custeio: R$ 6.097.982,84. Repasses recebidos da SES: Custeio R$ 5.767.650,88 + Investimento R$ 9.330,00 + Aplicação 3% R$ 111.810,52 = R$ 5.888.791,40. Rendimentos sobre aplicações financeiras: R$ 71.559,70. Bloqueio judicial: R$ 3.120,62. Total de pagamentos custeio: R$ 6.885.969,69. Total de pagamentos investimento: R$ 0,00. Total de devoluções: R$ 0,00. Saldo bancário final em 31/05/2025: R$ 4.707.454,48 (Conta movimento: R$ 154.448,98 + Aplicações financeiras: R$ 4.553.005,50). Total de glosas: R$ 0,00.",IPGSE,2025,5,mensal,,21,0.0,6885969.69,71559.7,5888791.4,,,4707454.48,5636193.69
2025,C:\OSS-Goias\documentos\Albert Einstein\HUGO\2025\21_Relatorio_Comparativo_Recursos\Relatorio-mensal-comparativo-de-recursos-recebidos-gastos-e-devolvidos-ao-Poder-Publico-Marco-2025.xlsx,Relatorio-mensal-comparativo-de-recursos-recebidos-gastos-e-devolvidos-ao-Poder-Publico-Marco-2025,15,1,HUGO,,,,,"Contrato de Gestão 097/2024 SES/GO. Vigência: 07/08/2024 a 04/12/2027. Previsão de repasse mensal custeio: R$ 21.322.433,06. Previsão repasse investimento: R$ 0. Repasse custeio no período inclui Piso de Enfermagem (R$ 72.426,33). Recursos executados incluem custeio (R$ 26.953.362,12) e investimento (R$ 6.378.724,46). Valores devolvidos referem-se exclusivamente à conta investimento. Saldo bancário final em 31/03/2025. CNPJ OSS: 60.765.823/0090-05. Unidade: Hospital Estadual de Urgências de Goiás - Dr. Valdemiro Cruz.",Albert Einstein,2025,3,mensal,,26,34597.79,33332086.58,873603.26,44708419.81,,,56138303.24,43922964.54
2025,C:\OSS-Goias\documentos\IPGSE\HERSO\2025\21_Relatorio_Comparativo_Recursos\relatorio-mensal-comparativo-de-recursos-recebidos-gastos-e-devolvidos-ao-poder-publico-marco-24-07-2025-1062b88bba.pdf,relatorio-mensal-comparativo-de-recursos-recebidos-gastos-e-devolvidos-ao-poder-publico-marco-24-07-2025-1062b88bba,13,1,HERSO,,,,,"Competência 03/2025. Termo de Colaboração nº 101/2024 SES-GO. Previsão de repasse mensal custeio: R$ 6.097.982,84. Repasse custeio recebido: R$ 6.071.428,05; repasse investimento: R$ 490.708,97; repasse aplicação 3%: R$ 103.824,05. Total repasses SES: R$ 6.665.961,07. Rendimentos financeiros: R$ 43.677,44; Recuperação de Despesas: R$ 346.683,44. Total valores devolvidos: R$ 0,00. Saldo bancário final em 31/03/2025: R$ 10.306.047,79 (conta movimento: R$ 6.098.072,94 + aplicações financeiras: R$ 4.207.974,85). Bloqueio Judicial: R$ 1.276,82. Total glosas: R$ 0,00.",IPGSE,2025,3,mensal,,21,0.0,6587180.35,390360.88,6665961.07,,,10306047.79,9838183.01
2025,C:\OSS-Goias\documentos\IPGSE\HERSO\2025\21_Relatorio_Comparativo_Recursos\relatorio-mensal-comparativo-de-recursos-recebidos-gastos-e-devolvidos-ao-poder-publico-marco-24-07-2025-faead6d0ad.xlsx,relatorio-mensal-comparativo-de-recursos-recebidos-gastos-e-devolvidos-ao-poder-publico-marco-24-07-2025-faead6d0ad,13,1,HERSO,,,,,"Relatório Mensal de Março/2025. Hospital: HERSO (Hospital Estadual de Santa Helena de Goiás - Dr. Albanir Faleiros Machado). OSS gestora: IPGSE (Instituto de Planejamento e Gestão de Serviços Especializado). Termo de Colaboração nº 101/2024 SES-GO. Vigência iniciada em 30/08/2024. Previsão de repasse mensal de custeio: R$ 6.097.982,84. Repasse SES recebido no mês: Custeio R$ 6.071.428,05 + Investimento R$ 490.708,97 + Aplicação 3% R$ 103.824,05 = R$ 6.665.961,07. Total das glosas: zero. Bloqueio judicial: R$ 1.276,82.",IPGSE,2025,3,mensal,,34,0.0,6587180.35,390360.88,6665961.07,,,10306047.79,9838183.01
2025,C:\OSS-Goias\documentos\Hospital de Amor\CORA\2025\21_Relatorio_Comparativo_Recursos\relatorio-mensal-comparativo-de-recursos-recebidos-gastos-e-devolvidos-ao-poder-publico-novembro-2025.pdf,relatorio-mensal-comparativo-de-recursos-recebidos-gastos-e-devolvidos-ao-poder-publico-novembro-2025,5,1,CORA,,,,,"Competência 11/2025. OSS gestora: Fundação Pio XII. Unidade: CORA – Complexo Oncológico de Referência do Estado de Goiás. Contrato de Gestão 003/2022 SES/GO – 4° Termo Aditivo, vigência 28/12/2022 a 27/12/2034. Previsão de repasse mensal de custeio: R$ 4.245.179,85. Saldo anterior (aplicações financeiras): R$ 2.417.895,20. Total de entradas: R$ 4.522.608,05. Total de resgates de aplicação: R$ 4.190.908,67. Total de aplicações financeiras realizadas: R$ 2.676.855,45. Saldo final em 30/11/2025: R$ 930.645,14 (somente conta movimento, sem aplicações financeiras conforme nota). Valores de glosas não informados por não recebimento das informações pela SES. Recursos_recebidos_outras_fontes calculado como: rendimentos (26.803,16) + estorno (54.124,51) + ressarcimento (273,00) + reembolso de valores (15.604,10) = 96.804,77.",Fundação Pio XII,2025,11,mensal,,24,0,5637167.53,96804.77,4425803.28,,,930645.14,2417895.2
2025,C:\OSS-Goias\documentos\Albert Einstein\HUGO\2025\21_Relatorio_Comparativo_Recursos\Relatorio-mensal-comparativo-de-recursos-recebidos-gastos-e-devolvidos-ao-poder-publico-Novembro-2025.xlsx.xlsx,Relatorio-mensal-comparativo-de-recursos-recebidos-gastos-e-devolvidos-ao-poder-publico-Novembro-2025.xlsx,14,1,HUGOL,,,,,"Sheet identificada como 'setembro-2025' mas o relatório indica Competência 11/2025 (novembro) e data de assinatura 05/11/2025. O hospital mencionado no documento é HOSPITAL ESTADUAL DE URGÊNCIAS DE GOIÁS - DR. VALDEMIRO CRUZ (HUGOL). OSS gestora: Sociedade Beneficente Israelita Brasileira Hospital Albert Einstein. Contrato 097/2024 SES/GO. Saldo bancário final apresentado no documento é R$ 48.869.945,52, porém o campo 9 (SALDO BANCÁRIO FINAL) exibe 51.709.770,18 (igual ao anterior), sugerindo que o saldo efetivo calculado pela fórmula é 48.869.945,52. Glosa por não cumprimento de metas: R$ 154.736,44. Previsão de repasse mensal custeio: R$ 25.051.562,75. Total repasses SES (custeio + investimento + rescisório): R$ 24.204.037,16 (excluindo rendimentos e outras entradas).",Albert Einstein,2025,11,mensal,,27,11700.72,27721090.0,86992.6,24204037.16,,,48869945.52,51709770.18
2025,C:\OSS-Goias\documentos\IPGSE\HERSO\2025\21_Relatorio_Comparativo_Recursos\relatorio-mensal-comparativo-de-recursos-recebidos-gastos-e-devolvidos-ao-poder-publico-novembro-24-07-2025-d7daa62bb6.xlsx,relatorio-mensal-comparativo-de-recursos-recebidos-gastos-e-devolvidos-ao-poder-publico-novembro-24-07-2025-d7daa62bb6,11,1,HERSO,,,,,"Relatório mensal competência 11/2024. Hospital Estadual de Santa Helena de Goiás - Dr. Albanir Faleiros Machado (HERSO). Termo de Colaboração nº 101/2024 SES-GO. Vigência início: 30/08/2024. Previsão de repasse mensal custeio: R$ 6.097.982,84. Repasses SES recebidos: Custeio R$ 5.907.733,16 + Investimento R$ 397.578,26 + Aplicação 3% R$ 150.866,23 = R$ 6.456.177,65. Outras entradas: Rendimento sobre aplicações R$ 68.718,24 + Recuperação de Despesas R$ 159.199,97. Bloqueio Judicial: R$ 1.405,22. Saldo anterior (1.3 Aplicações financeiras): R$ 6.405.050,53. Saldo bancário final em 30/11/2024: R$ 6.026.103,57. Total das glosas: R$ 0,00.",IPGSE,2024,11,mensal,,18,0.0,7061637.6,227918.21,6456177.65,,,6026103.57,6405050.53
2025,C:\OSS-Goias\documentos\IPGSE\HERSO\2025\21_Relatorio_Comparativo_Recursos\relatorio-mensal-comparativo-de-recursos-recebidos-gastos-e-devolvidos-ao-poder-publico-novembro-24-07-2025-f8d95b4b57.pdf,relatorio-mensal-comparativo-de-recursos-recebidos-gastos-e-devolvidos-ao-poder-publico-novembro-24-07-2025-f8d95b4b57,11,1,HERSO,,,,,"Competência 11/2024. Termo de Colaboração nº 101/2024 SES-GO. Hospital Estadual de Santa Helena de Goiás - Dr. Albanir Faleiros Machado (HERSO). OSS gestora: IPGSE (CNPJ 18.176.322/0002-32). Vigência do contrato a partir de 30/08/2024. Previsão de repasse mensal custeio: R$ 6.097.982,84. Sem repasse previsto para investimento informado. Total de pagamentos custeio: R$ 7.061.637,60. Total pagamentos investimento: R$ 0,00. Valores devolvidos à contratante: R$ 0,00. Saldo bancário final em 30/11/2024: R$ 6.026.103,57. Recursos recebidos SES calculados como soma dos repasses 2.1+2.2+2.3 = 6.455.977,65. Recursos de outras fontes: rendimentos (68.718,24) + recuperação de despesas (159.199,97) = 227.918,21.",IPGSE,2024,11,mensal,,16,0.0,7061637.6,227918.21,6455977.65,,,6026103.57,6405050.53
2025,C:\OSS-Goias\documentos\Hospital de Amor\CORA\2025\21_Relatorio_Comparativo_Recursos\relatorio-mensal-comparativo-de-recursos-recebidos-gastos-e-devolvidos-ao-poder-publico-outubro-2025.xlsx,relatorio-mensal-comparativo-de-recursos-recebidos-gastos-e-devolvidos-ao-poder-publico-outubro-2025,9,1,CORA,,,,,"Contrato de Gestão 003/2022 SES/GO - 4º Termo Aditivo. Vigência: 28/12/2022 a 27/12/2034. Previsão de repasse mensal custeio: R$ 4.245.179,85. Previsão repasse investimento: R$ 0. OSS contratada: Fundação Pio XII (CNPJ 49.150.352/0046-14). Unidade gerida: CORA - Complexo Oncológico de Referência do Estado de Goiás (CNPJ 02.529.964/0038-49). Saldo anterior em aplicações financeiras: R$ 2.714.452,09. Total resgates de aplicação financeira: R$ 4.300.127,20. Total aplicações financeiras realizadas: R$ 3.955.820,09. Saldo final em conta movimento: R$ 2.417.895,20; saldo em aplicações: R$ 0. Glosas: todas zeradas (valores não informados pela SES). Item 5.1.2: fatura Saneago paga com recursos de custeio enquanto não há alteração de titularidade. Reembolso de R$ 58.394,30 incluído no repasse custeio (2.1.3). Outras entradas incluem estorno de pagamento R$ 77.632,16 e ressarcimento R$ 25,00.",Fundação Pio XII,2025,10,mensal,,21,0.0,4673326.86,125407.38,4309756.89,,,2417895.2,2714452.09
2025,C:\OSS-Goias\documentos\IPGSE\HERSO\2025\21_Relatorio_Comparativo_Recursos\relatorio-mensal-comparativo-de-recursos-recebidos-gastos-e-devolvidos-ao-poder-publico-outubro-24-07-2025-b650aeebf3.xlsx,relatorio-mensal-comparativo-de-recursos-recebidos-gastos-e-devolvidos-ao-poder-publico-outubro-24-07-2025-b650aeebf3,11,1,HERSO,,,,,"Relatório competência 10/2024. Hospital: HERSO (Hospital Estadual de Santa Helena de Goiás - Dr. Albanir Faleiros Machado). OSS: IPGSE (Instituto de Planejamento e Gestão de Serviços Especializado). Termo de Colaboração nº 101/2024 SES-GO. Vigência: início 30/08/2024. Previsão repasse mensal Custeio: R$ 6.097.982,84. Recursos recebidos SES calculados como soma dos repasses Custeio (R$ 5.897.982,84) e Investimento (R$ 58.458,26). Recursos de outras fontes incluem rendimentos sobre aplicações (R$ 78.432,47) e recuperação de despesas (R$ 145.105,11). Total valores devolvidos: R$ 0,00. Saldo bancário final em 31/10/2024: R$ 6.405.050,53. Bloqueio judicial: R$ 94,16.",IPGSE,2024,10,mensal,,19,0,6942518.84,223537.58,5956441.1,,,6405050.53,7167684.85
2025,C:\OSS-Goias\documentos\IPGSE\HERSO\2025\21_Relatorio_Comparativo_Recursos\relatorio-mensal-comparativo-de-recursos-recebidos-gastos-e-devolvidos-ao-poder-publico-outubro-24-07-2025-fbade2f266.pdf,relatorio-mensal-comparativo-de-recursos-recebidos-gastos-e-devolvidos-ao-poder-publico-outubro-24-07-2025-fbade2f266,11,1,HERSO,,,,,"Relatório Mensal Comparativo de Recursos Recebidos, Gastos e Devolvidos ao Poder Público. Competência 10/2024. Hospital Estadual de Santa Helena de Góias - Dr. Albanir Faleiros Machado (HERSO). Termo de Colaboração nº 101/2024 SES-GO. Vigência início: 30/08/2024. Previsão de repasse mensal custeio: R$ 6.097.982,84. Repasse custeio recebido: R$ 5.897.982,84; Repasse investimento recebido: R$ 58.458,26. Saldo anterior (01/10/2024): R$ 7.167.684,85. Saldo final (31/10/2024): R$ 6.405.050,53. Valores devolvidos à contratante: R$ 0,00. Total de glosas: R$ 0,00. Bloqueio judicial: R$ 94,16.",IPGSE,2024,10,mensal,,18,0.0,6942518.84,145105.11,5956441.1,,,6405050.53,7167684.85
2025,C:\OSS-Goias\documentos\IPGSE\HERSO\2025\21_Relatorio_Comparativo_Recursos\relatorio-mensal-comparativo-de-recursos-recebidos-gastos-e-devolvidos-ao-poder-publico-setembro-24-07-2025-7a4139909f.xlsx,relatorio-mensal-comparativo-de-recursos-recebidos-gastos-e-devolvidos-ao-poder-publico-setembro-24-07-2025-7a4139909f,11,1,HERSO,,,,,"Hospital Estadual de Santa Helena de Góias - Dr. Albanir Faleiros Machado (HERSO). CNPJ da OS: 18.176.322/0002-32. CNPJ da unidade: 02.529.964/0014-71. Termo de Colaboração nº 101/2024 SES-GO. Vigência início: 30/08/2024. Previsão de repasse mensal custeio: R$ 6.097.982,84. Saldo anterior (01/09/2024): R$ 6.312.199,72 em aplicações financeiras. Total de entradas (repasse + rendimentos + recuperação de despesas): R$ 6.777.126,55. Total de pagamentos custeio: R$ 5.920.191,04. Total pagamentos investimento: R$ 0. Valores devolvidos: R$ 0. Bloqueio Judicial: R$ 1.450,38. Saldo bancário final em 30/09/2024: R$ 7.167.684,85 (integralmente em aplicações financeiras). Sem glosas registradas no período.",IPGSE,2024,9,mensal,,28,0,5920191.04,171867.03,6605259.52,,,7167684.85,6312199.72
2025,C:\OSS-Goias\documentos\IPGSE\HERSO\2025\21_Relatorio_Comparativo_Recursos\relatorio-mensal-comparativo-de-recursos-recebidos-gastos-e-devolvidos-ao-poder-publico-setembro-24-07-2025-b44c3ed454.pdf,relatorio-mensal-comparativo-de-recursos-recebidos-gastos-e-devolvidos-ao-poder-publico-setembro-24-07-2025-b44c3ed454,11,1,HERSO,,,,,"Relatório referente à competência 09/2024 do Hospital Estadual de Santa Helena de Goiás - Dr. Albanir Faleiros Machado (HERSO), gerido pelo IPGSE sob o Termo de Colaboração nº 101/2024 SES-GO, vigência a partir de 30/08/2024. Previsão de repasse mensal de custeio: R$ 6.097.982,84. Saldo bancário anterior: R$ 6.312.199,72 (integralmente em aplicações financeiras). Total de entradas (incluindo resgates): R$ 11.017.806,28. Total de pagamentos custeio: R$ 5.920.191,04. Pagamentos de investimento: R$ 0,00. Valores devolvidos à contratante: R$ 0,00. Saldo final em 30/09/2024: R$ 7.167.684,85 (integralmente em aplicações financeiras). Total de glosas: R$ 0,00. Bloqueio judicial: R$ 1.450,38.",IPGSE,2024,9,mensal,,20,0.0,5920191.04,171867.03,6605259.52,,,7167684.85,6312199.72
2025,C:\OSS-Goias\documentos\Albert Einstein\HUGO\2025\21_Relatorio_Comparativo_Recursos\Relatorio-mensal-comparativo-de-recursos-recebidos-gastos-e-devolvidos-ao-poder-publicos-Outubro-2025.xlsx,Relatorio-mensal-comparativo-de-recursos-recebidos-gastos-e-devolvidos-ao-poder-publicos-Outubro-2025,14,1,HUGO,,,,,"Relatório referente à competência 10/2025 (outubro de 2025) do Hospital Estadual de Urgências de Goiás - Dr. Valdemiro Cruz (HUGO), gerido pela Sociedade Beneficente Israelita Brasileira Hospital Albert Einstein, contrato 097/2024 SES/GO. Saldo bancário anterior: R$ 52.713.474,93. Total de entradas (sem resgates): R$ 26.729.085,95. Total de pagamentos custeio: R$ 27.637.279,28. Total de pagamentos investimento: R$ 83.810,70. Valores devolvidos: R$ 11.700,72. Saldo bancário final: R$ 51.709.770,18. Glosa por não cumprimento de metas (02/10): R$ 154.736,44.",Albert Einstein,2025,10,mensal,,24,11700.72,27721089.98,22859.76,24054151.1,,,51709770.18,52713474.93
2025,documentos\IMED\HETRIN\2025\99_NaoClassificado\RELATORIO_FINANCEIRO_DOS_RECURSOS_012025_HETRIN.xlsx,RELATORIO_FINANCEIRO_DOS_RECURSOS_012025_HETRIN,7,1,HETRIN,,,,,"Hospital de Urgências de Trindade (HUTRIN/HETRIN), gerido pela IMED. Contrato de Gestão 037/2021, vigência 25/08/2023 a 24/08/2027. Previsão de repasse mensal de custeio: R$ 5.796.227,99. Saldo bancário final em 31/01/2025: R$ 28.043.689,96. O total de pagamentos de custeio informado na linha de totalização do item 5 foi R$ 6.440.154,56, porém o campo '5. SAÍDAS DE RECURSOS FINANCEIROS' registra R$ 5.421.628,92. Glosas: zero. Valores devolvidos: zero.",IMED,2025,1,mensal,,27,0,5421628.92,288803.1,5778267.6,,,28043689.96,28406117.61
2025,documentos\IMED\PFRE\2025\99_NaoClassificado\RELATORIO_FINANCEIRO_DOS_RECURSOS_012025_POLICLINICA_DE_FORMOSA.xlsx,RELATORIO_FINANCEIRO_DOS_RECURSOS_012025_POLICLINICA_DE_FORMOSA,6,1,PFRE,,,,,"Policlínica Estadual da Região do Entorno - Unidade Formosa. Termo de Colaboração 88/2024. Vigência: 10/07/2024 a 10/01/2025. Previsão de repasse mensal custeio: R$ 2.160.918,05. Saldo anterior inclui aplicações financeiras: BB 358.585,37 + Caixa custeio 3.781.260,64 + Caixa investimento 4.188,31 + Fundo rescisório 22.758,12. Total entradas (item 2) inclui repasse custeio conta Caixa 2.152.631,34 + conta BB 78.093,58 + fundo rescisório 5.617,58 + rendimentos aplicações e outras entradas. Valores devolvidos à contratante: R$ 0,00. Sem glosas registradas.",IMED,2025,1,mensal,,22,0,2297953.06,34055.18,2236561.43,,,4105400.81,4166792.44
2025,documentos\IMED\HETRIN\2025\99_NaoClassificado\RELATORIO_FINANCEIRO_DOS_RECURSOS_HETRIN_032025.xlsx,RELATORIO_FINANCEIRO_DOS_RECURSOS_HETRIN_032025,8,1,HETRIN,,,,,"Hospital de Urgências de Trindade (HUTRIN/HETRIN), gerido pela IMED, Contrato de Gestão 037/2021, vigência 25/08/2023 a 24/08/2027. Previsão de repasse mensal de custeio: R$ 5.796.227,99. Saldo bancário anterior: R$ 24.053.661,23. Total entradas: R$ 5.894.858,52. Total resgates de aplicação: R$ 4.983.159,04. Total aplicações financeiras: R$ 4.317.718,14. Total pagamentos: R$ 7.755.745,19. Valores devolvidos: R$ 0,00. Saldo final em 31/03/2025: R$ 23.416.709,14. Sem glosas registradas no período.",IMED,2025,3,mensal,,24,0.0,7755745.19,246624.38,5647234.14,,,23416709.14,24053661.23
2025,documentos\IMED\HETRIN\2025\99_NaoClassificado\RELATORIO_FINANCEIRO_DOS_RECURSOS_HETRIN_04.2025-1.xlsx,RELATORIO_FINANCEIRO_DOS_RECURSOS_HETRIN_04.2025-1,7,1,HETRIN,,,,,"Hospital de Urgências de Trindade (HUTRIN). Contrato de Gestão 037/2021, vigência 25/08/2023 a 24/08/2027. Previsão de repasse mensal custeio: R$ 5.796.227,99. Repasse SES custeio no mês: R$ 5.812.063,47 (conta 580133732-2) + R$ 47.296,36 (fundo rescisório) + R$ 10.000.000,00 (obra) = R$ 15.859.359,83. Rendimentos sobre aplicações financeiras custeio: R$ 287.150,13; investimento: R$ 33.077,66. Recuperação de despesas: R$ 9.465,89. Valores devolvidos à contratante: R$ 0,00. Saldo bancário final em 30/04/2025: R$ 29.026.498,82.",IMED,2025,4,mensal,,15,0.0,10559990.94,9465.89,15859359.83,,,29026498.82,23416709.14
2025,documentos\IMED\HETRIN\2025\99_NaoClassificado\RELATORIO_FINANCEIRO_DOS_RECURSOS_HETRIN_05.2025-1.xlsx,RELATORIO_FINANCEIRO_DOS_RECURSOS_HETRIN_05.2025-1,7,1,HUTRIN,,,,,"Hospital de Urgências de Trindade (HUTRIN), gerido pela IMED. Contrato de Gestão nº 037/2021, vigência 25/08/2023 a 24/08/2027. Previsão de repasse mensal de custeio: R$ 5.796.227,99. Repasse efetivo de custeio em maio/2025: R$ 5.545.455,27 (conta principal) + R$ 46.876,37 (fundo rescisório) = R$ 5.592.331,64. Saldo bancário anterior (30/04/2025): R$ 29.026.498,82. Saldo bancário final (31/05/2025): R$ 26.172.247,44. Total de resgates de aplicações financeiras: R$ 6.599.937,18. Total de novas aplicações financeiras: R$ 3.626.401,61. Nenhum valor devolvido à contratante no período. Sem glosas registradas.",IMED,2025,5,mensal,,26,0,9453795.68,425924.79,5592331.64,,,26172247.44,29026498.82
2025,documentos\IMED\HETRIN\2025\99_NaoClassificado\RELATORIO_FINANCEIRO_DOS_RECURSOS_HETRIN_06.2025-1.xlsx,RELATORIO_FINANCEIRO_DOS_RECURSOS_HETRIN_06.2025-1,7,1,HETRIN,,,,,"Hospital: HETRIN (Hospital de Urgências de Trindade). OSS gestora: IMED (Instituto de Medicina Estudo e Desenvolvimento). Contrato de Gestão nº 037/2021, vigência 25/08/2023 a 24/08/2027. Previsão de repasse mensal custeio: R$ 5.796.227,99. Repasse custeio recebido em junho/2025: R$ 5.748.120,30 (conta principal) + R$ 48.461,34 (fundo rescisório) = R$ 5.796.581,64. Rendimentos sobre aplicações financeiras (custeio): R$ 266.774,73; rendimentos investimento: R$ 31.254,30. Outras entradas: recuperação de despesas R$ 15.879,37 e recursos extracontratuais R$ 4.980,00. Total de pagamentos custeio: R$ 7.620.025,46; investimento: R$ 123.000,00. Valores devolvidos à contratante: R$ 0,00. Sem glosas registradas no período.",IMED,2025,6,mensal,,22,0,7743025.46,20859.37,5796581.64,,,24667692.02,26172247.44
2025,documentos\IMED\HETRIN\2025\99_NaoClassificado\RELATORIO_FINANCEIRO_DOS_RECURSOS_HETRIN_06.2025.pdf,RELATORIO_FINANCEIRO_DOS_RECURSOS_HETRIN_06.2025,7,1,HETRIN,,,,,"Relatório Financeiro Mensal de Junho/2025 do Hospital de Urgências de Trindade (HUTRIN/HETRIN), gerido pelo IMED. Contrato de Gestão nº 037/2021, vigência 25/08/2023 a 24/08/2027. Previsão de repasse mensal de custeio: R$ 5.796.227,99. Repasse efetivamente recebido de custeio: R$ 5.796.581,64. Rendimentos sobre aplicações financeiras (custeio): R$ 266.774,73; (investimento): R$ 31.254,30. Outras entradas: R$ 20.859,37. Total de entradas: R$ 6.115.470,04. Resgates de aplicações: R$ 7.423.582,62. Novas aplicações: R$ 5.700.390,92. Total de pagamentos custeio: R$ 7.620.025,46; investimento: R$ 123.000,00. Valores devolvidos à contratante: R$ 0,00. Glosas: R$ 0,00. Saldo bancário final em 30/06/2025: R$ 24.667.692,02 (todo em aplicações financeiras).",IMED,2025,6,mensal,,19,0.0,7743025.46,20859.37,5796581.64,,,24667692.02,26172247.44
2025,documentos\IMED\PFRE\2025\99_NaoClassificado\RELATORIO_FINANCEIRO_DOS_RECURSOS_PLC_FORMOSA_022025.xlsx,RELATORIO_FINANCEIRO_DOS_RECURSOS_PLC_FORMOSA_022025,6,1,PFRE,,,,,"Policlínica Estadual da Região do Entorno - Unidade Formosa. Termo de Colaboração 88/2024, vigência 10/07/2024 a 10/01/2025. Previsão de repasse mensal de custeio: R$ 2.160.918,05. Repasse efetivo de custeio em fevereiro/2025: R$ 2.373.710,78 (via CEF AG 0012 C/C 58038667-7). Rendimentos sobre aplicações financeiras de custeio: R$ 45.417,17; de investimento: R$ 36,92. Outras entradas (recuperação de despesas): R$ 3.753,50. Valores devolvidos à contratante: R$ 0,00. Total de glosas: R$ 0,00.",IMED,2025,2,mensal,,14,0.0,2130792.98,49207.59,2373710.78,,,4397526.2,4105400.81
2025,documentos\IMED\PFRE\2025\99_NaoClassificado\RELATORIO_FINANCEIRO_DOS_RECURSOS_PLC_FORMOSA_032025.xlsx,RELATORIO_FINANCEIRO_DOS_RECURSOS_PLC_FORMOSA_032025,6,1,PFRE,,,,,"Policlínica Estadual da Região do Entorno - Unidade Formosa. Termo de Colaboração 88/2024. Vigência: 10/07/2024 a 03/06/2025. Previsão de repasse mensal de custeio: R$ 2.160.918,05. Repasse custeio recebido em março/2025: R$ 1.523.823,51 (CEF) + R$ 10.359,29 (Fundo Rescisório) = R$ 1.534.182,80. Rendimentos sobre aplicações financeiras custeio: R$ 43.210,47; investimento: R$ 36,28. Outras entradas (Recuperação de Despesas): R$ 915,10. Total de pagamentos custeio conforme subtotal intermediário: R$ 2.038.302,97; total geral dos pagamentos conforme campo consolidado: R$ 2.034.116,33. Valores devolvidos à contratante: R$ 0,00. Saldo final em 31/03/2025: R$ 3.937.567,88.",IMED,2025,3,mensal,,22,0.0,2034116.33,44161.85,1534182.8,,,3937567.88,4397526.2
2025,documentos\IMED\PFRE\2025\99_NaoClassificado\RELATORIO_FINANCEIRO_DOS_RECURSOS_PLC_FORMOSA_04.2025.xlsx,RELATORIO_FINANCEIRO_DOS_RECURSOS_PLC_FORMOSA_04.2025,6,1,PLC Formosa,,,,,"Unidade: Policlínica Estadual da Região do Entorno - Unidade Formosa. Termo de Colaboração 88/2024. Vigência: 10/07/2024 a 03/06/2025. Previsão de repasse mensal custeio: R$ 2.160.918,05. Repasse SES custeio em abril/2025: R$ 3.925.482,56 (CEF) + R$ 10.551,44 (Fundo Rescisório) = R$ 3.936.034,00. Rendimentos sobre aplicações custeio: R$ 56.795,12; investimento: R$ 40,24. Recuperação de Despesas: R$ 15.849,54. O campo 5 'SAÍDAS' exibe R$ 215.184,87 (apenas pessoal), porém o total calculado (5.1.1 a 5.1.8) totaliza R$ 2.440.051,43; o valor de recursos_executados adotado é R$ 2.440.051,43 conforme linha TOTAL GERAL DOS PAGAMENTOS. Valores devolvidos à contratante: R$ 0,00. Saldo final em 30/04/2025: R$ 5.506.235,35.",IMED,2025,4,mensal,,18,0.0,2440051.43,72684.9,3936034.0,,,5506235.35,3937567.88
2025,documentos\IMED\PFRE\2025\99_NaoClassificado\RELATORIO_FINANCEIRO_DOS_RECURSOS_PLC_FORMOSA_05.2025.xlsx,RELATORIO_FINANCEIRO_DOS_RECURSOS_PLC_FORMOSA_05.2025,6,1,PFRE,,,,,"Policlínica Estadual da Região do Entorno - Unidade Formosa. Termo de Colaboração 88/2024. Vigência: 10/07/2024 a 03/06/2025. Previsão de repasse mensal custeio: R$ 2.160.918,05. Repasse custeio recebido em maio/2025: R$ 2.133.382,43 (CEF) + R$ 19.457,84 (Fundo Rescisório) = R$ 2.152.840,27. Total de pagamentos custeio calculado pela planilha: R$ 2.187.687,25 (diverge do campo 5 SAÍDAS que mostra R$ 215.184,87, que pode ser erro de formatação ou dado parcial na linha de saída). Valores devolvidos à contratante: R$ 0,00. Saldo final em 31/05/2025: R$ 5.544.837,94.",IMED,2025,5,mensal,,13,0.0,2187687.25,73449.57,2152840.27,,,5544837.94,5506235.35
2025,documentos\IMED\PFRE\2025\99_NaoClassificado\RELATORIO_FINANCEIRO_DOS_RECURSOS_PLC_FORMOSA_06.2025.xlsx,RELATORIO_FINANCEIRO_DOS_RECURSOS_PLC_FORMOSA_06.2025,6,1,PLC FORMOSA,,,,,"Relatório referente à Policlínica Estadual da Região do Entorno - Unidade Formosa, Termo de Colaboração 88/2024, vigência 10/07/2024 a 03/06/2025. O total de pagamentos custeio indicado na linha de subtotal é R$ 1.782.770,58, enquanto o campo 'SAÍDAS DE RECURSOS FINANCEIROS' (item 5) e 'TOTAL GERAL DOS PAGAMENTOS' indicam R$ 215.184,87 — há inconsistência no documento original entre os subtotais das rubricas e o total apresentado. Recursos extracontratuais: R$ 0. Rendimentos sobre aplicações financeiras custeio: R$ 72.442,05; investimento: R$ 43,25. Recuperação de Despesas: R$ 10.500,00. Saldo anterior: R$ 5.544.837,94; saldo final: R$ 6.164.229,57.",IMED,2025,6,mensal,,24,0,1782770.58,82985.3,2319176.91,,,6164229.57,5544837.94
2025,C:\OSS-Goias\documentos\Hospital de Amor\CORA\2025\21_Relatorio_Comparativo_Recursos\Relatório mensal comparativo de recursos recebidos gastos e devolvidos ao Poder Público - Agosto 2025.pdf,Relatório mensal comparativo de recursos recebidos gastos e devolvidos ao Poder Público - Agosto 2025,5,1,CORA,,,,,"Competência 08/2025. OSS contratada: Fundação Pio XII. Unidade gerida: CORA – Complexo Oncológico de Referência do Estado de Goiás. Contrato 003/2022 SES/GO 4º Termo Aditivo, vigência 28/12/2022 a 27/12/2034. Previsão repasse mensal custeio: R$ 4.245.179,85. Saldo bancário anterior (aplicações financeiras): R$ 3.891.563,13. Total entradas: R$ 4.243.532,08. Total resgates aplicação: R$ 3.887.338,71. Total aplicações financeiras: R$ 3.995.764,65. Total pagamentos custeio: R$ 4.073.459,07. Valores devolvidos: zero. Saldo bancário final 31/08/2025: R$ 4.061.636,14 (em conta movimento, sem aplicações financeiras pendentes informadas). Glosas não informadas por não recebimento de informações da SES. Fatura Saneago e Equatorial pagas com recursos custeio enquanto não há alteração de titularidade. Fatura Embratel paga em duplicidade em julho/2025 foi compensada em agosto/2025. Ressarcimento de devolução de pagamento de pensão alimentícia ocorrido em 07/08/2025.",Fundação Pio XII,2025,8,mensal,,13,0,4073459.07,112531.93,4131000.15,,,4061636.14,3891563.13
2025,C:\OSS-Goias\documentos\Hospital de Amor\CORA\2025\21_Relatorio_Comparativo_Recursos\Relatório mensal comparativo de recursos recebidos gastos e devolvidos ao Poder Público - Dezembro 2025.xlsx,Relatório mensal comparativo de recursos recebidos gastos e devolvidos ao Poder Público - Dezembro 2025,5,1,CORA,,,,,"Relatório competência 12/2025. OSS contratada: Fundação Pio XII (CNPJ 49.150.352/0046-14). Contrato de Gestão 003/2022 SES/GO, 4º Termo Aditivo, vigência 28/12/2022 a 27/12/2034. Previsão repasse mensal custeio: R$ 5.231.353,46. Repasse custeio recebido inclui: CEF C/C 579393185-2 (R$ 4.442.088,56), Fundo de Provisão Rescisões (R$ 244.304,20) e Reembolso de Valores (R$ 205.767,46). Outras entradas compostas por estorno de pagamento (R$ 65.301,74). Saldo anterior de R$ 930.645,14 oriundo de aplicações financeiras. Fatura Saneago paga com recursos de custeio enquanto não há alteração de titularidade. Glosas não informadas por não recebimento de informações da SES. Documento assinado por Alessandro de Assis Gomes, Supervisor Financeiro, Matrícula 19.087, em 05/01/2026.",Fundação Pio XII,2025,12,mensal,,13,0.0,4998835.35,90097.61,4892160.22,,,708300.16,930645.14
2025,C:\OSS-Goias\documentos\Hospital de Amor\CORA\2025\21_Relatorio_Comparativo_Recursos\Relatório mensal comparativo de recursos recebidos gastos e devolvidos ao Poder Público - Julho 2025.pdf,Relatório mensal comparativo de recursos recebidos gastos e devolvidos ao Poder Público - Julho 2025,6,1,CORA,,,,,"Hospital: CORA – Complexo Oncológico de Referência do Estado de Goiás. OSS contratada: Fundação Pio XII (CNPJ 49.150.352/0046-14). Contrato 003/2022 SES/GO 3° Termo Aditivo, vigência 28/12/2022 a 27/12/2034. Previsão de repasse mensal custeio: R$ 4.245.179,85. Repasse investimento: não informado. Total de entradas inclui resgates de aplicação financeira (R$ 3.918.610,00) além das entradas diretas. Valores devolvidos à contratante: zero. Saldo final em 31/07/2025: R$ 3.891.563,13 (todo em aplicações financeiras). Glosas não informadas pois SES não repassou as informações. Fatura Embratel paga em duplicidade (R$ 2.734,23) a ser compensada em agosto/2025. Recursos recebidos outras fontes calculados como soma de rendimentos (67.753,45) e outras entradas (417.276,65).",Fundação Pio XII,2025,7,mensal,,17,0,4335886.65,485029.1,3872750.26,,,3891563.13,3869669.42
2025,C:\OSS-Goias\documentos\Hospital de Amor\CORA\2025\21_Relatorio_Comparativo_Recursos\Relatório mensal comparativo de recursos recebidos gastos e devolvidos ao Poder Público - Novembro 2025.xlsx,Relatório mensal comparativo de recursos recebidos gastos e devolvidos ao Poder Público - Novembro 2025,8,1,CORA,,,,,"Competência: 11/2025. Contrato de Gestão nº 003/2022 SES/GO, 4º Termo Aditivo, vigência 28/12/2022 a 27/12/2034. Previsão de repasse mensal custeio: R$ 4.245.179,85. Repasse inclui reembolso de valores de R$ 372.690,58 via CEF C/C 579393185-2. Saldo anterior (outubro/2025): R$ 2.417.895,20 em aplicações financeiras. Total de resgates de aplicação: R$ 4.190.908,67. Total de novas aplicações financeiras: R$ 2.676.855,45. Saldo bancário final em 30/11/2025: R$ 930.645,14 (conta movimento). Sem valores devolvidos à contratante. Sem glosas registradas. Item 5.1.2: fatura Saneago paga com recursos de custeio enquanto aguarda alteração de titularidade da unidade consumidora. OSS gestora identificada como Fundação Pio XII (Hospital de Amor) conforme instrução de extração.",Hospital de Amor,2025,11,mensal,,14,0.0,5637167.53,96804.77,4425803.28,,,930645.14,2417895.2
2025,C:\OSS-Goias\documentos\Hospital de Amor\CORA\2025\21_Relatorio_Comparativo_Recursos\Relatório mensal comparativo de recursos recebidos gastos e devolvidos ao Poder Público - Setembro 2025.xlsx,Relatório mensal comparativo de recursos recebidos gastos e devolvidos ao Poder Público - Setembro 2025,5,1,CORA,,,,,"Organização Social: Fundação Pio XII. Unidade gerida: CORA – Complexo Oncológico de Referência do Estado de Goiás. Contrato de Gestão 003/2022 SES/GO, 4° Termo Aditivo, vigência 28/12/2022 a 27/12/2034. Previsão repasse mensal custeio: R$ 4.245.179,85. Repasse investimento: R$ 0. Resgate de aplicações financeiras: R$ 3.829.914,55. Novas aplicações financeiras: R$ 2.430.323,55. Rendimentos sobre aplicações: R$ 52.406,95. Outras entradas (estorno de pagamento R$ 99.853,07, ressarcimento R$ 161.047,46, reembolso de valores R$ 33.892,06). Total glosas: R$ 0. Item 5.1.2: fatura Saneago paga com recursos de custeio enquanto não há alteração de titularidade da unidade consumidora. Saldo final em 30/09/2025 composto integralmente por conta movimento (sem aplicações financeiras em aberto).",Hospital de Amor,2025,9,mensal,,13,0.0,5568561.38,294792.59,4035225.25,,,2714452.09,4061636.14
2025,"C:\OSS-Goias\documentos\AGIR\HUGOL\2025\21_Relatorio_Comparativo_Recursos\Relatório mensal comparativo de recursos recebidos, gastos e devolvidos ao Poder Público_01-2025-HUGOL.xlsx","Relatório mensal comparativo de recursos recebidos, gastos e devolvidos ao Poder Público_01-2025-HUGOL",9,1,HUGOL,,,,,"Competência 01/2025. Contrato de Gestão 003/2014 SES/GO - 12° Termo Aditivo, vigência 15/07/2023 a 14/07/2026. Previsão de repasse mensal de custeio: R$ 37.579.858,81. Repasse efetivo de custeio recebido: R$ 36.828.707,77 (inclui R$ 710.867,26 de Piso de Enfermagem). Valores devolvidos à contratante: R$ 0,00. Glosas: R$ 0,00 (valores não informados pela SES). Saldo final em 31/01/2025: R$ 12.072.007,99. Parte do saldo em aplicação CEF 580134193-1 está comprometida para pagamento de fornecedores e provisão de 13º e Férias.",AGIR,2025,1,mensal,,15,0.0,37142733.59,233091.49,36828707.77,,,12072007.99,12152942.32
2025,"C:\OSS-Goias\documentos\AGIR\HUGOL\2025\21_Relatorio_Comparativo_Recursos\Relatório mensal comparativo de recursos recebidos, gastos e devolvidos ao Poder Público_02-2025-HUGOL.pdf","Relatório mensal comparativo de recursos recebidos, gastos e devolvidos ao Poder Público_02-2025-HUGOL",9,1,HUGOL,,,,,"Competência 02/2025. Repasse mensal previsto em contrato: R$ 37.579.858,81 (custeio). Repasse CUSTEIO recebido no período: R$ 74.600.777,23 (dois meses de repasse). Rendimento sobre aplicações financeiras custeio: R$ 190.821,13; investimento: R$ 73.868,46. Resgates de aplicação: R$ 17.405.164,37. Novas aplicações financeiras: R$ 26.531.968,79. Total de glosas: R$ 0,00. Saldo bancário final em 28/02/2025: R$ 46.584.755,23. Parte do saldo aplicado refere-se a provisão de 13º e férias, comprometido para pagamento de fornecedores.",AGIR,2025,2,mensal,,10,0.0,40584364.96,231645.38,74600777.23,,,46584755.23,12072007.99
2025,"C:\OSS-Goias\documentos\AGIR\HUGOL\2025\21_Relatorio_Comparativo_Recursos\Relatório mensal comparativo de recursos recebidos, gastos e devolvidos ao Poder Público_03-2025-HUGOL.xlsx","Relatório mensal comparativo de recursos recebidos, gastos e devolvidos ao Poder Público_03-2025-HUGOL",9,1,HUGOL,,,,,"Previsão de repasse mensal custeio: R$ 37.609.714,48. Previsão de repasse investimento: R$ 0. Contrato de Gestão 003/2014 SES/GO - 12º Termo Aditivo, vigência 15/07/2023 a 14/07/2026. Saldo bancário final em 31/03/2025: R$ 18.269.641,47. Item 7.3.2 CEF APLIC. 580134193-1 CUSTEIO: parte do valor refere-se a Provisão de 13º e Férias, saldo restante comprometido para pagamento de fornecedores. Total glosas: R$ 0 (valores não informados por não recebimento de informações da SES). Recursos recebidos de outras fontes inclui rendimentos de aplicações (custeio R$ 187.533,53 + investimento R$ 63.701,94) e outras entradas/reembolsos (R$ 6.423.987,42).",AGIR,2025,3,mensal,,23,23278.5,36483702.74,6675222.89,1516644.59,,,18269641.47,46584755.23
2025,"C:\OSS-Goias\documentos\AGIR\HUGOL\2025\21_Relatorio_Comparativo_Recursos\Relatório mensal comparativo de recursos recebidos, gastos e devolvidos ao Poder Público_06-2025-HUGOL.pdf","Relatório mensal comparativo de recursos recebidos, gastos e devolvidos ao Poder Público_06-2025-HUGOL",9,1,HUGOL,,,,,"Competência 06/2025. Repasse SES Custeio inclui: CEF C/C 580134193-1 (R$36.954.850,35), Fundo de Provisão Rescisões (R$401.110,37) e Piso de Enfermagem (R$836.946,90). Rendimentos sobre aplicações financeiras custeio: R$271.647,87; investimento: R$125.581,75. Resgate de aplicações: R$28.930.018,19. Novas aplicações financeiras: R$30.766.365,24. Saldo final em 30/06/2025: R$20.272.273,98. Glosas: nenhuma informada (valores não recebidos da SES). Nota: parte do saldo CEF-APLIC 580134193-1 refere-se a provisão de 13º e Férias, comprometido para pagamento de fornecedores e insumos.",AGIR,2025,6,mensal,,11,1908606.62,34134195.69,93998.47,38192907.62,,,20272273.98,17630940.58
2025,"C:\OSS-Goias\documentos\AGIR\HUGOL\2025\21_Relatorio_Comparativo_Recursos\Relatório mensal comparativo de recursos recebidos, gastos e devolvidos ao Poder Público_07-2025-HUGOL.pdf","Relatório mensal comparativo de recursos recebidos, gastos e devolvidos ao Poder Público_07-2025-HUGOL",9,1,HUGOL,,,,,"Competência 07/2025. Contrato de Gestão 003/2014 SES/GO - 12º Termo Aditivo, vigência 15/07/2023 a 14/07/2026. Previsão de repasse mensal custeio: R$ 37.609.714,48. Repasse custeio inclui Piso de Enfermagem (R$ 872.775,95) e Fundo de Provisão Rescisões/Ações Judiciais (R$ 405.808,02). Rendimentos sobre aplicações financeiras custeio: R$ 386.271,04. Todas as glosas informadas como zero, com observação de que valores não foram informados pela SES. Item 7.3.2 CEF APLIC. 580134193-1 CUSTEIO: parte do valor refere-se a Provisão de 13º e Férias, saldo restante comprometido com fornecedores e insumos, não se trata de sobra de caixa.",AGIR,2025,7,mensal,,11,165174.28,35037348.57,229325.35,36484189.37,,,22169536.89,20272273.98
2025,"C:\OSS-Goias\documentos\AGIR\HUGOL\2025\21_Relatorio_Comparativo_Recursos\Relatório mensal comparativo de recursos recebidos, gastos e devolvidos ao Poder Público_08-2025-HUGOL.pdf","Relatório mensal comparativo de recursos recebidos, gastos e devolvidos ao Poder Público_08-2025-HUGOL",9,1,HUGOL,,,,,"Competência 08/2025. Repasse Custeio SES inclui: CEF C/C 580134193-1 Custeio (35.692.450,68) + Fundo de Provisão Rescisões 3% (415.856,53) + Piso de Enfermagem (862.065,65) = 36.970.372,86. Repasse Investimento: 186.932,55. Total repasse SES = 37.157.305,41. Saldo anterior: 22.169.536,89. Saldo final em 31/08/2025: 30.074.952,55. Glosas: zero (valores não informados pela SES). Nota: parte do saldo CEF APLIC. 580134193-1 refere-se a Provisão de 13º e Férias, restante comprometido para pagamento de fornecedores e insumos.",AGIR,2025,8,mensal,,18,0.0,29810497.68,43497.38,37157305.41,,,30074952.55,22169536.89
2025,"C:\OSS-Goias\documentos\AGIR\HUGOL\2025\21_Relatorio_Comparativo_Recursos\Relatório mensal comparativo de recursos recebidos, gastos e devolvidos ao Poder Público_09-2025-HUGOL.pdf","Relatório mensal comparativo de recursos recebidos, gastos e devolvidos ao Poder Público_09-2025-HUGOL",9,1,HUGOL,,,,,"Competência: 09/2025. Contrato de Gestão 003/2014 SES/GO - 12º Termo Aditivo, vigência 15/07/2023 a 14/07/2026. Previsão de repasse mensal de custeio: R$ 37.667.381,03. Repasse de investimento previsto: R$ 0,00. Valores de glosas não informados por não recebimento de informações da SES. Item 7.3.2 CEF - APLIC. 580134193-1 CUSTEIO: parte do valor refere-se a Provisão de 13º e Férias, saldo restante comprometido para pagamento de fornecedores e insumos. recursos_recebidos_ses inclui repasse custeio (39.987.935,61) + repasse investimento (77.472,00). recursos_recebidos_outras_fontes inclui rendimentos financeiros custeio (390.721,86) + rendimentos financeiros investimento (137.417,38) + outras entradas (80.981,36).",AGIR,2025,9,mensal,,19,0.0,44874657.66,609120.6,40065407.61,,,25874823.1,30074952.55
2025,"C:\OSS-Goias\documentos\AGIR\HEJ\2025\21_Relatorio_Comparativo_Recursos\Relatório mensal comparativo de recursos recebidos, gastos e devolvidos ao Poder Público_10-2025-HEJ.pdf","Relatório mensal comparativo de recursos recebidos, gastos e devolvidos ao Poder Público_10-2025-HEJ",7,1,HEJ,,,,,"Competência 10/2025. Contrato de Gestão nº 41/2025 SES/GO, vigência 01/09/2025 a 01/09/2028. Previsão de repasse mensal custeio: R$ 9.920.175,60. Repasse investimento: R$ 0,00. Valores de glosas não informados devido ao não recebimento das informações por parte da SES. Parte do saldo de aplicações financeiras refere-se a Provisão de 13º e Férias, e o saldo restante encontra-se comprometido para pagamento de fornecedores e insumos, não sendo considerado sobra de caixa. Saldo bancário final em 31/10/2025: R$ 10.839.189,97.",AGIR,2025,10,mensal,,16,0.0,6428272.34,0.0,9546465.14,,,10839189.97,7542670.06
2025,"C:\OSS-Goias\documentos\AGIR\HUGOL\2025\21_Relatorio_Comparativo_Recursos\Relatório mensal comparativo de recursos recebidos, gastos e devolvidos ao Poder Público_10-2025-HUGOL.xlsx","Relatório mensal comparativo de recursos recebidos, gastos e devolvidos ao Poder Público_10-2025-HUGOL",9,1,HUGOL,,,,,"Competência 10/2025. Previsão de repasse mensal custeio: R$ 37.667.381,03. Previsão de repasse investimento: R$ 0. Saldo anterior: R$ 25.874.823,10. Total entradas: R$ 44.746.288,11. Total resgates de aplicação: R$ 37.532.517,79. Total aplicações financeiras: R$ 41.518.393,97. Total pagamentos custeio: R$ 40.131.563,94. Total pagamentos investimento: R$ 15.511,00. Total glosas: R$ 0. Nota: Item 7.3.2 CEF - parte do saldo refere-se a Provisão de 13º e Férias, saldo restante comprometido para pagamento de fornecedores. Relatório emitido em 10/11/2025.",AGIR,2025,10,mensal,,29,10066.25,40147074.94,617745.91,39941538.26,,,30463970.02,25874823.1
2025,"C:\OSS-Goias\documentos\AGIR\HEJ\2025\21_Relatorio_Comparativo_Recursos\Relatório mensal comparativo de recursos recebidos, gastos e devolvidos ao Poder Público_11-2025-HEJ.pdf","Relatório mensal comparativo de recursos recebidos, gastos e devolvidos ao Poder Público_11-2025-HEJ",7,1,HEJ,,,,,"Competência 11/2025. Contrato de Gestão 41/2025 SES/GO, vigência 01/09/2025 a 01/09/2028. Previsão de repasse mensal custeio: R$ 9.920.175,60; investimento: R$ 0,00. Saldo anterior: R$ 10.839.189,97. Total entradas: R$ 9.832.658,63. Total resgates de aplicação: R$ 10.457.631,31. Total aplicações financeiras: R$ 10.401.446,06. Total pagamentos custeio: R$ 9.728.009,80. Valores devolvidos: R$ 0,00. Saldo final em 30/11/2025: R$ 10.943.838,80. Glosas não informadas devido ao não recebimento das informações por parte da SES. Recursos recebidos de outras fontes calculados como soma de rendimentos (R$ 160.837,99) e outras entradas (R$ 1.048,49).",AGIR,2025,11,mensal,,17,0.0,9728009.8,161886.48,9670772.15,,,10943838.8,10839189.97
2025,"C:\OSS-Goias\documentos\AGIR\HUGOL\2025\21_Relatorio_Comparativo_Recursos\Relatório mensal comparativo de recursos recebidos, gastos e devolvidos ao Poder Público_11-2025-HUGOL.xlsx","Relatório mensal comparativo de recursos recebidos, gastos e devolvidos ao Poder Público_11-2025-HUGOL",9,1,HUGOL,,,,,"Competência 11/2025. Contrato de Gestão 003/2014 SES/GO - 12º Termo Aditivo. Vigência: 15/07/2023 a 14/07/2026. Previsão de repasse mensal custeio: R$ 37.667.381,03. Previsão de repasse mensal investimento: R$ 0. Glosas: não informadas pela SES (zero registrado). Item 7.3.2 CEF - APLIC. 580134193-1 CUSTEIO: parte do valor refere-se a Provisão de 13º e Férias; saldo restante comprometido para pagamento de fornecedores. Total de entradas SES (Custeio + Investimento): R$ 41.432.125,82 (incluindo repasse fundo rescisões R$ 0 + piso enfermagem). Outras entradas (reembolsos/estornos): R$ 57.371,30.",AGIR,2025,11,mensal,,21,1171270.6,43996104.75,57371.3,39177106.5,,,27266134.26,30463970.02
2025,C:\OSS-Goias\documentos\Hospital de Amor\CORA\2025\21_Relatorio_Comparativo_Recursos\u2190bdc3_Relatório mensal comparativo de recursos recebidos gastos e devolvidos ao Poder Público - Agosto 2025.xlsx,u2190bdc3_Relatório mensal comparativo de recursos recebidos gastos e devolvidos ao Poder Público - Agosto 2025,7,1,CORA,,,,,"Contrato de Gestão 003/2022 SES/GO, 4° Termo Aditivo, vigência 28/12/2022 a 27/12/2034. Previsão de repasse mensal custeio: R$ 4.245.179,85. Previsão de repasse mensal investimento: R$ 0. Glosas não informadas por não recebimento de informações da SES. Item 5.1.2: fatura da Saneago paga com recursos do repasse de custeio enquanto não há alteração de titularidade da unidade consumidora. Saldo bancário final em conta movimento (não aplicação financeira). CNPJ da OS: 49.150.352/0046-14. CNPJ da unidade gerida: 02.529.964/0038-49.",Fundação Pio XII,2025,8,mensal,,11,0.0,4073459.07,50884.86,4131000.15,,,4061636.14,3891563.13
2025,C:\OSS-Goias\documentos\Hospital de Amor\CORA\2025\21_Relatorio_Comparativo_Recursos\u394850de_Relatório mensal comparativo de recursos recebidos gastos e devolvidos ao Poder Público - Dezembro 2025.xlsx,u394850de_Relatório mensal comparativo de recursos recebidos gastos e devolvidos ao Poder Público - Dezembro 2025,5,1,CORA,,,,,"Contrato de Gestão 003/2022 SES/GO - 4° Termo Aditivo. Vigência: 28/12/2022 a 27/12/2034. Previsão de repasse mensal custeio: R$ 5.231.353,46. Repasse de investimento: R$ 0. O repasse recebido inclui reembolso de valores (R$ 205.767,46 via CEF C/C 579393185-2). Rendimentos sobre aplicações financeiras: R$ 24.795,87. Outras entradas (estorno de pagamento): R$ 65.301,74. Valores de glosas não informados devido ao não recebimento das informações por parte da SES. A fatura da Saneago foi paga com recursos do repasse de custeio enquanto não há alteração de titularidade da unidade consumidora. Documento assinado por Alessandro de Assis Gomes, Supervisor Financeiro, Matrícula 19.087, em 05/01/2026.",Hospital de Amor,2025,12,mensal,,12,0.0,4998835.35,90097.61,4892160.22,,,708300.16,930645.14
2025,C:\OSS-Goias\documentos\Hospital de Amor\CORA\2025\21_Relatorio_Comparativo_Recursos\u425d35e1_Relatório mensal comparativo de recursos recebidos gastos e devolvidos ao Poder Público - Julho 2025.pdf,u425d35e1_Relatório mensal comparativo de recursos recebidos gastos e devolvidos ao Poder Público - Julho 2025,6,1,CORA,,,,,"Hospital: CORA – Complexo Oncológico de Referência do Estado de Goiás. OSS gestora: Fundação Pio XII (CNPJ 49.150.352/0046-14). Contrato de Gestão 003/2022 SES/GO, 3° Termo Aditivo, vigência 28/12/2022 a 27/12/2034. Previsão de repasse mensal custeio: R$ 4.245.179,85. Repasse efetivo custeio no mês: R$ 3.872.750,26. Rendimentos sobre aplicações financeiras: R$ 67.753,45. Outras entradas (estornos, ressarcimentos, reembolsos): R$ 417.276,65. Total de entradas: R$ 4.357.780,36. Total de resgates de aplicação: R$ 3.918.610,00. Total de novas aplicações financeiras: R$ 3.872.750,26. Total geral de pagamentos (custeio): R$ 4.335.886,65. Valores devolvidos à contratante: zero. Saldo bancário final em 31/07/2025: R$ 3.891.563,13 (aplicações financeiras). Glosas não informadas por não recebimento das informações por parte da SES. Fatura da Embratel paga em duplicidade no valor de R$ 2.734,23, a ser compensada em agosto/2025. Relatório assinado digitalmente por Alessandro de Assis Gomes, Supervisor Financeiro, em 05/08/2025.",Fundação Pio XII,2025,7,mensal,,14,0,4335886.65,485029.1,3872750.26,,,3891563.13,3869669.42
2025,C:\OSS-Goias\documentos\Hospital de Amor\CORA\2025\21_Relatorio_Comparativo_Recursos\u9e6d715b_Relatório mensal comparativo de recursos recebidos gastos e devolvidos ao Poder Público - Setembro 2025.xlsx,u9e6d715b_Relatório mensal comparativo de recursos recebidos gastos e devolvidos ao Poder Público - Setembro 2025,5,1,CORA,,,,,"Contrato de Gestão nº 003/2022 SES/GO - 4º Termo Aditivo, vigência 28/12/2022 a 27/12/2034. Previsão de repasse mensal CUSTEIO: R$ 4.245.179,85. Previsão de repasse INVESTIMENTO: R$ 0. Saldo anterior composto por aplicações financeiras (R$ 4.061.636,14). Total de resgates de aplicação financeira: R$ 3.829.914,55. Total de novas aplicações financeiras: R$ 2.430.323,55. Saldo bancário final em conta movimento: R$ 2.714.452,09; aplicações financeiras: R$ 0. Total de glosas: R$ 0. Valores de glosas não informados devido ao não recebimento das informações por parte da SES. Item 2.5 Outras entradas incluem estorno de pagamento (R$ 99.853,07), ressarcimento (R$ 161.047,46) e reembolso de valores (R$ 33.892,06). OSS contratada: Fundação Pio XII (CNPJ 49.150.352/0046-14).",Hospital de Amor,2025,9,mensal,,18,0.0,5568561.38,294792.59,4035225.25,,,2714452.09,4061636.14
2025,C:\OSS-Goias\documentos\Hospital de Amor\CORA\2025\21_Relatorio_Comparativo_Recursos\uecbbfe19_Relatório mensal comparativo de recursos recebidos gastos e devolvidos ao Poder Público - Setembro 2025.pdf,uecbbfe19_Relatório mensal comparativo de recursos recebidos gastos e devolvidos ao Poder Público - Setembro 2025,5,1,CORA,,,,,"Unidade gerida: CORA - Complexo Oncológico de Referência do Estado de Goiás. OSS contratada: Fundação Pio XII. Contrato de Gestão 003/2022 SES/GO - 4º Termo Aditivo, vigência 28/12/2022 a 27/12/2034. Previsão de repasse mensal de custeio: R$ 4.245.179,85. Saldo bancário final em 30/09/2025: R$ 2.714.452,09 (conta movimento, sem aplicações financeiras registradas no final do período - vide nota). Valores de glosas não informados devido ao não recebimento das informações por parte da SES. Outras entradas incluem rendimentos financeiros (R$ 52.406,95) e outras entradas como estorno de pagamento, ressarcimento e reembolso de valores (R$ 294.792,59). recursos_recebidos_outras_fontes corresponde a rendimentos (52.406,95) + outras entradas (294.792,59) = 347.199,54.",Fundação Pio XII,2025,9,mensal,,17,0,5568561.38,347199.54,4035225.25,,,2714452.09,4061636.14
2025,C:\OSS-Goias\documentos\Hospital de Amor\CORA\2025\21_Relatorio_Comparativo_Recursos\uef6d9cf3_Relatório mensal comparativo de recursos recebidos gastos e devolvidos ao Poder Público - Novembro 2025.xlsx,uef6d9cf3_Relatório mensal comparativo de recursos recebidos gastos e devolvidos ao Poder Público - Novembro 2025,8,1,CORA,,,,,"Competência: 11/2025. Contrato de Gestão 003/2022 SES/GO - 4° Termo Aditivo. Vigência: 28/12/2022 a 27/12/2034. Previsão de repasse mensal de custeio: R$ 4.245.179,85. Repasse de investimento: R$ 0. Saldo anterior em aplicações financeiras: R$ 2.417.895,20. Total de entradas: R$ 4.522.608,05. Total de resgates de aplicação: R$ 4.190.908,67. Total de aplicações financeiras realizadas: R$ 2.676.855,45. Valores devolvidos à contratante: R$ 0. Total de glosas: R$ 0. Glosas não informadas devido ao não recebimento das informações por parte da SES. A fatura da Saneago foi paga com recursos do repasse de custeio enquanto não há alteração de titularidade da unidade consumidora.",Hospital de Amor,2025,11,mensal,,13,0.0,5637167.53,96804.77,4425803.28,,,930645.14,2417895.2
2025,C:\OSS-Goias\documentos\Hospital de Amor\CORA\2025\21_Relatorio_Comparativo_Recursos\ufd5fe1b0_Relatório mensal comparativo de recursos recebidos gastos e devolvidos ao Poder Público - Agosto 2025.pdf,ufd5fe1b0_Relatório mensal comparativo de recursos recebidos gastos e devolvidos ao Poder Público - Agosto 2025,5,1,CORA,,,,,"Competência 08/2025. Hospital: CORA – Complexo Oncológico de Referência do Estado de Goiás. OSS contratada: Fundação Pio XII (CNPJ 49.150.352/0046-14). Contrato de Gestão 003/2022 SES/GO – 4º Termo Aditivo, vigência 28/12/2022 a 27/12/2034. Previsão de repasse mensal custeio: R$ 4.245.179,85. Saldo anterior (aplicações financeiras): R$ 3.891.563,13. Total entradas: R$ 4.243.532,08. Total saídas (pagamentos custeio): R$ 4.073.459,07. Valores devolvidos à contratante: zero. Saldo bancário final em 31/08/2025: R$ 4.061.636,14 (conta corrente; aplicações financeiras com saldo não informado – vide nota). Glosas não informadas pois SES não forneceu os valores. Fatura Embratel paga em duplicidade em julho/2025 compensada em agosto/2025.",Fundação Pio XII,2025,8,mensal,,13,0,4073459.07,112531.93,4131000.15,,,4061636.14,3891563.13
2026,C:\OSS-Goias\documentos\IPGSE\HERSO\2026\21_Relatorio_Comparativo_Recursos\01-relatorio-mensal-janeiro-09-02-2026-04f9beaed7.pdf,01-relatorio-mensal-janeiro-09-02-2026-04f9beaed7,12,1,HERSO,,,,,"Relatório referente à competência 01/2026 do Hospital Estadual de Santa Helena de Góias - Dr. Albanir Faleiros Machado (HERSO), gerido pelo IPGSE (Instituto de Planejamento e Gestão de Serviços Especializado), Termo de Colaboração nº 101/2024 SES-GO. Previsão de repasse mensal: R$ 6.097.982,84. Repasse CUSTEIO recebido: R$ 6.305.364,84; Repasse APLICAÇÃO 3%: R$ 326.390,08. Rendimentos sobre aplicações financeiras: R$ 139.216,24. Outras entradas (Recuperação de Despesas): R$ 97,80. Devolução de verba ao Poder Público (Investimento): R$ 228.000,00 (item 5.1.18). Bloqueio Judicial: R$ 2.056,10. Saldo bancário final em 31/01/2026: R$ 12.741.982,47 (integralmente em aplicações financeiras). Glosas: zero. Sem pagamentos de investimento no período.",IPGSE,2026,1,mensal,,19,228000.0,6360916.42,326390.08,6305364.84,,,12741982.47,12561886.03
2026,C:\OSS-Goias\documentos\IPGSE\HERSO\2026\21_Relatorio_Comparativo_Recursos\01-relatorio-mensal-janeiro-09-02-2026-678a7349b5.xlsx,01-relatorio-mensal-janeiro-09-02-2026-678a7349b5,12,1,HERSO,,,,,"Relatório mensal de janeiro/2026 do HERSO (Hospital Estadual de Santa Helena de Goiás - Dr. Albanir Faleiros Machado), gerido pelo IPGSE. Termo de Colaboração nº 101/2024 SES-GO. Vigência iniciada em 30/08/2024. Previsão de repasse mensal (custeio): R$ 6.097.982,84. Repasse recebido em custeio: R$ 6.305.364,84; Repasse em Aplicação 3%: R$ 326.390,08; total SES = R$ 6.631.754,92. Rendimentos sobre aplicações: R$ 139.216,24. Recuperação de despesas: R$ 97,80. Saldo anterior: R$ 12.561.886,03. Bloqueio judicial: R$ 2.056,10. Devolução de verba ao poder público (investimento resgate): R$ 228.000,00. Total glosas: zero. Saldo bancário final em 31/01/2026: R$ 12.741.982,47 (integralmente em aplicações financeiras).",IPGSE,2026,1,mensal,,23,228000.0,6360916.42,97.8,6631754.92,,,12741982.47,12561886.03
2026,C:\OSS-Goias\documentos\ISG\HDT\2026\21_Relatorio_Comparativo_Recursos\01.2026-Relatorio-1.pdf,01.2026-Relatorio-1,9,1,HDT,,,,,"Competência Janeiro/2026. Contrato de Gestão 091/2012 SES/GO, 18º Termo Aditivo. Previsão de repasse mensal Custeio: R$ 8.717.100,95. Repasse efetivo Custeio: R$ 8.703.562,71. O mapa de repasses/glosas desta competência ainda não foi disponibilizado pela SES. Saldo bancário final referenciado como 31/12/2025 no documento, mas competência é Janeiro/2026. Outras entradas incluem: Devolução de Pagamento Indevido R$ 38.259,92, Desbloqueio Judicial R$ 21.907,16, Outras R$ 3.800,00, Rendimento sobre Aplicações R$ 81.605,29.",ISG,2026,1,mensal,,13,0.0,8259013.9,145572.37,8703562.71,,,7455628.62,6865507.44
2026,documentos\IMED\HETRIN\2026\99_NaoClassificado\01_2026_RELATORIO-MENSAL-RECURSOS-RECEBIDOS-E-GASTOS_JAN25.pdf,01_2026_RELATORIO-MENSAL-RECURSOS-RECEBIDOS-E-GASTOS_JAN25,8,1,HETRIN,,,,,"Relatório Mensal - Competência JANEIRO/2026. Hospital de Urgências de Trindade - HUTRIN. OSS: Instituto de Medicina Estudo e Desenvolvimento - IMED. Contrato de Gestão nº 037/2021, vigência 25/08/2023 a 24/08/2027. Previsão de repasse mensal custeio: R$ 5.796.227,99. Previsão de repasse mensal investimento: R$ 0,00. Saldo bancário anterior: R$ 25.108.081,65. Total de entradas: R$ 6.061.954,55. Resgate aplicação financeira: R$ 6.769.124,63. Aplicação financeira: R$ 5.592.117,38. Total geral dos pagamentos: R$ 7.274.910,26. Valores devolvidos ao contratante: R$ 0,00. Saldo bancário final: R$ 24.086.306,10. Repasse CUSTEIO recebido no período: R$ 5.788.655,72 (sendo R$ 5.517.971,87 fundo rescisório e R$ 270.683,85 obra).",IMED,2026,1,mensal,,26,0.0,7274910.26,,5788655.72,,,24086306.1,25108081.65
2026,documentos\IMED\PFRE\2026\99_NaoClassificado\01_2026_RELATORIO-MENSAL-RECURSOS-RECEBIDOS-E-GASTOS_JAN26.xlsx,01_2026_RELATORIO-MENSAL-RECURSOS-RECEBIDOS-E-GASTOS_JAN26,6,1,PFRE,,,,,"Unidade: Policlínica Estadual da Região do Entorno - Unidade Formosa. Termo de Colaboração 21/2025. Vigência: 01/07/2025 a 30/06/2028. Previsão de repasse mensal custeio: R$ 2.401.345,13. O total de pagamentos custeio informado no relatório é R$ 2.148.326,64, porém a soma dos itens 5.1.1 a 5.1.8 resulta em R$ 2.148.326,64. O valor de 'SAÍDAS DE RECURSOS FINANCEIROS' (item 5) consta como R$ 215.184,87 no cabeçalho, mas o total geral dos pagamentos (5=5.1+5.2) está zerado no campo específico; o valor correto de pagamentos custeio é R$ 2.148.326,64 conforme detalhamento. Saldo bancário final em 31/01/2026: R$ 9.177.773,48. Valores devolvidos à contratante: R$ 0,00.",IMED,2026,1,mensal,,22,0,2148326.64,95982.03,2422474.55,,,9177773.48,8807643.54
2026,C:\OSS-Goias\documentos\IPGSE\HERSO\2026\21_Relatorio_Comparativo_Recursos\02-relatorio-mensal-fevereiro-16-03-2026-f3bddea9e9.xlsx,02-relatorio-mensal-fevereiro-16-03-2026-f3bddea9e9,11,1,HERSO,,,,,"Relatório Mensal de Fevereiro/2026. Hospital Estadual de Santa Helena de Goiás - Dr. Albanir Faleiros Machado (HERSO). Termo de Colaboração nº 101/2024 SES-GO. Vigência a partir de 30/08/2024. Previsão de repasse mensal do contrato (custeio): R$ 6.097.982,84. Repasse CUSTEIO recebido no período: R$ 6.305.364,84; Repasse APLICAÇÃO 3%: R$ 326.390,08; Rendimentos sobre aplicações: R$ 155.984,72; Outras entradas (recuperação de despesas, reembolsos, devolução de pagamento indevido, rateio): R$ 824,23. Total de glosas: R$ 0,00. Saldo bancário final em 28/02/2026: R$ 13.125.755,86 (integralmente em aplicações financeiras).",IPGSE,2026,2,mensal,,24,0,6404833.48,824.23,6631754.92,,,13125755.86,12741982.47
2026,C:\OSS-Goias\documentos\IPGSE\HERSO\2026\21_Relatorio_Comparativo_Recursos\02-relatorio-mensal-fevereiro-16-03-2026-f5c6585ef1.pdf,02-relatorio-mensal-fevereiro-16-03-2026-f5c6585ef1,11,1,HERSO,,,,,"Relatório Mensal Comparativo de Recursos - Competência 02/2026. Hospital Estadual de Santa Helena de Góias - Dr. Albanir Faleiros Machado (HERSO). Termo de Colaboração nº 101/2024 SES-GO. Previsão de repasse mensal: R$ 6.097.982,84. Repasse custeio recebido: R$ 6.305.364,84; Repasse Aplicação 3%: R$ 326.390,08. Rendimentos sobre aplicações: R$ 155.984,72. Outras entradas (recuperação de despesas, reembolsos, devolução de pagamento indevido, rateio): R$ 867,23. Total de saídas (custeio): R$ 6.404.833,48. Nenhum valor devolvido à contratante. Glosas: zero. Saldo final em aplicações financeiras: R$ 13.125.755,86. CNPJ OSS: 18.176.322/0002-32; CNPJ Unidade: 02.529.964/0014-71.",IPGSE,2026,2,mensal,,23,0.0,6404833.48,482760.03,6305364.84,,,13125755.86,12741982.47
2026,C:\OSS-Goias\documentos\ISG\HDT\2026\21_Relatorio_Comparativo_Recursos\02.2026-Relatorio.pdf,02.2026-Relatorio,8,1,HDT,,,,,"Competência Fevereiro/2026. Contrato de Gestão 091/2012 SES/GO. Previsão de repasse mensal custeio: R$ 8.717.100,95. Repasse efetivo custeio: R$ 9.077.764,20. Rendimento sobre aplicações financeiras custeio: R$ 121.555,87. Outras entradas: R$ 5.800,00 (Devolução de Pagamento Indevido R$1.000,00 + Desbloqueio Judicial R$1.000,00 + Outras R$3.800,00). Saldo final em 31/12/2025 conforme documento. Total resgates de aplicação: R$ 16.840.936,16 (inclui resgate custeio R$7.635.816,09). Total aplicações financeiras: R$ 0,00. Valores devolvidos à contratante: R$ 0,00. Nota: mapa de repasses/glosas da competência ainda não disponibilizado pela SES.",ISG,2026,2,mensal,,17,0.0,8164253.46,5800.0,9077764.2,,,8496495.23,7455628.62
2026,documentos\IMED\HETRIN\2026\99_NaoClassificado\02_2026_RELATORIO-MENSAL-RECURSOS-RECEBIDOS-E-GASTOS_FEV26.pdf,02_2026_RELATORIO-MENSAL-RECURSOS-RECEBIDOS-E-GASTOS_FEV26,7,1,HETRIN,,,,,"Competência: Fevereiro/2026. Contrato de Gestão nº 037/2019. Previsão de repasse mensal custeio: R$ 5.796.227,99. Repasse efetivo custeio recebido: R$ 5.517.971,87 (conta C.E.F AG:0012 C/C 580133732-2) + R$ 270.683,85 (Fundo Rescisório) = R$ 5.788.655,72. Rendimentos sobre aplicações financeiras custeio: R$ 260.343,99. Rendimentos sobre aplicações investimento: R$ 27.837,54. Outras entradas (Recuperação de Despesas): R$ 6.410,01. Total entradas: R$ 6.055.409,72. Resgate aplicação financeira: R$ 6.004.175,24. Total aplicação financeira: R$ 5.640.907,64. Total geral pagamentos: R$ 6.277.992,09. Valores devolvidos à contratante: R$ 0,00. Total glosas: R$ 0,00. Saldo bancário final em 29/02/2026: R$ 23.923.553,11 (integralmente em aplicações financeiras).",IMED,2026,2,mensal,,21,0.0,6277992.09,6410.01,5788655.72,,,23923553.11,24086306.1
2026,C:\OSS-Goias\documentos\IPGSE\HERSO\2026\21_Relatorio_Comparativo_Recursos\03-relatorio-mensal-marco-10-04-2026-a39a547a06.xlsx,03-relatorio-mensal-marco-10-04-2026-a39a547a06,11,1,HERSO,,,,,"Hospital Estadual de Santa Helena de Goiás - Dr. Albanir Faleiros Machado (HERSO). Termo de Colaboração nº 101/2024 SES-GO. Vigência início: 30/08/2024. Previsão de repasse mensal de custeio: R$ 6.097.982,84. Repasse custeio recebido (2.1): R$ 6.113.819,41; Repasse aplicação 3% (2.3): R$ 325.662,05; Total repasses SES: R$ 6.439.481,46. Rendimentos sobre aplicações financeiras: R$ 185.711,89. Recuperação de despesas: R$ 637,02. Reembolso de rateio: R$ 19,37. Saldo anterior (01/03/2026): R$ 13.125.755,86. Saldo final (31/03/2026): R$ 13.560.126,29 (conta movimento R$ 288.936,85 + aplicações R$ 13.271.189,44). Bloqueio judicial: R$ 4.198,94. Total devolvido à contratante: R$ 0. Glosas: R$ 0.",IPGSE,2026,3,mensal,,23,0,6187280.37,186367.28,6439481.46,,,13560126.29,13125755.86
2026,C:\OSS-Goias\documentos\IPGSE\HERSO\2026\21_Relatorio_Comparativo_Recursos\03-relatorio-mensal-marco-10-04-2026-f785020813.pdf,03-relatorio-mensal-marco-10-04-2026-f785020813,11,1,HERSO,,,,,"Relatório mensal de março/2026. Hospital Estadual de Santa Helena de Goiás - Dr. Albanir Faleiros Machado (HERSO). OSS gestora: IPGSE (Instituto de Planejamento e Gestão de Serviços Especializado). Termo de Colaboração nº 101/2024 SES-GO. Previsão de repasse mensal: R$ 6.097.982,84. Repasse custeio recebido: R$ 6.113.819,41; Repasse aplicação 3%: R$ 325.662,05. Rendimentos sobre aplicações financeiras: R$ 185.711,89. Bloqueio Judicial: R$ 4.198,94. Total de glosas: R$ 0,00. Saldo bancário final em 31/03/2026: R$ 13.560.126,29.",IPGSE,2026,3,mensal,,23,0.0,6187280.37,325662.05,6113819.41,,,13560126.29,13125755.86
2026,C:\OSS-Goias\documentos\ISG\HDT\2026\21_Relatorio_Comparativo_Recursos\03.2026-Relatorio-1.pdf,03.2026-Relatorio-1,7,1,HDT,,,,,"Competência MARÇO/2026. Contrato de Gestão 091/2012 SES/GO, 18º Termo Aditivo, vigência 24/06/2025 a 24/06/2028. Previsão de repasse mensal custeio: R$ 8.717.100,95. Saldo bancário final referenciado em 31/12/2025 conforme documento. Nota explicativa: mapa de repasses/glosas da competência ainda não disponibilizado pela SES. Recursos recebidos outras fontes incluem: rendimento aplicações financeiras custeio (R$ 164.923,29), reembolso de despesas (R$ 1.636,96), devolução de pagamento indevido (R$ 23.803,93) e outras entradas (R$ 3.800,00).",ISG,2026,3,mensal,,16,0.0,8121208.63,194164.18,8927427.26,,,9496878.04,8496495.23
2026,documentos\IMED\HETRIN\2026\99_NaoClassificado\03_2026_RELATORIO-DE-RECURSOS-RECEBIDOS-E-GASTOS_MAR26.pdf,03_2026_RELATORIO-DE-RECURSOS-RECEBIDOS-E-GASTOS_MAR26,7,1,HETRIN,,,,,"Repasse custeio SES: R$ 5.518.201,53 (conta principal) + R$ 270.683,85 (Fundo Rescisório) = R$ 5.788.885,38. Previsão de repasse mensal custeio: R$ 5.796.227,99. Repasse investimento: R$ 0,00. Rendimentos sobre aplicações financeiras (custeio): R$ 260.343,99; (investimento): R$ 31.299,92. Outras entradas: R$ 543.430,30 (Recuperação de Despesas R$ 35.897,24 + Devolução de Pagamento Indevido R$ 507.533,06). Total entradas: R$ 6.617.525,56. Resgates de aplicação financeira: R$ 5.699.727,61. Novas aplicações financeiras: R$ 3.818.235,27. Valores devolvidos à contratante: R$ 0,00. Glosas: R$ 0,00. Contrato de Gestão nº 037/2019, vigência 25/08/2023 a 24/08/2027.",IMED,2026,3,mensal,,20,0.0,8644454.27,543430.3,5788885.38,,,22564780.4,23923553.11
2026,documentos\IMED\PFRE\2026\99_NaoClassificado\03_2026_Relatorio-Mensal-Recursos-Recebidos-e-Gastos_Mar26.xlsx,03_2026_Relatorio-Mensal-Recursos-Recebidos-e-Gastos_Mar26,6,1,PFRE,,,,,"Unidade: Policlínica Estadual da Região do Entorno - Unidade Formosa. Termo de Colaboração 21/2025. Vigência: 01/07/2025 a 30/06/2028. Previsão de repasse mensal custeio: R$ 2.401.345,13. Repasse investimento: R$ 0,00. O total de pagamentos custeio (R$ 2.193.105,48) diverge do valor indicado em 5. SAÍDAS (R$ 215.184,87), sendo o valor correto o total calculado pela soma das subcategorias 5.1.1 a 5.1.8. Recuperação de Despesas de R$ 3.448,78 registrada em Outras Entradas. Rendimentos sobre aplicações financeiras custeio: R$ 113.858,81; investimento: R$ 53,59.",IMED,2026,3,mensal,,16,0.0,2193105.48,117361.18,2065596.14,,,9631329.43,9641477.59
2026,C:\OSS-Goias\documentos\ISG\HDT\2026\21_Relatorio_Comparativo_Recursos\04-2026-Declaracao.pdf,04-2026-Declaracao,0,0,HDT,,,,,"Documento é uma declaração informando que o HDT ainda não recebeu os extratos bancários das aplicações referentes à competência de abril de 2026 até a data de emissão (30/04/2026). As informações financeiras serão disponibilizadas após o 5º dia útil do mês subsequente. Nenhum valor financeiro consta no documento. Assinado por Andressa Ribeiro, Coordenadora Financeiro, pelo Instituto Sócrates Guanaes (ISG), código ISG:0396980 8000331.",ISG,2026,4,mensal,,0,,,,,,,,
2026,C:\OSS-Goias\documentos\IPGSE\HERSO\2026\21_Relatorio_Comparativo_Recursos\04-relatorio-mensal-abril-08-05-2026-6dcdc4724d.xlsx,04-relatorio-mensal-abril-08-05-2026-6dcdc4724d,11,1,HERSO,,,,,"Competência: 04/2026. Hospital Estadual de Santa Helena de Goiás - Dr. Albanir Faleiros Machado (HERSO). OSS: IPGSE (CNPJ: 18.176.322/0002-32). Termo de Colaboração nº 101/2024 SES-GO. Vigência início: 30/08/2024. Previsão de repasse mensal contrato (custeio): 6.097.982,84. Repasse custeio recebido: 6.290.503,13. Repasse fundo rescisório: 325.662,05. Total repasses SES: 6.616.165,18. Rendimentos sobre aplicações: 175.815,10. Saldo anterior: 13.560.126,29. Saldo final: 14.066.795,27. Total de glosas: 0. Bloqueio judicial: 2.446,19. Recuperação de despesas: 415,36. Devolução de pagamento indevido: 50,00.",IPGSE,2026,4,mensal,,22,0,6283330.47,175815.1,6616165.18,,,14066795.27,13560126.29
2026,C:\OSS-Goias\documentos\IPGSE\HERSO\2026\21_Relatorio_Comparativo_Recursos\04-relatorio-mensal-abril-08-05-2026-948684e6a8.pdf,04-relatorio-mensal-abril-08-05-2026-948684e6a8,11,1,HERSO,,,,,"Relatório Mensal Comparativo de Recursos - Competência 04/2026. Hospital Estadual de Santa Helena de Goiás - Dr. Albanir Faleiros Machado (HERSO). OSS: IPGSE (Instituto de Planejamento e Gestão de Serviços Especializados). Termo de Colaboração nº 101/2024 SES-GO. Previsão de repasse mensal (Investimento): R$ 6.097.982,84. Repasse Custeio recebido: R$ 6.290.503,13; Repasse Fundo Rescisório: R$ 325.662,05. Rendimentos sobre aplicações financeiras: R$ 175.815,10. Recuperação de despesas: R$ 415,36; Devolução de pagamento indevido: R$ 50,00. Total valores devolvidos à contratante: R$ 0,00. Bloqueio judicial: R$ 2.446,19. Saldo bancário final em 30/04/2026: R$ 14.066.795,27 (integralmente em aplicações financeiras). Total glosas: R$ 0,00.",IPGSE,2026,4,mensal,,23,0.0,6283330.47,501942.51,6290503.13,,,14066795.27,13560126.29
2026,C:\OSS-Goias\documentos\IPGSE\HERSO\2026\21_Relatorio_Comparativo_Recursos\12-relatorio-mensal-dezembro-13-01-2026-31c3f79e44.xlsx,12-relatorio-mensal-dezembro-13-01-2026-31c3f79e44,11,1,HERSO,,,,,"Relatório mensal de dezembro/2025 do HERSO (Hospital Estadual de Santa Helena de Goiás - Dr. Albanir Faleiros Machado), gerido pelo IPGSE (CNPJ 18.176.322/0002-32), referente ao Termo de Colaboração nº 101/2024 SES-GO, vigência a partir de 30/08/2024. Saldo anterior (aplicações financeiras): R$ 12.934.875,19. Repasses recebidos: Custeio R$ 6.481.109,29; Aplicação 3% R$ 326.390,08. Rendimentos sobre aplicações: R$ 175.740,21. Recuperação de despesas: R$ 18.767,87. Total saídas custeio: R$ 7.373.024,55. Bloqueio judicial: R$ 1.972,06. Saldo final em 31/12/2025: R$ 12.561.886,03 (aplicações financeiras). Valores devolvidos: R$ 0. Glosas: R$ 0. O valor de recursos_recebidos_ses corresponde à soma dos repasses 2.1 (R$ 6.481.109,29) + 2.3 (R$ 326.390,08) = R$ 6.807.499,37. Recursos de outras fontes correspondem a rendimentos (R$ 175.740,21) + recuperação de despesas (R$ 18.767,87) = R$ 194.508,08.",IPGSE,2025,12,mensal,,22,0,7373024.55,194508.08,6807499.37,,,12561886.03,12934875.19
2026,C:\OSS-Goias\documentos\IPGSE\HERSO\2026\21_Relatorio_Comparativo_Recursos\12-relatorio-mensal-dezembro-13-01-2026-f6275c43a8.pdf,12-relatorio-mensal-dezembro-13-01-2026-f6275c43a8,11,1,HERSO,,,,,"Relatório Financeiro Mensal - Competência 12/2025. Hospital Estadual de Santa Helena de Góias - Dr. Albanir Faleiros Machado (HERSO). Termo de Colaboração nº 101/2024 SES-GO. Previsão de repasse mensal do contrato de gestão/aditivo - Investimento: R$ 6.097.982,84. Repasse SES Custeio: R$ 6.481.109,29; Repasse Aplicação 3%: R$ 326.390,08; Rendimentos sobre aplicações: R$ 175.740,21; Recuperação de despesas: R$ 18.767,87. Saldo bancário final em 31/12/2025: R$ 12.561.886,03 (todo em aplicações financeiras). Total das glosas: R$ 0,00. Bloqueio judicial: R$ 1.972,06.",IPGSE,2025,12,mensal,,16,0.0,7373024.55,344826.16,6481109.29,,,12561886.03,12934875.19
2026,C:\OSS-Goias\documentos\ISG\HDT\2026\21_Relatorio_Comparativo_Recursos\12.2025-Relatorio.pdf,12.2025-Relatorio,8,1,HDT,,,,,"Competência dezembro/2025. Contrato de Gestão 091/2012 SES/GO, 18º Termo Aditivo. Previsão de repasse mensal custeio: R$ 8.717.100,95. Repasse efetivo custeio recebido: R$ 9.103.950,08. Rendimento sobre aplicações financeiras custeio: R$ 127.543,81. Outras entradas: R$ 3.803,60 (reembolso R$3,60 + outras R$3.800,00). Resgate de aplicação financeira custeio: R$ 8.528.756,56. Total geral dos resgates (incluindo valor anterior): R$ 17.764.054,05. Valores devolvidos à contratante: R$ 0,00. Nota explicativa: o mapa de repasses/glosas desta competência ainda não foi disponibilizado pela SES.",ISG,2025,12,mensal,,11,0.0,9801474.37,131347.41,9103950.08,,,6865507.44,7431684.32
2026,documentos\IMED\HETRIN\2026\99_NaoClassificado\12_2025_RELATORIO-MENSAL-RECURSOS-RECEBIDOS-E-GASTOS_DEZ25.xlsx,12_2025_RELATORIO-MENSAL-RECURSOS-RECEBIDOS-E-GASTOS_DEZ25,7,1,HUTRIN,,,,,"Hospital de Urgências de Trindade (HUTRIN), gerido pelo IMED. Contrato de Gestão 037/2021, vigência 25/08/2023 a 24/08/2027. Previsão de repasse mensal de custeio: R$ 5.796.227,99. Repasse SES Custeio recebido: R$ 5.624.485,14 (conta principal) + R$ 270.683,85 (fundo rescisório) = R$ 5.895.168,99. Outras entradas incluem Recuperação de Despesas (R$ 7.275,23) e Recursos Extracontratuais (R$ 9.480,00). Valores devolvidos à contratante: R$ 0,00. Saldo bancário anterior: R$ 26.007.055,23. Saldo bancário final em 31/12/2025: R$ 25.108.081,65. Total de resgates de aplicação financeira: R$ 6.589.259,36. Total de aplicações financeiras: R$ 5.270.682,68. Glosas: R$ 0,00.",IMED,2025,12,mensal,,22,0.0,7259018.16,16755.23,5895168.99,,,25108081.65,26007055.23
2026,C:\OSS-Goias\documentos\FUNEV\HEANA\2026\21_Relatorio_Comparativo_Recursos\1767989171177-1225_Relatório_Financeiro_Mensal_Heana.pdf,1767989171177-1225_Relatório_Financeiro_Mensal_Heana,9,1,HEANA,,,,,"Relatório Financeiro Mensal referente a Dezembro/2025. Hospital Estadual de Anápolis Dr. Henrique Santillo (HEANA), gerido pela FUNEV. Contrato de Gestão nº 66/2019. Previsão de repasse mensal de custeio: R$ 12.126.268,22. Saldo inicial: R$ 4.669.637,04. Total entradas: R$ 13.994.747,18. Total saídas: R$ 15.628.418,88. Saldo final em 31/12/25: R$ 3.035.965,34. Total de glosas: R$ 0,00. As informações referentes às glosas não foram disponibilizadas pela SES até a conclusão do relatório. O campo recursos_recebidos_outras_fontes inclui rendimentos de aplicações financeiras (R$ 78.140,37) e outras entradas/recuperação de despesas (R$ 168.805,95) e repasse fundo rescisório (R$ 566.296,73).",FUNEV,2025,12,mensal,,22,0.0,15628418.88,812947.05,13181504.13,,,3035965.34,4669637.04
2026,C:\OSS-Goias\documentos\FUNEV\HEANA\2026\21_Relatorio_Comparativo_Recursos\1767989171181-1225_Relatório_Financeiro_Mensal_Heana.xlsx,1767989171181-1225_Relatório_Financeiro_Mensal_Heana,8,1,HEANA,,,,,"Relatório Financeiro Mensal de Dezembro/2025 do Hospital Estadual de Anápolis Dr. Henrique Santillo (HEANA), gerido pela FUNEV (Fundação Universitária Evangélica), Contrato de Gestão 66/2019. Previsão de repasse mensal custeio: R$ 12.126.268,22. Repasse investimento: não informado. Total de entradas no período: R$ 13.994.747,18. Total de saídas: R$ 15.628.418,88. Total de pagamentos custeio: R$ 15.626.747,88. Total de pagamentos investimento: R$ 1.671,00. Valores devolvidos: R$ 0. Total das glosas: R$ 0 (informações de glosas não disponibilizadas pela SES). Saldo inicial total: R$ 4.669.637,04. Saldo bancário final em 31/12/2025: R$ 3.035.965,34. Recursos recebidos de outras fontes incluem rendimentos financeiros (R$ 60.140,37) e outras entradas/recuperação de despesas (R$ 168.805,95) e repasse fundo rescisório (R$ 566.296,73). Relatório assinado em Anápolis, 08 de janeiro de 2026.",FUNEV,2025,12,mensal,,55,0.0,15628418.88,812940.77,13181504.13,,,3035965.34,4669637.04
2026,C:\OSS-Goias\documentos\FUNEV\HEANA\2026\21_Relatorio_Comparativo_Recursos\1770743791623-0126_Relatorio_Financeiro_Mensal.pdf,1770743791623-0126_Relatorio_Financeiro_Mensal,7,1,HEANA,,,,,"Relatório Financeiro Mensal de Janeiro/2026 do Hospital Estadual de Anápolis Dr. Henrique Santillo (HEANA), gerido pela FUNEV. Contrato de Gestão nº 66/2019, Aditivo VII vigente de 16/09/25 a 18/11/27. Previsão de repasse mensal de custeio: R$ 12.126.268,22. Repasse SES de custeio: R$ 11.506.289,16; Fundo Rescisório: R$ 603.806,88. Saldo inicial: R$ 3.035.965,34; Saldo final: R$ 2.355.285,09. Total de pagamentos custeio: R$ 13.178.614,73. Total valores devolvidos: R$ 0,00. Glosas não disponibilizadas pela SES até a conclusão do relatório. Documento assinado em 10/02/2026.",FUNEV,2026,1,mensal,,19,0.0,13178614.73,387958.44,12110096.04,,,2355285.09,3035965.34
2026,C:\OSS-Goias\documentos\FUNEV\HEANA\2026\21_Relatorio_Comparativo_Recursos\1770743791627-0126_Relatorio_Financeiro_Mensal.xlsx,1770743791627-0126_Relatorio_Financeiro_Mensal,9,1,HEANA,,,,,"Hospital Estadual de Anápolis Dr. Henrique Santillo (HEANA), gerido pela FUNEV (CNPJ 07.776.237/0001-08), Contrato de Gestão 66/2019 (Aditivo VII vigência 16/09/25 a 18/11/27). Previsão de repasse mensal custeio: R$ 12.126.268,22. Repasse SES efetivo custeio: R$ 11.506.289,16; Fundo rescisório: R$ 603.806,88. Outras entradas (movimentações financeiras/recuperação de despesas): R$ 350.000,00. Total entradas: R$ 12.497.934,48. Total saídas (custeio): R$ 13.178.614,73. Investimentos: R$ 0. Valores devolvidos: R$ 0. Glosas: não disponibilizadas pela SES até a conclusão do relatório. Saldo bancário final em 31/01/2026: R$ 2.355.285,09. Fonte: Extratos bancários, fluxo de caixa Sipef e Balancete Contábil. Relatório emitido em 10/02/2026.",FUNEV,2026,1,mensal,,50,0.0,13178614.73,350000.0,11506289.16,,,2355285.09,3035965.34
2026,C:\OSS-Goias\documentos\FUNEV\HEANA\2026\21_Relatorio_Comparativo_Recursos\1773167819367-0225_Relatório_Financeiro_mensal_Heana.pdf,1773167819367-0225_Relatório_Financeiro_mensal_Heana,9,1,HEANA,,,,,"Relatório Financeiro Mensal de Fevereiro/2026 do Hospital Estadual de Anápolis Dr. Henrique Santillo (HEANA), gerido pela FUNEV. Contrato de Gestão nº 66/2019, Aditivo VII vigente de 16/09/25 a 18/11/27. Previsão de repasse mensal de custeio: R$ 12.126.268,22. Repasse SES de custeio recebido no período: R$ 13.060.510,54 (inclui parcelas acumuladas). Repasse fundo rescisório: R$ 528.786,57. Saldo bancário final em 28/02/2026: R$ 4.414.598,69. Total de glosas: R$ 0,00 (informações de glosas não disponibilizadas pela SES até a conclusão do relatório). Documento assinado eletronicamente em 10/03/2026.",FUNEV,2026,2,mensal,,21,0.0,11605468.82,65456.31,13060510.54,,,4414598.69,2355285.09
2026,C:\OSS-Goias\documentos\FUNEV\HEANA\2026\21_Relatorio_Comparativo_Recursos\1773167819371-0225_Relatório_Financeiro_mensal_Heana.xlsx,1773167819371-0225_Relatório_Financeiro_mensal_Heana,9,1,HEANA,,,,,"Hospital Estadual de Anápolis Dr. Henrique Santillo (HEANA), gerido pela FUNEV (CNPJ 07.776.237/0001-08), Contrato de Gestão 66/2019, Aditivo VII vigência 16/09/25 a 18/11/27. Previsão de repasse mensal de custeio: R$ 12.126.268,22. Repasse efetivo de custeio recebido no mês: R$ 13.060.510,54 (inclui parcela do fundo rescisório de R$ 528.786,57). Total de entradas no período: R$ 13.664.782,42. Total de saídas (custeio): R$ 11.605.468,82. Saldo bancário final em 28/02/2026: R$ 4.414.598,69. Glosas não disponibilizadas pela SES até a conclusão do relatório. Documento datado de 09 de março de 2026.",FUNEV,2026,2,mensal,,55,0,11605468.82,,13060510.54,,,4414598.69,2355285.09
2026,C:\OSS-Goias\documentos\FUNEV\HEANA\2026\21_Relatorio_Comparativo_Recursos\1775765213559-Fluxo_de_Caixa_032026_-_HEANA.pdf,1775765213559-Fluxo_de_Caixa_032026_-_HEANA,9,1,HEANA,,,,,"Relatório Financeiro Mensal referente a março/2026 do Hospital Estadual de Anápolis Dr. Henrique Santillo (HEANA), gerido pela FUNEV. Contrato de Gestão nº 66/2019, Aditivo VII. Previsão de repasse mensal de custeio: R$ 12.126.268,22. Saldo inicial em março/2026: R$ 4.414.598,69. Total de entradas: R$ 12.438.111,67 (inclui rendimentos e ajuste negativo de R$ 500.000,00 em outras entradas). Total de saídas (custeio): R$ 11.860.882,86. Valores devolvidos à contratante: R$ 121.000,00. Saldo bancário final em 31/03/2026: R$ 4.870.827,50. Total de glosas: R$ 0,00 (informações de glosas não disponibilizadas pela SES até a conclusão do relatório). Não há pagamentos de investimento no período.",FUNEV,2026,3,mensal,,19,121000.0,11860882.86,154135.78,12283975.89,,,4870827.5,4414598.69
2026,C:\OSS-Goias\documentos\FUNEV\HEANA\2026\21_Relatorio_Comparativo_Recursos\1775765213567-91_Fluxo_de_Caixa_03-2026_-_HEANA.xlsx,1775765213567-91_Fluxo_de_Caixa_03-2026_-_HEANA,9,1,HEANA,,,,,"Hospital Estadual de Anápolis Dr. Henrique Santillo (HEANA), gerido pela FUNEV (CNPJ 07.776.237/0001-08), Contrato de Gestão 66/2019, Aditivo VII vigência 16/09/25 a 18/11/27. Previsão de repasse mensal custeio: R$ 12.126.268,22. Saldo bancário final em 31/03/2026. Repasse SES custeio (C/C 580133922-8): R$ 12.283.975,89; Repasse fundo rescisório: R$ 566.296,73; Repasse investimento: R$ 0. Item 2.5 'Outras entradas' consta valor negativo de -R$ 500.000,00 (transferência/movimentação financeira). Total resgates de aplicação: R$ 14.056.652,43. Total aplicações financeiras: R$ 14.426.570,02. Glosas não disponibilizadas pela SES. Relatório datado de 08/04/2026.",FUNEV,2026,3,mensal,,44,121000.0,11860882.86,566296.73,12283975.89,,,4870827.5,4414598.69
2026,C:\OSS-Goias\documentos\AGIR\HEJ\2026\21_Relatorio_Comparativo_Recursos\HEJ - Relatorio Financeiro 01.2026 -TCE - Assinado.pdf,HEJ - Relatorio Financeiro 01.2026 -TCE - Assinado,8,1,HEJ,,,,,"Competência indicada como XX/2026, mas pelo contexto (assinatura em 09/02/2026 e filename indicando 01.2026) trata-se de janeiro de 2026. Repasse custeio SES: R$ 9.905.366,90 (inclui fundo rescisório R$ 463.272,20). Rendimentos financeiros: R$ 129.342,42. Outras entradas: R$ 11.993,85. Saldo anterior: R$ 11.956.716,27. Saldo final: R$ 14.196.275,64 (apenas em aplicações financeiras). Total devolvido: R$ 0,00. Glosas não informadas por falta de dados da SES. Parte do saldo refere-se a provisão de 13º e férias, comprometido para fornecedores.",AGIR,2026,1,mensal,,16,0.0,7807143.8,141336.27,9905366.9,,,14196275.64,11956716.27
2026,C:\OSS-Goias\documentos\AGIR\HEJ\2026\21_Relatorio_Comparativo_Recursos\HEJ - Relatorio Financeiro 01.2026 -TCE.xlsx,HEJ - Relatorio Financeiro 01.2026 -TCE,7,1,HEJ,,,,,"Relatório mensal de janeiro/2026. Competência indicada como XX/2026 no documento, mas o filename e data de emissão (09/02/2026) confirmam competência 01/2026. Previsão de repasse mensal de custeio: R$ 9.920.175,60. Repasse investimento: R$ 0. Rendimentos sobre aplicações financeiras (custeio): R$ 129.342,42. Resgate de aplicações financeiras: R$ 15.684.961,69. Total de aplicações financeiras realizadas: R$ 18.343.766,08. Glosas: R$ 0 (valores não informados pela SES). Saldo bancário final composto integralmente por aplicações financeiras. Fundo Rescisório: R$ 2.348.599,22.",AGIR,2026,1,mensal,,15,0,7807143.8,11993.85,9905366.9,,,14196275.64,11956716.27
2026,C:\OSS-Goias\documentos\AGIR\HEJ\2026\21_Relatorio_Comparativo_Recursos\HEJ - Relatorio Financeiro 02.2026 -TCE - ass.pdf,HEJ - Relatorio Financeiro 02.2026 -TCE - ass,8,1,HEJ,,,,,"Competência 02/2026. Contrato de Gestão nº 41/2025 SES/GO, vigência 01/09/2025 a 01/09/2028. Previsão de repasse mensal custeio: R$ 9.920.175,60. Repasse investimento: R$ 0,00. Saldo anterior (01/02/2026): R$ 14.196.275,64 (integralmente em aplicações financeiras). Saldo final (28/02/2026): R$ 13.371.654,28. Valores devolvidos à contratante: R$ 0,00. Total das glosas: R$ 0,00 (valores não informados pela SES). Parte do saldo em aplicação refere-se a provisão de 13º e férias, restante comprometido com fornecedores.",AGIR,2026,2,mensal,,22,0.0,11419859.26,203223.46,10392014.44,,,13371654.28,14196275.64
2026,C:\OSS-Goias\documentos\AGIR\HEJ\2026\21_Relatorio_Comparativo_Recursos\HEJ - Relatorio Financeiro 02.2026 -TCE.xlsx,HEJ - Relatorio Financeiro 02.2026 -TCE,7,1,HEJ,,,,,"Competência 02/2026. Contrato de Gestão 41/2025 SES/GO, vigência 01/09/2025 a 01/09/2028. Previsão de repasse mensal CUSTEIO: R$ 9.920.175,60. Repasse recebido CUSTEIO: R$ 9.681.879,99 + Piso de Enfermagem R$ 246.862,25 + Fundo Rescisório R$ 463.272,20 = R$ 10.392.014,44. Rendimentos sobre aplicações CUSTEIO: R$ 186.826,29. Outras entradas (estornos, reembolsos): R$ 16.397,17. Total entradas: R$ 10.595.237,90. Resgates de aplicação: R$ 10.600.201,10. Aplicações financeiras realizadas: R$ 9.588.753,45. Total geral pagamentos: R$ 11.419.859,26. Valores devolvidos à contratante: R$ 0. Saldo anterior (aplicações): R$ 14.196.275,64. Saldo final (aplicações): R$ 13.371.654,28. Total glosas: R$ 0. Documento emitido em 09/03/2026.",AGIR,2026,2,mensal,,15,0,11419859.26,203223.46,10392014.44,,,13371654.28,14196275.64
2026,C:\OSS-Goias\documentos\AGIR\HEJ\2026\21_Relatorio_Comparativo_Recursos\HEJ - Relatorio Financeiro 03.2026 -TCE ass.pdf,HEJ - Relatorio Financeiro 03.2026 -TCE ass,8,1,HEJ,,,,,"Competência 03/2026. Contrato de Gestão 41/2025 SES/GO, vigência 01/09/2025 a 01/09/2028. Previsão repasse mensal custeio: R$ 9.920.175,60. Repasse investimento previsto: R$ 0,00. Valores de glosas não informados devido ao não recebimento das informações por parte da SES. Saldo final inclui provisão de 13º e férias e valores comprometidos com fornecedores. Recursos recebidos SES calculados como soma dos repasses: custeio (9.442.094,70) + piso enfermagem (257.898,31) + fundo rescisório (463.272,20) + investimento (303.172,59) = 10.466.437,80. Outras fontes: rendimentos (206.498,15) + outras entradas (680.661,45) = 887.159,60.",AGIR,2026,3,mensal,,18,0.0,11301970.38,887159.6,10466437.8,,,13423281.3,13371654.28
2026,C:\OSS-Goias\documentos\AGIR\HEJ\2026\21_Relatorio_Comparativo_Recursos\HEJ - Relatorio Financeiro 03.2026 -TCE.xlsx,HEJ - Relatorio Financeiro 03.2026 -TCE,8,1,HEJ,,,,,"Competência 03/2026. Previsão de repasse mensal de custeio: R$ 9.920.175,60. Saldo anterior: R$ 13.371.654,28 (sendo R$ 10.533.757,89 em aplicação custeio CEF e R$ 2.837.896,39 em fundo rescisório). Repasse SES custeio inclui: CEF custeio R$ 9.442.094,70 + piso de enfermagem R$ 257.898,31 + fundo rescisório R$ 463.272,20. Repasse investimento: R$ 303.172,59. Total entradas: R$ 11.353.597,40. Total pagamentos: R$ 11.301.970,38. Saldo final: R$ 13.423.281,30. Glosas não informadas por falta de retorno da SES. Item 7.3.1 refere-se parcialmente a provisão de 13º e férias, saldo restante comprometido com fornecedores.",AGIR,2026,3,mensal,,28,0,11301970.38,680661.45,10466437.8,,,13423281.3,13371654.28
2026,C:\OSS-Goias\documentos\AGIR\HUGOL\2026\21_Relatorio_Comparativo_Recursos\HUGOL - Relatorio Financeiro 01.2026 -TCE - Assinado.pdf,HUGOL - Relatorio Financeiro 01.2026 -TCE - Assinado,9,1,HUGOL,,,,,"Repasse Custeio SES: R$ 44.648.485,04 (inclui fundo de provisão de rescisões); Repasse Investimento SES: R$ 2.500.000,00. Total repasse SES = R$ 47.148.485,04. Rendimentos sobre aplicações: Custeio R$ 173.449,66 + Investimento R$ 163.312,29. Outras entradas R$ 1.725.702,72 (reembolsos e transferências). Saldo anterior em 01/01/2026: R$ 28.586.077,35. Saldo final em 31/01/2026: R$ 37.723.002,93. Glosas: R$ 0,00 (não informadas pela SES). Parte do saldo final está comprometida para pagamento de fornecedores e insumos (provisão 13º e férias).",AGIR,2026,1,mensal,,14,29005.6,40045018.53,1725702.72,47148485.04,,,37723002.93,28586077.35
2026,C:\OSS-Goias\documentos\AGIR\HUGOL\2026\21_Relatorio_Comparativo_Recursos\HUGOL - Relatorio Financeiro 01.2026 -TCE.xlsx,HUGOL - Relatorio Financeiro 01.2026 -TCE,9,1,HUGOL,,,,,"Repasse SES Custeio: R$ 42.905.741,88 (CEF 580134193-1) + R$ 1.742.743,16 (Fundo Provisão Rescisões) = R$ 44.648.485,04. Repasse Investimento: R$ 2.500.000,00. Rendimento Aplicações Custeio: R$ 173.449,66. Rendimento Aplicações Investimento: R$ 163.312,29. Outras entradas incluem Transferência Sede (R$ 1.622.389,00), Estorno de pagamento (R$ 93.072,46), Reembolso Unimed (R$ 1.592,45), Devolução de Férias (R$ 2.917,47), Reembolso Judicial (R$ 5.731,34). Total glosas: R$ 0. Item 7.3.2 CEF APLIC. 580134193-1: parte refere-se a Provisão de 13º e Férias, saldo comprometido para pagamento de fornecedores. Saldo final em 31/01/2026: R$ 37.723.002,93. Previsão repasse mensal custeio: R$ 37.667.381,03. Previsão repasse mensal investimento: R$ 0.",AGIR,2026,1,mensal,,14,29005.6,40045018.53,1725702.72,44648485.04,,,37723002.93,28586077.35
2026,C:\OSS-Goias\documentos\AGIR\HUGOL\2026\21_Relatorio_Comparativo_Recursos\HUGOL - Relatorio Financeiro 02.2026 -TCE - Ass.pdf,HUGOL - Relatorio Financeiro 02.2026 -TCE - Ass,9,1,HUGOL,,,,,"Competência 02/2026. Contrato de Gestão 003/2014 SES/GO - 12º Termo Aditivo, vigência 15/07/2023 a 14/07/2026. Previsão de repasse mensal custeio: R$ 37.667.381,03. Repasse investimento: R$ 0,00. Saldo bancário final em 28/02/2026: R$ 39.720.647,77. Parte do saldo em CEF APLIC. 580134193-1 CUSTEIO refere-se a Provisão de 13º e Férias, saldo restante comprometido para pagamento de fornecedores e insumos. Total das glosas: R$ 0,00 (valores não informados pela SES). Recursos de outras fontes incluem rendimentos sobre aplicações financeiras (custeio R$ 266.564,92 + investimento R$ 152.042,06) e outras entradas R$ 139.030,01.",AGIR,2026,2,mensal,,24,0.0,37689479.18,557636.99,39129487.03,,,39720647.77,37723002.93
2026,C:\OSS-Goias\documentos\AGIR\HUGOL\2026\21_Relatorio_Comparativo_Recursos\HUGOL - Relatorio Financeiro 02.2026 -TCE.xlsx,HUGOL - Relatorio Financeiro 02.2026 -TCE,9,1,HUGOL,,,,,"Competência 02/2026. Contrato de Gestão 003/2014 SES/GO - 12º Termo Aditivo, vigência 15/07/2023 a 14/07/2026. Previsão de repasse mensal custeio: R$ 37.667.381,03. Repasse custeio inclui: CEF C/C 580134193-1 (R$ 36.494.005,38), Fundo de Provisão Rescisões/Ações Judiciais 3% (R$ 1.742.743,16) e Piso de Enfermagem (R$ 892.738,49). Rendimentos sobre aplicações custeio: R$ 266.564,92; investimento: R$ 152.042,06. Outras entradas: estorno pagamento (R$ 50.802,22), reembolso Unimed (R$ 2.969,30), reembolso judicial (R$ 2.495,72), reembolso de rateio (R$ 82.762,77). Total glosas: zero. Saldo final em 28/02/2026. Parte do saldo CEF APLIC. 580134193-1 refere-se a provisão de 13º e férias, restante comprometido com fornecedores.",AGIR,2026,2,mensal,,12,0.0,37689479.18,557636.99,39129487.03,,,39720647.77,37723002.93
2026,C:\OSS-Goias\documentos\AGIR\HUGOL\2026\21_Relatorio_Comparativo_Recursos\HUGOL - Relatorio Financeiro 03.2026 -TCE ass.pdf,HUGOL - Relatorio Financeiro 03.2026 -TCE ass,9,1,HUGOL,,,,,"Competência 03/2026. Contrato de Gestão 003/2014 SES/GO - 12º Termo Aditivo, vigência 15/07/2023 a 14/07/2026. Previsão de repasse mensal custeio: R$ 37.667.381,03. Repasse custeio inclui Piso de Enfermagem (R$ 899.727,15) e Fundo de Provisão Rescisões/Ações Judiciais 3% (R$ 1.742.743,16). Valores devolvidos à contratante: R$ 0,00. Total de glosas: R$ 0,00 (glosas não informadas por não recebimento de informações da SES). Nota: CEF APLIC. 580134193-1 CUSTEIO inclui provisão de 13º e Férias, saldo comprometido com fornecedores e insumos, não se trata de sobra de caixa. Documento assinado digitalmente em 09/04/2026.",AGIR,2026,3,mensal,,15,0.0,34566593.38,634197.77,38331917.82,,,34288170.14,29888647.93
2026,C:\OSS-Goias\documentos\AGIR\HUGOL\2026\21_Relatorio_Comparativo_Recursos\HUGOL - Relatorio Financeiro 03.2026 -TCE.xlsx,HUGOL - Relatorio Financeiro 03.2026 -TCE,10,1,HUGOL,,,,,"Repasse Custeio inclui: CEF C/C 580134193-1 (R$ 35.689.447,51), Fundo de Provisão Rescisões/Ações Judiciais 3% (R$ 1.742.743,16) e Piso de Enfermagem (R$ 899.727,15). Outras entradas incluem rendimentos sobre aplicações (custeio R$ 307.099,42 + investimento R$ 188.056,37) e reembolsos/estornos (R$ 139.041,98). Glosas zeradas (informações não recebidas da SES). Item 7.3.2 CEF APLIC. 580134193-1: parte refere-se a Provisão de 13º e Férias, saldo comprometido para pagamento de fornecedores. Relatório emitido em 09/04/2026. Contrato de Gestão 003/2014 SES/GO - 12º Termo Aditivo, vigência 15/07/2023 a 14/07/2026.",AGIR,2026,3,mensal,,13,0.0,34566593.38,634197.77,38331917.82,,,34288170.14,29888647.93
2026,C:\OSS-Goias\documentos\Instituto Patris\HEL\2026\21_Relatorio_Comparativo_Recursos\id4899_Relatório Financeiro - Janeiro_2026 (.pdf).pdf,id4899_Relatório Financeiro - Janeiro_2026 (.pdf),6,1,HEL,,,,,"Competência: Dezembro 2025. Contrato de Gestão nº 045/2022, vigência 13/06/2022 a 12/06/2026. Previsão de repasse mensal de custeio: R$ 5.253.400,82. Saldo bancário anterior (01/12/2025): R$ 9.410.683,79, sendo R$ 137.612,86 em conta movimento custeio, R$ 4.759.977,34 em aplicação fundo rescisório 3% e R$ 4.513.093,59 em aplicação custeio. Saldo final (31/12/2025): R$ 8.387.407,95, sendo R$ 5.031.681,76 em aplicação fundo rescisório e R$ 3.355.726,19 em aplicação custeio. Sem glosas registradas. Documento assinado digitalmente por Luiz Antonio Procopio da Silva em 30/04/2026. O filename indica Janeiro/2026 mas a competência do relatório é Dezembro/2025.",Instituto Patris,2025,12,mensal,,15,0.0,6340620.76,245333.82,4994967.73,,,8387407.95,9410683.79
2026,C:\OSS-Goias\documentos\Instituto Patris\HEL\2026\21_Relatorio_Comparativo_Recursos\id4900_Relatório Financeiro - Janeiro_2026 (.xls).xlsx,id4900_Relatório Financeiro - Janeiro_2026 (.xls),6,1,HEL,,,,,"Competência: Dezembro/2025. Contrato de Gestão nº 045/2022, vigência 13/06/2022 a 12/06/2026. Previsão de repasse mensal de custeio: R$ 5.253.400,82. Saldo anterior: R$ 9.410.683,79. Total de entradas: R$ 5.317.344,92 (repasse custeio R$ 4.994.967,73 + fundo rescisório R$ 245.333,82 + rendimentos R$ 77.043,37). Total resgates: R$ 4.653.745,95. Total aplicações: R$ 3.691.039,60. Total pagamentos: R$ 6.340.620,76. Total glosas: R$ 0. Saldo bancário final: R$ 8.387.407,95. Aplicações finais: Fundo Rescisório R$ 5.031.681,76 + Custeio R$ 3.355.726,19.",Instituto Patris,2025,12,mensal,,12,0.0,6340620.76,77043.37,5240301.55,,,8387407.95,9410683.79
2026,C:\OSS-Goias\documentos\Albert Einstein\HUGO\2026\21_Relatorio_Comparativo_Recursos\Relacao-de-Servidores-Devolvidos-marco-2026-1.xlsx,Relacao-de-Servidores-Devolvidos-marco-2026-1,0,0,HUGO,,,,,"Documento não contém informações financeiras. Trata-se de relação mensal de servidores devolvidos referente a março/2026. Servidor devolvido: RICARDO PEREIRA DOMINGOS DA COSTA, cargo: Médico - Lei 22.524, data de devolução: 01/03/2026, motivo: Remoção. Fonte: RH/SES-GO. Assinado por Fabiana Rolla, Diretora Geral - HUGO.",Albert Einstein,2026,3,mensal,,0,,,,,,,,
2026,C:\OSS-Goias\documentos\ABEVIDA\CRESM\2026\21_Relatorio_Comparativo_Recursos\RELATORIO-FINANCEIRO-MENSAL-01.2026-1.pdf,RELATORIO-FINANCEIRO-MENSAL-01.2026-1,7,1,CRESM,,,,,"Relatório Financeiro Mensal referente à competência Janeiro/2026. Contrato de Gestão nº 002/2014-SES, 11º Termo Aditivo (vigência 26/07/2025 a 26/07/2026). Previsão de repasse mensal de custeio: R$ 3.403.414,71. Saldo bancário final datado como 31/08/2025 no documento, mas o relatório é de Janeiro/2026 (aparente erro de digitação no campo). Saldo final composto por: Custeio R$ 1.440.914,43 + Investimento R$ 424.926,26 + Fundo Rescisório R$ 893.272,50. Total de resgates de aplicações financeiras: R$ 3.149.628,11; Total de aplicações financeiras: R$ 3.381.725,67. Glosas: todas zeradas.",ABEVIDA,2026,1,mensal,,21,0.0,3183206.77,16426.29,3398878.04,,,2759113.19,2501427.68
2026,C:\OSS-Goias\documentos\ABEVIDA\CRESM\2026\21_Relatorio_Comparativo_Recursos\RELATORIO-FINANCEIRO-MENSAL-01.2026.xlsx,RELATORIO-FINANCEIRO-MENSAL-01.2026,7,1,CRESM,,,,,"Competência: Janeiro/2026. Contrato de Gestão 002/2014-SES, 11º Termo Aditivo vigência 26/07/2025 a 26/07/2026. Previsão de repasse mensal custeio: R$ 3.403.414,71. Saldo anterior inclui aplicações financeiras (Custeio R$ 1.354.871,89 + Investimento R$ 420.499,01 + Fundo Rescisório R$ 726.056,78). Recursos recebidos SES calculados como soma dos repasses Custeio (3.239.938,57) e Fundo Rescisório (158.939,47). Rendimentos totais sobre aplicações: R$ 25.587,95. Saldo final em 31/01/2026 composto por aplicações financeiras (Custeio R$ 1.440.914,43 + Investimento R$ 424.926,26 + Fundo Rescisório R$ 893.272,50). O documento indica data '31/08/2025' na seção 7, mas o relatório é referente a Janeiro/2026 conforme cabeçalho.",ABEVIDA,2026,1,mensal,,21,0,3183206.77,16426.29,3398878.04,,,2759113.19,2501427.68
2026,C:\OSS-Goias\documentos\ABEVIDA\CRESM\2026\21_Relatorio_Comparativo_Recursos\RELATORIO-FINANCEIRO-MENSAL-02.2026-1.pdf,RELATORIO-FINANCEIRO-MENSAL-02.2026-1,8,1,CRESM,,,,,"Relatório Financeiro Mensal de Fevereiro/2026. Contrato de Gestão nº 002/2014-SES, 11º Termo Aditivo (26/07/2025 a 26/07/2026). Previsão de repasse mensal custeio: R$ 3.403.414,71. Repasse SES Custeio: R$ 3.239.938,57; Repasse Fundo Rescisório: R$ 158.939,47; Repasse Piso Enfermagem: R$ 0,00; Repasse Investimento: R$ 0,00. Rendimentos sobre aplicações financeiras: R$ 36.582,26. Outras entradas: R$ 4.743,36. Total de resgates de aplicação: R$ 3.161.129,89. Total de aplicações financeiras: R$ 3.343.693,31. Saldo bancário final em 28/02/2026: R$ 2.978.258,87 (Aplicação Custeio: R$ 1.488.008,38; Aplicação Investimento: R$ 429.455,84; Aplicação Fundo Rescisório: R$ 1.060.794,65). Total de glosas: R$ 0,00.",ABEVIDA,2026,2,mensal,,12,0.0,3221057.98,4743.36,3398878.04,,,2978258.87,2759113.19
2026,C:\OSS-Goias\documentos\ABEVIDA\CRESM\2026\21_Relatorio_Comparativo_Recursos\RELATORIO-FINANCEIRO-MENSAL-03.2026.pdf,RELATORIO-FINANCEIRO-MENSAL-03.2026,8,1,CRESM,,,,,"Relatório Financeiro Mensal referente a Março/2026. Contrato de Gestão nº 002/2014-SES, 11º Termo Aditivo, vigência 26/07/2025 a 26/07/2026. Previsão de repasse mensal de custeio: R$ 3.403.414,71. Previsão de repasse de investimento: R$ 0. O saldo bancário final indicado no item 7 é R$ 3.113.206,05, composto por aplicações financeiras (Custeio: R$ 1.821.275,26; Investimento: R$ 417.461,36; Fundo Rescisório: R$ 874.469,43). O Total Geral dos Pagamentos (R$ 3.113.206,05) diverge do Total de Pagamentos Custeio (R$ 3.355.615,68), possivelmente por erro no preenchimento do documento. Recursos recebidos SES calculados como soma dos repasses SES: Custeio (3.246.552,27) + Fundo Rescisório (158.939,47) = 3.405.491,74.",ABEVIDA,2026,3,mensal,,17,0.0,3355615.68,44442.31,3405491.74,,,3113206.05,2978258.87
2026,C:\OSS-Goias\documentos\ABEVIDA\CRESM\2026\21_Relatorio_Comparativo_Recursos\RELATORIO-FINANCEIRO-MENSAL-04.2026.xlsx,RELATORIO-FINANCEIRO-MENSAL-04.2026,8,1,CRESM,,,,,"Relatório Financeiro Mensal referente a Abril/2026 do Complexo de Referência Estadual em Saúde Mental (CRESM), gerido pela ABEVIDA, contrato 002/2014-SES, 11º Termo Aditivo vigente de 26/07/2025 a 26/07/2026. Previsão de repasse mensal de custeio: R$ 3.403.414,71. Recursos SES calculados como soma dos repasses: Custeio (3.291.405,84) + Fundo Rescisório (158.939,47) = 3.450.345,31. O campo 'TOTAL GERAL DOS PAGAMENTOS' consta como 0 na planilha, mas o TOTAL DE PAGAMENTOS - CUSTEIO é 3.067.625,47. A data indicada no saldo final refere-se a 28/02/2026, mas o relatório é competência Abril/2026 (inconsistência no documento original). Glosas: todas zeradas.",ABEVIDA,2026,4,mensal,,21,0,3067625.47,3813.74,3450345.31,,,3543592.36,3113206.05
2026,C:\OSS-Goias\documentos\Albert Einstein\HUGO\2026\21_Relatorio_Comparativo_Recursos\Relatorio-mensal-comparativo-de-recursos-recebido-marco-2026.pdf,Relatorio-mensal-comparativo-de-recursos-recebido-marco-2026,14,1,HUGO,,,,,"Competência 03/2026. Contrato de Gestão 097/2024 SES/GO - 1º Termo Aditivo. Previsão de repasse mensal custeio: R$ 25.051.562,75. Saldo bancário anterior: R$ 40.920.625,72. Total entradas (2+3): R$ 55.481.918,16. Total saídas: R$ 29.314.000,55 (custeio R$ 27.056.143,10 + investimento R$ 2.211.882,66 + devolvidos R$ 45.974,79). Glosa por não cumprimento de metas (06/10): R$ 154.736,44. Saldo bancário final em 31/03/2026: R$ 37.791.974,12. recursos_recebidos_ses calculado como soma dos repasses SES (custeio 23.968.754,75 + investimento 409.708,26 + rescisório 1.169.907,98 = 25.548.370,99). recursos_recebidos_outras_fontes = rendimentos (619.678,06) + recuperação de despesas (17.299,90) + receitas não governamentais (1.140,71) = 638.118,67. recursos_executados = pagamentos custeio (27.056.143,10) + pagamentos investimento (2.211.882,66) = 29.267.883,76 (excluindo devoluções).",Albert Einstein,2026,3,mensal,,25,45974.79,29267883.76,638118.67,25548370.99,,,37791974.12,40920625.72
2026,C:\OSS-Goias\documentos\Hospital de Amor\CORA\2026\21_Relatorio_Comparativo_Recursos\relatorio-mensal-comparativo-de-recursos-recebidos-gastos-e-devolvidos-ao-poder-publico-Abril-2026.pdf,relatorio-mensal-comparativo-de-recursos-recebidos-gastos-e-devolvidos-ao-poder-publico-Abril-2026,8,1,CORA,,,,,"Hospital: CORA – Complexo Oncológico de Referência do Estado de Goiás. OSS Gestora: Fundação Pio XII. Contrato de Gestão 003/2022 SES/GO 4° Termo Aditivo, vigência 28/12/2022 a 27/12/2034. Previsão de repasse mensal custeio: R$ 5.231.353,46; investimento: R$ 0,00. Saldo bancário final em 30/04/2026: R$ 1.418.654,85. Valores de glosas não informados devido ao não recebimento das informações por parte da SES. Fatura Saneago e Equatorial pagas com recursos de custeio enquanto não há alteração de titularidade das unidades consumidoras.",Fundação Pio XII,2026,4,mensal,,30,0.0,4989756.92,590890.08,4469699.23,,,1418654.85,1393610.77
2026,C:\OSS-Goias\documentos\Hospital de Amor\CORA\2026\21_Relatorio_Comparativo_Recursos\relatorio-mensal-comparativo-de-recursos-recebidos-gastos-e-devolvidos-ao-poder-publico-Fevereiro-2026.pdf,Relatorio-mensal-comparativo-de-recursos-recebidos-gastos-e-devolvidos-ao-poder-publico-fevereiro-2026,5,1,CORA,,,,,"Competência 02/2026. OSS contratada: Fundação Pio XII (Hospital de Amor). Unidade gerida: CORA - Complexo Oncológico de Referência do Estado de Goiás. Contrato de Gestão 003/2022 SES/GO - 4º Termo Aditivo, vigência 28/12/2022 a 27/12/2034. Previsão de repasse mensal custeio: R$ 5.231.353,46. Total de pagamentos investimento: zero. Valores devolvidos à contratante: zero. Saldo bancário final em 28/02/2026: R$ 1.140.984,34 (somente em aplicações financeiras). Glosas não informadas por falta de dados da SES. Faturas Saneago e Equatorial pagas com recursos de custeio enquanto não há alteração de titularidade da unidade consumidora. Recursos recebidos de outras fontes incluem rendimentos financeiros (R$ 22.837,70) e outras entradas (R$ 504.054,57), excluindo o reembolso já computado no repasse SES.",Hospital de Amor,2026,2,mensal,,21,0,4663133.03,527729.27,4554013.22,,,1140984.34,858045.27
2026,C:\OSS-Goias\documentos\Hospital de Amor\CORA\2026\21_Relatorio_Comparativo_Recursos\relatorio-mensal-comparativo-de-recursos-recebidos-gastos-e-devolvidos-ao-poder-publico-janeiro-2026.pdf,Relatorio-mensal-comparativo-de-recursos-recebidos-gastos-e-devolvidos-ao-poder-publico-janeiro-2026,6,1,CORA,,,,,"Unidade: CORA – Complexo Oncológico de Referência do Estado de Goiás. OSS gestora: Fundação Pio XII (CNPJ 49.150.352/0046-14). Contrato de Gestão 003/2022 SES/GO – 4º Termo Aditivo, vigência 28/12/2022 a 27/12/2034. Previsão de repasse mensal de custeio: R$ 5.231.353,46. Repasse efetivo de custeio em janeiro/2026: R$ 4.392.494,37, incluindo reembolso de valores de R$ 16.536,63. Outras entradas incluem transferência da Matriz no valor de R$ 2.824.398,53, que foi integralmente transferida de volta à Matriz na saída (item 5.1.8.5). Valores de glosas não informados devido ao não recebimento das informações por parte da SES. Faturas Saneago e Equatorial pagas com recursos do repasse de custeio enquanto não há alteração de titularidade das unidades consumidoras.",Fundação Pio XII,2026,1,mensal,,12,0,7213665.97,2987453.34,4392494.37,,,858045.27,708300.16
2026,C:\OSS-Goias\documentos\Hospital de Amor\CORA\2026\21_Relatorio_Comparativo_Recursos\relatorio-mensal-comparativo-de-recursos-recebidos-gastos-e-devolvidos-ao-poder-publico-Marco-2026.pdf,relatorio-mensal-comparativo-de-recursos-recebidos-gastos-e-devolvidos-ao-poder-publico-Marco-2026,6,1,CORA,,,,,"Competência 03/2026. Contrato de Gestão 003/2022 SES/GO 4º Termo Aditivo, vigência 28/12/2022 a 27/12/2034. Previsão de repasse mensal de custeio: R$ 5.231.353,46. Repasse efetivo de custeio: R$ 4.467.452,56. Saldo inicial em aplicações financeiras: R$ 1.140.984,34. Saldo final em aplicações financeiras: R$ 1.393.610,77. Não há valores devolvidos à contratante no período. Glosas não informadas por falta de retorno da SES. Fatura Saneago e Equatorial pagas com recursos de custeio enquanto não há alteração de titularidade.",Fundação Pio XII,2026,3,mensal,,16,0,4854767.82,709825.46,4467452.56,,,1393610.77,1140984.34
2026,C:\OSS-Goias\documentos\Hospital de Amor\CORA\2026\21_Relatorio_Comparativo_Recursos\Relatório mensal comparativo de recursos recebidos gastos e devolvidos ao Poder Público - Abril 2026.xlsx,Relatório mensal comparativo de recursos recebidos gastos e devolvidos ao Poder Público - Abril 2026,9,1,CORA,,,,,"Contrato de Gestão 003/2022 SES/GO - 4º Termo Aditivo, vigência 28/12/2022 a 27/12/2034. Previsão de repasse mensal de custeio: R$ 5.231.353,46. Repasse efetivo recebido no mês: R$ 4.469.699,23 (incluindo reembolso de R$ 72.130,44). Outras entradas incluem transferência da Matriz (R$ 560.000,00) que é também registrada como saída (Transferência para Matriz). Glosas não informadas por falta de dados da SES. Saldo anterior: R$ 1.393.610,77 (integralmente em aplicações financeiras). Saldo final em 30/04/2026: R$ 1.418.654,85. Nota explicativa referente ao Item 5 mencionada mas sem detalhamento textual no documento. OSS gestora identificada como Fundação Pio XII (CNPJ 49.150.352/0046-14), também conhecida como Hospital de Amor.",Fundação Pio XII,2026,4,mensal,,22,0,4989756.92,616257.21,4469699.23,,,1418654.85,1393610.77
2026,C:\OSS-Goias\documentos\Hospital de Amor\CORA\2026\21_Relatorio_Comparativo_Recursos\Relatório mensal comparativo de recursos recebidos gastos e devolvidos ao Poder Público - Fevereiro 2026.xlsx,Relatório mensal comparativo de recursos recebidos gastos e devolvidos ao Poder Público - Fevereiro 2026,9,1,CORA,,,,,"Contrato de Gestão nº 003/2022 SES/GO - 4º Termo Aditivo. Vigência: 28/12/2022 a 27/12/2034. Previsão de repasse mensal custeio: R$ 5.231.353,46. Repasse recebido em 02/2026 foi inferior à previsão contratual. Item 2.1.3 refere-se a reembolso de valores recebidos na conta custeio. Item 5.1.2: fatura da Saneago e Equatorial pagas com recursos do repasse de custeio enquanto não há alteração de titularidade da unidade consumidora. Glosas: valores não informados por falta de retorno da SES. Saldo final composto integralmente por aplicações financeiras (R$ 1.140.984,34). Relatório assinado pelo Supervisor Financeiro Alessandro de Assis Gomes em 03/03/2026.",Hospital de Amor,2026,2,mensal,,22,0.0,4663133.03,504054.57,4554013.22,,,1140984.34,858045.27
2026,C:\OSS-Goias\documentos\Hospital de Amor\CORA\2026\21_Relatorio_Comparativo_Recursos\Relatório mensal comparativo de recursos recebidos gastos e devolvidos ao Poder Público - Janeiro 2026.xlsx,Relatório mensal comparativo de recursos recebidos gastos e devolvidos ao Poder Público - Janeiro 2026,8,1,CORA,,,,,"Hospital: CORA – Complexo Oncológico de Referência do Estado de Goiás. OSS gestora: Fundação Pio XII (Hospital de Amor). Contrato de Gestão 003/2022 SES/GO, 4° Termo Aditivo, vigência 28/12/2022 a 27/12/2034. Previsão de repasse mensal custeio: R$ 5.231.353,46; investimento: R$ 0. Repasse SES custeio recebido em janeiro/2026: R$ 4.392.494,37 (inclui reembolso de valores R$ 16.536,63 via item 2.1.3). Outras entradas incluem estorno de pagamento R$ 152.851,73 e Transferência da Matriz R$ 2.824.398,53. Total saídas inclui Transferência para Matriz R$ 2.824.398,53 (entrada e saída de mesmo valor). Saldo bancário final composto por conta movimento R$ 16.536,63 e aplicações financeiras R$ 841.508,64. Glosas: todas zeradas por não recebimento de informações da SES. Nota explicativa: faturas Saneago e Equatorial pagas com recursos do repasse custeio enquanto aguarda alteração de titularidade.",Hospital de Amor,2026,1,mensal,,17,0.0,7213665.97,2987453.34,4392494.37,,,858045.27,708300.16
2026,C:\OSS-Goias\documentos\Hospital de Amor\CORA\2026\21_Relatorio_Comparativo_Recursos\Relatório mensal comparativo de recursos recebidos gastos e devolvidos ao Poder Público - Marco 2026.xlsx,Relatório mensal comparativo de recursos recebidos gastos e devolvidos ao Poder Público - Marco 2026,6,1,CORA,,,,,"Contrato de Gestão 003/2022 SES/GO, 4° Termo Aditivo, vigência 28/12/2022 a 27/12/2034. Previsão repasse mensal custeio: R$ 5.231.353,46. Repasse efetivado: R$ 4.467.452,56 (inclui reembolso de valores de R$ 69.883,77 via 2.1.3). Outras entradas incluem estorno de pagamento R$ 97.058,09, ressarcimento R$ 26.460,01 e transferência da Matriz R$ 560.000,00. Rendimentos sobre aplicações financeiras: R$ 26.307,36. Sem glosas no período. Saldo final em 31/03/2026 em aplicações financeiras. Supervisor Financeiro: Alessandro de Assis Gomes, Matrícula 19.087.",Hospital de Amor,2026,3,mensal,,14,0.0,4854767.82,709825.46,4467452.56,,,1393610.77,1140984.34
2026,C:\OSS-Goias\documentos\Hospital de Amor\CORA\2026\21_Relatorio_Comparativo_Recursos\u035e4c78_Relatório mensal comparativo de recursos recebidos gastos e devolvidos ao Poder Público - Fevereiro 2026.xlsx,u035e4c78_Relatório mensal comparativo de recursos recebidos gastos e devolvidos ao Poder Público - Fevereiro 2026,9,1,CORA,,,,,"Hospital: CORA – Complexo Oncológico de Referência do Estado de Goiás. OSS gestora: Fundação Pio XII (CNPJ 49.150.352/0046-14). Contrato de Gestão 003/2022 SES/GO, 4° Termo Aditivo, vigência 28/12/2022 a 27/12/2034. Previsão de repasse mensal custeio: R$ 5.231.353,46. Repasse investimento: R$ 0. Glosas: todas zero (valores não informados pela SES). Nota explicativa: faturas Saneago e Equatorial pagas com recursos de custeio enquanto não há alteração de titularidade da unidade consumidora. Reembolso de R$ 134.833,39 via CEF C/C 579393185-2 referente ao item 2.1.3. Saldo final em 28/02/2026 composto integralmente por aplicações financeiras.",Fundação Pio XII,2026,2,mensal,,13,0.0,4663133.03,504054.57,4554013.22,,,1140984.34,858045.27
2026,C:\OSS-Goias\documentos\Hospital de Amor\CORA\2026\21_Relatorio_Comparativo_Recursos\u0ea155f6_Relatório mensal comparativo de recursos recebidos gastos e devolvidos ao Poder Público - Marco 2026.xlsx,u0ea155f6_Relatório mensal comparativo de recursos recebidos gastos e devolvidos ao Poder Público - Marco 2026,6,1,CORA,,,,,"Relatório Mensal - Março 2026. Unidade: CORA – Complexo Oncológico de Referência do Estado de Goiás. OSS Contratada: Fundação Pio XII. Contrato de Gestão nº 003/2022 SES/GO, 4º Termo Aditivo, vigência 28/12/2022 a 27/12/2034. Previsão de repasse mensal custeio: R$ 5.231.353,46. Repasse SES recebido (item 2.1): R$ 4.467.452,56 (inclui reembolso de valores de R$ 69.883,77). Outras entradas incluem Transferência da Matriz R$ 560.000,00 e Estorno de pagamento R$ 97.058,09. Total de glosas: R$ 0,00. Saldo bancário final em 31/03/2026: R$ 1.393.610,77.",Fundação Pio XII,2026,3,mensal,,14,0.0,4854767.82,709825.46,4467452.56,,,1393610.77,1140984.34
2026,C:\OSS-Goias\documentos\Hospital de Amor\CORA\2026\21_Relatorio_Comparativo_Recursos\u9200a5a2_Relatório mensal comparativo de recursos recebidos gastos e devolvidos ao Poder Público - Janeiro 2026.xlsx,u9200a5a2_Relatório mensal comparativo de recursos recebidos gastos e devolvidos ao Poder Público - Janeiro 2026,7,1,CORA,,,,,"Contrato de Gestão nº 003/2022 SES/GO - 4º Termo Aditivo. Vigência: 28/12/2022 a 27/12/2034. Previsão de repasse mensal custeio: R$ 5.231.353,46. Repasse recebido no mês: R$ 4.392.494,37 (inclui reembolso de valores de R$ 16.536,63). Outras entradas incluem Transferência da Matriz (R$ 2.824.398,53) e Estorno de pagamento (R$ 152.851,73). Valores devolvidos à contratante: R$ 0. Total das glosas: R$ 0 (valores não informados pela SES). Nota: Fatura Saneago e Equatorial pagas com recursos de custeio enquanto não há alteração de titularidade da unidade consumidora. Responsável: Alessandro de Assis Gomes, Supervisor Financeiro, Matrícula 19.087.",Fundação Pio XII,2026,1,mensal,,12,0,7213665.97,2987453.34,4392494.37,,,858045.27,708300.16
2026,C:\OSS-Goias\documentos\Hospital de Amor\CORA\2026\21_Relatorio_Comparativo_Recursos\ucce08fb4_Relatório mensal comparativo de recursos recebidos gastos e devolvidos ao Poder Público - Abril 2026.xlsx,ucce08fb4_Relatório mensal comparativo de recursos recebidos gastos e devolvidos ao Poder Público - Abril 2026,7,1,CORA,,,,,"Contrato de Gestão 003/2022 SES/GO - 4º Termo Aditivo. Vigência: 28/12/2022 a 27/12/2034. Previsão de repasse mensal custeio: R$ 5.231.353,46. Repasse recebido inclui reembolso de valores (CEF C/C 579393185-2) no valor de R$ 72.130,44. Outras entradas incluem estorno de pagamento (R$ 28.865,08), ressarcimento (R$ 25,00), reembolso de valores (R$ 2.000,00) e transferência da Matriz (R$ 560.000,00). Glosas não informadas por não recebimento das informações pela SES. Saldo final em 30/04/2026.",Hospital de Amor,2026,4,mensal,,11,0,4989756.92,616257.21,4469699.23,,,1418654.85,1393610.77
