_ano_pasta,_doc_path,_filename,data_assinatura,data_publicacao_doe,fonte_recurso,hospital,indicadores_qualidade_count,metas_fisicas_count,numero_aditivo,numero_contrato,objeto,observacoes,oss_gestora,partes.contratada_oss,partes.contratante,partes.secretaria_supervisora,penalidades_count,recursos_humanos_minimos_count,servicos_especialidades_count,tipo_documento,valor_anual,valor_mensal,valor_total,vigencia.data_fim,vigencia.data_inicio,vigencia.duracao_meses,vigencia.prorrogavel
2020,C:\OSS-Goias\documentos\IMED\HSLMB\2020\05_Contrato_Gestao_Aditivos\2020-11_Contrato-de-Gestao-no-50-2020.pdf,2020-11_Contrato-de-Gestao-no-50-2020,2020-08-31,,Transferências de Recursos - Bloco Custeio das Ações e Serviços (Fonte 232) / Fundo Estadual de Saúde - FES,HSLMB,3,5,,50/2020,"Gerenciamento, operacionalização e execução das ações e serviços de saúde no Hospital de Campanha implantado nas dependências do Hospital Municipal Dr. Geraldo Londó, em São Luís de Montes Belos, para atendimento em regime de 24 horas por dia de casos de coronavírus e/ou síndromes respiratórias agudas","Contrato de Gestão Emergencial celebrado em caráter emergencial para enfrentamento da COVID-19, com dispensa de chamamento público (Declaração nº 4/2020 CCONT). Vigência de 90 dias contados da outorga pela Procuradora-Geral do Estado (assinatura em 31/08/2020). Repasse em 3 parcelas mensais iguais de R$ 2.954.027,51. Unidade: Hospital de Campanha COVID-19 / São Luís de Montes Belos, CNES 2382474. Capacidade: 10 leitos críticos e 40 leitos semicríticos. Fundo de provisão para rescisões trabalhistas: 3% do valor repassado para pessoal CLT. O documento inclui Termos de Permissão de Uso de Bens Móveis e Imóveis como Anexos V e VI.",IMED,"Instituto de Medicina, Estudos e Desenvolvimento - IMED","Estado de Goiás, por meio da Secretaria de Estado da Saúde – SES/GO",Secretaria de Estado da Saúde de Goiás – SES/GO,7,0,9,contrato_gestao_inicial,,2954027.51,8862082.53,,,,False
2021,C:\OSS-Goias\documentos\IMED\HSLMB\2021\05_Contrato_Gestao_Aditivos\2021-04_PublicathOo_Contrato_SOo-LuYs.pdf,2021-04_PublicathOo_Contrato_SOo-LuYs,,2020-10-26,Tesouro Estadual - Dotação 2850.10.302.1043.2167.03.232.90,HSLMB,0,0,,50/2020,"Formação de parceria com vistas ao gerenciamento, operacionalização e à execução das atividades no HOSPITAL DE CAMPANHA, implantado mediante a Portaria nº 538/2020-SES, nas dependências do HOSPITAL MUNICIPAL DR. GERALDO LONDÓ, localizado na Rua 3, S/N, Vila Popular, CEP 76100-000, na cidade de São Luís de Montes Belos, Goiás, para atendimento em regime de 24 horas por dia de casos de coronavírus e/ou síndromes respiratórias agudas","Contrato emergencial - Processo 202000010028333. Signatários: Juliana Pereira Diniz Prudente (Procuradora-Geral do Estado), Ismael Alexandrino (Secretário de Estado da Saúde) e André Fonseca Leme (IMED). Hospital de Campanha implantado conforme Portaria nº 538/2020-SES, publicada no DOE nº 23.292 de 30/04/2020. Vigência de 90 dias a partir de 18/10/2020.",IMED,"Instituto de Medicina, Estudos e Desenvolvimento - IMED",Estado de Goiás - Secretaria de Estado da Saúde (SES/GO),Secretaria de Estado da Saúde de Goiás,0,0,3,contrato_gestao_inicial,,,8862082.53,,2020-10-18,3,False
2021,C:\OSS-Goias\documentos\IMED\HSLMB\2021\05_Contrato_Gestao_Aditivos\2021-05_CONTRATO-DE-GESTAO-021-2021-ASSINADO.pdf,2021-05_CONTRATO-DE-GESTAO-021-2021-ASSINADO,2021-04-14,,"Receitas Ordinárias – Fundo Estadual de Saúde (FES), Unidade Orçamentária 2850, Fonte 100",HSLMB,8,18,,21/2021,"Gerenciamento, operacionalização e execução das ações e serviços de saúde nas dependências do Hospital Regional de São Luís de Montes Belos Dr. Geraldo Landó, em caráter emergencial, para atendimento em regime de 24 horas por dia, 7 dias na semana.","Contrato de Gestão Emergencial celebrado com fundamento na Lei estadual nº 20.769/2020. Vigência até 16/07/2021 ou até contratação decorrente de novo chamamento público, o que ocorrer primeiro. Prazo de 180 dias. O repasse é composto de 90% parte fixa (87% internações, 7% cirurgias, 6% ambulatorial) e 10% variável vinculado a indicadores de desempenho. Fundo de provisão de 3% do repasse para rescisões trabalhistas. Inclui Termo de Permissão de Uso de Bens Móveis e Imóveis (Anexos V e VI). CNES da unidade: 2382474.",IMED,"IMED - Instituto de Medicina, Estudos e Desenvolvimento","Estado de Goiás, por meio da Secretaria de Estado da Saúde – SES/GO",Secretaria de Estado da Saúde de Goiás – SES/GO,9,0,14,contrato_gestao_inicial,,2777101.29,16662607.74,2021-07-16,,6,False
2021,C:\OSS-Goias\documentos\IMED\HSLMB\2021\05_Contrato_Gestao_Aditivos\2021-05_CONTRATO-DE-GESTAO-021-2021-PUBLICACAO.pdf,2021-05_CONTRATO-DE-GESTAO-021-2021-PUBLICACAO,2021-05-05,2021-05-05,Tesouro Estadual - Dotação 2850.10.302.1043.2149.03.100.90,HSLMB,0,0,,21/2021,"Formação de parceria com vistas ao gerenciamento, operacionalização e à execução das atividades do Hospital Regional de São Luís de Montes Belos Dr. Geraldo Landó, localizado Ra 3, s/nº, Vila Popular, CEP 76100-000, São Luís de Montes Belos - Goiás, para atendimento, em regime de 24 (vinte e quatro) horas por dia, 7 (sete) dias na semana, nos termos do que se encontra detalhado no Termo de Referência e nos Anexos Técnicos.","Contrato de Gestão Emergencial. Vigência: a partir da data da publicação até 16/07/2021, ou até a contratação decorrente da conclusão de novo chamamento público, o que ocorrer primeiro. Processo nº 202000010042733. Signatários: Juliana Pereira Diniz Prudente (Procuradora-Geral do Estado), Ismael Alexandrino Junior (Secretário de Estado da Saúde) e André Fonseca Leme (IMED).",IMED,"IMED - Instituto de Medicina, Estudos e Desenvolvimento",Estado de Goiás - Secretaria de Estado da Saúde (SES/GO),Secretaria de Estado da Saúde de Goiás (SES/GO),0,0,0,contrato_gestao_inicial,,,16662607.74,2021-07-16,2021-05-05,,False
2021,C:\OSS-Goias\documentos\IMED\HSLMB\2021\05_Contrato_Gestao_Aditivos\2021-10_1-TERMO-ADITIVO-AO-CONTRATO-DE-GESTAO-EMERGENCIAL-N-46-2021.pdf,2021-10_1-TERMO-ADITIVO-AO-CONTRATO-DE-GESTAO-EMERGENCIAL-N-46-2021,2021-10-08,,,HSLMB,0,2,1,46/2021-SES/GO,Reorganização dos leitos de internação dedicados ao enfrentamento da pandemia COVID-19 (Enfermaria); readequação do valor de repasse mensal para o custeio do Contrato de Gestão Emergencial nº 46/2021/SES-GO; inclusão de subcláusula à Cláusula Nona do Contrato de Gestão Emergencial nº 46/2021/SES-GO referente a recursos humanos.,"O custeio mensal de R$ 5.091.522,77 é referente ao percentil 50, a partir de outubro/2021. Adicionadas subcláusulas 9.17 e 9.18 à Cláusula Nona (Recursos Humanos) do contrato original, referentes ao somatório de despesas de pessoal em múltiplos contratos de gestão. Processo administrativo nº 202100010026272.",IMED,"IMED - Instituto de Medicina, Estudos e Desenvolvimento","Estado de Goiás, por intermédio da Secretaria de Estado da Saúde",Secretaria de Estado da Saúde,0,0,2,termo_aditivo,,5091522.77,,,,,False
2021,C:\OSS-Goias\documentos\IMED\HSLMB\2021\05_Contrato_Gestao_Aditivos\2021-10_Contrato-GestOo-Emeregncia_046-2021.pdf,2021-10_Contrato-GestOo-Emeregncia_046-2021,2021-10-07,,Transferências Fundo a Fundo do SUS - Bloco de Custeio das ASPS e Transferências de Recursos - Bloco Custeio das Ações e Serviços (Fundo Estadual de Saúde - FES),HSLMB,9,8,,46/2021,"Gerenciamento, operacionalização e execução das ações e serviços de saúde em regime de 24 horas/dia, no Hospital Regional São Luís de Montes Belos Dr. Geraldo Landó, em caráter emergencial, com vistas ao enfrentamento da emergência em saúde pública decorrente da pandemia do novo coronavírus (COVID-19).","Contrato de Gestão Emergencial celebrado sem chamamento público (Declaração nº 55/2021-CLICIT, ratificada pela Declaração nº 56/2021-CLICIT), com fundamento na Lei Estadual nº 20.972/2021 e Medida Provisória nº 1.047/2021, em razão da pandemia de COVID-19. Vigência condicionada à duração da emergência em saúde pública. Pagamento composto por parte fixa (90% = R$4.701.852,00/mês) e parte variável (10% = R$522.428,00/mês) vinculada a indicadores de desempenho. Fundo de provisão trabalhista de 3% sobre folha CLT. Total empenhado nas notas de empenho: R$30.997.934,67. Não há servidores cedidos para a unidade (conforme quadro de Jun/2021). O hospital possui 50 leitos SUS totais, sendo 10 UTI adulto COVID, 24 enfermaria COVID, 12 clínica geral e 4 obstetrícia. Processo administrativo nº 202100010026272. Documento assinado eletronicamente em 07/10/2021.",IMED,"IMED - Instituto de Medicina, Estudos e Desenvolvimento","Estado de Goiás, por meio da Secretaria de Estado da Saúde – SES/GO",Secretaria de Estado da Saúde de Goiás – SES/GO,7,5,17,contrato_gestao_inicial,,5224280.0,31345680.0,2022-01-16,2021-07-17,6,True
2021,C:\OSS-Goias\documentos\IMED\HSLMB\2021\05_Contrato_Gestao_Aditivos\2021-10_DIARIO-OFICIAL-DO-ESTADO-DE-GOIAS-14-10-2021.pdf,2021-10_DIARIO-OFICIAL-DO-ESTADO-DE-GOIAS-14-10-2021,,2021-10-14,,HSLMB,0,0,1,46/2021/SES-GO,1) Reorganização dos leitos de internação dedicados ao enfrentamento da pandemia COVID-19 (ENFERMARIA). 2) Readequação do valor de repasse mensal para o custeio do Contrato de Gestão Emergencial nº 46/2021/SES-GO. 3) Inclusão de sub cláusula à Cláusula Nona do Contrato de Gestão Emergencial nº 46/2021/SES-GO.,"Contrato de Gestão Emergencial. Processo nº 202100010026272. Signatários: Ismael Alexandrino Júnior - Secretário de Estado da Saúde; André Fonseca Lema - IMED Instituto de Medicina, Estudos e Desenvolvimento.",IMED,"IMED - Instituto de Medicina, Estudos e Desenvolvimento",Estado de Goiás - Secretaria de Estado da Saúde,Secretaria de Estado da Saúde,0,0,2,termo_aditivo,,,,,2021-10-01,,False
2021,C:\OSS-Goias\documentos\IMED\HSLMB\2021\05_Contrato_Gestao_Aditivos\2021-10_PUBLICACAO_DOE-046-2021.pdf,2021-10_PUBLICACAO_DOE-046-2021,,2021-10-13,2850.10.302.1043.2167.03.238.90 / 2850.10.302.1043.2149.03.232.90,HSLMB,0,0,,46/2021-SES/GO,"Formação de parceria para o gerenciamento, operacionalização e execução das ações e serviços de saúde em regime de 24 horas/dia, no HOSPITAL REGIONAL SÃO LUÍS DE MONTES BELOS DR. GERALDO LANDÓ",Dotação Orçamentária: 2850.10.302.1043.2167.03.238.90 - 2850.10.302.1043.2149.03.232.90. Signatários: Ismael Alexandrino Júnior (Secretário de Estado da Saúde) e André Fonseca Leme (IMED). Processo nº 202100010026272.,IMED,"IMED - Instituto de Medicina, Estudos e Desenvolvimento",Secretaria de Estado da Saúde de Goiás - SES/GO,Secretaria de Estado da Saúde de Goiás - SES/GO,0,0,0,contrato_gestao_inicial,,,31345680.0,2022-01-16,2021-07-17,6,False
2022,C:\OSS-Goias\documentos\IMED\HSLMB\2022\05_Contrato_Gestao_Aditivos\2022-05_Contrato-024-22.pdf,2022-05_Contrato-024-22,2022-04-20,,Recursos não Vinculados de Impostos - Receitas Ordinárias (Fundo Estadual de Saúde – FES),HSLMB,9,15,,24/2022,"Ajuste de Parceria na forma de Contrato de Gestão Emergencial para o fomento, gerenciamento, operacionalização e execução das ações e serviços de saúde em regime de 24 horas/dia no Hospital Regional São Luís de Montes Belos Dr. Geraldo Landó","Contrato de Gestão Emergencial celebrado com fundamento no art. 24, inciso IV, da Lei federal nº 8.666/1993, com dispensa de chamamento público. Vigência: da publicação do resumo na imprensa oficial até 18/07/2022, ou até a contratação decorrente da conclusão de chamamento público, o que ocorrer primeiro (180 dias). Repasse composto de parte fixa (90% = R$3.318.739,99/mês) e parte variável (10% = R$368.748,89/mês). O hospital possui 50 leitos (10 UTI adulto, 16 clínico adulto, 20 clínico cirúrgico, 4 obstetrícia). Não há servidores cedidos para a unidade (ref. NOV/2021). Fundo de provisão de 3% do repasse CLT para rescisões trabalhistas. Processo administrativo nº 202100010050416.",IMED,"IMED - Instituto de Medicina, Estudos e Desenvolvimento","Estado de Goiás, por meio da Secretaria de Estado da Saúde – SES/GO",Secretaria de Estado da Saúde de Goiás – SES/GO,8,4,30,contrato_gestao_inicial,,3687488.88,22124933.28,2022-07-18,,6,False
2022,C:\OSS-Goias\documentos\IMED\HSLMB\2022\05_Contrato_Gestao_Aditivos\2022-05_diario_oficial_2022-04-20_suplemento_pag_2.pdf,2022-05_diario_oficial_2022-04-20_suplemento_pag_2,,2022-04-20,Tesouro Estadual,HSLMB,0,0,,24/2022-SES/GO,"Formação de parceria para o fomento, gerenciamento, operacionalização e execução das ações e serviços de saúde no Hospital Regional São Luís de Montes Belos Dr. Geraldo Landó.","Contrato de gestão emergencial. Vigência: a partir da publicação do resumo na imprensa oficial até 18/07/2022, ou até a contratação decorrente da conclusão de chamamento público, o que ocorrer primeiro. Processo nº 202100010050416. Dotação Orçamentária: 2850.10.302.1043.2149.03.15000100.90. Signatários: Sandro Rogério Rodrigues Batista (Secretário de Estado da Saúde) e André Fonseca Leme (IMED).",IMED,"IMED - Instituto de Medicina, Estudos e Desenvolvimento",Estado de Goiás - Secretaria de Estado da Saúde,Secretaria de Estado da Saúde,0,0,0,contrato_gestao_inicial,,,22124933.28,2022-07-18,,,False
2022,C:\OSS-Goias\documentos\IMED\HSLMB\2022\05_Contrato_Gestao_Aditivos\2022-06_COMPETENCIAS-PREVISTAS-NO-CONTRATO-DE-GESTAO-HESLMB.pdf,2022-06_COMPETENCIAS-PREVISTAS-NO-CONTRATO-DE-GESTAO-HESLMB,,,,HESLMB,0,0,,,"Documento de informações para o Portal da Transparência contendo as competências (obrigações e responsabilidades do parceiro privado) previstas nos Contratos de Gestão Emergencial nºs 050/2020, 021/2021, 046/2021 (e seu 1º Termo Aditivo) e 024/2022, firmados entre a SES/GO e o IMED para gestão do Hospital Estadual de São Luís de Montes Belos - Dr. Geraldo Landó (HESLMB), bem como as competências do Estatuto Social do IMED.","Documento elaborado pelo IMED para fins de publicação no Portal da Transparência, conforme Art. 6º, §1º, I da Lei Estadual nº 18.025/2013; Item 21, Anexo II da Resolução Normativa nº 013/2017 TCE-GO e Item 3.2.5 da Metodologia de avaliação O.S. CGE-TCE 2021. Consolida as competências extraídas de quatro contratos de gestão emergencial: 050/2020 (03/09/2020), 021/2021 (16/01/2021), 046/2021 (17/07/2021) com seu 1º Termo Aditivo (01/10/2021), e 024/2022 (20/04/2022), além do Estatuto Social do IMED (constituído em 29/08/2013, última alteração em 31/03/2022, registrado em 28/04/2022). Documento assinado digitalmente por André Silva Sader, Diretor Financeiro do IMED.",IMED,"IMED – Instituto de Medicina, Estudos e Desenvolvimento",Estado de Goiás - Secretaria de Estado da Saúde (SES/GO),Secretaria de Estado da Saúde de Goiás (SES/GO),4,0,9,outro,,,,,,,False
2022,C:\OSS-Goias\documentos\Instituto Patris\HEL\2022\05_Contrato_Gestao_Aditivos\id10_1. Competências previstas no Contrato de Gestão - Nº 45_2022-SES_GO (VIGENTE).pdf,id10_1. Competências previstas no Contrato de Gestão - Nº 45_2022-SES_GO (VIGENTE),,2022-06-13,,HEL,0,0,,45/2022,"Gestão do Hospital Estadual de Luziânia pelo Instituto Patris, com execução de atividades e serviços assistenciais de saúde conforme Edital de Chamamento, Proposta de Trabalho e Anexo Técnico.","Documento apresenta as competências previstas no Contrato de Gestão nº 45/2022-SES/GO, conforme exigência das Metodologias de Avaliação da Transparência Ativa e Passiva (Portaria Conjunta nº 01/2021), extraídas especialmente da Cláusula Segunda (obrigações e responsabilidades do Parceiro Privado) e Cláusula Quarta (obrigações mútuas). Versão 02 publicada em 31/10/2022. O documento não contém tabelas de metas físicas, indicadores de qualidade, valores financeiros ou quadro de pessoal mínimo explícitos.",Instituto Patris,Instituto Patris,Estado de Goiás / Secretaria de Estado da Saúde de Goiás (SES/GO),Secretaria de Estado da Saúde de Goiás (SES/GO),2,0,0,contrato_gestao_inicial,,,,2026-06-12,2022-06-13,48,False
2022,C:\OSS-Goias\documentos\Instituto Patris\HEL\2022\05_Contrato_Gestao_Aditivos\id133_1. Contrato nº 45_2022 - SES (VIGENTE).pdf,id133_1. Contrato nº 45_2022 - SES (VIGENTE),2022-05-27,2022-06-13,Receitas Ordinárias - Fundo Estadual de Saúde,HEL,14,17,,45/2022-SES,"Formação de parceria para o fomento, gerenciamento, operacionalização e execução das atividades de saúde no Hospital Estadual de Luziânia, por período de 48 (quarenta e oito) meses.","Hospital Estadual de Luziânia (HEL), CNES 2340194. Capacidade instalada: 62 leitos gerais (31 Enfermaria Adulto Clínica, 23 Enfermaria Adulto Cirúrgica, 08 Enfermaria Obstétrica), 04 leitos Hospital Dia, 10 leitos UTI Adulto, 03 salas Centro Cirúrgico. Parte fixa do repasse: 90% = R$ 4.253.219,46/mês; Parte variável: 10% = R$ 472.579,94/mês. Fundo de provisão de 3% sobre valor repassado para rescisões trabalhistas. Processo SEI nº 202100010000417. Documento SEI/GOVERNADORIA 000030438497.",Instituto Patris,Instituto Patris,Estado de Goiás - Secretaria de Estado da Saúde (SES/GO),Secretaria de Estado da Saúde de Goiás (SES/GO),8,0,26,contrato_gestao_inicial,,4725799.4,226838371.2,,,48,True
2022,C:\OSS-Goias\documentos\Instituto Patris\HEL\2022\05_Contrato_Gestao_Aditivos\id2138_1.1º Apostilamento ao Contrato de Gestão nº 45_2022-SES_GO.pdf,id2138_1.1º Apostilamento ao Contrato de Gestão nº 45_2022-SES_GO,2023-09-21,2023-09-22,Assistência financeira complementar da União / Tesouro Estadual - Dotação Orçamentária 2850.10.302.1043.2149.03.16000232.50,HEL,0,0,1,045/2022-SES/GO,"Repasse de assistência financeira da União para cumprimento do piso salarial nacional de enfermeiros, técnicos e auxiliares de enfermagem e parteiras no contexto das unidades de saúde geridas por organizações sociais de saúde ou fundações, conforme Portaria GM/MS nº 1.135/2023","O valor total de R$ 960.200,16 compreende 04 parcelas mensais estimadas em R$ 240.050,04 cada. As despesas são atendidas com recursos da Nota de Empenho nº 00055 (SEI 51884727). Permanecem inalteradas as cláusulas do contrato original e seus aditivos não modificadas por este instrumento. Processo Administrativo nº 202100010000417. Documento assinado eletronicamente por Sergio Alberto Cunha Vencio, Secretário de Estado, em 21/09/2023.",Instituto Patris,"Instituto Patris, CNPJ nº 37.678.845/0001-40",Estado de Goiás - Secretaria de Estado da Saúde,Secretaria de Estado da Saúde - SES/GO,0,0,0,termo_apostilamento,,240050.04,960200.16,,,,False
2022,C:\OSS-Goias\documentos\Instituto Patris\HEL\2022\05_Contrato_Gestao_Aditivos\id2628_1.2º Aposilamento ao Contrato de Gestão nº 45_2022-SES_GO.pdf,id2628_1.2º Aposilamento ao Contrato de Gestão nº 45_2022-SES_GO,2023-10-26,2023-10-30,Assistência financeira complementar da União / Tesouro Estadual - Dotação Orçamentária 2850.10.302.1043.2149.03.16000232.50,HEL,0,0,2,45/2022-SES/GO,"Repasse de assistência financeira da União para cumprimento do piso salarial nacional de enfermeiros, técnicos e auxiliares de enfermagem e parteiras no contexto das unidades de saúde geridas por organizações sociais de saúde ou fundações, conforme Portaria GM/MS nº 1.135/2023.","Apostila expedida com fundamento no Parecer Jurídico nº 717/2023 - PROCSET e no Despacho nº 333/2023-GEMOD. O repasse corresponde a 1 (uma) parcela estimada. Nota de Empenho nº 00068 (52989934). Processo Administrativo nº 202100010000417. Permanecem inalteradas as cláusulas do contrato original e seus aditivos não modificadas por este instrumento. Documento assinado eletronicamente por Sergio Alberto Cunha Vencio, Secretário de Estado, em 26/10/2023.",Instituto Patris,"Instituto Patris, CNPJ nº 37.678.845/0001-40",Estado de Goiás - Secretaria de Estado da Saúde,Secretaria de Estado da Saúde de Goiás - SES/GO,0,0,0,termo_apostilamento,,,71415.64,,2023-10-26,,False
2022,C:\OSS-Goias\documentos\Instituto Patris\HEL\2022\05_Contrato_Gestao_Aditivos\id2629_1.3º Apostilamento ao Contrato de Gestão nº 45_2022-SES_GO.pdf,id2629_1.3º Apostilamento ao Contrato de Gestão nº 45_2022-SES_GO,2023-11-22,2023-11-23,Assistência financeira da União (Portaria GM/MS nº 1.135/2023) / Tesouro Estadual - Dotação Orçamentária 2850.10.302.1043.2149.03.16000232.50,HEL,0,0,3,45/2022-SES/GO,"Repasse financeiro ao Instituto Patris referente assistência financeira complementar da União para cumprimento do piso salarial nacional de enfermeiros, técnicos e auxiliares de enfermagem e parteiras no contexto das unidades de saúde geridas por organizações sociais de saúde ou fundações, conforme Portaria GM/MS nº 1.135/2023, para o Hospital Estadual de Luziânia","3º Apostilamento ao Contrato de Gestão nº 45/2022-SES/GO. Repasse em 1 (uma) parcela estimada de R$ 213.685,97 para cumprimento do piso salarial nacional de enfermagem. Nota de Empenho nº 00090 (53944405). Processo Administrativo nº 202100010000417. Documento assinado eletronicamente por Sergio Alberto Cunha Vencio em 22/11/2023. Publicado no Diário Oficial do Estado de Goiás nº 24.166 em 23/11/2023 e no DOU Seção 3 nº 222 em 23/11/2023. Retificação publicada no DO/GO nº 24.167 em 24/11/2023 e no DOU Seção 3 nº 223 em 24/11/2023 corrigindo a data de assinatura de __/11/2023 para 22/11/2023.",Instituto Patris,"Instituto Patris, CNPJ nº 37.678.845/0001-40",Estado de Goiás - Secretaria de Estado da Saúde,Secretaria de Estado da Saúde de Goiás,0,0,0,termo_apostilamento,,,213685.97,,,,False
2022,C:\OSS-Goias\documentos\Instituto Patris\HEL\2022\05_Contrato_Gestao_Aditivos\id2848_1.4º Apostilamento ao Contrato de Gestão nº 45_2022-SES_GO.pdf,id2848_1.4º Apostilamento ao Contrato de Gestão nº 45_2022-SES_GO,2023-12-21,2023-12-22,Assistência financeira complementar da União (Portaria GM/MS nº 2.015/2023 e Portaria GM/MS nº 2.031/2023),HEL,0,0,4,45/2022-SES/GO,"Repasse de assistência financeira da União para cumprimento do piso salarial nacional de enfermeiros, técnicos e auxiliares de enfermagem e parteiras no contexto das unidades de saúde geridas por organizações sociais de saúde ou fundações, referente ao Hospital Estadual de Luziânia","Parcela única estimada de R$ 424.785,00. Despesas atendidas com recursos das Notas de Empenho nºs 00130 (54989791) e 00131 (54989849), dotação orçamentária 2850.10.302.1043.2149.03.16000232.50. Processo Administrativo nº 202100010000417. Parecer Jurídico nº 717/2023-SES/PROCSET. Permanecem inalteradas as demais cláusulas do contrato original, aditivos e apostilas.",Instituto Patris,"Instituto Patris, CNPJ nº 37.678.845/0001-40",Estado de Goiás - Secretaria de Estado da Saúde,Secretaria de Estado da Saúde de Goiás,0,0,0,termo_apostilamento,,,424785.0,,2023-12-21,,False
2022,C:\OSS-Goias\documentos\Instituto Patris\HEL\2022\05_Contrato_Gestao_Aditivos\id3416_1.5º Apostilamento ao Contrato de Gestão nº 45_2022-SES_GO.pdf,id3416_1.5º Apostilamento ao Contrato de Gestão nº 45_2022-SES_GO,2024-02-21,2024-02-23,Assistência financeira complementar da União (Portaria GM/MS nº 2.634/2023 e Lei nº 14.434/2022),HEL,0,0,5,45/2022-SES/GO,"Repasse de assistência financeira da União para cumprimento do piso salarial nacional de enfermeiros, técnicos e auxiliares de enfermagem e parteiras no contexto das unidades de saúde geridas por organizações sociais de saúde ou fundações, para o gerenciamento, operacionalização e execução das atividades do Hospital Estadual de Luziânia.","Dotação orçamentária: 2850.10.302.1043.2516.03.26000232.50. Nota de Empenho nº 00017 (56778305). Processo Administrativo nº 202100010000417. Parecer Jurídico nº 717/2023-SES/PROCSET (51650657). Documento assinado eletronicamente por Rasível dos Reis Santos Júnior, Secretário de Estado, em 21/02/2024.",Instituto Patris,"Instituto Patris, CNPJ nº 37.678.845/0001-40",Estado de Goiás - Secretaria de Estado da Saúde,Secretaria de Estado da Saúde - SES/GO,0,0,0,termo_apostilamento,,,330917.85,,,,False
2022,C:\OSS-Goias\documentos\Instituto Patris\HEL\2022\05_Contrato_Gestao_Aditivos\id3417_1.6º Apostilamento ao Contrato de Gestão nº 45_2022-SES_GO.pdf,id3417_1.6º Apostilamento ao Contrato de Gestão nº 45_2022-SES_GO,2024-02-27,2024-03-01,Assistência financeira complementar da União / Tesouro Estadual - Dotação Orçamentária 2850.10.302.1043.2516.03.16000232.50,HEL,0,0,6,45/2022-SES/GO,"Repasse financeiro referente assistência financeira complementar da União para cumprimento do piso salarial nacional de enfermeiros, técnicos e auxiliares de enfermagem e parteiras, conforme Portaria GM/MS nº 3.113/2024, no contexto do Hospital Estadual de Luziânia gerido pelo Instituto Patris","6º Apostilamento ao Contrato de Gestão nº 45/2022-SES/GO. Parcela única estimada em R$ 329.479,16. Nota de Empenho nº 00035 (57078850). Processo Administrativo nº 202100010000417. Fundamento no Parecer Jurídico nº 717/2023-SES/PROCSET e Portaria GM/MS nº 3.11/2024. Publicado no DOU em 01/03/2024, Edição 42, Seção 3, Página 250. Demais cláusulas do contrato original, aditivos e apostilas permanecem inalteradas.",Instituto Patris,Instituto Patris - CNPJ nº 37.678.845/0001-40,Estado de Goiás - Secretaria de Estado da Saúde,Secretaria de Estado da Saúde de Goiás,0,0,0,termo_apostilamento,,,329479.16,,2024-02-27,,False
2022,C:\OSS-Goias\documentos\Instituto Patris\HEL\2022\05_Contrato_Gestao_Aditivos\id3418_1.7º Apostilamento ao Contrato de Gestão nº 45_2022-SES_GO.pdf,id3418_1.7º Apostilamento ao Contrato de Gestão nº 45_2022-SES_GO,2024-03-14,2024-03-18,Assistência financeira da União (Portaria GM/MS nº 3.206/2024),HEL,0,0,7,45/2022-SES/GO,"Repasse de assistência financeira da União para cumprimento do piso salarial nacional de enfermeiros, técnicos e auxiliares de enfermagem e parteiras no contexto das unidades de saúde geridas por organizações sociais de saúde ou fundações","Dotação orçamentária: 2850.10.302.1043.2516.03.16000232.50. Nota de Empenho nº 00057 (57815491). Processo Administrativo nº 202100010000417. O valor corresponde a 1 (uma) parcela estimada. Demais cláusulas do contrato original, aditivos e apostilas permanecem inalteradas. Signatário: Rasível dos Reis Santos Júnior - Secretário de Estado da Saúde.",Instituto Patris,Instituto Patris,Estado de Goiás - Secretaria de Estado da Saúde,Secretaria de Estado da Saúde,0,0,0,termo_apostilamento,,,332884.69,,,,False
2022,C:\OSS-Goias\documentos\Instituto Patris\HEL\2022\05_Contrato_Gestao_Aditivos\id3419_1.8º Apostilamento ao Contrato de Gestão nº 45_2022-SES_GO.pdf,id3419_1.8º Apostilamento ao Contrato de Gestão nº 45_2022-SES_GO,2024-04-22,2024-04-24,Assistência financeira complementar da União / Tesouro Estadual - Dotação Orçamentária 2850.10.302.1043.2516.03.16000232.50,HEL,0,0,8,45/2022-SES/GO,"Repasse de assistência financeira da União para cumprimento do piso salarial nacional de enfermeiros, técnicos e auxiliares de enfermagem e parteiras no contexto das unidades de saúde geridas por organizações sociais de saúde ou fundações, conforme Portaria GM/MS nº 3.416/2024.","Apostila expedida com fundamento no Parecer Jurídico nº 717/2023-SES/PROCSET (51650657) e na Portaria GM/MS nº 3.416/2024. O valor é repassado em 1 (uma) parcela estimada. Nota de Empenho nº 00086 (59129108). Processo Administrativo nº 202100010000417. Permanecem inalteradas as cláusulas do contrato original, aditivos e apostilas não modificadas por este instrumento.",Instituto Patris,"Instituto Patris, CNPJ nº 37.678.845/0001-40",Estado de Goiás - Secretaria de Estado da Saúde,Secretaria de Estado da Saúde de Goiás - SES/GO,0,0,0,termo_apostilamento,,,318876.93,,2024-04-22,,False
2022,C:\OSS-Goias\documentos\Instituto Patris\HEL\2022\05_Contrato_Gestao_Aditivos\id3480_1.9º Apostilamento ao Contrato de Gestão nº 45_2022-SES_GO.pdf,id3480_1.9º Apostilamento ao Contrato de Gestão nº 45_2022-SES_GO,2024-05-29,2024-06-03,Assistência financeira complementar da União - Dotação Orçamentária 2850.10.302.1043.2516.03.16000232.50,HEL,0,0,9,45/2022-SES/GO,"Repasse de assistência financeira da União para cumprimento do piso salarial nacional de enfermeiros, técnicos e auxiliares de enfermagem e parteiras no contexto das unidades de saúde geridas por organizações sociais de saúde ou fundações, referente ao gerenciamento, operacionalização e execução das atividades do Hospital Estadual de Luziânia","9º Apostilamento ao Contrato de Gestão nº 45/2022-SES/GO. O valor é referente a 1 (uma) parcela de R$ 326.966,40. Nota de Empenho nº 00130 (60588070). Processo Administrativo nº 202100010000417. Fundamento no Parecer Jurídico nº 717/2023-SES/PROCSET e na Portaria GM/MS nº 3.622/2024. Permanecem inalteradas as demais cláusulas do contrato original, aditivos e apostilas.",Instituto Patris,"Instituto Patris, CNPJ nº 37.678.845/0001-40",Estado de Goiás - Secretaria de Estado da Saúde,Secretaria de Estado da Saúde,0,0,0,termo_apostilamento,,,326966.4,,,,False
2022,C:\OSS-Goias\documentos\Instituto Patris\HEL\2022\05_Contrato_Gestao_Aditivos\id3662_1.10 Apostilamento ao Contrato de Gestão nº 45_2022-SES_GO.pdf,id3662_1.10 Apostilamento ao Contrato de Gestão nº 45_2022-SES_GO,2024-06-28,2024-07-05,Assistência financeira complementar da União / Tesouro Estadual - dotação orçamentária 2850.10.302.1043.2516.03.16050001.50,HEL,0,0,10,45/2022-SES/GO,"Repasse de assistência financeira complementar da União para cumprimento do piso salarial nacional de enfermeiros, técnicos e auxiliares de enfermagem e parteiras no contexto das unidades de saúde geridas por organizações sociais de saúde ou fundações","Parcela única de R$ 335.838,09 referente à Portaria GM/MS nº 4.124/2024 (piso salarial nacional de enfermagem). Nota de Empenho nº 00007 (61931962). Processo Administrativo nº 202100010000417. Parecer Jurídico nº 717/2023-SES/PROCSET. Demais cláusulas do contrato original, aditivos e apostilas permanecem inalteradas.",Instituto Patris,Instituto Patris,Estado de Goiás - Secretaria de Estado da Saúde,Secretaria de Estado da Saúde,0,0,0,termo_apostilamento,,,335838.09,,2024-06-28,,False
2022,C:\OSS-Goias\documentos\Instituto Patris\HEL\2022\05_Contrato_Gestao_Aditivos\id3663_1.11 Apostilamento ao Contrato de Gestão nº 45_2022-SES_GO.pdf,id3663_1.11 Apostilamento ao Contrato de Gestão nº 45_2022-SES_GO,2024-07-30,2024-07-31,Assistência financeira da União (Portaria GM/MS nº 4.631/2024),HEL,0,0,11,45/2022-SES/GO,"Repasse de assistência financeira da União para cumprimento do piso salarial nacional de enfermeiros, técnicos e auxiliares de enfermagem e parteiras no contexto das unidades de saúde geridas por organizações sociais de saúde ou fundações","Apostila refere-se ao repasse de 1 (uma) parcela de R$ 343.277,34 para cumprimento do piso salarial nacional de enfermeiros, técnicos e auxiliares de enfermagem e parteiras. Nota de Empenho nº 00047 (63004028), dotação orçamentária 2850.10.302.1043.2516.03.16050001.50. Processo Administrativo nº 202400010050898, vinculado ao de nº 202100010000417. Documento assinado eletronicamente por Rasivel dos Reis Santos Junior, Secretário (a) de Estado, em 30/07/2024.",Instituto Patris,"Instituto Patris, CNPJ nº 37.678.845/0001-40",Estado de Goiás - Secretaria de Estado da Saúde,Secretaria de Estado da Saúde,0,0,0,termo_apostilamento,,,343277.34,,2024-07-30,,False
2022,C:\OSS-Goias\documentos\Instituto Patris\HEL\2022\05_Contrato_Gestao_Aditivos\id3732_1.12 Apostilamento ao Contrato de Gestão nº 45_2022-SES_GO.pdf,id3732_1.12 Apostilamento ao Contrato de Gestão nº 45_2022-SES_GO,2024-08-26,2024-08-27,Assistência financeira complementar da União - Portaria GM/MS nº 4.926/2024,HEL,0,0,12,45/2022-SES/GO,"Repasse financeiro ao Instituto Patris, referente assistência financeira complementar da União (Piso de Enfermagem) para o Hospital Estadual de Luziânia","12º Apostilamento ao Contrato de Gestão nº 45/2022-SES/GO. Repasse de 1 (uma) parcela referente ao Piso Salarial Nacional de Enfermeiros, Técnicos e Auxiliares de Enfermagem e Parteiras. Nota de Empenho nº 00070 (63953004), dotação orçamentária 2850.10.302.1043.2516.03.16050001.50. Processo Administrativo nº 20240000057184, vinculado ao nº 202100010000417. Permanecem inalteradas as demais cláusulas do contrato original, aditivos e apostilas.",Instituto Patris,Instituto Patris,Estado de Goiás - Secretaria de Estado da Saúde,Secretaria de Estado da Saúde de Goiás,0,0,0,termo_apostilamento,,,342747.31,,2024-08-26,,False
2022,C:\OSS-Goias\documentos\Instituto Patris\HEL\2022\05_Contrato_Gestao_Aditivos\id3781_1.13 Apostilamento ao Contrato de Gestão nº 45_2022-SES_GO.pdf,id3781_1.13 Apostilamento ao Contrato de Gestão nº 45_2022-SES_GO,2024-09-30,2024-09-30,Assistência financeira complementar da União - Portaria GM/MS nº 5.287/2024,HEL,0,0,13,45/2022-SES/GO,"Repasse financeiro referente à assistência financeira complementar da União para cumprimento do piso salarial nacional de enfermeiros, técnicos e auxiliares de enfermagem e parteiras no contexto das unidades de saúde geridas por organizações sociais de saúde ou fundações","13º Apostilamento ao Contrato de Gestão nº 45/2022-SES/GO. Repasse de 1 (uma) parcela de R$ 375.581,03. Despesa atendida com recursos da Nota de Empenho nº 00105 (65434669), dotação orçamentária 2850.10.302.1043.2516.03.16050001.50. Processo Administrativo nº 202400010066849, vinculado ao de nº 202100010000417. Documento assinado eletronicamente por Rasivel dos Reis Santos Junior em 30/09/2024.",Instituto Patris,Instituto Patris,Estado de Goiás - Secretaria de Estado da Saúde,Secretaria de Estado da Saúde de Goiás,0,0,0,termo_apostilamento,,,375581.03,,2024-09-30,,False
2022,C:\OSS-Goias\documentos\Instituto Patris\HEL\2022\05_Contrato_Gestao_Aditivos\id3825_1.14 Apostilamento ao Contrato de Gestão nº 45_2022-SES_GO.pdf,id3825_1.14 Apostilamento ao Contrato de Gestão nº 45_2022-SES_GO,2024-10-21,2024-10-22,Assistência financeira complementar da União / Tesouro Estadual,HEL,0,0,14,45/2022-SES/GO,"Repasse financeiro ao Instituto Patris referente assistência financeira complementar da União (Piso de Enfermagem) para cumprimento do piso salarial nacional de enfermeiros, técnicos e auxiliares de enfermagem e parteiras no contexto das unidades de saúde geridas por organizações sociais de saúde ou fundações.","14º Apostilamento ao Contrato de Gestão nº 45/2022-SES/GO (SEI 000030438497). Fundamento: Parecer Jurídico nº 717/2023-SES/PROCSET (51650657) e Portaria GM/MS nº 5.424/2024. Nota de Empenho nº 00128 (66298422), dotação orçamentária 2850.10.302.1043.2516.03.16050001.50. Processo Administrativo nº 202400010074109, vinculado ao nº 202100010000417. Assinado por Rasivel dos Reis Santos Junior, Secretário de Estado. Parcela única de R$ 358.623,09.",Instituto Patris,Instituto Patris,"Estado de Goiás, por intermédio da Secretaria de Estado de Saúde",Secretaria de Estado da Saúde de Goiás,0,0,0,termo_apostilamento,,,358623.09,,,,False
2022,C:\OSS-Goias\documentos\Instituto Patris\HEL\2022\05_Contrato_Gestao_Aditivos\id3887_1.15 Apostilamento ao Contrato de Gestão nº 45_2022-SES_GO.pdf,id3887_1.15 Apostilamento ao Contrato de Gestão nº 45_2022-SES_GO,2024-11-28,2024-11-29,Assistência financeira complementar da União (Piso de Enfermagem) - Portaria GM/MS nº 5.638/2024,HEL,0,0,15,45/2022-SES/GO,"Repasse referente assistência financeira complementar da União (Piso de Enfermagem) ao Instituto Patris para o gerenciamento, operacionalização e execução das atividades do Hospital Estadual de Luziânia","15º Apostilamento ao Contrato de Gestão nº 45/2022-SES/GO. Repasse de 1 (uma) parcela referente ao piso salarial nacional de enfermeiros, técnicos e auxiliares de enfermagem e parteiras. Despesa atendida pela Nota de Empenho nº 00173 (67714513), dotação orçamentária 2850.10.302.1043.2516.03.16050001.50. Processo Administrativo nº 202400010082425, vinculado ao nº 202100010000417. Fundamento no Parecer Jurídico nº 717/2023-SES/PROCSET.",Instituto Patris,Instituto Patris,Estado de Goiás - Secretaria de Estado da Saúde,Secretaria de Estado da Saúde,0,0,0,termo_apostilamento,,,354581.72,,,,False
2022,C:\OSS-Goias\documentos\Instituto Patris\HEL\2022\05_Contrato_Gestao_Aditivos\id3888_1.16.1 Primeiro Termo Aditivo ao Contrato de Gestão nº 45_2022-SES_GO.pdf,id3888_1.16.1 Primeiro Termo Aditivo ao Contrato de Gestão nº 45_2022-SES_GO,2024-12-02,2024-12-04,Recursos não Vinculados de Impostos - Receitas Ordinárias (Tesouro Estadual),HEL,17,20,1,45/2022-SES/GO,"Alteração do Anexo I, visando a alteração no quantitativo de leitos da Unidade; Alteração dos Anexos IV e V para adequação do valor referente ao custeio, para o gerenciamento, operacionalização e execução das ações e serviços de saúde no Hospital Estadual de Luziânia - HEL.","Valor original do Contrato de Gestão nº 45/2022-SES/GO era de R$ 226.838.371,20. Com o acréscimo deste 1º Termo Aditivo de R$ 10.763.068,97, o valor total passa a R$ 237.601.440,17. O aditivo altera o quantitativo de leitos (Anexo I) e adequa o valor de repasse para custeio (Anexos IV e V). Custeio mensal estimado (P50): R$ 5.253.400,82. A unidade não possui servidores estatutários cedidos (Ref. maio/2024). Período de vigência do aditivo: 01/10/2024 a 12/06/2026. Nota de empenho nº 00063, de 03/10/2024, SEI 65676870, valor R$ 1.582.804,26. Processo administrativo nº 202100010000417. Publicado no DOE/GO nº 24.426 de 04/12/2024.",Instituto Patris,Instituto Patris,Estado de Goiás - Secretaria de Estado da Saúde - SES/GO,Secretaria de Estado da Saúde de Goiás - SES/GO,7,10,35,termo_aditivo,,527601.42,10763068.97,2026-06-12,2024-10-01,,False
2022,C:\OSS-Goias\documentos\Instituto Patris\HEL\2022\05_Contrato_Gestao_Aditivos\id3931_1.16. Apostilamento ao Contrato de Gestão nº 45_2022-SES_GO.pdf,id3931_1.16. Apostilamento ao Contrato de Gestão nº 45_2022-SES_GO,2024-12-18,2024-12-20,Assistência financeira complementar da União / Tesouro Estadual,HEL,0,0,16,45/2022-SES/GO,"Repasse de assistência financeira da União para cumprimento do piso salarial nacional de enfermeiros, técnicos e auxiliares de enfermagem e parteiras no contexto das unidades de saúde geridas por organizações sociais de saúde ou fundações","16º Apostilamento ao Contrato de Gestão nº 45/2022-SES/GO. Repasse em 1 (uma) parcela de R$ 708.351,94. Despesa atendida com recursos das Notas de Empenho nº 00230 (68594843) e 00231 (68595021), dotação orçamentária 2850.10.302.1043.2516.03.16050001.50. Processo Administrativo nº 202400010088775, vinculado ao de nº 202100010000417. Fundamento: Parecer Jurídico nº 717/2023-SES/PROCSET, Portaria GM/MS nº 5.783/2024 e Portaria GM/MS nº 5.793/2024.",Instituto Patris,Instituto Patris,Estado de Goiás - Secretaria de Estado da Saúde,Secretaria de Estado da Saúde,0,0,0,termo_apostilamento,,,708351.94,,2024-12-18,,False
2022,C:\OSS-Goias\documentos\Instituto Patris\HEL\2022\05_Contrato_Gestao_Aditivos\id4072_1.17 Apostilamento ao Contrato de Gestão nº 45_2022-SES_GO.pdf,id4072_1.17 Apostilamento ao Contrato de Gestão nº 45_2022-SES_GO,2025-01-22,2025-01-24,Assistência financeira complementar da União (Piso de Enfermagem) / Tesouro Estadual - dotação orçamentária 2850.10.302.1043.2516.03.16050001.50,HEL,0,0,17,45/2022-SES/GO,"Repasse referente assistência financeira complementar da União para cumprimento do piso salarial nacional de enfermeiros, técnicos e auxiliares de enfermagem e parteiras no contexto das unidades de saúde geridas por organizações sociais de saúde ou fundações","17º Apostilamento ao Contrato de Gestão nº 45/2022-SES/GO (HEL - Hospital Estadual de Luziânia). Repasse de 1 (uma) parcela de R$ 363.295,13. Nota de Empenho nº 00011 (69581148). Processo Administrativo nº 202500010002112, vinculado ao de nº 202100010000417. Fundamento no Parecer Jurídico nº 717/2023-SES/PROCSET e Portaria GM/MS nº 6.272/2024. Assinado por RASIVEL DOS REIS SANTOS JUNIOR, Secretário de Estado.",Instituto Patris,Instituto Patris,Estado de Goiás - Secretaria de Estado da Saúde,Secretaria de Estado da Saúde de Goiás,0,0,0,termo_apostilamento,,,363295.13,,,,False
2022,C:\OSS-Goias\documentos\Instituto Patris\HEL\2022\05_Contrato_Gestao_Aditivos\id4076_1.18 Apostilamento ao Contrato de Gestão nº 45_2022-SES_GO.pdf,id4076_1.18 Apostilamento ao Contrato de Gestão nº 45_2022-SES_GO,2025-02-24,2025-02-26,Assistência financeira complementar da União / Tesouro Estadual,HEL,0,0,18,45/2022-SES/GO,"Repasse financeiro ao Instituto Patris referente assistência financeira complementar da União para cumprimento do piso salarial nacional de enfermeiros, técnicos e auxiliares de enfermagem e parteiras no contexto das unidades de saúde geridas por organizações sociais de saúde ou fundações","18º Apostilamento ao Contrato de Gestão nº 45/2022-SES/GO. Repasse de 1 (uma) parcela. Nota de Empenho nº 00052 (71003848), dotação orçamentária 2850.10.302.1043.2516.03.16050001.50. Processo Administrativo nº 202500010010833, vinculado ao de nº 202100010000417. Fundamento no Parecer Jurídico nº 717/2023-SES/PROCSET e Portaria GM/MS nº 6.565/2025.",Instituto Patris,Instituto Patris,Estado de Goiás - Secretaria de Estado da Saúde,Secretaria de Estado da Saúde,0,0,0,termo_apostilamento,,,364875.76,,2025-02-24,,False
2022,C:\OSS-Goias\documentos\Instituto Patris\HEL\2022\05_Contrato_Gestao_Aditivos\id4192_1.19 Apostilamento ao Contrato de Gestão nº 45_2022-SES_GO.pdf,id4192_1.19 Apostilamento ao Contrato de Gestão nº 45_2022-SES_GO,2025-03-26,2025-03-27,Assistência financeira complementar da União (Piso Nacional da Enfermagem) - Dotação orçamentária 2850.10.302.1043.2516.03.16050001.50,HEL,0,0,19,45/2022-SES/GO,"Repasse financeiro ao Instituto Patris referente assistência financeira complementar da União, visando o cumprimento do piso salarial nacional de enfermeiros, técnicos e auxiliares de enfermagem e parteiras, no contexto das unidades de saúde geridas por organizações sociais de saúde ou fundações. Valor de 1 (uma) parcela de R$ 375.094,88.","Fundamento: Parecer Jurídico nº 717/2023-SES/PROCSET (51650657) e Portaria GM/MS nº 6.648/2025 (71677752). Nota de Empenho nº 00073 (72123028). Processo Administrativo nº 202500010017914, vinculado ao de nº 202100010000417. Permanecem inalteradas as cláusulas do contrato original, aditivos e apostilas não modificadas por este instrumento.",Instituto Patris,Instituto Patris,Estado de Goiás - Secretaria de Estado da Saúde,Secretaria de Estado da Saúde - SES/GO,0,0,0,termo_apostilamento,,,375094.88,,2025-03-26,,False
2022,C:\OSS-Goias\documentos\Instituto Patris\HEL\2022\05_Contrato_Gestao_Aditivos\id4248_1.21 Apostilamento ao Contrato de Gestão nº 45_2022-SES_GO.pdf,id4248_1.21 Apostilamento ao Contrato de Gestão nº 45_2022-SES_GO,2025-05-24,2025-05-29,Assistência financeira complementar da União (Portaria GM/MS nº 6.893/2025),HEL,0,0,21,45/2022-SES/GO,"Repasse financeiro ao Instituto Patris referente assistência financeira complementar da União (Piso de Enfermagem) para o Hospital Estadual de Luziânia, no valor de 1 (uma) parcela de R$ 373.918,69.","21º Apostilamento ao Contrato de Gestão nº 45/2022-SES/GO. Fundamento: Parecer Jurídico nº 717/2023-SES/PROCSET, Portaria GM/MS nº 6.893/2025, Despacho nº 744/2025-SES/GEMOD, Requisição de Despesa nº 166/2025-SES/GEMOD. Processo Administrativo nº 202500010035262, vinculado ao nº 202100010000417. Nota de Empenho nº 00115, dotação orçamentária 2850.10.302.1043.2516.03.16050001.50. Permanecem inalteradas as demais cláusulas do contrato original, aditivos e apostilas.",Instituto Patris,Instituto Patris,"Estado de Goiás, por intermédio da Secretaria de Estado de Saúde",Secretaria de Estado da Saúde de Goiás - SES/GO,0,0,0,termo_apostilamento,,,373918.69,,2025-05-24,,False
2022,C:\OSS-Goias\documentos\Instituto Patris\HEL\2022\05_Contrato_Gestao_Aditivos\id4249_1.20 Apostilamento ao Contrato de Gestão nº 45_2022-SES_GO.pdf,id4249_1.20 Apostilamento ao Contrato de Gestão nº 45_2022-SES_GO,2025-04-29,2025-04-30,Assistência financeira complementar da União (Portaria GM/MS nº 6.807/2025) / Tesouro Estadual,HEL,0,0,20,45/2022-SES/GO,"Repasse financeiro ao Instituto Patris referente assistência financeira complementar da União para cumprimento do piso salarial nacional de enfermeiros, técnicos e auxiliares de enfermagem e parteiras, no contexto das unidades de saúde geridas por organizações sociais de saúde ou fundações, referente ao Hospital Estadual de Luziânia.","20º Apostilamento ao Contrato de Gestão nº 45/2022-SES/GO. Repasse de 1 (uma) parcela. Nota de Empenho nº 00095 (73510259), dotação orçamentária 2850.10.302.1043.2516.03.16050001.50. Processo Administrativo nº 202500010026569, vinculado ao nº 202100010000417. Permanecem inalteradas as demais cláusulas do contrato original, aditivos e apostilas.",Instituto Patris,Instituto Patris,"Estado de Goiás, por intermédio da Secretaria de Estado da Saúde",Secretaria de Estado da Saúde - SES/GO,0,0,0,termo_apostilamento,,,372113.01,,2025-04-29,,False
2022,C:\OSS-Goias\documentos\Instituto Patris\HEL\2022\05_Contrato_Gestao_Aditivos\id4336_1.22 Apostilamento ao Contrato de Gestão nº 45_2022-SES_GO.pdf,id4336_1.22 Apostilamento ao Contrato de Gestão nº 45_2022-SES_GO,2025-06-27,2025-07-03,Assistência financeira complementar da União / Tesouro Estadual,HEL,0,0,22,45/2022-SES/GO,"Repasse financeiro ao Instituto Patris referente assistência financeira complementar da União para cumprimento do piso salarial nacional de enfermeiros, técnicos e auxiliares de enfermagem e parteiras no contexto das unidades de saúde geridas por organizações sociais de saúde ou fundações","22º Apostilamento ao Contrato de Gestão nº 45/2022-SES/GO. Despesa atendida com recursos da Nota de Empenho nº 00143 (76241618), dotação orçamentária 2850.10.302.1043.2516.03.16050001.50. Processo Administrativo nº 202500010045091, vinculado ao nº 202100010000417. Permanecem inalteradas as cláusulas do contrato original, aditivos e apostilas não modificadas por este instrumento. Assinado por Rasivel dos Reis Santos Junior, Secretário de Estado.",Instituto Patris,Instituto Patris,Estado de Goiás - Secretaria de Estado da Saúde,Secretaria de Estado da Saúde,0,0,0,termo_apostilamento,,,367322.81,,,,False
2022,C:\OSS-Goias\documentos\Instituto Patris\HEL\2022\05_Contrato_Gestao_Aditivos\id4380_1.22.1 Segundo Termo Aditivo ao Contrato de Gestão nº 45_2022-SES_GO.pdf,id4380_1.22.1 Segundo Termo Aditivo ao Contrato de Gestão nº 45_2022-SES_GO,2025-07-22,2025-07-30,,HEL,0,0,2,45/2022,"Modificação da forma de composição do Fundo de Provisão, mediante a alteração da Cláusula Sétima - Dos Recursos Financeiros, do item 7.16, bem como a inclusão dos itens 7.16.1, 7.16.2 e 7.16.2.1 ao Contrato original.","Do total de recursos financeiros de custeio a serem repassados ao Parceiro Privado, o percentual de 4,67% será depositado diretamente na conta exclusiva para movimentação dos recursos destinados ao Fundo de Provisão para fins de suportar as rescisões trabalhistas, décimo terceiro e ações judiciais referentes aos colaboradores celetistas contratados diretamente pelo Parceiro Privado. O Parceiro Público deverá rever o percentual após 24 meses de composição do Fundo de Provisão. SEI nº 000030438497. Processo administrativo nº 202100010000417. Chamamento Público nº 04/2022.",Instituto Patris,Instituto Patris,Estado de Goiás - Secretaria de Estado da Saúde - SES/GO,Secretaria de Estado da Saúde - SES/GO,0,0,0,termo_aditivo,,,,,,,False
2022,C:\OSS-Goias\documentos\Instituto Patris\HEL\2022\05_Contrato_Gestao_Aditivos\id4397_1.23. Apostilamento ao Contrato de Gestão nº 45_2022-SES_GO.pdf,id4397_1.23. Apostilamento ao Contrato de Gestão nº 45_2022-SES_GO,2025-07-29,,Assistência Financeira Complementar da União / Tesouro Estadual,HEL,0,0,23,45/2022-SES/GO,"Repasse financeiro de Assistência Financeira Complementar da União, visando o cumprimento do piso salarial nacional de enfermeiros, técnicos e auxiliares de enfermagem e parteiras (Piso Nacional da Enfermagem), referente à parcela de junho 2025, ao Instituto Pátris.","Vigésimo Terceiro Termo de Apostilamento. Parcela única de R$ 358.335,07 referente ao Piso Nacional da Enfermagem (junho/2025). Dotação orçamentária: 2025.2850.10.302.1043.2516.03.16050001.50. Nota de Empenho nº 2025.2850.070.00174. Processo nº 202500010052967, vinculado ao processo original nº 202100010000417. Fundamento: Parecer Jurídico nº 717/2023-SES/PROCSET e Portaria GM/MS nº 7.350/2025.",Instituto Patris,Instituto Patris,Secretaria de Estado da Saúde – SES/GO,Secretaria de Estado da Saúde – SES/GO,0,0,1,termo_apostilamento,,,358335.07,,2025-07-29,,False
2022,C:\OSS-Goias\documentos\Instituto Patris\HEL\2022\05_Contrato_Gestao_Aditivos\id4481_1.24. Apostilamento ao Contrato de Gestão nº 45_2022-SES_GO.pdf,id4481_1.24. Apostilamento ao Contrato de Gestão nº 45_2022-SES_GO,2025-08-22,,Assistência Financeira Complementar da União / Tesouro Estadual (dotação orçamentária 2025.2850.10.302.1043.2516.03.16050001-50),HEL,0,0,24,45/2022-SES/GO,"Repasse de Assistência Financeira Complementar da União, visando ao cumprimento do piso salarial nacional de enfermeiros, técnicos e auxiliares de enfermagem e parteiras (Piso Nacional da Enfermagem), referente à parcela de julho/2025, ao Instituto Patris.","Vigésimo Quarto Termo de Apostilamento ao Contrato de Gestão nº 45/2022-SES/GO (SEI nº 000030438497). Repasse referente à parcela de julho/2025 do Piso Nacional da Enfermagem, com base na Portaria GM/MS nº 7.679/2025 e Parecer Jurídico nº 717/2023-SES/PROCSET. Nota de Empenho nº 2025.2850.070.00209. Processo Administrativo nº 202500010060155, vinculado ao nº 202100010000417.",Instituto Patris,Instituto Patris,Secretaria de Estado da Saúde – SES/GO,,0,0,1,termo_apostilamento,,,352916.52,,2025-08-22,,False
2022,C:\OSS-Goias\documentos\Instituto Patris\HEL\2022\05_Contrato_Gestao_Aditivos\id4502_1. Competências previstas no Contrato de Gestão - Nº 45_2022-SES_GO (VIGENTE).pdf,id4502_1. Competências previstas no Contrato de Gestão - Nº 45_2022-SES_GO (VIGENTE),,2024-12-04,,HEL,0,0,,45/2022-SES/GO,"Apresentação das competências previstas no Termo Aditivo ao Contrato de Gestão nº 45/2022, incluindo: 1º Termo Aditivo - alteração do Anexo I (quantitativo de leitos da Unidade) e alteração dos Anexos IV e V (adequação do valor de custeio); 2º Termo Aditivo - modificação da forma de composição do Fundo de Provisão (Cláusula Sétima - Dos Recursos Financeiros), com inclusão dos itens 7.16.1, 7.16.2 e 7.16.2.1","Documento apresenta as competências previstas nos Termos Aditivos ao Contrato de Gestão nº 45/2022, conforme exigências do TCE-GO, CGE e SES/GO. Os termos aditivos não geraram obrigações distintas das já existentes no instrumento principal. O 2º Termo Aditivo estabelece que 4,67% dos recursos de custeio repassados ao Parceiro Privado serão depositados em conta exclusiva para movimentação destinada ao Fundo de Provisão. O documento reproduz as obrigações contratuais do contrato original (Cláusula Segunda - Das Obrigações e Responsabilidades do Parceiro Privado), com itens 2.1 a 2.80.",Instituto Patris,Instituto Patris,"Estado de Goiás, por intermédio da Secretaria de Estado da Saúde",Secretaria de Estado da Saúde de Goiás (SES/GO),2,0,0,termo_aditivo,,,,,,,False
2022,C:\OSS-Goias\documentos\Instituto Patris\HEL\2022\05_Contrato_Gestao_Aditivos\id4541_1.25. Apostilamento ao Contrato de Gestão nº 45_2022-SES_GO.pdf,id4541_1.25. Apostilamento ao Contrato de Gestão nº 45_2022-SES_GO,2025-09-26,,Assistência Financeira Complementar da União / Dotação orçamentária 2025.2850.10.302.1043.2516.03.16050001.50,HEL,0,0,25,45/2022-SES/GO,"Repasse de Assistência Financeira Complementar da União, visando ao cumprimento do piso salarial nacional de enfermeiros, técnicos e auxiliares de enfermagem e parteiras (Piso Nacional da Enfermagem), referente à parcela de agosto/2025, ao Instituto Patris.","Vigésimo Quinto Termo de Apostilamento. SEI nº 000030438497. Processo nº 202500010070635, vinculado ao processo original nº 202100010000417. Nota de Empenho nº 2025.2850.070.00223 (SEI nº 80115287). Fundamentado no Parecer Jurídico nº 717/2023-SES/PROCSET e na Portaria GM/MS nº 8.013/2025.",Instituto Patris,Instituto Patris,Secretaria de Estado da Saúde – SES/GO,Secretaria de Estado da Saúde – SES/GO,0,0,1,termo_apostilamento,,,350406.63,,2025-09-26,,False
2022,C:\OSS-Goias\documentos\Instituto Patris\HEL\2022\05_Contrato_Gestao_Aditivos\id4635_1.26. Apostilamento ao Contrato de Gestão nº 45_2022-SES_GO.pdf,id4635_1.26. Apostilamento ao Contrato de Gestão nº 45_2022-SES_GO,2025-10-30,,Assistência Financeira Complementar da União (Piso Nacional da Enfermagem),HEL,0,0,26,45/2022-SES/GO,"Repasse de Assistência Financeira Complementar da União, visando ao cumprimento do piso salarial nacional de enfermeiros, técnicos e auxiliares de enfermagem e parteiras (Piso Nacional da Enfermagem), referente à parcela de setembro/2025, ao Instituto Patris.","Vigésimo Sexto Termo de Apostilamento. Parcela referente a setembro/2025 do Piso Nacional da Enfermagem. Dotação orçamentária: 2025.2850.10.302.1043.2516.03.16050001.50. Nota de Empenho nº 2025.2850.070.00262 (SEI nº 81566728). Processo Administrativo nº 202500010080106, vinculado ao nº 202100010000417. Fundamentado no Parecer Jurídico nº 717/2023-SES/PROCSET e na Portaria GM/MS nº 8.214/2025.",Instituto Patris,Instituto Patris,Secretaria de Estado da Saúde – SES/GO,,0,0,1,termo_apostilamento,,,351184.41,,2025-10-30,,False
2022,C:\OSS-Goias\documentos\Instituto Patris\HEL\2022\05_Contrato_Gestao_Aditivos\id4636_1.27. Apostilamento ao Contrato de Gestão nº 45_2022-SES_GO.pdf,id4636_1.27. Apostilamento ao Contrato de Gestão nº 45_2022-SES_GO,2025-11-25,,Assistência Financeira Complementar da União (Piso Nacional da Enfermagem),HEL,0,0,27,45/2022-SES/GO,"Repasse de Assistência Financeira Complementar da União, visando ao cumprimento do piso salarial nacional de enfermeiros, técnicos e auxiliares de enfermagem e parteiras (Piso Nacional da Enfermagem), referente à parcela de outubro/2025, ao Instituto Patris.","Dotação orçamentária: 2025.2850.10.302.1043.2516.03.16050001.50. Nota de Empenho nº 2025.2850.070.00279 (SEI nº 82665373). Processo Administrativo nº 202500010088505, vinculado ao de nº 202100010000417. SEI nº 000030438497. Fundamentado no Parecer Jurídico nº 717/2023-SES/PROCSET e na Portaria GM/MS nº 8.565/2025.",Instituto Patris,Instituto Patris,Secretaria de Estado da Saúde – SES/GO,Secretaria de Estado da Saúde – SES/GO,0,0,0,termo_apostilamento,,,364394.07,,2025-11-25,,False
2022,C:\OSS-Goias\documentos\Instituto Patris\HEL\2022\05_Contrato_Gestao_Aditivos\id4662_1.28. Apostilamento ao Contrato de Gestão nº 45_2022-SES_GO.pdf,id4662_1.28. Apostilamento ao Contrato de Gestão nº 45_2022-SES_GO,2025-12-19,,Assistência Financeira Complementar da União / Tesouro Estadual,HEL,0,0,28,45/2022-SES/GO,"Repasse de Assistência Financeira Complementar da União, visando ao cumprimento do piso salarial nacional de enfermeiros, técnicos e auxiliares de enfermagem e parteiras (Piso Nacional da Enfermagem), referente à parcela de Novembro de 2025 e à 13ª Parcela do Exercício 2025, ao Instituto Patris","Parcela de Novembro de 2025 equivale a R$ 277.713,43; 13ª Parcela do Exercício 2025 equivale a R$ 355.309,44. Dotação orçamentária 2025.2850.10.302.1043.2516.03.16050001-50. Notas de Empenho nº 2025.2850.070.00337 e nº 2025.2850.070.00323. Processo SEI nº 202500010094863 vinculado ao processo original nº 202100010000417.",Instituto Patris,Instituto Patris,Secretaria de Estado da Saúde – SES/GO,Secretaria de Estado da Saúde – SES/GO,0,0,0,termo_apostilamento,,,633022.87,,2025-12-19,,False
2022,C:\OSS-Goias\documentos\Instituto Patris\HEL\2022\05_Contrato_Gestao_Aditivos\id4738_1.29. Apostilamento ao Contrato de Gestão nº 45_2022-SES_GO.pdf,id4738_1.29. Apostilamento ao Contrato de Gestão nº 45_2022-SES_GO,2026-01-30,,Assistência Financeira Complementar da União / Dotação orçamentária 2026.2850.10.302.1043.2516.03.26050001-50,HEL,0,0,29,45/2022-SES/GO,"Repasse de Assistência Financeira Complementar da União, visando ao cumprimento do piso salarial nacional de enfermeiros, técnicos e auxiliares de enfermagem e parteiras (Piso Nacional da Enfermagem), referente à parcela de Dezembro de 2025, ao Instituto Patris.","Vigésimo Nono Termo de Apostilamento. Processo nº 202600010002862, vinculado ao Processo Original nº 202100010000417. Nota de Empenho nº 2026.2850.131.00016 (SEI nº 85626153). Fundamentado no Parecer Jurídico nº 717/2023-SES/PROCSET e Portaria GM/MS nº 9.624/2025.",Instituto Patris,Instituto Patris,Secretaria de Estado da Saúde – SES/GO,Secretaria de Estado da Saúde – SES/GO,0,0,0,termo_apostilamento,,,269013.77,,2026-01-30,,False
2022,C:\OSS-Goias\documentos\Instituto Patris\HEL\2022\05_Contrato_Gestao_Aditivos\id4781_1.30. Apostilamento ao Contrato de Gestão nº 45_2022-SES_GO.pdf,id4781_1.30. Apostilamento ao Contrato de Gestão nº 45_2022-SES_GO,2026-02-23,,Assistência Financeira Complementar da União / Tesouro Estadual - dotação orçamentária 2026.2850.10.302.1043.2516.03.16050001-50,HEL,0,0,30,45/2022-SES/GO,"Repasse de Assistência Financeira Complementar da União, visando ao cumprimento do piso salarial nacional de enfermeiros, técnicos e auxiliares de enfermagem e parteiras (Piso Nacional da Enfermagem), referente à parcela de Janeiro de 2026, ao Instituto Patris.",Trigésimo Termo de Apostilamento. SEI nº 000030438497. Nota de Empenho nº 2026.2850.057.00025 (SEI nº 86617504). Fundamentado no Parecer Jurídico nº 717/2023-SES/PROCSET e na Portaria GM/MS nº 10.173/2026. Processo nº 202600010009671 vinculado ao Processo Original nº 202100010000417.,Instituto Patris,Instituto Patris,Secretaria de Estado da Saúde - SES/GO,Secretaria de Estado da Saúde - SES/GO,0,0,0,termo_apostilamento,,,273508.39,,2026-02-23,,False
2022,C:\OSS-Goias\documentos\Instituto Patris\HEL\2022\05_Contrato_Gestao_Aditivos\id4810_1.31. Apostilamento ao Contrato de Gestão nº 45_2022-SES_GO.pdf,id4810_1.31. Apostilamento ao Contrato de Gestão nº 45_2022-SES_GO,2026-03-23,,Assistência Financeira Complementar da União / Tesouro Estadual,HEL,0,0,31,45/2022-SES/GO,"Repasse de Assistência Financeira Complementar da União, visando ao cumprimento do piso salarial nacional de enfermeiros, técnicos e auxiliares de enfermagem e parteiras (Piso Nacional da Enfermagem), referente à parcela de fevereiro de 2026, ao Instituto Patris.",Trigésimo Primeiro Termo de Apostilamento ao Contrato de Gestão nº 45/2022-SES/GO. Dotação orçamentária 2026.2850.10.302.1043.2516.03.16050001-50. Nota de Empenho nº 2026.2850.057.00040 (SEI nº 87870748). Processo nº 202600010017626 vinculado ao Processo Original nº 202100010000417.,Instituto Patris,Instituto Patris,Secretaria de Estado da Saúde – SES/GO,Secretaria de Estado da Saúde – SES/GO,0,0,0,termo_apostilamento,,,274286.03,,2026-03-23,,False
2023,C:\OSS-Goias\documentos\IDTech\HGG\2023\05_Contrato_Gestao_Aditivos\16. Compêtencias previstas no Contrato de Gestão - 16º Termo Aditivo.pdf,16. Compêtencias previstas no Contrato de Gestão - 16º Termo Aditivo,,,,HGG,2,0,16,024/2012-SES/GO,"Gerenciamento, operacionalização e execução das ações e serviços de saúde no Hospital Estadual Dr. Alberto Rassi – HGG","O documento apresenta apenas as Competências Previstas do 16º Termo Aditivo ao Contrato de Gestão nº 024/2012-SES/GO. Demais cláusulas e particularidades (valores, metas físicas detalhadas, indicadores com metas numéricas) constam no texto integral do Termo Aditivo referenciado ao final do documento. Vigência: 13/03/2023 a 12/03/2024.",IDTECH,Instituto de Desenvolvimento Tecnológico e Humano – IDTECH,"Estado de Goiás, por intermédio da Secretaria de Estado da Saúde",Secretaria de Estado da Saúde de Goiás – SES/GO,2,3,17,termo_aditivo,,,,2024-03-12,2023-03-13,12,False
2023,C:\OSS-Goias\documentos\ISG\HDT\2023\05_Contrato_Gestao_Aditivos\16o-Termo-Aditivo-2023-ao-CG-n.o-091-2012-–-SES.GO_-2.pdf,16o-Termo-Aditivo-2023-ao-CG-n.o-091-2012-–-SES.GO_-2,2024-09-13,2024-09-17,Recursos não vinculados de impostos - Receitas Ordinárias (Fundo Estadual de Saúde - FES),HDT,14,17,16,091/2012-SES/GO,Prorrogação do prazo de vigência do Contrato de Gestão nº 091/2012-SES/GO por 24 meses (24/06/2023 a 24/06/2025); repasse de recursos financeiros para custeio dos Programas de Residência Médica e em Área de Saúde do HDT; repasse de recursos financeiros para custeio da integralidade da folha dos servidores cedidos ao ISG com lotação no HDT; readequação dos valores de repasse mensal para o custeio da Unidade.,"Valor total do aditivo de R$ 221.175.443,76 composto por: R$ 183.217.693,44 (custeio assistencial - 24 parcelas de R$ 7.634.070,56); R$ 2.502.251,52 (Residência Médica e Multiprofissional - 24 parcelas de R$ 104.260,48); R$ 35.455.498,80 (folha de servidores cedidos - 24 parcelas estimadas de R$ 1.477.312,45). Parte fixa: 90% (R$ 6.870.663,50/mês); parte variável: 10% (R$ 763.407,06/mês). Notas de empenho: 00033 e 00034, ambas de 11/06/2024, totalizando R$ 47.977.652,68. Capacidade instalada: 10 leitos UTI Adulto, 10 leitos UI Crítica, 4 leitos UTI Pediátrica, 8 leitos Clínica Pediátrica, 70 leitos Clínica Médica Adulto, 1 leito cirúrgico, 10 poltronas leito dia, 6 leitos observação, 3 salas Centro Cirúrgico, 4 leitos RPA, 11 consultórios. CNES: 2506661. Documento assinado em 12-13/09/2024 e publicado no DOE em 17/09/2024.",ISG,Instituto Sócrates Guanaes - ISG,Estado de Goiás - Secretaria de Estado da Saúde/SES-GO,Secretaria de Estado da Saúde de Goiás,6,18,28,termo_aditivo,,9215643.49,221175443.76,2025-06-24,2023-06-24,24,False
2023,C:\OSS-Goias\documentos\FUNEV\HEANA\2023\05_Contrato_Gestao_Aditivos\1700488721202-Competencias 1° termo aditivo.pdf,1700488721202-Competencias 1° termo aditivo,,,,HEANA,9,2,1,66/2019,"Gerenciamento, operacionalização e execução das ações e serviços de saúde do Hospital Estadual de Urgências de Anápolis Dr. Henrique Santillo (HUANA), incluindo projeto especial e transitório para implantação de leitos críticos de UTI para atendimento de pacientes com sintomas respiratórios e/ou suspeita de coronavírus, por período de 06 meses.","Documento denominado 'Competências previstas no Contrato de Gestão N° 66/2019 SES/GO' referente ao 1° Termo Aditivo. Vigência iniciada em 15/01/2021. Projeto Especial e Transitório para implantação de 18 leitos críticos de UTI Adulto para enfrentamento da pandemia de COVID-19, com estimativa de 547 pacientes-dia/mês e taxa de ocupação de 100%, no período de 16/07/2020 a 15/01/2021. Documento atualizado em 30 de maio de 2023 e assinado eletronicamente por João Pedro dos Santos Pereira, Diretor Executivo da FUNEV-HEANA.",FUNEV,Fundação Universitária Evangélica - FUNEV,Estado de Goiás / Secretaria de Estado da Saúde de Goiás (SES/GO),Secretaria de Estado da Saúde de Goiás (SES/GO),3,2,9,termo_aditivo,,,,,2021-01-15,,False
2023,C:\OSS-Goias\documentos\FUNEV\HEANA\2023\05_Contrato_Gestao_Aditivos\1700501422686-Competencias 2° termo aditivo.pdf,1700501422686-Competencias 2° termo aditivo,2021-04-26,,,HEANA,2,1,2,66/2019,"Gerenciamento, operacionalização e execução das ações e serviços de saúde do Hospital Estadual de Urgências de Anápolis Dr. Henrique Santillo, com implementação de 18 leitos críticos com perfil de UTI Convencional para o período de 16/01/2021 a 15/07/2021","Documento intitulado 'Competências Previstas no Contrato de Gestão Nº 66/2019 SES/GO' refere-se ao 2º Termo Aditivo, com início de vigência em 26/04/2021. O documento foi atualizado em 30/05/2023 e assinado pelo Diretor Executivo da FUNEV - HEANA. Contempla a permanência dos 18 leitos UTI Convencional estabelecidos no 1º Termo Aditivo. Taxa de ocupação estimada de 90% para os leitos críticos. Período de produção estimada: 16/01/2021 a 15/07/2021 (6 meses).",FUNEV,Fundação Universitária Evangélica - FUNEV,Estado de Goiás / Secretaria de Estado da Saúde de Goiás (SES/GO),Secretaria de Estado da Saúde de Goiás,3,0,4,termo_aditivo,,,,,2021-04-26,,False
2023,C:\OSS-Goias\documentos\FUNEV\HEANA\2023\05_Contrato_Gestao_Aditivos\1701365936859-2° Apostila_merged.pdf,1701365936859-2° Apostila_merged,2023-10-26,2023-10-30,Assistência financeira complementar da União (Portaria GM/MS nº 1.135/2023) / Tesouro Estadual - Dotação Orçamentária 2850.10.302.1043.2149.03.16000232.50,HEANA,0,0,2,66/2019-SES/GO,"Repasse de assistência financeira da União para cumprimento do piso salarial nacional de enfermeiros, técnicos e auxiliares de enfermagem e parteiras no contexto das unidades de saúde geridas por organizações sociais de saúde ou fundações, conforme Portaria GM/MS nº 1.135/2023.","O valor corresponde a 1 (uma) parcela estimada de R$ 660.456,28, referente à assistência financeira complementar da União. Permanecem inalteradas as cláusulas do contrato original e seus aditivos não modificadas por este instrumento. Nota de Empenho nº 00065 (SEI 52968012). Processo Administrativo nº 201900010008114. Documento assinado eletronicamente por Sergio Alberto Cunha Vencio, Secretário de Estado, em 26/10/2023.",FUNEV,"Fundação Universitária Evangélica - FUNEV, CNPJ nº 07.776.237/0001-08",Estado de Goiás - Secretaria de Estado da Saúde,Secretaria de Estado da Saúde de Goiás,0,0,0,termo_apostilamento,,,660456.28,,,,False
2023,C:\OSS-Goias\documentos\FUNEV\HEANA\2023\05_Contrato_Gestao_Aditivos\1701365960092-3° Apostila_merged.pdf,1701365960092-3° Apostila_merged,2023-11-16,2023-11-17,Assistência financeira complementar da União - Portaria GM/MS nº 1.135/2023,HEANA,0,0,,66/2019-SES/GO,"Repasse de assistência financeira da União para cumprimento do piso salarial nacional de enfermeiros, técnicos e auxiliares de enfermagem e parteiras no contexto das unidades de saúde geridas por organizações sociais de saúde ou fundações","3º Apostilamento ao Contrato de Gestão nº 66/2019-SES/GO. Repasse de 1 (uma) parcela estimada em R$ 599.716,26. Despesas atendidas com recursos da Nota de Empenho nº 00083 (53779157), dotação orçamentária 2850.10.302.1043.2149.03.16000232.50. Fundamento no Parecer Jurídico nº 717/2023 - PROCSET e Portaria Ministerial nº 1.135/2023. Processo Administrativo nº 201900010008114. Signatário: Sérgio Alberto Cunha Vêncio - Secretário de Estado da Saúde.",FUNEV,Fundação Universitária Evangélica - FUNEV,Estado de Goiás - Secretaria de Estado da Saúde,Secretaria de Estado da Saúde,0,0,0,termo_apostilamento,,,599716.26,,2023-11-16,,False
2023,C:\OSS-Goias\documentos\FUNEV\HEANA\2023\05_Contrato_Gestao_Aditivos\1772651247549-4_Termo_Aditivo_ao_Contrato_de_Gestão_nº_662019.pdf,1772651247549-4_Termo_Aditivo_ao_Contrato_de_Gestão_nº_662019,2022-08-03,2022-08-04,Recursos não vinculados de impostos - Receitas Ordinárias e Transferências fundo a fundo de Recursos do SUS,HEANA,12,13,4,66/2019-SES/GO,Repactuação das metas de produção e desempenho do Hospital Estadual de Anápolis Dr. Henrique Santillo - HEANA; readequação do valor de repasse mensal; aporte de recursos financeiros referente à folha de pagamento dos servidores cedidos à FUNEV com lotação no HEANA; pactuação e introdução dos Programas de Residência Médica e Multiprofissional e em Área Profissional da Saúde; alteração de cláusulas com inclusão de obrigações em razão de adequação à minuta-padrão da PGE.,"Vigência do 4º Termo Aditivo contada a partir de 03/08/2022 até o encerramento do Contrato de Gestão nº 066/2019-SES/GO em 17/11/2023. O valor total de R$ 52.766.868,31 refere-se ao acréscimo trazido pelo aditivo (diferença entre custo total estimado e valor anteriormente pago). Repasse mensal estruturado em: 1ª parcela R$ 2.846.464,51; 2ª a 9ª parcela R$ 3.009.045,13; 10ª em diante R$ 3.197.450,66; mais aporte mensal de R$ 15.790,44 para servidores cedidos (2 servidores). Parte fixa 90% e parte variável 10% do custeio mensal total. Publicado no DOE em 04/08/2022.",FUNEV,Fundação Universitária Evangélica - FUNEV,Estado de Goiás - Secretaria de Estado da Saúde/SES-GO,Secretaria de Estado da Saúde de Goiás,4,2,18,termo_aditivo,,,52766868.31,2023-11-17,2022-08-03,,False
2023,C:\OSS-Goias\documentos\IMED\HETRIN\2023\05_Contrato_Gestao_Aditivos\1o-Apostilamento-Contrato-de-gestao-037-2019-assinado.pdf,1o-Apostilamento-Contrato-de-gestao-037-2019-assinado,2023-10-26,,Assistência financeira complementar da União (Portaria GM/MS nº 1.135/2023) / Tesouro Estadual - dotação orçamentária 2850.10.302.1043.2149.03.16000232.50,HETRIN,0,0,,37/2019-SES/GO,"Repasse financeiro complementar da União ao IMED referente ao piso salarial nacional de enfermeiros, técnicos e auxiliares de enfermagem e parteiras, conforme Portaria GM/MS nº 1.135/2023, no valor de 1 parcela estimada em R$ 667.128,20, para o Hospital Estadual de Trindade Walda Ferreira dos Santos - HETRIN.",Fundamentado no Parecer Jurídico nº 717/2023 - PROCSET (52689616) e no Despacho nº 326/2023-GEMOD (52812996). Nota de Empenho nº 00077 (53059983). Processo Administrativo nº 201900010008727. As demais cláusulas do contrato original e seus aditivos permanecem inalteradas.,IMED,"Instituto de Medicina, Estudos e Desenvolvimento - IMED, CNPJ nº 19.324.171/0001-02","Estado de Goiás, por intermédio da Secretaria de Estado de Saúde",Secretaria de Estado da Saúde de Goiás - SES/GO,0,0,0,termo_apostilamento,,,667128.2,,,,False
2023,C:\OSS-Goias\documentos\IMED\HETRIN\2023\05_Contrato_Gestao_Aditivos\1o-Apostilamento-Contrato-de-gestao-037-2019-publicacao.pdf,1o-Apostilamento-Contrato-de-gestao-037-2019-publicacao,2023-10-26,2023-10-30,União (assistência financeira federal),HETRIN,0,0,1,37/2019-SES/GO,"Repasse de assistência financeira da União para cumprimento do piso salarial nacional de enfermeiros, técnicos e auxiliares de enfermagem e parteiras no contexto das unidades de saúde geridas por organizações sociais de saúde ou fundações",Dotação Orçamentária: 2850.10.302.1043.2149.03.16000232.50. Processo nº: 201900010008727. Signatário: Sérgio Alberto Cunha Vêncio - Secretário de Estado da Saúde.,IMED,"Instituto de Medicina, Estudos e Desenvolvimento - IMED",Estado de Goiás - Secretaria de Estado da Saúde,Secretaria de Estado da Saúde,0,0,0,termo_apostilamento,,,667128.2,,,,False
2023,C:\OSS-Goias\documentos\IGH\HEAPA\2023\05_Contrato_Gestao_Aditivos\2023 - 1° APOSTILAMENTO AO CONTRATO DE GESTÃO Nº 096.2016-SESGO.pdf,2023 - 1° APOSTILAMENTO AO CONTRATO DE GESTÃO Nº 096.2016-SESGO,2023-09-21,2023-09-22,Assistência financeira complementar da União / Tesouro Estadual - Dotação Orçamentária 2850.10.302.1043.2149.03.16000232.50,HEAPA,0,0,1,096/2016-SES/GO,"Repasse de assistência financeira complementar da União para cumprimento do piso salarial nacional de enfermeiros, técnicos e auxiliares de enfermagem e parteiras no contexto das unidades de saúde geridas por organizações sociais de saúde ou fundações, conforme Portaria GM/MS nº 1.135/2023","O apostilamento prevê 04 parcelas mensais estimadas em R$ 15.914,29 cada, totalizando R$ 63.657,16. As despesas serão atendidas com recursos da Nota de Empenho nº 00047 (51842728). O DOE de 22/09/2023 também lista dois extratos distintos do 1º Apostilamento ao Contrato de Gestão nº 96/2016-SES/GO com valores de R$ 14.163,88 (Protocolo 409123) e R$ 52.273,56 (Protocolo 409125), ambos referentes ao mesmo contrato e IGH. O documento principal (SEI 51927717) refere-se ao Processo Administrativo nº 201200010002131. Permanecem inalteradas as demais cláusulas do contrato original e seus aditivos.",IGH,Instituto de Gestão e Humanização - IGH,Estado de Goiás - Secretaria de Estado da Saúde,Secretaria de Estado da Saúde,0,0,0,termo_apostilamento,,15914.29,63657.16,,,,False
2023,C:\OSS-Goias\documentos\IMED\HETRIN\2023\05_Contrato_Gestao_Aditivos\2o-Apostilamento-Contrato-de-gestao-037-2019-assinado.pdf,2o-Apostilamento-Contrato-de-gestao-037-2019-assinado,2023-11-22,,Assistência financeira complementar da União (Portaria GM/MS nº 1.135/2023),HETRIN,0,0,2,37/2019-SES/GO,"Repasse financeiro referente à assistência financeira complementar da União para cumprimento do piso salarial nacional de enfermeiros, técnicos e auxiliares de enfermagem e parteiras, conforme Portaria GM/MS nº 1.135/2023, no valor de 1 (uma) parcela estimada em R$ 132.730,12.","2º Apostilamento ao Contrato de Gestão nº 37/2019-SES/GO. Despesas atendidas com recursos da Nota de Empenho nº 00089 (53936517), dotação orçamentária 2850.10.302.1043.2149.03.16000232.50. Permanecem inalteradas as cláusulas do contrato original e seus aditivos não modificadas por este instrumento. Processo Administrativo nº 201900010008727. SEI 53939540.",IMED,"Instituto de Medicina, Estudos e Desenvolvimento - IMED, CNPJ nº 19.324.171/0001-02","Estado de Goiás, por intermédio da Secretaria de Estado da Saúde - SES/GO",Secretaria de Estado da Saúde - SES/GO,0,0,0,termo_apostilamento,,,132730.12,,2023-11-22,,False
2023,C:\OSS-Goias\documentos\IMED\HETRIN\2023\05_Contrato_Gestao_Aditivos\2o-Apostilamento-Contrato-de-gestao-037-2019-publicacao-retificacao.pdf,2o-Apostilamento-Contrato-de-gestao-037-2019-publicacao-retificacao,2023-11-22,2023-11-24,,HETRIN,0,0,2,37/2019-SES/GO,"Retificação do 2º Apostilamento ao Contrato de Gestão nº 37/2019-SES/GO, para estabelecer a data de assinatura como 22/11/2023 (onde se lia: __/11/2023)","Documento é extrato de retificação do 2º Apostilamento ao Contrato de Gestão nº 37/2019-SES/GO. A única correção realizada foi a data de assinatura: onde se lia '__/11/2023', leia-se '22/11/2023'. Signatário: Sérgio Alberto Cunha Vêncio - Secretário de Estado da Saúde. Processo nº: 201900010008727.",IMED,"Instituto de Medicina, Estudos e Desenvolvimento - IMED",Estado de Goiás - Secretaria de Estado da Saúde,Secretaria de Estado da Saúde,0,0,0,termo_apostilamento,,,,,,,False
2023,C:\OSS-Goias\documentos\IMED\HETRIN\2023\05_Contrato_Gestao_Aditivos\2o-Apostilamento-Contrato-de-gestao-037-2019-publicacao.pdf,2o-Apostilamento-Contrato-de-gestao-037-2019-publicacao,,2023-11-23,Transferência da União (piso salarial nacional de enfermagem),HETRIN,0,0,2,37/2019-SES/GO,"Repasse de assistência financeira da União para cumprimento do piso salarial nacional de enfermeiros, técnicos e auxiliares de enfermagem e parteiras no contexto das unidades de saúde geridas por organizações sociais de saúde ou fundações.",Dotação Orçamentária: 2850.10.302.1043.2149.03.16000232.50. Signatário: Sérgio Alberto Cunha Vêncio - Secretário de Estado. Protocolo 421230. Data da assinatura registrada como __/11/2023 (dia não preenchido).,IMED,"Instituto de Medicina, Estudos e Desenvolvimento - IMED",Estado de Goiás - Secretaria de Estado da Saúde,Secretaria de Estado da Saúde,0,0,0,termo_apostilamento,,,132730.12,,,,False
2023,C:\OSS-Goias\documentos\IMED\HETRIN\2023\05_Contrato_Gestao_Aditivos\4o-TA-Hetrin_037-2019.pdf,4o-TA-Hetrin_037-2019,2023-10-10,,Transferências Fundo a Fundo de Recursos do SUS e Recursos não vinculados de impostos - Receitas Ordinárias,HETRIN,14,12,4,037/2019-SES/GO,Prorrogação do prazo de vigência do Contrato de Gestão nº 037/2019-SES/GO por 48 meses; alteração de metas com implantação de novos serviços (cirurgia bucomaxilofacial e ortopedia/traumatologia) e retirada de outros; readequação do valor de repasse mensal; e aporte de recursos financeiros referente à folha de pagamento dos servidores cedidos ao IMED com lotação no HETRIN.,"O 4º Termo Aditivo ao Contrato de Gestão nº 037/2019-SES/GO prorroga a vigência por 48 meses (25/08/2023 a 24/08/2027). Valor mensal de custeio: R$ 5.796.227,99 (90% parte fixa = R$ 5.216.605,19; 10% variável = R$ 579.622,80). Aporte mensal estimado para folha de servidores cedidos: R$ 13.569,22 (2 Técnicos em Enfermagem). Valor total do aditivo: R$ 278.870.266,08. Notas de empenho: 00036 e 00135, ambas de 24/08/2023, totalizando R$ 24.344.157,56. Fonte de recurso: Transferências Fundo a Fundo SUS (16000232) e Receitas Ordinárias (15000100). O hospital possui 46 leitos gerais e 10 leitos complementares (UTI). CNES: 5095808. Processo administrativo nº 201900010008727. Documento assinado eletronicamente em 10/10/2023.",IMED,"IMED - Instituto de Medicina, Estudos e Desenvolvimento","Estado de Goiás, por intermédio da Secretaria de Estado da Saúde – SES/GO",Secretaria de Estado da Saúde de Goiás – SES/GO,5,3,28,termo_aditivo,,5809797.21,278870266.08,2027-08-24,2023-08-25,48,False
2023,C:\OSS-Goias\documentos\FUNEV\HEANA\2023\05_Contrato_Gestao_Aditivos\competencias 3° termo aditivo.pdf,competencias 3° termo aditivo,2023-05-30,,,HEANA,7,0,3,66/2019,"Gerenciamento, operacionalização e execução das ações e serviços de saúde do Hospital Estadual de Anápolis Dr. Henrique Santillo","Documento trata das competências previstas no 3º Termo Aditivo ao Contrato de Gestão Nº 66/2019 SES/GO, com início de vigência em 19/10/2021, atualizado em 30/05/2023. O documento é assinado pelo Diretor Executivo da FUNEV - HEANA, João Pedro dos Santos Pereira. Contém apenas a Cláusula Segunda (obrigações e responsabilidades do parceiro privado), Cláusula Décima Segunda (transparência) e Especificações Técnicas. Não há valores financeiros nem metas numéricas explicitadas neste documento.",FUNEV,Fundação Universitária Evangélica - FUNEV,Estado de Goiás / Secretaria de Estado da Saúde de Goiás (SES/GO),Secretaria de Estado da Saúde de Goiás,5,0,6,termo_aditivo,,,,,2021-10-19,,False
2023,C:\OSS-Goias\documentos\FUNEV\HEANA\2023\05_Contrato_Gestao_Aditivos\Competencias Contrato de gestão.pdf,Competencias Contrato de gestão,2019-11-25,,,HEANA,7,0,,66/2019,"Gerenciamento, operacionalização e execução das ações e serviços de saúde do Hospital Estadual de Anápolis Dr. Henrique Santillo","Documento denominado 'Competências Previstas no Contrato de Gestão Nº 66/2019 SES/GO', elaborado pela FUNEV, descrevendo a Cláusula Segunda (obrigações e responsabilidades do parceiro privado), Cláusula Décima Segunda (transparência) e Especificações Técnicas do contrato. Não é o contrato original nem um aditivo, mas um documento descritivo/resumo das obrigações. Atualizado em 28/03/2023 e assinado digitalmente em 10/05/2023 pelo Diretor Executivo João Pedro dos Santos Pereira. Vigência iniciada em 25/11/2019.",FUNEV,Fundação Universitária Evangélica - FUNEV,Estado de Goiás / Secretaria de Estado da Saúde de Goiás,Secretaria de Estado da Saúde de Goiás,4,2,9,outro,,,,,2019-11-25,,False
2023,C:\OSS-Goias\documentos\IMED\HETRIN\2023\05_Contrato_Gestao_Aditivos\COMPETENCIAS-PREVISTAS-NO-CONTRATO-DE-GESTAO-HETRIN-1.pdf,COMPETENCIAS-PREVISTAS-NO-CONTRATO-DE-GESTAO-HETRIN-1,2019-08-25,,,HETRIN,0,0,,037/2019,"Gestão do Hospital Estadual Trindade - Walda Ferreira dos Santos (HETRIN) pelo IMED, com execução de atividades e serviços de saúde conforme Edital de Chamamento e Proposta de Trabalho, incluindo obrigações de gestão de pessoal, patrimônio, transparência e prestação de contas.","Documento é uma compilação das competências previstas no Contrato de Gestão nº 037/2019-SES/GO e seus aditivos (1º em 13/10/2020, 2º em 25/03/2021, 3º em 21/07/2022), além das competências do Estatuto Social do IMED (constituído em 29/08/2013, última atualização em 16/10/2023), elaborada para fins do Portal da Transparência conforme Art. 6º, §1º, I da Lei Estadual nº 18.025/2013.",IMED,"IMED – Instituto de Medicina, Estudos e Desenvolvimento",Estado de Goiás (Parceiro Público),Secretaria de Estado da Saúde de Goiás (SES/GO),3,0,14,outro,,,,,2019-08-25,,False
2023,C:\OSS-Goias\documentos\IMED\HETRIN\2023\05_Contrato_Gestao_Aditivos\COMPETENCIAS-PREVISTAS-NO-CONTRATO-DE-GESTAO-HETRIN-2.pdf,COMPETENCIAS-PREVISTAS-NO-CONTRATO-DE-GESTAO-HETRIN-2,2019-08-25,,,HETRIN,0,0,,037/2019,"Gestão do Hospital Estadual Trindade - Walda Ferreira dos Santos (HETRIN) pelo IMED, com execução de atividades e serviços de saúde, conforme competências previstas no Contrato de Gestão nº 037/2019-SES/GO e seus termos aditivos (1º ao 4º).","Documento é uma compilação das competências previstas no Contrato de Gestão nº 037/2019-SES/GO (assinado em 25/08/2019) e de seu 1º Termo Aditivo (13/10/2020), 2º Termo Aditivo (25/03/2021), 3º Termo Aditivo (21/07/2022) e 4º Termo Aditivo (10/10/2023), elaborada pelo IMED para o Portal da Transparência, conforme fundamento legal: Art. 6º, §1º, I da Lei Estadual nº 18.025/2013 e Resolução Normativa nº 013/2017 TCE-GO. O 4º Termo Aditivo é referenciado apenas por link externo sem transcrição de cláusulas no documento. O Estatuto Social do IMED foi constituído em 29/08/2013 com última atualização em 16/10/2023.",IMED,"IMED – Instituto de Medicina, Estudos e Desenvolvimento",Estado de Goiás,Secretaria de Estado da Saúde de Goiás (SES/GO),3,0,15,outro,,,,,2019-08-25,,False
2023,C:\OSS-Goias\documentos\AGIR\HUGOL\2023\05_Contrato_Gestao_Aditivos\Competências previstas no Contrato de Gestão HUGOL.pdf,Competências previstas no Contrato de Gestão HUGOL,,,SUS,HUGOL,2,6,,003/2014 SES/GO,"Descrição das competências e obrigações da CONTRATADA (AGIR) previstas no Contrato de Gestão nº 003/2014 SES/GO para gerenciamento, operacionalização e execução das ações e serviços de saúde do Hospital Estadual de Urgências Governador Otávio Lage de Siqueira - HUGOL","Documento trata-se de publicação das competências previstas no Contrato de Gestão nº 003/2014 SES/GO, elaborado pela Superintendência Executiva da AGIR em 15/03/2023. Não é o contrato original nem um aditivo, mas um extrato das obrigações contratuais. A vigência do contrato original iniciou-se em 15/07/2014. O documento menciona obrigações de transparência (Cláusula Décima Sexta) e diversas obrigações operacionais da CONTRATADA.",AGIR,"Associação de Gestão, Inovação e Resultados em Saúde - AGIR",Estado de Goiás / Secretaria de Estado da Saúde de Goiás - SES/GO,Secretaria de Estado da Saúde de Goiás - SES/GO,0,1,7,outro,,,,,2014-07-15,,False
2023,C:\OSS-Goias\documentos\AGIR\HUGOL\2023\05_Contrato_Gestao_Aditivos\Competências previstas no Contrato de Gestão HUGOL_10º Aditivo.pdf,Competências previstas no Contrato de Gestão HUGOL_10º Aditivo,,,SUS,HUGOL,4,0,10,003/2014,"Documento de competências previstas no Contrato de Gestão nº 003/2014 SES/GO, descrevendo as obrigações e responsabilidades da AGIR (Parceiro Privado) no gerenciamento, operacionalização e execução das ações e serviços de saúde do Hospital Estadual de Urgências Governador Otávio Lage de Siqueira - HUGOL, conforme vigência do 10º Termo Aditivo iniciada em 15/07/2022.","Este documento é um extrato das competências previstas no Contrato de Gestão nº 003/2014 SES/GO e seus aditivos, publicado pela Superintendência Executiva da AGIR em 25/01/2023. O contrato original teve início de vigência em 15/07/2014 e o 10º Termo Aditivo teve início de vigência em 15/07/2022. O documento não é o contrato original nem um termo aditivo, mas sim uma compilação das cláusulas de obrigações e especificações técnicas aplicáveis ao 10º Termo Aditivo.",AGIR,"Associação de Gestão, Inovação e Resultados em Saúde – AGIR",Estado de Goiás / Secretaria de Estado da Saúde de Goiás (SES/GO),Secretaria de Estado da Saúde de Goiás (SES/GO),2,4,11,outro,,,,,2022-07-15,,False
2023,C:\OSS-Goias\documentos\IGH\HEAPA\2023\05_Contrato_Gestao_Aditivos\Contrato 002 - 1° Aditivo.pdf,Contrato 002 - 1° Aditivo,,,SUS,HUAPA,1,6,1,002/2013-SES/GO,"Gestão do Hospital de Urgências de Aparecida de Goiânia - HUAPA, com obrigações da contratada referentes à organização, administração e gerenciamento da Unidade, atendimento exclusivo aos usuários do SUS, cumprimento de metas pactuadas e indicadores de desempenho e qualidade.","Documento apresenta apenas as competências previstas no 1º Termo Aditivo extraídas na íntegra, sem apresentar valor financeiro explícito, data de assinatura ou quadro detalhado de metas físicas quantitativas. A contratada pode prestar serviços ambulatoriais e hospitalares excedentes às metas pactuadas, objeto de faturamento complementar via administrativa pela CONTRATANTE, com base na tabela SUS e no Sistema Estadual de Regulação.",IGH,Instituto de Gestão e Humanização - IGH,Secretaria de Estado da Saúde de Goiás - SES/GO,Secretaria de Estado da Saúde de Goiás - SES/GO,0,1,5,termo_aditivo,,,,2015-07-03,2014-07-04,12,False
2023,C:\OSS-Goias\documentos\IGH\HEAPA\2023\05_Contrato_Gestao_Aditivos\Contrato 002 - 2° Aditivo.pdf,Contrato 002 - 2° Aditivo,,,SUS,HUAPA,1,6,2,002/2013-SES/GO,"Gestão do Hospital de Urgências de Aparecida de Goiânia - HUAPA pelo Instituto de Gestão e Humanização - IGH, com definição das obrigações das partes, metas de desempenho e indicadores de qualidade para o período de vigência do 2° Termo Aditivo.","Documento apresenta as competências previstas no 2° Termo Aditivo do Contrato de Gestão n° 002/2013-SES/GO, extraídas na íntegra conforme exigências da Lei Estadual n° 18.025/2013, Resolução Normativa nº 013/2017 TCE-GO e Metodologia de Avaliação do Portal Transparência CGE 2ª Edição 2021. O documento não contém valores financeiros explícitos nem data de assinatura.",IGH,Instituto de Gestão e Humanização - IGH,Secretaria de Estado da Saúde de Goiás - SES/GO,Secretaria de Estado da Saúde de Goiás - SES/GO,0,1,5,termo_aditivo,,,,2016-07-03,2015-07-04,12,False
2023,C:\OSS-Goias\documentos\IGH\HEAPA\2023\05_Contrato_Gestao_Aditivos\Contrato 002.pdf,Contrato 002,,,SUS,HUAPA,2,6,,002/2013-SES/GO,"Gestão do Hospital de Urgências de Aparecida de Goiânia - HUAPA pelo Instituto de Gestão e Humanização – IGH, com organização, administração e gerenciamento da Unidade, por meio do desenvolvimento de técnicas modernas e adequadas, manutenção física e provimento de insumos e medicamentos, atendendo exclusivamente usuários do SUS.","O documento apresentado é uma compilação das competências previstas no Contrato de Gestão nº 002/2013-SES/GO, extraídas na íntegra pelo IGH/HUAPA, cumprindo obrigações de transparência previstas na Lei Estadual nº 18.025/2013, Resolução Normativa nº 013/2017 TCE-GO e Metodologia de Avaliação do Portal Transparência CGE 2ª Edição 2021. Apenas as cláusulas de obrigações (Cláusula Terceira) foram reproduzidas no documento. Valores financeiros e metas físicas detalhadas não constam neste extrato.",IGH,Instituto de Gestão e Humanização – IGH,Estado de Goiás / Secretaria de Estado da Saúde - SES/GO,Secretaria de Estado da Saúde de Goiás - SES/GO,2,1,6,contrato_gestao_inicial,,,,,2013-07-08,,False
2023,C:\OSS-Goias\documentos\IGH\HEAPA\2023\05_Contrato_Gestao_Aditivos\Contrato 090.pdf,Contrato 090,,,SUS,HUAPA,0,0,,090/2016-SES/GO,"Gestão do Hospital de Urgências de Aparecida de Goiânia - HUAPA, por meio da organização, administração e gerenciamento da Unidade, com desenvolvimento de técnicas modernas e adequadas para a estrutura funcional e manutenção física da Unidade e de seus equipamentos, além do provimento dos insumos e medicamentos necessários ao seu pleno funcionamento, atendendo exclusivamente usuários do SUS.","O documento apresentado é uma extração das competências previstas na Cláusula Terceira (Das Obrigações) do Contrato de Gestão nº 090/2016-SES/GO, publicado conforme Art. 6º, §1º, I da Lei Estadual nº 18.025/2013, Item 21 do Anexo II da Resolução Normativa nº 013/2017 TCE-GO e Item 3.2.5 da Metodologia de Avaliação do Portal Transparência CGE 2ª Edição - 2021. Não constam valores financeiros, metas físicas ou quadro de recursos humanos neste trecho do documento. A OSS foi contratada via Dispensa de Licitação nº 063/2016.",IGH,Instituto de Gestão e Humanização - IGH,Estado de Goiás - Secretaria de Estado da Saúde (SES/GO),Secretaria de Estado da Saúde de Goiás - SES/GO,0,0,4,contrato_gestao_inicial,,,,,2016-05-29,,False
2023,C:\OSS-Goias\documentos\IGH\HEAPA\2023\05_Contrato_Gestao_Aditivos\Contrato 096 - 1° Aditivo.pdf,Contrato 096 - 1° Aditivo,,,,HUAPA,0,0,1,096/2016-SES/GO,"Gestão do Hospital de Urgências de Aparecida de Goiânia - HUAPA pelo Instituto de Gestão e Humanização - IGH, com execução de atividades e serviços descritos no Edital de Chamamento e na Proposta Técnica, cumprindo metas e prazos previstos no Contrato de Gestão nº 096/2016-SES/GO.","Documento apresenta apenas as competências previstas (Cláusula Segunda - Das Obrigações e Responsabilidades do Parceiro Privado) do 1º Termo Aditivo ao Contrato de Gestão nº 096/2016-SES/GO. Não constam valores financeiros, metas físicas, indicadores de qualidade ou quadro de recursos humanos mínimos neste trecho extraído. O documento foi disponibilizado pelo IGH em cumprimento ao Art. 6º, §1º, I da Lei Estadual nº 18.025/2013, Item 21 do Anexo II da Resolução Normativa nº 013/2017 TCE-GO e Item 3.2.5 da Metodologia de Avaliação do Portal Transparência CGE 2ª Edição - 2021.",IGH,Instituto de Gestão e Humanização - IGH,Estado de Goiás - Secretaria de Estado da Saúde (SES/GO),Secretaria de Estado da Saúde de Goiás (SES/GO),1,0,0,termo_aditivo,,,,2017-11-24,2016-11-25,12,False
2023,C:\OSS-Goias\documentos\IGH\HEAPA\2023\05_Contrato_Gestao_Aditivos\Contrato 096 - 2° Aditivo.pdf,Contrato 096 - 2° Aditivo,,,SUS,HUAPA,0,0,2,096/2016-SES/GO,"Gestão e operacionalização do Hospital de Urgências de Aparecida de Goiânia - HUAPA, com especificações técnicas e descritivo de serviços contratados, incluindo obrigações do parceiro privado quanto a atendimento SUS, sistemas de informação, equipe médica, comissões clínicas, gerenciamento de equipamentos e transplantes.","Documento apresentado como extrato das competências previstas no 2º Termo Aditivo ao Contrato de Gestão nº 096/2016-SES/GO, extraídas na íntegra conforme exigências do Art. 6º, §1º, I da Lei Estadual nº 18.025/2013, Item 21 do Anexo II da Resolução Normativa nº 013/2017 TCE-GO e Item 3.2.5 da Metodologia de Avaliação do Portal Transparência CGE 2ª Edição 2021. O documento corresponde apenas ao Anexo Técnico I (Especificações Técnicas e Descritivo de Serviços), páginas 6 a 11 de 24 do aditivo original.",IGH,Instituto de Gestão e Humanização - IGH,Estado de Goiás - Secretaria de Estado da Saúde de Goiás (SES/GO),Secretaria de Estado da Saúde de Goiás - SES/GO,0,1,9,termo_aditivo,,,,2018-11-24,2017-11-25,12,False
2023,C:\OSS-Goias\documentos\IGH\HEAPA\2023\05_Contrato_Gestao_Aditivos\Contrato 096 - 3° Aditivo.pdf,Contrato 096 - 3° Aditivo,,,,HUAPA,2,0,3,096/2016-SES/GO,"Gestão do Hospital de Urgências de Aparecida de Goiânia - HUAPA, com especificações técnicas e descritivo de serviços para execução contratual na área da saúde, definindo premissas técnicas de execução e metas quantitativas.","Documento apresentado como extrato das competências previstas no 3º Termo Aditivo ao Contrato de Gestão nº 096/2016-SES/GO. Contém Anexo Técnico I com Especificações Técnicas e Descritivo de Serviços. O documento não apresenta valor financeiro nem cláusulas de penalidade explícitas neste trecho. Referência às Comissões Clínicas obrigatórias: Análise e Revisão de Prontuários Médicos, Verificação de Óbitos, Ética Médica e Ética de Enfermagem, Controle de Infecção Hospitalar, Ensino e Pesquisa por Comitê de Ética e Pesquisa, Transplantes (CIHDOTT), CIPA e SESMT.",IGH,Instituto de Gestão e Humanização - IGH,Estado de Goiás - Secretaria de Estado da Saúde (SES/GO),Secretaria de Estado da Saúde de Goiás - SES/GO,0,3,6,termo_aditivo,,,,2019-11-24,2018-11-25,12,False
2023,C:\OSS-Goias\documentos\IGH\HEAPA\2023\05_Contrato_Gestao_Aditivos\Contrato 096 - 4° Aditivo.pdf,Contrato 096 - 4° Aditivo,,,SUS,HUAPA,0,0,4,096/2016-SES/GO,"Gestão do Hospital de Urgências de Aparecida de Goiânia - HUAPA, compreendendo assistência hospitalar, atendimento às urgências hospitalares, atendimento ambulatorial e serviços de apoio diagnóstico e terapêutico, conforme especificações técnicas e descritivo de serviços do Anexo Técnico I.","Documento apresentado como extrato das competências previstas no 4º Termo Aditivo ao Contrato de Gestão nº 096/2016-SES/GO, com vigência de 25/11/2019 a 24/05/2020. O documento é composto pelo Anexo Técnico I (Especificações Técnicas e Descritivo de Serviços). Não constam valores financeiros, quadro de recursos humanos mínimos, indicadores de qualidade com metas numéricas ou cláusulas de penalidade neste documento. O hospital é denominado Hospital Estadual de Urgências de Aparecida de Goiânia Caio Louzada - HUAPA.",IGH,Instituto de Gestão e Humanização - IGH,Estado de Goiás - Secretaria de Estado da Saúde (SES/GO),Secretaria de Estado da Saúde de Goiás (SES/GO),0,0,14,termo_aditivo,,,,2020-05-24,2019-11-25,6,False
2023,C:\OSS-Goias\documentos\IGH\HEAPA\2023\05_Contrato_Gestao_Aditivos\Contrato 096 - 5° Aditivo.pdf,Contrato 096 - 5° Aditivo,,,SUS,HUAPA,0,4,5,096/2016-SES/GO,"Prestação de serviços de gestão hospitalar pelo IGH no Hospital de Urgências de Aparecida de Goiânia (HUAPA), incluindo serviços de imagem totalmente digital (radiodiagnóstico, ressonância magnética, tomografia computadorizada, mamografia e ultrassonografia), assistência hospitalar de urgência/emergência, atendimento ambulatorial e serviços de apoio diagnóstico terapêutico (SADT).","O presente documento é uma extração das competências previstas no 5º Termo Aditivo do Contrato de Gestão nº 096/2016-SES/GO, publicado em conformidade com o Art. 6º, §1º, I da Lei Estadual nº 18.025/2013, Item 21 do Anexo II da Resolução Normativa nº 013/2017 TCE-GO e Item 3.2.5 da Metodologia de Avaliação do Portal Transparência CGE 2ª Edição 2021. O Anexo Técnico VI trata especificamente dos serviços de imagem digital com característica temporária, em razão da transição do gerenciamento das atividades de imagem para a própria OSS. O Anexo Técnico I detalha as especificações técnicas e descritivo de serviços gerais do contrato de gestão. A data de assinatura do aditivo não está explicitamente indicada no documento.",IGH,Instituto de Gestão e Humanização - IGH,Estado de Goiás - Secretaria de Estado da Saúde (SES/GO),Secretaria de Estado da Saúde de Goiás (SES/GO),0,3,18,termo_aditivo,,,,2020-05-24,2020-02-01,,False
2023,C:\OSS-Goias\documentos\IGH\HEAPA\2023\05_Contrato_Gestao_Aditivos\Contrato 096 - 6° Aditivo.pdf,Contrato 096 - 6° Aditivo,,,SUS,HUAPA,9,0,6,096/2016-SES/GO,"Gestão do Hospital de Urgências de Aparecida de Goiânia - HUAPA, com especificações técnicas e descritivo de serviços para execução contratual na área da saúde, incluindo metas quantitativas e qualitativas para o período de vigência do 6º Termo Aditivo.","O documento apresentado é o Anexo Técnico I (Especificações Técnicas e Descritivo de Serviços) extraído na íntegra do 6º Termo Aditivo ao Contrato de Gestão nº 096/2016-SES/GO, com vigência de 25/05/2020 a 24/05/2021. Não constam no documento valores financeiros, metas físicas quantitativas, data de assinatura nem data de publicação no DOE. O hospital é identificado como HUAPA - Hospital Estadual de Urgências de Aparecida de Goiânia Caio Louzada. A OSS gestora é o IGH - Instituto de Gestão e Humanização.",IGH,Instituto de Gestão e Humanização - IGH,Secretaria de Estado da Saúde de Goiás - SES/GO,Secretaria de Estado da Saúde de Goiás - SES/GO,1,4,10,termo_aditivo,,,,2021-05-24,2020-05-25,12,False
2023,C:\OSS-Goias\documentos\IGH\HEAPA\2023\05_Contrato_Gestao_Aditivos\Contrato 096 - 7° Aditivo.pdf,Contrato 096 - 7° Aditivo,,,SUS,HUAPA,0,0,7,096/2016-SES/GO,"Gestão do Hospital de Urgências de Aparecida de Goiânia - HUAPA, com especificações técnicas de execução contratual na área da saúde, metas de produção e indicadores de qualidade/desempenho para o período de vigência do 7º Termo Aditivo.","Documento corresponde ao Anexo I - Especificações Técnicas/2021 - GERAT-18352, parte integrante do 7º Termo Aditivo ao Contrato de Gestão nº 096/2016-SES/GO. O documento transcrito contém apenas as especificações técnicas e descritivo de serviços (Segmentos I e parte do II), não apresentando tabelas de metas físicas de produção nem indicadores e metas de qualidade/desempenho com valores numéricos explícitos neste trecho. Vigência: 25/05/2021 a 24/05/2022.",IGH,Instituto de Gestão e Humanização - IGH,Secretaria de Estado da Saúde de Goiás - SES/GO,Secretaria de Estado da Saúde de Goiás - SES/GO,1,0,15,termo_aditivo,,,,2022-05-24,2021-05-25,12,False
2023,C:\OSS-Goias\documentos\IGH\HEAPA\2023\05_Contrato_Gestao_Aditivos\Contrato 096 - 8° Aditivo.pdf,Contrato 096 - 8° Aditivo,,,SUS,HEAPA,0,0,8,096/2016-SES/GO,"Detalhamento das competências e especificações técnicas previstas no 8º Termo Aditivo ao Contrato de Gestão nº 096/2016-SES/GO, referentes à gestão do Hospital Estadual de Aparecida de Goiânia - HEAPA, incluindo especificações técnicas de execução contratual na área da saúde, metas de produção e indicadores de qualidade/desempenho.","Documento apresenta apenas o Anexo nº I - Especificações Técnicas/2021 (GERAT-18352) do 8º Termo Aditivo, com vigência de 25/05/2022 a 21/09/2022. Não constam valores financeiros, metas físicas quantitativas nem indicadores de qualidade com metas numéricas neste trecho do documento. O documento referencia que há seções de Metas de Produção (II) e Indicadores e Metas de Qualidade/Desempenho (III), mas essas seções não estão presentes no arquivo.",IGH,Instituto de Gestão e Humanização - IGH,Secretaria de Estado da Saúde de Goiás - SES/GO,Secretaria de Estado da Saúde de Goiás - SES/GO,1,0,11,termo_aditivo,,,,2022-09-21,2022-05-25,,False
2023,C:\OSS-Goias\documentos\IGH\HEAPA\2023\05_Contrato_Gestao_Aditivos\Contrato 096 - 9° Aditivo.pdf,Contrato 096 - 9° Aditivo,,,SUS,HEAPA,0,0,9,096/2016-SES/GO,"Especificações técnicas, metas de produção e indicadores e metas de qualidade/desempenho para a gestão do Hospital Estadual de Aparecida de Goiânia - HEAPA pelo Instituto de Gestão e Humanização - IGH, conforme Anexo I do 9º Termo Aditivo ao Contrato de Gestão nº 096/2016-SES/GO.","O documento transcreve na íntegra as competências previstas no Anexo Nº I - Especificações Técnicas/2022 - SES/GERAT-18352 do 9º Termo Aditivo. Não constam no documento os valores financeiros, metas físicas quantitativas nem indicadores de qualidade com metas numéricas explícitas, que provavelmente constam em anexos separados (Anexo II - Metas de Produção e Anexo III - Indicadores e Metas de Qualidade/Desempenho) não incluídos neste arquivo.",IGH,Instituto de Gestão e Humanização - IGH,Estado de Goiás - Secretaria de Estado da Saúde (SES/GO),Secretaria de Estado da Saúde de Goiás - SES/GO,1,2,12,termo_aditivo,,,,2023-09-21,2022-09-22,12,False
2023,C:\OSS-Goias\documentos\IGH\HEAPA\2023\05_Contrato_Gestao_Aditivos\Contrato 096.pdf,Contrato 096,2016-11-25,,SUS,HUAPA,1,6,,096/2016-SES/GO,"Gestão, organização, administração e gerenciamento do Hospital de Urgências de Aparecida de Goiânia - HUAPA, por meio do desenvolvimento de técnicas modernas e adequadas que permitam o desenvolvimento da estrutura funcional e a manutenção física da referida Unidade e de seus equipamentos, além do provimento dos insumos e medicamentos necessários à garantia do seu pleno funcionamento.","O documento apresentado é uma compilação das competências previstas no Contrato de Gestão nº 096/2016-SES/GO, extraídas na íntegra, conforme obrigação prevista no Art. 6º, §1º, I da Lei Estadual nº 18.025/2013, Item 21, Anexo II da Resolução Normativa nº 013/2017 TCE-GO e Item 3.2.5 da Metodologia de Avaliação do Portal Transparência CGE 2ª Edição - 2021. Não constam valores financeiros, quadro de pessoal mínimo ou penalidades no trecho disponibilizado.",IGH,Instituto de Gestão e Humanização - IGH,Estado de Goiás - Secretaria de Estado da Saúde (SES/GO),Secretaria de Estado da Saúde de Goiás - SES/GO,0,0,7,contrato_gestao_inicial,,,,,2016-11-25,,False
2023,C:\OSS-Goias\documentos\IGH\HEAPA\2023\05_Contrato_Gestao_Aditivos\Contrato 100.pdf,Contrato 100,,,,HUAPA,0,0,,100/2015-SES/GO,"Gestão do Hospital de Urgências de Aparecida de Goiânia - HUAPA pelo Instituto de Gestão e Humanização - IGH, compreendendo organização, administração e gerenciamento da Unidade, com desenvolvimento de técnicas modernas e adequadas, manutenção física, provimento de insumos e medicamentos, atendimento exclusivo a usuários do SUS.","Documento apresenta apenas as competências previstas na Cláusula Terceira (Das Obrigações) do Contrato de Gestão n° 100/2015-SES/GO, extraídas na íntegra conforme exigência do Art. 6º, § 1º, I da Lei Estadual n° 18.025/2013, Item 21 do Anexo II da Resolução Normativa nº 013/2017 TCE-GO e Item 3.2.5 da Metodologia de Avaliação do Portal Transparência CGE 2ª Edição - 2021. Valores, metas físicas e indicadores de qualidade não constam neste trecho do documento.",IGH,Instituto de Gestão e Humanização - IGH,Estado de Goiás - Secretaria de Estado da Saúde (SES/GO),Secretaria de Estado da Saúde de Goiás - SES/GO,1,0,6,contrato_gestao_inicial,,,,,2015-12-01,,False
2023,C:\OSS-Goias\documentos\FUNEV\HEANA\2023\05_Contrato_Gestao_Aditivos\f30f01e6-2b47-401f-92ed-40a280a1175f.pdf,f30f01e6-2b47-401f-92ed-40a280a1175f,2023-03-28,,,HEANA,7,0,4,66/2019,"Gerenciamento, operacionalização e execução das ações e serviços de saúde do Hospital Estadual de Anápolis Dr. Henrique Santillo, com cumprimento das obrigações e responsabilidades do parceiro privado conforme Cláusula Segunda do 4º Termo Aditivo ao Contrato de Gestão Nº 66/2019 SES/GO","Documento trata-se de compilação das competências previstas no Contrato de Gestão Nº 66/2019 SES/GO, atualizado em 28/03/2023 pelo Diretor Executivo da FUNEV no HEANA, com base no 4º Termo Aditivo. Início da vigência do contrato original: 25/11/2019. O documento não é o contrato ou termo aditivo em si, mas um extrato das obrigações do parceiro privado (Cláusula Segunda e especificações técnicas). Comissões clínicas obrigatórias: Análise e Revisão de Prontuários Médicos, Verificação de Óbitos, Ética Médica e Ética de Enfermagem, Controle de Infecção Hospitalar, Ensino e Pesquisa (CEP), Transplantes (CIHDOTT), CIPA e SESMT. Pesquisa de satisfação quadrimestral por metodologia NPS.",FUNEV,Fundação Universitária Evangélica - FUNEV,Estado de Goiás / Secretaria de Estado da Saúde de Goiás (SES/GO),Secretaria de Estado da Saúde de Goiás,3,1,7,outro,,,,,2019-11-25,,False
2023,C:\OSS-Goias\documentos\IMED\HETRIN\2023\05_Contrato_Gestao_Aditivos\Publi_4o-TA_DOE-Hetrin_037-2019.pdf,Publi_4o-TA_DOE-Hetrin_037-2019,,2023-10-16,2850.10.302.1043.2149.03.16000232.50 - 2850.10.302.1043.2149.03.15000100.50,HETRIN,0,0,4,37/2019-SES/GO,"1. Prorrogação do prazo de vigência do Contrato de Gestão nº 037/2019-SES/GO, por 48 (quarenta e oito) meses, compreendendo o período de 25 de agosto de 2023 a 24 de agosto de 2027. 2. Alteração de metas com a Implantação de novos serviços e retirada de outros já existentes. 3. Readequação do valor de repasse mensal. 4. Aporte de recursos financeiros referente a folha de pagamento dos servidores cedidos ao IMED - Instituto de Medicina, Estudos e Desenvolvimento, com lotação no HETRIN.","Signatários: Sérgio Alberto Cunha Vencio - Secretário de Estado da Saúde; André Fonseca Leme - Instituto de Medicina, Estudos e Desenvolvimento - IMED. Processo nº 201900010008727.",IMED,"IMED - Instituto de Medicina, Estudos e Desenvolvimento",Estado de Goiás - Secretaria de Estado da Saúde,Secretaria de Estado da Saúde,0,0,0,termo_aditivo,,,278870266.08,2027-08-24,2023-08-25,48,False
2023,C:\OSS-Goias\documentos\FUNEV\HEANA\2023\05_Contrato_Gestao_Aditivos\SEI_GOVERNADORIA - 51933345 - Apostila HEANA.pdf,SEI_GOVERNADORIA - 51933345 - Apostila HEANA,2023-09-21,,Assistência financeira complementar da União (Portaria GM/MS nº 1.135/2023) - Dotação orçamentária 2850.10.302.1043.2149.03.16000232.50,HEANA,0,0,,66/2019-SES/GO,"Repasse financeiro à FUNEV referente à assistência financeira complementar da União para cumprimento do piso salarial nacional de enfermeiros, técnicos e auxiliares de enfermagem e parteiras, conforme Portaria GM/MS nº 1.135/2023, compreendendo 04 parcelas mensais estimadas em R$ 435.322,38, totalizando R$ 1.741.289,52.",1º Apostilamento ao Contrato de Gestão nº 66/2019-SES/GO. As despesas serão atendidas com recursos da Nota de Empenho nº 00042 (51829906). Permanecem inalteradas as cláusulas do contrato original e seus aditivos não modificadas por este instrumento. Processo Administrativo nº 201900010008114. SEI 51933345.,FUNEV,"Fundação Universitária Evangélica - FUNEV, CNPJ nº 07.776.237/0001-08","Estado de Goiás, por intermédio da Secretaria de Estado de Saúde",Secretaria de Estado da Saúde de Goiás - SES/GO,0,0,0,termo_apostilamento,,435322.38,1741289.52,,,,False
2024,C:\OSS-Goias\documentos\ISG\HDT\2024\05_Contrato_Gestao_Aditivos\05.-Relatorio-Resumido-da-Execucao-Orcamentaria-e-Financeira-por-Contrato-de-Gestao-Dezembro-23-1.pdf,05.-Relatorio-Resumido-da-Execucao-Orcamentaria-e-Financeira-por-Contrato-de-Gestao-Dezembro-23-1,,,Tesouro Estadual,HDT,0,0,,091/2012-SES/GO,Relatório Resumido da Execução Orçamentária e Financeira por Contrato de Gestão - Mês/Ano: Dezembro/2023 - Hospital Estadual de Doenças Tropicais Dr. Anuar Auad (HDT),"Relatório de Execução nº 41/2024 SES/DIPPAG-06381. Total de pagamentos no ano (jan-dez/2023): R$ 92.643.886,01. Total empenhado no ano: R$ 92.815.791,89. Total liquidado: R$ 91.972.896,15. Total de glosas aplicadas: R$ 20.973.287,66. 16º Termo Aditivo: Início 25/06/2023, Término 24/06/2024. Repasse adicional de investimento (adequação do sistema de gestão hospitalar, Portaria nº 1046/2019 SES/GO): R$ 21.120,00 (sendo R$ 20.000,00 via Proc. 201900010049590 e R$ 1.120,00 via Restos a Pagar Proc. 201100010017260). Documento assinado eletronicamente em 13-14/03/2024.",ISG,Instituto Sócrates Guanaes - ISG (CNPJ: 03.969.808/0003-31),Secretaria de Estado da Saúde – SES/GO (CNPJ: 02.529.964/0001-57),Secretaria de Estado da Saúde – SES/GO,5,0,0,outro,,8742499.07,,2024-06-24,2012-06-03,,False
2024,C:\OSS-Goias\documentos\ISG\HDT\2024\05_Contrato_Gestao_Aditivos\05.-Relatorio-Resumido-da-Execucao-Orcamentaria-e-Financeira-por-Contrato-de-Gestao-Julho-2024.pdf,05.-Relatorio-Resumido-da-Execucao-Orcamentaria-e-Financeira-por-Contrato-de-Gestao-Julho-2024,,,Tesouro Estadual,HDT,0,0,16,091/2012-SES/GO,"Relatório Resumido da Execução Orçamentária e Financeira por Contrato de Gestão referente ao período de Janeiro a Julho/2024, relativo ao Contrato de Gestão nº 091/2012-SES/GO (16º Termo Aditivo) para gestão do Hospital Estadual de Doenças Tropicais Dr. Anuar Auad – HDT pelo Instituto Sócrates Guanaes - ISG.","Relatório de Execução nº 419/2024 SES/DIPPAG-06381. Total de glosas aplicadas no período: R$11.148.076,56. Total de investimentos repassados no período de janeiro a julho/2024: R$876.724,21, incluindo: Lavadora Termodesinfectora (R$285.600,00), Aparelhos de Hemodiálise (R$126.000,00), Aparelhos de Raio X Móveis (R$236.000,00), Aparelho de Ultrassom (R$90.000,00), Videogastroscópio (R$101.846,01), entre outros equipamentos. Processo nº 201100010017260. Documento assinado eletronicamente em 04/09/2024 e 11/09/2024. Referência: Processo nº 202300010061685 SEI 63911076.",ISG,Instituto Sócrates Guanaes – ISG (CNPJ: 03.969.808/0003-31),Secretaria de Estado da Saúde – SES/GO (CNPJ: 02.529.964/0001-57),Secretaria de Estado da Saúde – SES/GO,5,0,5,outro,,7116084.94,,2025-06-24,2023-06-25,24,False
2024,C:\OSS-Goias\documentos\ISG\HDT\2024\05_Contrato_Gestao_Aditivos\06.-Relatorio-Resumido-da-Execucao-Orcamentaria-e-Financeira-por-Contrato-de-Gestao-Agosto-2024.pdf,06.-Relatorio-Resumido-da-Execucao-Orcamentaria-e-Financeira-por-Contrato-de-Gestao-Agosto-2024,,,Tesouro Estadual,HDT,0,0,,091/2012-SES/GO,"Relatório Resumido da Execução Orçamentária e Financeira por Contrato de Gestão referente ao período de Janeiro a Agosto/2024 - Hospital Estadual de Doenças Tropicais Dr. Anuar Auad (HDT), gerido pelo Instituto Sócrates Guanaes (ISG), Contrato de Gestão nº 091/2012-SES/GO e apostilamentos, 16º Termo Aditivo.","Relatório de Execução nº 427/2024 SES/DIPPAG-06381. Período: Janeiro a Agosto/2024. Total estimado anual: R$112.174.080,30 (custeio R$94.446.330,90). Total empenhado no período: R$94.239.381,09. Total de glosas aplicadas no período: R$12.721.294,26. Total de pagamentos no período (custeio): R$69.055.059,45. Investimentos repassados no período jan-ago/2024: R$1.206.669,17 (aquisição de diversos equipamentos hospitalares). Processo principal: 201100010017260. Documento assinado eletronicamente por Thalles Paulino de Avila e Pedro de Aquino Morais Junior em 30/09/2024 e 02/10/2024. Processo SEI nº 202300010061685.",ISG,Instituto Sócrates Guanaes - ISG,Secretaria de Estado da Saúde – SES/GO,Secretaria de Estado da Saúde – SES/GO,5,0,0,outro,,7116084.94,,2025-06-24,2023-06-25,,False
2024,C:\OSS-Goias\documentos\ISG\HDT\2024\05_Contrato_Gestao_Aditivos\06.-Relatorio-Resumido-da-Execucao-Orcamentaria-e-Financeira-por-Contrato-de-Gestao-Janeiro-a-Marco-24-1.pdf,06.-Relatorio-Resumido-da-Execucao-Orcamentaria-e-Financeira-por-Contrato-de-Gestao-Janeiro-a-Marco-24-1,,,Tesouro Estadual,HDT,0,0,16,091/2012-SES/GO,"Relatório Resumido da Execução Orçamentária e Financeira por Contrato de Gestão - Hospital Estadual de Doenças Tropicais Dr. Anuar Auad (HDT), referente ao período de janeiro a março de 2024, no âmbito do 16º Termo Aditivo do Contrato de Gestão nº 091/2012-SES/GO.","Relatório de Execução nº 111/2024 SES/DIPPAG-06381. Total de glosas aplicadas no período: R$ 9.908.356,33. Total de pagamentos no período (jan-mar/2024): R$ 20.861.726,02. Repasses adicionais (Restos a Pagar): R$ 122.449,11 (R$ 112.215,94 ref. nov/23 e R$ 10.233,17 ref. dez/23). Despesas previstas contratualmente executadas conforme solicitadas pela OSS no decorrer da vigência: R$ 8.568.412,21. Previsão de repasse mensal de custeio (16º TA): R$ 7.116.084,94. Valor mensal estimado total no contrato de gestão: R$ 9.212.755,71. Processo nº: 201100010017260. Documento assinado em 22/04/2024.",ISG,Instituto Sócrates Guanaes – ISG (CNPJ: 03.969.808/0003-31),Secretaria de Estado da Saúde – SES/GO (CNPJ: 02.529.964/0001-57),Secretaria de Estado da Saúde – SES/GO,5,0,6,outro,,7116084.94,,2024-06-24,2023-06-25,12,False
2024,C:\OSS-Goias\documentos\ISG\HDT\2024\05_Contrato_Gestao_Aditivos\07.-Relatorio-Resumido-da-Execucao-Orcamentaria-e-Financeira-por-Contrato-de-Gestao-Abril-24.pdf,07.-Relatorio-Resumido-da-Execucao-Orcamentaria-e-Financeira-por-Contrato-de-Gestao-Abril-24,,,Tesouro Estadual,HDT,0,0,16,091/2012-SES/GO,"Relatório Resumido da Execução Orçamentária e Financeira por Contrato de Gestão - Mês/Ano: Abril/2024 - Hospital Estadual de Doenças Tropicais Dr. Anuar Auad (HDT), gerido pelo Instituto Sócrates Guanaes (ISG), referente ao Contrato de Gestão nº 091/2012-SES/GO e 1º Apostilamento, 16º Termo Aditivo.","Total de glosas aplicadas no período: R$ 6.351.050,38. Pagamentos via Restos a Pagar referentes a competências de jun/2023 a dez/2023 foram efetuados em abril/2024, conforme Despacho nº 3690/2023/G. Processo SEI nº 202300010061685. Documento assinado eletronicamente por Leticia Barbosa Pereira Rodrigues Xavier (Superintendente em Substituição) em 27/05/2024 e por Thalles Paulino de Avila (Superintendente) em 28/05/2024.",ISG,Instituto Sócrates Guanaes – ISG (CNPJ: 03.969.808/0003-31),Secretaria de Estado da Saúde – SES/GO (CNPJ: 02.529.964/0001-57),Secretaria de Estado da Saúde – SES/GO,4,0,0,outro,,7116084.94,,2024-06-24,2023-06-25,12,False
2024,C:\OSS-Goias\documentos\ISG\HDT\2024\05_Contrato_Gestao_Aditivos\09.-Relatorio-Resumido-da-Execucao-Orcamentaria-e-Financeira-por-Contrato-de-Gestao-Setembro-2024-Excel.xlsx,09.-Relatorio-Resumido-da-Execucao-Orcamentaria-e-Financeira-por-Contrato-de-Gestao-Setembro-2024-Excel,,,Tesouro Estadual,HDT,0,0,16,091/2012-SES/GO,"Relatório Resumido da Execução Orçamentária e Financeira por Contrato de Gestão - Hospital Estadual de Doenças Tropicais Dr. Anuar Auad (HDT), referente ao período de janeiro a setembro de 2024, sob gestão do Instituto Sócrates Guanaes (ISG).","Total de glosas aplicadas no período jan-set/2024: R$ 14.248.693,88. Total de pagamentos no período: R$ 76.765.709,06. Repasses adicionais incluem ressarcimentos (rescisões trabalhistas, serviço hospitalar e ambulatorial, leitos extras, OPME e outros), mandados judiciais, regularização de despesas, encontro de contas final do contrato. Processo principal: 201100010017260. Contrato original nº 091/2012-SES/GO com 1º, 2º, 3º e 4º Apostilamentos. Vigência referente ao 16º Termo Aditivo (25/06/2023 a 24/06/2025). Previsão de repasse mensal custeio: R$ 7.116.084,94. Responsáveis: Pedro de Aquino Morais Júnior (Superintendente de Monitoramento dos Contratos de Gestão e Convênios - SES-GO) e Thalles Paulino de Ávila (Superintendente de Gestão Integrada - SGI/SES-GO).",ISG,Instituto Sócrates Guanaes – ISG (CNPJ: 03.969.808/0003-31),Secretaria de Estado da Saúde – SES/GO (CNPJ: 02.529.964/0001-57),Secretaria de Estado da Saúde – SES/GO,6,0,0,outro,,7116084.94,,2025-06-24,2023-06-25,24,False
2024,C:\OSS-Goias\documentos\ISG\HDT\2024\05_Contrato_Gestao_Aditivos\09.-Relatorio-Resumido-da-Execucao-Orcamentaria-e-Financeira-por-Contrato-de-Gestao-Setembro-2024.pdf,09.-Relatorio-Resumido-da-Execucao-Orcamentaria-e-Financeira-por-Contrato-de-Gestao-Setembro-2024,,,Tesouro Estadual,HDT,0,0,16,091/2012-SES/GO,"Relatório Resumido da Execução Orçamentária e Financeira do Contrato de Gestão nº 091/2012-SES/GO referente ao período de janeiro a setembro de 2024, relativo à gestão do Hospital Estadual de Doenças Tropicais Dr. Anuar Auad - HDT pelo Instituto Sócrates Guanaes - ISG.","Relatório de Execução nº 486/2024 SES/DIPPAG-06381. Período: janeiro a setembro/2024. Total de pagamentos no período: R$ 76.765.709,06. Total de glosas aplicadas: R$ 14.248.693,88. Total de investimentos repassados no período (janeiro a setembro/2024): R$ 1.226.035,17, incluindo aquisição de equipamentos médico-hospitalares (lavadora termodesinfectora, aparelhos de hemodiálise, raio X móveis, ultrassom, videogastroscópio, videobroncoscópio, ventiladores pulmonares, entre outros). Processo principal: 201100010017260. Contrato também possui 1º, 2º, 3º e 4º Apostilamentos.",ISG,Instituto Sócrates Guanaes - ISG,Secretaria de Estado da Saúde – SES/GO,Secretaria de Estado da Saúde – SES/GO,6,0,0,outro,,7116084.94,,2025-06-24,2023-06-25,24,False
2024,C:\OSS-Goias\documentos\ISG\HDT\2024\05_Contrato_Gestao_Aditivos\10.-Relatorio-Resumido-da-Execucao-Orcamentaria-e-Financeira-por-Contrato-de-Gestao-Outubro-2024-Excel.xlsx,10.-Relatorio-Resumido-da-Execucao-Orcamentaria-e-Financeira-por-Contrato-de-Gestao-Outubro-2024-Excel,,,Tesouro Estadual,HDT,0,0,16,091/2012-SES/GO,Relatório Resumido da Execução Orçamentária e Financeira por Contrato de Gestão - Hospital Estadual de Doenças Tropicais Dr. Anuar Auad (HDT) - Janeiro a Outubro/2024,"Relatório de execução orçamentária e financeira período janeiro a outubro/2024. Total de pagamentos no período: R$ 85.412.322,47. Total de glosas aplicadas: R$ 15.700.023,13. Repasse mensal de custeio pactuado: R$ 7.116.084,94. Contrato possui também 1º ao 5º Apostilamentos. Total empenhado custeio: R$ 95.381.069,16; investimentos: R$ 835.121,31. Fonte: Contratos de Gestão e Aditivos contidos no processo e Portal Transparência saude.go.gov.br e Sistema SIOFINET Portal.go.gov.br.",ISG,Instituto Sócrates Guanaes - ISG (CNPJ: 03.969.808/0003-31),Secretaria de Estado da Saúde – SES/GO (CNPJ: 02.529.964/0001-57),Secretaria de Estado da Saúde – SES/GO,5,0,0,outro,,7116084.94,,2025-06-24,2023-06-25,24,False
2024,C:\OSS-Goias\documentos\ISG\HDT\2024\05_Contrato_Gestao_Aditivos\10.-Relatorio-Resumido-da-Execucao-Orcamentaria-e-Financeira-por-Contrato-de-Gestao-Outubro-2024.pdf,10.-Relatorio-Resumido-da-Execucao-Orcamentaria-e-Financeira-por-Contrato-de-Gestao-Outubro-2024,,,Tesouro Estadual,HDT,0,0,16,091/2012-SES/GO,"Relatório Resumido da Execução Orçamentária e Financeira por Contrato de Gestão - Hospital Estadual de Doenças Tropicais Dr. Anuar Auad (HDT), referente ao período de janeiro a outubro de 2024, contrato de gestão nº 091/2012-SES/GO e apostilamentos, 16º Termo Aditivo.","Relatório de Execução nº 517/2024 SES/DIPPAG-06381. Contrato de Gestão nº 091/2012-SES/GO com 1º ao 5º Apostilamento e 16º Termo Aditivo. Vigência do 16º TA: 25/06/2023 a 24/06/2025. Previsão de repasse mensal de custeio: R$ 7.116.084,94. Total de pagamentos no período jan-out/2024: R$ 85.412.322,47. Total de glosas aplicadas no período: R$ 15.700.023,13. Total de investimentos repassados no período jan-out/2024: R$ 1.226.035,17, incluindo aquisição de equipamentos médicos (lavadora termodesinfectora, aparelhos de hemodiálise, raio-x móvel, videogastroscópio, vídeobroncoscópio, ventiladores pulmonares, entre outros). Processo principal: 201100010017260.",ISG,Instituto Sócrates Guanaes - ISG,Secretaria de Estado da Saúde – SES/GO,Secretaria de Estado da Saúde – SES/GO,4,0,6,outro,,7116084.94,,2025-06-24,2023-06-25,24,False
2024,C:\OSS-Goias\documentos\IMED\HETRIN\2024\05_Contrato_Gestao_Aditivos\10o-APOSTILAMENTO-AO-CONTRATO-DE-GESTAO-PUBL.pdf,10o-APOSTILAMENTO-AO-CONTRATO-DE-GESTAO-PUBL,2024-10-21,2024-10-22,Assistência financeira complementar da União (Piso de Enfermagem),HETRIN,0,0,10,37/2019-SES/GO,Repasse referente assistência financeira complementar da União (Piso de Enfermagem).,Processo nº 202400010074146. Signatário: Rasível dos Reis Santos Júnior - Secretário de Estado da Saúde.,IMED,"Instituto de Medicina, Estudos e Desenvolvimento - IMED",Estado de Goiás - Secretaria de Estado da Saúde,Secretaria de Estado da Saúde,0,0,0,termo_apostilamento,,,15781.17,,,,False
2024,C:\OSS-Goias\documentos\IMED\HETRIN\2024\05_Contrato_Gestao_Aditivos\10o-APOSTILAMENTO-AO-CONTRATO-DE-GESTAO.pdf,10o-APOSTILAMENTO-AO-CONTRATO-DE-GESTAO,2024-10-21,,Assistência financeira complementar da União (Portaria GM MS Nº 5.424/2024),HETRIN,0,0,10,37/2019-SES/GO,"Repasse financeiro ao IMED referente à assistência financeira complementar da União para cumprimento do piso salarial nacional de enfermeiros, técnicos e auxiliares de enfermagem e parteiras, no contexto do Hospital Estadual de Trindade Walda Ferreira dos Santos - HETRIN.","10º Apostilamento ao Contrato de Gestão nº 37/2019-SES/GO. Fundamento: Parecer Jurídico nº 717/2023-SES/PROCSET e Portaria GM MS Nº 5.424/2024. Nota de Empenho nº 00108 (66128626), dotação orçamentária 2850.10.302.1043.2516.03.16050001.50. Processo Administrativo nº 202400010074146, vinculado ao nº 201900010008727. Documento SEI 66246591.",IMED,"Instituto de Medicina, Estudos e Desenvolvimento - IMED","Estado de Goiás, por intermédio da Secretaria de Estado de Saúde",Secretaria de Estado da Saúde - SES/GO,0,0,0,termo_apostilamento,,,15781.17,,2024-10-21,,False
2024,C:\OSS-Goias\documentos\Albert Einstein\HUGO\2024\05_Contrato_Gestao_Aditivos\10o-Apostilamento-ao-Termo-de-Colaboracao-no-097-2024-SES.pdf,10o-Apostilamento-ao-Termo-de-Colaboracao-no-097-2024-SES,2025-04-29,2025-04-30,Assistência financeira complementar da União (Portaria GM/MS 6.807/2025),HUGO,0,0,10,97/2024-SES/GO,"Repasse financeiro referente assistência financeira complementar da União para cumprimento do piso salarial nacional de enfermeiros, técnicos e auxiliares de enfermagem e parteiras no contexto das unidades de saúde geridas por organizações sociais de saúde ou fundações","Parcela única de R$ 70.607,42. Nota de Empenho nº 00081 (73387690), dotação orçamentária 2850.10.302.1043.2516.03.16050001.50. Processo Administrativo nº 202500010026391, vinculado ao de nº 202300010023416. Permanecem inalteradas as cláusulas do contrato original, aditivos e apostilas não modificadas por este instrumento.",Sociedade Beneficente Israelita Brasileira - Hospital Albert Einstein,Sociedade Beneficente Israelita Brasileira - Hospital Albert Einstein,"Estado de Goiás, por intermédio da Secretaria de Estado da Saúde",Secretaria de Estado da Saúde de Goiás,0,0,0,termo_apostilamento,,,70607.42,,2025-04-29,,False
2024,C:\OSS-Goias\documentos\ISG\HDT\2024\05_Contrato_Gestao_Aditivos\11.-Relatorio-Resumido-da-Execucao-Orcamentaria-e-Financeira-por-Contrato-de-Gestao-Novembro-2024-Excel.xlsx,11.-Relatorio-Resumido-da-Execucao-Orcamentaria-e-Financeira-por-Contrato-de-Gestao-Novembro-2024-Excel,,,Tesouro Estadual,HDT,0,0,16,091/2012-SES/GO,"Relatório Resumido da Execução Orçamentária e Financeira por Contrato de Gestão - Hospital Estadual de Doenças Tropicais Dr. Anuar Auad (HDT), período Janeiro a Novembro/2024","Relatório Resumido da Execução Orçamentária e Financeira referente ao período Janeiro a Novembro/2024. Contrato de Gestão nº 091/2012-SES/GO com 1º ao 6º Apostilamentos e 16º Termo Aditivo (vigência 25/06/2023 a 24/06/2025). Repasse mensal estimado de custeio: R$ 7.116.084,94. Processo nº 201100010017260. Total de glosas aplicadas no período: R$ 17.379.675,00. Total de pagamentos no período: R$ 92.501.700,83 (custeio). Fonte: Contratos de Gestão e Aditivos contidos no processo, Portal Transparência saude.go.gov.br e Sistema SIOFINET - Portal.go.gov.br.",ISG,Instituto Sócrates Guanaes - ISG (CNPJ: 03.969.808/0003-31),Secretaria de Estado da Saúde – SES/GO (CNPJ: 02.529.964/0001-57),Secretaria de Estado da Saúde – SES/GO,5,0,0,outro,,7116084.94,,2025-06-24,2023-06-25,24,False
2024,C:\OSS-Goias\documentos\ISG\HDT\2024\05_Contrato_Gestao_Aditivos\11.-Relatorio-Resumido-da-Execucao-Orcamentaria-e-Financeira-por-Contrato-de-Gestao-Novembro-2024.pdf,11.-Relatorio-Resumido-da-Execucao-Orcamentaria-e-Financeira-por-Contrato-de-Gestao-Novembro-2024,,,Tesouro Estadual,HDT,0,0,,091/2012,"Relatório Resumido da Execução Orçamentária e Financeira por Contrato de Gestão - Hospital Estadual de Doenças Tropicais Dr. Anuar Auad (HDT) - período janeiro a novembro/2024, referente ao Contrato de Gestão nº 091/2012-SES/GO e apostilamentos, 16º Termo Aditivo.","Relatório de Execução nº 575/2024 SES/DIPPAG-06381. Vigência do 16º Termo Aditivo: 25/06/2023 a 24/06/2025. Previsão de repasse mensal de custeio: R$ 7.116.084,94. Total empenhado no período jan-nov/2024 (custeio): R$ 95.149.802,08. Total pago (custeio): R$ 85.523.826,54. Total de investimentos repassados no período jan-nov/2024: R$ 1.362.861,73. Glosas totais aplicadas no período: R$ 17.379.675,00. Apostilamentos: 1º ao 6º Apostilamento. Processo principal: 201100010017260. Documento assinado em 07-08/01/2025.",ISG,Instituto Sócrates Guanaes – ISG (CNPJ: 03.969.808/0003-31),Secretaria de Estado da Saúde – SES/GO (CNPJ: 02.529.964/0001-57),Secretaria de Estado da Saúde – SES/GO,5,0,8,outro,,7116084.94,,2025-06-24,2023-06-25,24,False
2024,C:\OSS-Goias\documentos\AGIR\HUGOL\2024\05_Contrato_Gestao_Aditivos\11° Aditivo ao Contrato de Gestão 003-14 HUGOL_2024.pdf,11° Aditivo ao Contrato de Gestão 003-14 HUGOL_2024,2024-05-06,2024-05-08,Recursos não Vinculados de Impostos - Receitas Ordinárias (Fonte 15000100) - Fundo Estadual de Saúde - FES,HUGOL,20,28,11,003/2014-SES/GO,Prorrogação da vigência do Contrato de Gestão nº 003/2014-SES/GO por 36 meses; readequação do Plano de Metas de Produção e Desempenho (Anexo I/2023-SES/GEMOD); readequação do valor do repasse mensal (Anexos IV e V/2023-SES/CECES); readequação do valor do repasse mensal referente ao custeio dos Programas de Residência Médica e em Área de Saúde do HUGOL (Anexo II/2023-SES/CRES).,"O valor total do aditivo é R$ 1.194.535.892,78, sendo R$ 1.186.333.520,04 referentes ao custeio assistencial (36 meses x R$ 32.953.708,89/mês) e R$ 8.202.372,74 ao custeio dos Programas de Residência Médica e em Área de Saúde. O repasse mensal divide-se em 90% parte fixa assistencial (R$ 29.658.338,00) e 10% parte variável de Indicadores de Desempenho (R$ 3.295.370,89). Notas de empenho: 00073, 00074 e 000075, todas de 21/02/2024, totalizando R$ 110.439.023,10. Documento assinado eletronicamente em 06/05/2024 e publicado no DOE em 08/05/2024 (Diário Oficial nº 24.281). CNES do HUGOL: 7743068. Processo administrativo nº 201400010001769. Código verificador SEI: 59590305.",AGIR,"Associação de Gestão, Inovação e Resultados em Saúde - AGIR",Estado de Goiás - Secretaria de Estado da Saúde (SES/GO),Secretaria de Estado da Saúde de Goiás - SES/GO,6,7,25,termo_aditivo,,32953708.89,1194535892.78,2026-07-15,2023-07-15,36,False
2024,C:\OSS-Goias\documentos\AGIR\HUGOL\2024\05_Contrato_Gestao_Aditivos\12° Aditivo ao Contrato de Gestão 003-14 HUGOL_2024.pdf,12° Aditivo ao Contrato de Gestão 003-14 HUGOL_2024,2024-12-20,2024-12-20,Transferências Fundo a Fundo de Recursos do SUS (16000003) e Recursos não Vinculados de Impostos - Receitas Ordinárias (15000100),HUGOL,18,25,12,003/2014-SES/GO,Revisão de metas conforme Anexo I/SES/GEMOD e alteração dos Anexos IV e V/SES/GEMOD para readequação do valor referente ao custeio mensal da Unidade do Hospital Estadual de Urgências Governador Otávio Lage de Siqueira - HUGOL.,"Valor total acumulado do Contrato de Gestão nº 003/2014-SES/GO passa de R$ 1.194.535.892,78 para R$ 1.282.982.293,61 com o acréscimo deste aditivo. O valor mensal estimado de custeio é de R$ 37.226.577,07 (antes da AT HECAD) e R$ 37.317.840,51 (após AT HECAD). O repasse é dividido em 90% vinculado a indicadores de produção e 10% a indicadores de desempenho. Vigência do presente ajuste: 08/11/2024 a 15/07/2026. Processo administrativo nº 202400010078911. SEI nº 68764910. Publicado no DOE/GO nº 24.438 de 20/12/2024.",AGIR,"Associação de Gestão, Inovação e Resultados em Saúde - AGIR","Estado de Goiás, por intermédio da Secretaria de Estado da Saúde - SES/GO",Secretaria de Estado da Saúde de Goiás - SES/GO,6,0,29,termo_aditivo,,4364131.62,88446400.83,2026-07-15,2024-11-08,20,False
2024,C:\OSS-Goias\documentos\FUNEV\HEANA\2024\05_Contrato_Gestao_Aditivos\1715721689838HEANA_5 apostilamento.pdf,1715721689838HEANA_5 apostilamento,2024-03-15,2024-03-19,Assistência financeira complementar da União / Tesouro Estadual - Dotação Orçamentária 2850.10.302.1043.2516.03.16000232.50,HEANA,0,0,5,66/2019-SES/GO,"Repasse de assistência financeira da União para cumprimento do piso salarial nacional de enfermeiros, técnicos e auxiliares de enfermagem e parteiras no contexto das unidades de saúde geridas por organizações sociais de saúde ou fundações, conforme Portaria GM/MS nº 3.206/2024","Parcela única estimada de R$ 598.763,89 referente ao piso salarial nacional de enfermagem. Nota de Empenho nº 00061 (57820287). Processo Administrativo nº 201900010008114. Baseado no Parecer Jurídico nº 717/2023-SES/PROCSET. As demais cláusulas do contrato original, aditivos e apostilas permanecem inalteradas.",FUNEV,"Fundação Universitária Evangélica - FUNEV, CNPJ nº 07.776.237/0001-08",Estado de Goiás - Secretaria de Estado da Saúde,Secretaria de Estado da Saúde - SES/GO,0,0,0,termo_apostilamento,,,598763.89,,2024-03-15,,False
2024,C:\OSS-Goias\documentos\FUNEV\HEANA\2024\05_Contrato_Gestao_Aditivos\1715721726204HEANA_6 apostilamento.pdf,1715721726204HEANA_6 apostilamento,2024-03-21,2024-03-25,"Assistência financeira complementar da União (Portaria GM/MS nºs 2.015/2023, 2.031/2023, 2.634/2023, 3.131/2024)",HEANA,0,0,6,66/2019-SES/GO,"Repasse de assistência financeira da União para cumprimento do piso salarial nacional de enfermeiros, técnicos e auxiliares de enfermagem e parteiras no contexto das unidades de saúde geridas por organizações sociais de saúde ou fundações, do Hospital Estadual de Anápolis Dr. Henrique Santillo – HEANA","Apostila emitida com fundamento no Parecer Jurídico nº 717/2023-SES/PROCSET (51650657). Despesas atendidas com recursos da Nota de Empenho nº 00031 (57999081), dotação orçamentária 2850.10.302.1043.2516.03.26000232.50. Repasse em 1 (uma) parcela estimada. Permanecem inalteradas as cláusulas do contrato original, aditivos e apostilas não modificadas por este instrumento. Processo Administrativo nº 201900010008114. SEI 58008385.",FUNEV,Fundação Universitária Evangélica - FUNEV,Estado de Goiás - Secretaria de Estado da Saúde,Secretaria de Estado da Saúde,0,0,0,termo_apostilamento,,,1802735.93,,,,False
2024,C:\OSS-Goias\documentos\FUNEV\HEANA\2024\05_Contrato_Gestao_Aditivos\17157217548867 HEANA apostilamento_merged-2.pdf,17157217548867 HEANA apostilamento_merged-2,2024-04-22,2024-04-24,Assistência financeira complementar da União / Tesouro Estadual - Dotação Orçamentária 2850.10.302.1043.2516.03.16000232.50,HEANA,0,0,7,66/2019-SES/GO,"Repasse financeiro à Fundação Universitária Evangélica - FUNEV referente assistência financeira complementar da União para cumprimento do piso salarial nacional de enfermeiros, técnicos e auxiliares de enfermagem e parteiras no contexto das unidades de saúde geridas por organizações sociais de saúde ou fundações, conforme Portaria GM/MS nº 3.416/2024","7º Apostilamento ao Contrato de Gestão nº 66/2019-SES/GO. Repasse de 1 (uma) parcela no valor de R$ 593.341,21 com base na Portaria GM/MS nº 3.416/2024. Nota de Empenho nº 00088 (59179545). Processo Administrativo nº 201900010008114. Parecer Jurídico nº 717/2023-SES/PROCSET. Documento assinado eletronicamente por Rasivel dos Reis Santos Junior, Secretário de Estado, em 22/04/2024.",FUNEV,"Fundação Universitária Evangélica - FUNEV, CNPJ nº 07.776.237/0001-08","Estado de Goiás, por intermédio da Secretaria de Estado de Saúde",Secretaria de Estado da Saúde de Goiás,0,0,0,termo_apostilamento,,,593341.21,,2024-04-22,,False
2024,C:\OSS-Goias\documentos\FUNEV\HEANA\2024\05_Contrato_Gestao_Aditivos\17157233426175º Aditivo Contrato de Gestão.pdf,17157233426175º Aditivo Contrato de Gestão,2024-02-09,2024-02-14,Recursos não vinculados de impostos - Receitas Ordinárias; Transferências fundo a fundo de Recursos do SUS,HEANA,13,16,5,66/2019-SES/GO,Prorrogação da vigência do Contrato de Gestão nº 66/2019-SES/GO por 48 meses; implantação de novos serviços e alteração de metas; aporte de recursos para custeio dos Programas de Residência Médica e Multiprofissional em Área da Saúde do HEANA; aporte de recursos referente à folha de pagamento dos servidores cedidos ao HEANA; readequação do valor de repasse mensal.,"O valor total de R$ 468.413.014,99 inclui: R$ 466.374.931,15 para custeio assistencial e indicadores de desempenho; R$ 625.255,68 para Programas de Residência Médica e Multiprofissional; e R$ 1.412.828,16 para folha de pagamento de servidores cedidos. O custeio da parte assistencial corresponde a 90% do repasse mensal e os indicadores de desempenho a 10%. O valor mensal de R$ 9.693.907,70 vigora até março/2024 e R$ 9.718.407,20 a partir de abril/2024 (com implantação do CPRE). O HEANA é unidade de Assistência, Ensino, Pesquisa e Extensão Universitária com 132 leitos (35 Clínica Médica, 46 Clínica Cirúrgica, 51 UTI Adulto) e 5 leitos dia. Documento assinado eletronicamente em 08/02/2024 e 09/02/2024 e publicado no Diário Oficial do Estado de Goiás nº 24.223 em 14/02/2024 e no DOU Seção 3 nº 30 em 14/02/2024.",FUNEV,Fundação Universitária Evangélica - FUNEV,"Estado de Goiás, por intermédio da Secretaria de Estado da Saúde - SES/GO",Secretaria de Estado da Saúde de Goiás - SES/GO,8,7,33,termo_aditivo,,9718407.2,468413014.99,2027-11-18,2023-11-18,48,False
2024,C:\OSS-Goias\documentos\FUNEV\HEANA\2024\05_Contrato_Gestao_Aditivos\17175196129414. Apostilamento.pdf,17175196129414. Apostilamento,2024-02-27,2024-03-01,Assistência financeira complementar da União (Portaria GM/MS nº 3.113/2024),HEANA,0,0,4,94/2023-SES/GO,"Repasse financeiro referente assistência financeira complementar da União destinado ao cumprimento do piso salarial nacional de enfermeiros, técnicos e auxiliares de enfermagem e parteiras, conforme Portaria GM/MS nº 3.113/2024, relativo a 1 (uma) parcela estimada referente ao Hospital Estadual de São Luis de Montes Belos Dr. Geraldo Landó, gerenciado pela FUNEV.","4º Apostilamento ao Contrato de Gestão nº 66/2019/SES/GO (referenciado também como nº 94/2023-SES/GO no título do apostilamento). Nota de Empenho nº 00033 (SEI 56986821). Dotação Orçamentária: 2850.10.302.1043.2516.03.16000232.50. Processo Administrativo nº 201900010008114. Publicado no DOU em 01/03/2024 (Edição 42, Seção 3, Página 250) e no DOE/GO em 01/03/2024 (Diário Oficial/GO nº 24.236).",FUNEV,Fundação Universitária Evangélica - FUNEV,Estado de Goiás - Secretaria de Estado da Saúde,Secretaria de Estado da Saúde de Goiás,0,0,0,termo_apostilamento,,,607760.11,,,,False
2024,C:\OSS-Goias\documentos\FUNEV\HEANA\2024\05_Contrato_Gestao_Aditivos\1722879723635-8_Apostilamento_Heana.pdf,1722879723635-8_Apostilamento_Heana,2024-05-29,2024-06-03,Assistência financeira complementar da União (Portaria GM/MS nº 3.622/2024),HEANA,0,0,8,66/2019-SES/GO,"Repasse de assistência financeira da União para cumprimento do piso salarial nacional de enfermeiros, técnicos e auxiliares de enfermagem e parteiras no contexto das unidades de saúde geridas por organizações sociais de saúde ou fundações, referente ao Hospital Estadual de Anápolis Dr. Henrique Santillo – HEANA.","Dotação orçamentária: 2850.10.302.1043.2516.03.16000232.50. Nota de Empenho nº 00138 (60659382). Processo Administrativo nº 201900010008114. Parecer Jurídico nº 717/2023-SES/PROCSET. As demais cláusulas do contrato original, aditivos e apostilas permanecem inalteradas.",FUNEV,"Fundação Universitária Evangélica - FUNEV, CNPJ nº 07.776.237/0001-08",Estado de Goiás - Secretaria de Estado da Saúde,Secretaria de Estado da Saúde de Goiás,0,0,0,termo_apostilamento,,,594840.58,,,,False
2024,C:\OSS-Goias\documentos\FUNEV\HEANA\2024\05_Contrato_Gestao_Aditivos\1722879779325-9_Apostilamento_Heana.pdf,1722879779325-9_Apostilamento_Heana,2024-06-28,,Assistência financeira complementar da União (Portaria GM/MS nº 4.124/2024),HEANA,0,0,9,66/2019-SES/GO,"Repasse financeiro à Fundação Universitária Evangélica - FUNEV referente à assistência financeira complementar da União para cumprimento do piso salarial nacional de enfermeiros, técnicos e auxiliares de enfermagem e parteiras, no contexto do Hospital Estadual de Anápolis Dr. Henrique Santillo – HEANA.","9º Apostilamento ao Contrato de Gestão nº 66/2019-SES/GO. Valor repassado em 1 (uma) parcela de R$ 638.322,31, atendido pela Nota de Empenho nº 00003 (61934532), dotação orçamentária 2850.10.302.1043.2516.03.16050001.50. Documento assinado por Rasivel dos Reis Santos Junior, Secretário de Estado, em 28/06/2024. Processo Administrativo nº 201900010008114.",FUNEV,"Fundação Universitária Evangélica - FUNEV, CNPJ nº 07.776.237/0001-08","Estado de Goiás, por intermédio da Secretaria de Estado de Saúde",Secretaria de Estado da Saúde - SES/GO,0,0,0,termo_apostilamento,,,638322.31,,,,False
2024,C:\OSS-Goias\documentos\FUNEV\HEANA\2024\05_Contrato_Gestao_Aditivos\1722879826687-10_Apostilamento_Heana.pdf,1722879826687-10_Apostilamento_Heana,2024-07-30,2024-07-31,Assistência financeira complementar da União,HEANA,0,0,10,66/2019-SES/GO,"Repasse de assistência financeira da União para cumprimento do piso salarial nacional de enfermeiros, técnicos e auxiliares de enfermagem e parteiras no contexto das unidades de saúde geridas por organizações sociais de saúde ou fundações","10º Apostilamento ao Contrato de Gestão nº 66/2019-SES/GO referente ao Hospital Estadual de Anápolis Dr. Henrique Santillo (HEANA). Repasse em 1 parcela de R$ 628.634,70. Dotação orçamentária: 2850.10.302.1043.2516.03.16000232.50. Nota de Empenho nº 00177 (62873695). Processo Administrativo nº 202400010050381, vinculado ao nº 201900010008114. Fundamento: Parecer Jurídico nº 717/2023-SES/PROCSET e Portaria GM/MS nº 4.631/2024. Documento assinado por Rasivel dos Reis Santos Junior, Secretário de Estado.",FUNEV,Fundação Universitária Evangélica - FUNEV,Estado de Goiás - Secretaria de Estado da Saúde,Secretaria de Estado da Saúde de Goiás,0,0,0,termo_apostilamento,,,628634.7,,,,False
2024,C:\OSS-Goias\documentos\FUNEV\HEANA\2024\05_Contrato_Gestao_Aditivos\1725622186347-11_Apostilamento.pdf,1725622186347-11_Apostilamento,2024-08-26,2024-08-27,Assistência financeira complementar da União (Piso de Enfermagem) - Portaria GM/MS nº 4.296/2024,HEANA,0,0,11,66/2019-SES/GO,"Repasse financeiro à Fundação Universitária Evangélica - FUNEV, referente assistência financeira complementar da União (Piso de Enfermagem), para o gerenciamento, operacionalização e execução das atividades do Hospital Estadual de Anápolis Dr. Henrique Santillo – HEANA.","Fundamento no Parecer Jurídico nº 717/2023-SES/PROCSET (51650657) e na Portaria GM/MS nº 4.296/2024 (63531654). Nota de Empenho nº 00067 (63942974), dotação orçamentária 2850.10.302.1043.2516.03.16050001.50. Processo Administrativo nº 202400010057091, vinculado ao nº 201900010008114. Permanecem inalteradas as demais cláusulas do contrato original, aditivos e apostilas anteriores.",FUNEV,Fundação Universitária Evangélica - FUNEV,Estado de Goiás - Secretaria de Estado da Saúde,Secretaria de Estado da Saúde,0,0,0,termo_apostilamento,,,635440.16,,,,False
2024,C:\OSS-Goias\documentos\FUNEV\HEANA\2024\05_Contrato_Gestao_Aditivos\1727874230679-12_Apostilamento_Heana.pdf,1727874230679-12_Apostilamento_Heana,2024-09-24,2024-09-27,Assistência financeira complementar da União - Portaria GM/MS nº 5.287/2024,HEANA,0,0,12,66/2019-SES/GO,"Repasse financeiro à Fundação Universitária Evangélica - FUNEV, referente assistência financeira complementar da União, para cumprimento do piso salarial nacional de enfermeiros, técnicos e auxiliares de enfermagem e parteiras no contexto das unidades de saúde geridas por organizações sociais de saúde ou fundações.","Nota de Empenho nº 00096 (65207366), dotação orçamentária 2850.10.302.1043.2516.03.16050001.50. Processo Administrativo nº 202400010066809, vinculado ao nº 201900010008114. Documento assinado por Rasivel dos Reis Santos Junior, Secretário de Estado, em 24/09/2024.",FUNEV,Fundação Universitária Evangélica - FUNEV,"Estado de Goiás, por intermédio da Secretaria de Estado da Saúde",Secretaria de Estado da Saúde - SES/GO,0,0,0,termo_apostilamento,,,638555.49,,,,False
2024,C:\OSS-Goias\documentos\FUNEV\HEANA\2024\05_Contrato_Gestao_Aditivos\1730301031873-13_Apostilamento_Heana.pdf,1730301031873-13_Apostilamento_Heana,2024-10-21,2024-10-22,Assistência financeira complementar da União - Dotação orçamentária 2850.10.302.1043.2516.03.16050001.50,HEANA,0,0,13,66/2019-SES/GO,"Repasse financeiro referente assistência financeira complementar da União (Piso de Enfermagem) para cumprimento do piso salarial nacional de enfermeiros, técnicos e auxiliares de enfermagem e parteiras no contexto das unidades de saúde geridas por organizações sociais de saúde ou fundações","13º Apostilamento ao Contrato de Gestão nº 66/2019-SES/GO. Fundamento: Parecer Jurídico nº 717/2023-SES/PROCSET e Portaria GM/MS nº 5.424/2024. Nota de Empenho nº 00124 (66262786). Processo Administrativo nº 202400010074040, vinculado ao de nº 201900010008114. Cláusulas do contrato original, aditivos e apostilas anteriores permanecem inalteradas.",FUNEV,Fundação Universitária Evangélica - FUNEV,Estado de Goiás - Secretaria de Estado da Saúde,Secretaria de Estado da Saúde,0,0,0,termo_apostilamento,,,633365.99,,2024-10-21,,False
2024,C:\OSS-Goias\documentos\FUNEV\HEANA\2024\05_Contrato_Gestao_Aditivos\1733336241918-14_Apostilamento_hEANA.pdf,1733336241918-14_Apostilamento_hEANA,2024-11-25,2024-11-26,Assistência financeira complementar da União (Portaria GM/MS nº 5.638/2024),HEANA,0,0,14,66/2019-SES/GO,"Repasse financeiro à Fundação Universitária Evangélica - FUNEV, referente assistência financeira complementar da União (Piso de Enfermagem)","Repasse em 1 (uma) parcela de R$ 633.365,99 referente ao Piso Salarial Nacional de enfermeiros, técnicos e auxiliares de enfermagem e parteiras. Nota de Empenho nº 00083 (67580410), dotação orçamentária 2850.10.302.1043.2516.03.26000232.50. Processo Administrativo nº 202400010082387, vinculado ao nº 201900010008114. Fundamento: Parecer Jurídico nº 717/2023-SES/PROCSET e Portaria GM/MS nº 5.638/2024.",FUNEV,Fundação Universitária Evangélica - FUNEV,Estado de Goiás - Secretaria de Estado da Saúde,Secretaria de Estado da Saúde,0,0,0,termo_apostilamento,,,633365.99,,2024-11-25,,False
2024,C:\OSS-Goias\documentos\Albert Einstein\HUGO\2024\05_Contrato_Gestao_Aditivos\19o-Apostilamento-ao-Termo-de-Colaboracao-no-97-2024-SES-GO.pdf,19o-Apostilamento-ao-Termo-de-Colaboracao-no-97-2024-SES-GO,2026-01-30,,Assistência Financeira Complementar da União (Piso Nacional da Enfermagem),HUGO,0,0,19,97/2024-SES/GO,"Repasse financeiro de Assistência Financeira Complementar da União, visando ao cumprimento do piso salarial nacional de enfermeiros, técnicos e auxiliares de enfermagem e parteiras (Piso Nacional da Enfermagem), referente à parcela de Dezembro de 2025, à Sociedade Beneficente Israelita Brasileira - Albert Einstein.","Décimo Nono Termo de Apostilamento ao Termo de Colaboração nº 97/2024-SES/GO. Processo nº 202600010002794, vinculado ao processo original nº 202300010023416. Dotação orçamentária: 2026.2850.10.302.1043.2516.03.26050001-50. Nota de Empenho nº 2026.2850.131.00018 (SEI nº 85628061).",Albert Einstein,Sociedade Beneficente Israelita Brasileira - Albert Einstein,Secretaria de Estado da Saúde – SES/GO,Secretaria de Estado da Saúde – SES/GO,0,0,1,termo_apostilamento,,33528.65,33528.65,,2026-01-30,,False
2024,C:\OSS-Goias\documentos\IMED\PFRE\2024\05_Contrato_Gestao_Aditivos\1o-APOSTILAMENTO-AO-TERMO-DE-COLABORACAO-No-882024-DOE.pdf,1o-APOSTILAMENTO-AO-TERMO-DE-COLABORACAO-No-882024-DOE,2024-08-26,2024-08-27,União (Piso de Enfermagem),PFRE,0,0,1,88/2024-SES/GO,"Repasse financeiro ao IMED, referente assistência financeira complementar da União (Piso de Enfermagem).",Processo nº: 202400010058150. Signatário: Rasível dos Reis Santos Júnior - Secretário de Estado da Saúde. Protocolo 483269.,IMED,"Instituto de Medicina, Estudos e Desenvolvimento - IMED",Estado de Goiás - Secretaria de Estado da Saúde,Secretaria de Estado da Saúde,0,0,0,termo_apostilamento,,,35220.08,,,,False
2024,C:\OSS-Goias\documentos\IMED\PFRE\2024\05_Contrato_Gestao_Aditivos\1o-APOSTILAMENTO-AO-TERMO-DE-COLABORACAO-No-882024.pdf,1o-APOSTILAMENTO-AO-TERMO-DE-COLABORACAO-No-882024,2024-08-26,,Assistência financeira complementar da União (Portaria GM/MS nº 4.926/2024) / Tesouro Estadual,PFRE,0,0,1,88/2024-SES/GO,"Repasse financeiro complementar da União ao IMED referente ao piso salarial nacional de enfermeiros, técnicos e auxiliares de enfermagem e parteiras, no âmbito do Termo de Colaboração nº 88/2024-SES/GO, para gerenciamento, operacionalização e execução das atividades da Policlínica Estadual da Região do Entorno - Unidade Formosa.","1º Apostilamento ao Termo de Colaboração nº 88/2024-SES/GO. Repasse de 1 (uma) parcela no valor de R$ 35.220,08, referente à assistência financeira complementar da União para cumprimento do piso salarial nacional de enfermagem, conforme Portaria GM/MS nº 4.926/2024. Nota de Empenho nº 00056 (SEI 63931698), dotação orçamentária 2850.10.302.1043.2516.03.16050001.50. Processo Administrativo nº 202400010058150, vinculado ao nº 202400010044543. Demais cláusulas permanecem inalteradas.",IMED,"Instituto de Medicina, Estudos e Desenvolvimento – IMED","Estado de Goiás, por intermédio da Secretaria de Estado da Saúde - SES/GO",Secretaria de Estado da Saúde de Goiás - SES/GO,0,0,0,termo_apostilamento,,,35220.08,,2024-08-26,,False
2024,C:\OSS-Goias\documentos\Albert Einstein\HUGO\2024\05_Contrato_Gestao_Aditivos\1o-Apostilamento-Ao-Termo-De-Colaboracao-No-97-2024-SES.pdf,1o-Apostilamento-Ao-Termo-De-Colaboracao-No-97-2024-SES,2024-08-26,2024-08-27,Assistência financeira complementar da União (Portaria nº 4.926/2024 - GM/MS) - Piso Salarial Nacional de Enfermagem,HUGO,0,0,1,97/2024-SES/GO,"Repasse financeiro à Sociedade Beneficente Israelita Brasileira - Hospital Albert Einstein, referente assistência financeira complementar da União (Piso de Enfermagem), no contexto do gerenciamento, operacionalização e execução das atividades do Hospital de Urgências de Goiás Dr. Valdemiro Cruz (HUGO).","Apostila expedida com fundamento no Parecer Jurídico nº 717/2023-SES/PROCSET, na Portaria nº 4.926/2024-GM/MS, no Despacho nº 1178/2024-SES/GEMOD e na Requisição de Despesa nº 306/2024-SES/GEMOD. Nota de Empenho nº 00059, dotação orçamentária 2850.10.302.1043.2516.03.16050001.50. Processo Administrativo nº 202400010057100, vinculado ao nº 202300010023416. Parcela única de R$ 152.220,09. Cláusulas do contrato original permanecem inalteradas.",Hospital Albert Einstein,Sociedade Beneficente Israelita Brasileira - Hospital Albert Einstein,Estado de Goiás - Secretaria de Estado da Saúde,Secretaria de Estado da Saúde de Goiás - SES/GO,0,0,0,termo_apostilamento,,,152220.09,,2024-08-26,,False
2024,C:\OSS-Goias\documentos\Albert Einstein\HUGO\2024\05_Contrato_Gestao_Aditivos\1o-Termo-Aditivo-ao-Termo-de-Colaboracao-no-097-2024-1.pdf,1o-Termo-Aditivo-ao-Termo-de-Colaboracao-no-097-2024-1,2025-04-23,2025-04-24,Recursos não vinculados de impostos - Receitas Ordinárias (Fonte 15000100) - Fundo Estadual de Saúde,HUGO,15,17,1,97/2024-SES/GO,"Adequação do Termo de Colaboração nº 97/2024 nas Cláusulas Terceira, Quarta, Sétima, Oitava, Décima e Décima Terceira; alteração das especificações técnicas conforme Anexo I; adequação dos valores do Aporte de Recursos Financeiros referente ao Programa de Residência Médica e Multiprofissional conforme Anexo II considerando nova metodologia; e adequação do valor de custeio conforme Anexo IV, para o gerenciamento, operacionalização e execução das ações e serviços de saúde no Hospital de Urgências de Goiás Dr. Valdemiro Cruz - HUGO.","O Termo Aditivo possui duas fases: Fase I (01/02/2025 a 31/07/2025, 6 meses) com custeio mensal estimado de R$ 25.051.562,75; e Fase II (01/08/2025 a 07/08/2027, 24 meses e 7 dias) com custeio mensal estimado de R$ 25.594.867,92. O valor total do aditivo é de R$ 126.390.406,31, incluindo aporte para Programa de Residência Médica e Multiprofissional (R$ 402.016,12/mês). Notas de empenho: nº 00127 (R$ 18.645.648,45) e nº 00128 (R$ 79.430,55), ambas em 11/03/2025. O HUGO possui 288 leitos gerais e 57 leitos complementares (UTI adulto) disponíveis ao SUS. Processo administrativo nº 202400010093680 vinculado ao de nº 202300010023416. Publicado no DOE em 24/04/2025 (Protocolo 531856). Assinado eletronicamente por Victor Nudelman em 07/04/2025, Sidney Klajner em 22/04/2025 e Rasível dos Reis Santos Júnior em 23/04/2025.",Sociedade Beneficente Israelita Brasileira - Hospital Albert Einstein,Sociedade Beneficente Israelita Brasileira - Hospital Albert Einstein,"Estado de Goiás, por intermédio da Secretaria de Estado da Saúde - SES/GO",Secretaria de Estado da Saúde de Goiás - SES/GO,6,13,37,termo_aditivo,,25051562.75,126390406.31,2027-08-07,2025-02-01,30,False
2024,C:\OSS-Goias\documentos\IGH\HEAPA\2024\05_Contrato_Gestao_Aditivos\2024 - 2º APOSTILAMENTO AO CONTRATO DE GESTÃO Nº 096.2016-SES-GO.pdf,2024 - 2º APOSTILAMENTO AO CONTRATO DE GESTÃO Nº 096.2016-SES-GO,2024-05-13,2024-05-15,Assistência financeira complementar da União,HEAPA,0,0,2,096/2016-SES/GO,"Repasse financeiro de assistência financeira complementar da União para cumprimento do piso salarial nacional de enfermeiros, técnicos e auxiliares de enfermagem e parteiras no contexto das unidades de saúde geridas por organizações sociais de saúde ou fundações","Repasse em 1 (uma) parcela. Despesas atendidas com recursos das Notas de Empenho nºs 00036, 00100, 00101, 00102, 00037, 00033, 00034 e 00035, emitidas à conta das dotações orçamentárias 2850.10.302.1043.2516.03.16000232.50 e 2850.10.302.1043.2516.03.26000232.50. Processo Administrativo nº 201200010002131. Permanecem inalteradas as cláusulas do contrato original e seus aditivos não modificadas por este instrumento.",IGH,Instituto de Gestão e Humanização – IGH,"Estado de Goiás, por intermédio da Secretaria de Estado da Saúde",Secretaria de Estado da Saúde,0,0,0,termo_apostilamento,,,2352494.58,,,,False
2024,C:\OSS-Goias\documentos\IGH\HEAPA\2024\05_Contrato_Gestao_Aditivos\2024 - 3º APOSTILAMENTO AO CONTRATO DE GESTÃO Nº 096.2016-SES-GO.pdf,2024 - 3º APOSTILAMENTO AO CONTRATO DE GESTÃO Nº 096.2016-SES-GO,2024-05-29,2024-06-03,Assistência financeira complementar da União,HEAPA,0,0,3,096/2016-SES/GO,"Repasse de assistência financeira da União para cumprimento do piso salarial nacional de enfermeiros, técnicos e auxiliares de enfermagem e parteiras no contexto das unidades de saúde geridas por organizações sociais de saúde ou fundações.",Apostilamento fundamentado no Parecer Jurídico nº 717/2023-SES/PROCSET e na Portaria GM/MS nº 3.622. Repasse em 1 (uma) parcela. Nota de Empenho nº 00123 (60489557). Dotação orçamentária: 2850.10.302.1043.2516.03.16000232.50. Demais cláusulas do contrato original e seus aditivos permanecem inalteradas.,IGH,Instituto de Gestão e Humanização - IGH,Estado de Goiás - Secretaria de Estado da Saúde,Secretaria de Estado da Saúde,0,0,0,termo_apostilamento,,,187536.18,,2024-05-29,,False
2024,C:\OSS-Goias\documentos\Albert Einstein\HUGO\2024\05_Contrato_Gestao_Aditivos\20o-Apostilamento-ao-Termo-de-Colaboracao-No-097-2024-SES-GO.pdf,20o-Apostilamento-ao-Termo-de-Colaboracao-No-097-2024-SES-GO,2026-02-23,,Assistência Financeira Complementar da União (Piso Nacional da Enfermagem),HUGO,0,0,20,97/2024-SES/GO,"Repasse financeiro de Assistência Financeira Complementar da União, visando ao cumprimento do piso salarial nacional de enfermeiros, técnicos e auxiliares de enfermagem e parteiras (Piso Nacional da Enfermagem), referente à parcela de Janeiro de 2026, à Sociedade Beneficente Israelita Brasileira - Albert Einstein, para gerenciamento, operacionalização e execução dos serviços de saúde do Hospital de Urgências de Goiás – Dr. Valdemiro Cruz/HUGO","Vigésimo Termo de Apostilamento ao Termo de Colaboração nº 97/2024-SES/GO (SEI nº 63135683). Dotação orçamentária 2026.2850.10.302.1043.2516.03.16050001 e Nota de Empenho nº 2026.2850.057.00003 (SEI nº 86430862). Processo nº 202600010009643, vinculado ao processo original nº 202300010023416.",Albert Einstein,Sociedade Beneficente Israelita Brasileira - Albert Einstein,Secretaria de Estado da Saúde – SES/GO,Secretaria de Estado da Saúde – SES/GO,0,0,0,termo_apostilamento,,33455.49,33455.49,,2026-02-23,,False
2024,C:\OSS-Goias\documentos\Albert Einstein\HUGO\2024\05_Contrato_Gestao_Aditivos\21o-Apostilamento-ao-Termo-de-Colaboracao-No-097-2024-SES-GO.pdf.pdf,21o-Apostilamento-ao-Termo-de-Colaboracao-No-097-2024-SES-GO.pdf,2026-03-19,,Assistência Financeira Complementar da União (Piso Nacional da Enfermagem),HUGO,0,0,21,97/2024-SES/GO,"Repasse financeiro de Assistência Financeira Complementar da União, visando ao cumprimento do piso salarial nacional de enfermeiros, técnicos e auxiliares de enfermagem e parteiras (Piso Nacional da Enfermagem), referente à parcela de fevereiro de 2026, à Sociedade Beneficente Israelita Brasileira - Albert Einstein.","Vigésimo Primeiro Termo de Apostilamento ao Termo de Colaboração nº 97/2024-SES/GO (SEI nº 63135683). Dotação orçamentária: 2026.2850.10.302.1043.2516.03.16050001-50. Nota de Empenho nº 2026.2850.057.00027 (SEI nº 87782575). Processo nº 202600010017560, vinculado ao Processo Original nº 202300010023416.",Albert Einstein,Sociedade Beneficente Israelita Brasileira - Albert Einstein,Secretaria de Estado da Saúde - SES/GO,Secretaria de Estado da Saúde - SES/GO,0,0,1,termo_apostilamento,,32319.67,32319.67,,2026-03-19,,False
2024,C:\OSS-Goias\documentos\Albert Einstein\HUGO\2024\05_Contrato_Gestao_Aditivos\22o-Apostilamento-ao-Termo-de-Colaboracao-No-097-2024-SES-GO.pdf.pdf,22o-Apostilamento-ao-Termo-de-Colaboracao-No-097-2024-SES-GO.pdf,2026-04-24,,Assistência Financeira Complementar da União / Tesouro Estadual – dotação orçamentária 2026.2850.10.302.1043.2516.03.16050001.50,HUGO,0,0,22,97/2024-SES/GO,"Repasse financeiro de Assistência Financeira Complementar da União, visando ao cumprimento do piso salarial nacional de enfermeiros, técnicos e auxiliares de enfermagem e parteiras (Piso Nacional da Enfermagem), referente à parcela de março de 2026, ao Termo de Colaboração nº 97/2024-SES/GO","Vigésimo Segundo Termo de Apostilamento. Processo nº 202600010029725, vinculado ao processo original nº 202300010023416. Nota de Empenho nº 2026.2850.057.00069 (SEI nº 89305841). Assinado eletronicamente por Rasivel dos Reis Santos Junior, Secretário (a) de Estado.",Albert Einstein,Sociedade Beneficente Israelita Brasileira - Albert Einstein,Secretaria de Estado da Saúde – SES/GO,Secretaria de Estado da Saúde – SES/GO,0,0,1,termo_apostilamento,,33221.79,33221.79,,2026-04-24,,False
2024,C:\OSS-Goias\documentos\Albert Einstein\HUGO\2024\05_Contrato_Gestao_Aditivos\2o-Apostilamento-Ao-Termo-De-Colaboracao-No-97-2024-SES.pdf,2o-Apostilamento-Ao-Termo-De-Colaboracao-No-97-2024-SES,2024-09-06,,Tesouro Estadual,HUGO,0,0,2,97/2024-SES/GO,"Gerenciamento, operacionalização e execução das ações e serviços de saúde no Hospital de Urgências de Goiás Dr. Valdemiro Cruz (HUGO). O 2º Apostilamento altera a Cláusula Oitava - Dos Recursos Financeiros, atualizando os valores mensais e globais repassados ao Parceiro Privado para custeio da unidade e Programa de Residência.","Valor mensal de R$ 21.483.115,70 composto por: R$ 21.322.433,06 de custeio da unidade e R$ 160.682,64 referente ao Programa de Residência. Valor global total estimado de R$ 773.392.165,20 para 36 meses. Adicionalmente, a unidade possui servidores cedidos com custo estimado mensal de R$ 2.922.475,15 (total R$ 105.209.105,40 em 36 meses), pagos diretamente pelo Parceiro Público e não repassados ao Parceiro Privado. Do total da folha CLT, 3% é depositado no Fundo de Provisão para rescisões trabalhistas e ações judiciais.",Albert Einstein,Sociedade Beneficente Israelita Brasileira - Hospital Albert Einstein,"Estado de Goiás, por intermédio da Secretaria de Estado da Saúde",Secretaria de Estado da Saúde de Goiás,0,0,0,termo_apostilamento,,21483115.7,773392165.2,,,36,False
2024,C:\OSS-Goias\documentos\Albert Einstein\HUGO\2024\05_Contrato_Gestao_Aditivos\2o-Termo-Aditivo-ao-Termo-de-Colaboracao-no-097-2024-Vigente.pdf,2o-Termo-Aditivo-ao-Termo-de-Colaboracao-no-097-2024-Vigente,2025-09-01,2025-09-02,,HUGO,0,0,2,97/2024-SES/GO,"Modificação da forma de composição do Fundo de Provisão, mediante a alteração da Cláusula Oitava - Dos Recursos Financeiros - Item 8.15 do Termo de Colaboração, bem como a inclusão dos itens 8.15.1, 8.15.2 e 8.15.2.1 ao Termo original, para fins de suportar rescisões trabalhistas, décimo terceiro e ações judiciais referentes aos colaboradores celetistas contratados diretamente pelo Parceiro Privado.","O percentual de 4,67% dos recursos financeiros de custeio repassados ao Parceiro Privado será depositado na conta exclusiva do Fundo de Provisão. O Parceiro Público deverá rever o percentual após 24 meses de composição do Fundo. O Parceiro Privado poderá solicitar revisão antecipada mediante demonstração de (in)suficiência do fundo. Publicado também no Diário Oficial da União em 23/09/2025 (Edição 181, Seção 3, p. 245). Processo SEI nº 202500010048693, vinculado ao Processo nº 202300010023416.",Hospital Albert Einstein,Sociedade Beneficente Israelita Brasileira - Hospital Albert Einstein,Estado de Goiás - Secretaria de Estado da Saúde (SES/GO),Secretaria de Estado da Saúde - SES/GO,0,0,0,termo_aditivo,,,,,,,False
2024,C:\OSS-Goias\documentos\IMED\PFRE\2024\05_Contrato_Gestao_Aditivos\3o-APOSTILAMENTO-AO-TERMO-DE-COLABORACAO-No-88-2024-PUBL.pdf,3o-APOSTILAMENTO-AO-TERMO-DE-COLABORACAO-No-88-2024-PUBL,2024-10-21,2024-10-22,Assistência financeira complementar da União,PFRE,0,0,3,88/2024-SES/GO,Repasse referente assistência financeira complementar da União (Piso de Enfermagem),Processo nº 202400010074089. Signatário: Rasível dos Reis Santos Júnior - Secretário de Estado da Saúde. Refere-se à Policlínica de Formosa.,IMED,"Instituto de Medicina, Estudos e Desenvolvimento - IMED",Estado de Goiás - Secretaria de Estado da Saúde,,0,0,0,termo_apostilamento,,,28556.78,,,,False
2024,C:\OSS-Goias\documentos\IMED\PFRE\2024\05_Contrato_Gestao_Aditivos\3o-APOSTILAMENTO-AO-TERMO-DE-COLABORACAO-No-88-2024.pdf,3o-APOSTILAMENTO-AO-TERMO-DE-COLABORACAO-No-88-2024,2024-10-21,,Assistência financeira complementar da União / Tesouro Estadual (Nota de Empenho nº 00135 - dotação 2850.10.302.1043.2516.03.16050001.50),PFRE,0,0,3,88/2024-SES/GO,"Repasse financeiro complementar da União referente ao piso salarial nacional de enfermeiros, técnicos e auxiliares de enfermagem e parteiras, no âmbito do gerenciamento, operacionalização e execução das atividades da Policlínica Estadual da Região do Entorno - Unidade Formosa","3º Apostilamento ao Termo de Colaboração nº 88/2024-SES/GO. Repasse de 1 parcela de R$ 28.556,78 referente à Portaria GM/MS nº 5.424/2024 (piso salarial nacional de enfermagem). Processo Administrativo nº 202400010074089, vinculado ao nº 202400010044543. Permanecem inalteradas as cláusulas do contrato original, aditivos e apostilas não modificadas por este instrumento.",IMED,"Instituto de Medicina, Estudos e Desenvolvimento – IMED","Estado de Goiás, por intermédio da Secretaria de Estado de Saúde",Secretaria de Estado da Saúde de Goiás - SES/GO,0,0,0,termo_apostilamento,,,28556.78,,2024-10-21,,False
2024,C:\OSS-Goias\documentos\Albert Einstein\HUGO\2024\05_Contrato_Gestao_Aditivos\3o-Apostilamento-Ao-Termo-De-Colaboracao-No-97-2024-SES-GO.pdf,3o-Apostilamento-Ao-Termo-De-Colaboracao-No-97-2024-SES-GO,2024-09-24,2024-09-27,Assistência financeira complementar da União / Tesouro Estadual,HUGO,0,0,3,97/2024-SES/GO,"Repasse financeiro referente assistência financeira complementar da União para cumprimento do piso salarial nacional de enfermeiros, técnicos e auxiliares de enfermagem e parteiras no contexto das unidades de saúde geridas por organizações sociais de saúde ou fundações","3º Apostilamento ao Termo de Colaboração nº 97/2024-SES/GO. Repasse de 1 (uma) parcela de R$ 137.604,35. Despesa atendida com recursos da Nota de Empenho nº 00059 (65204486), dotação orçamentária 2850.10.302.1043.2516.03.16050001.50. Processo Administrativo nº 202400010066859, vinculado ao nº 202300010023416. Fundamento: Parecer Jurídico nº 717/2023-SES/PROCSET e Portaria nº 5.287/2024-GM/MS. Signatário: Rasível dos Reis Santos Júnior - Secretário de Estado da Saúde. SEI 65216402.",Sociedade Beneficente Israelita Brasileira - Hospital Albert Einstein,Sociedade Beneficente Israelita Brasileira - Hospital Albert Einstein,Estado de Goiás - Secretaria de Estado da Saúde,Secretaria de Estado da Saúde de Goiás,0,0,0,termo_apostilamento,,,137604.35,,,,False
2024,C:\OSS-Goias\documentos\Albert Einstein\HUGO\2024\05_Contrato_Gestao_Aditivos\3o-Termo-Aditivo-ao-Termo-de-Colaboracao-No-097-2024-SESGO-VIGENTE.pdf,3o-Termo-Aditivo-ao-Termo-de-Colaboracao-No-097-2024-SESGO-VIGENTE,2026-04-17,2026-04-23,Fundo Estadual de Saúde - FES / Recursos não vinculados de impostos - Receitas Ordinárias,HUGO,0,8,3,97/2024-SES/GO,"Adequação do Anexo Técnico II; Ampliação do Número de Preceptores do Programa de Residência Médica e Multiprofissional do HUGO; Adequação dos valores do aporte de Recursos Financeiros referente ao Programa de Residência Médica e Multiprofissional, conforme Anexo II (SEI nº 80552559).","O 3º Termo Aditivo ao Termo de Colaboração nº 97/2024-SES/GO (SEI nº 63135683) amplia o número de gratificações de preceptoria para 86 (oitenta e seis) vinculadas à COREME. O valor mensal estimado é de R$ 219.793,70, com vigência a partir de 1º de março de 2026, totalizando incremento de R$ 3.780.451,64 para o período de vigência do Termo de Colaboração. O HUGO dispõe de 288 leitos gerais e 57 leitos complementares destinados à UTI adulto e disponíveis ao SUS. Processo administrativo nº 202500010074112, vinculado ao processo original 202300010023416. Publicado no DOE de 23/04/2026 - Diário Oficial/GO nº 24.764.",Sociedade Beneficente Israelita Brasileira - Hospital Albert Einstein,Sociedade Beneficente Israelita Brasileira - Hospital Albert Einstein (SBIBHAE),Estado de Goiás - Secretaria de Estado da Saúde (SES/GO),Secretaria de Estado da Saúde - SES/GO,2,8,24,termo_aditivo,,219793.7,3780451.64,,2026-03-01,,False
2024,C:\OSS-Goias\documentos\IMED\HETRIN\2024\05_Contrato_Gestao_Aditivos\3oApostilamento.pdf,3oApostilamento,2023-12-21,,Assistência financeira complementar da União / Tesouro Estadual (dotação orçamentária 2850.10.302.1043.2149.03.16000232.50),HETRIN,0,0,3,37/2019-SES/GO,"Repasse financeiro referente à assistência financeira complementar da União para cumprimento do piso salarial nacional de enfermeiros, técnicos e auxiliares de enfermagem e parteiras, conforme Portaria GM/MS nº 2.015/2023 e Portaria GM/MS nº 2.031/2023, no âmbito do Hospital Estadual de Trindade Walda Ferreira dos Santos - HETRIN.","3º Apostilamento ao Contrato de Gestão nº 37/2019-SES/GO. O repasse corresponde a 1 (uma) parcela estimada em R$ 91.961,97, atendida pelas Notas de Empenho nºs 00122 (54957295) e 0123 (54957260). Permanecem inalteradas as demais cláusulas do contrato original e seus aditivos. Processo Administrativo nº 201900010008727. Documento assinado por Sergio Alberto Cunha Vencio, Secretário de Estado.",IMED,"Instituto de Medicina, Estudos e Desenvolvimento - IMED, CNPJ nº 19.324.171/0001-02","Estado de Goiás, por intermédio da Secretaria de Estado de Saúde",Secretaria de Estado da Saúde de Goiás - SES/GO,0,0,0,termo_apostilamento,,,91961.97,,2023-12-21,,False
2024,C:\OSS-Goias\documentos\IMED\HETRIN\2024\05_Contrato_Gestao_Aditivos\4o-APOSTILAMENTO-AO-CONTRATO-DE-GESTAO-No-372019-SESGO.pdf,4o-APOSTILAMENTO-AO-CONTRATO-DE-GESTAO-No-372019-SESGO,2024-02-21,,Assistência financeira complementar da União / Tesouro Estadual - dotação orçamentária 2850.10.302.1043.2516.03.26000232.50,HETRIN,0,0,4,37/2019-SES/GO,"Repasse financeiro referente à assistência financeira complementar da União para cumprimento do piso salarial nacional de enfermeiros, técnicos e auxiliares de enfermagem e parteiras, conforme Portaria GM/MS nº 2.634/2022 e Lei nº 14.434/2022, no valor de 1 parcela estimada em R$ 132.730,12, ao Instituto de Medicina, Estudos e Desenvolvimento - IMED, responsável pelo gerenciamento, operacionalização e execução das ações e serviços de saúde no Hospital Estadual de Trindade Walda Ferreira dos Santos - HETRIN.",4º Apostilamento ao Contrato de Gestão nº 37/2019-SES/GO. Fundamento no Parecer Jurídico nº 717/2023-SES/PROCSET. Nota de Empenho nº 00023 (56786690). Processo Administrativo nº 201900010008727. Documento SEI nº 56868887. Demais cláusulas do contrato original e seus aditivos permanecem inalteradas.,IMED,"Instituto de Medicina, Estudos e Desenvolvimento - IMED, CNPJ nº 19.324.171/0001-02","Estado de Goiás, por intermédio da Secretaria de Estado de Saúde",Secretaria de Estado da Saúde - SES/GO,0,0,0,termo_apostilamento,,,132730.12,,2024-02-21,,False
2024,C:\OSS-Goias\documentos\IMED\HETRIN\2024\05_Contrato_Gestao_Aditivos\5o-Apostilamento-ao-Contrato-no-37-2019-SES-GO.pdf,5o-Apostilamento-ao-Contrato-no-37-2019-SES-GO,2024-05-29,,"Assistência financeira complementar da União (Portarias GM MS nºs 3.113/2024, 3.206/2024, 3.416/2024 e 3.622/2024)",HETRIN,0,0,5,37/2019-SES/GO,"Repasse financeiro complementar da União ao IMED referente ao piso salarial nacional de enfermeiros, técnicos e auxiliares de enfermagem e parteiras, no valor de R$ 13.658,91, relativo aos meses de Janeiro/2024, Fevereiro/2024, Março/2024 e Abril/2024, para unidade Hospital Estadual de Trindade Walda Ferreira dos Santos - HETRIN.","5º Apostilamento ao Contrato nº 37/2019-SES/GO. Despesas atendidas com Nota de Empenho nº 00148 (60797406), dotação orçamentária 2850.10.302.1043.2516.03.16000232.50. Processo Administrativo nº 201900010008727. Demais cláusulas do contrato original e seus aditivos permanecem inalteradas.",IMED,"Instituto de Medicina, Estudos e Desenvolvimento - IMED, CNPJ nº 19.324.171/0001-02","Estado de Goiás, por intermédio da Secretaria de Estado de Saúde",Secretaria de Estado da Saúde de Goiás - SES/GO,0,0,0,termo_apostilamento,,,13658.91,,2024-05-29,,False
2024,C:\OSS-Goias\documentos\IMED\HETRIN\2024\05_Contrato_Gestao_Aditivos\5o-APOSTILAMENTO-DOU-PUBLICACAO.pdf,5o-APOSTILAMENTO-DOU-PUBLICACAO,2024-05-29,2024-06-12,Transferência da União - 2850.10.302.1043.2516.03.16000232.50,HETRIN,0,0,5,37/2019-SES/GO,"Repasse de assistência financeira da União para cumprimento do piso salarial nacional de enfermeiros, técnicos e auxiliares de enfermagem e parteiras no contexto das unidades de saúde geridas por organizações sociais de saúde ou fundações.","Documento publicado no Diário Oficial da União, Seção 3, nº 111, de 12/06/2024. Signatário: Rasível dos Reis Santos Júnior - Secretário de Estado da Saúde. Processo nº 201900010008727.",IMED,"Instituto de Medicina, Estudos e Desenvolvimento - IMED",Estado de Goiás - Secretaria de Estado da Saúde,Secretaria de Estado da Saúde,0,0,0,termo_apostilamento,,,13658.91,,,,False
2024,C:\OSS-Goias\documentos\AGIR\HUGOL\2024\05_Contrato_Gestao_Aditivos\5° Apostilamento ao Contrato Gestão 03-2014 HUGOL_2024.pdf,5° Apostilamento ao Contrato Gestão 03-2014 HUGOL_2024,2024-08-26,2024-08-27,Assistência financeira complementar da União - Portaria GM/MS nº 4.926/2024,HUGOL,0,0,5,003/2014-SES/GO,"Repasse financeiro à Associação de Gestão, Inovação e Resultados em Saúde - AGIR, referente assistência financeira complementar da União para cumprimento do piso salarial nacional de enfermeiros, técnicos e auxiliares de enfermagem e parteiras no contexto das unidades de saúde geridas por organizações sociais de saúde ou fundações (Piso de Enfermagem).","Apostila expedida com fundamento no Parecer Jurídico nº 717/2023-SES/PROCSET, na Portaria GM/MS nº 4.926/2024 e no Despacho nº 1189/2024-SES/GEMOD. Despesa atendida com recursos da Nota de Empenho nº 00057, dotação orçamentária 2850.10.302.1043.2516.03.16050001.50. Processo Administrativo nº 202400010057098, vinculado ao nº 201400010001769. Permanecem inalteradas as cláusulas do contrato original, seus aditivos e apostilas não modificadas por este instrumento.",AGIR,"Associação de Gestão, Inovação e Resultados em Saúde - AGIR",Estado de Goiás - Secretaria de Estado da Saúde,Secretaria de Estado da Saúde de Goiás - SES/GO,0,0,0,termo_apostilamento,,,713121.43,,2024-08-26,,False
2024,C:\OSS-Goias\documentos\IMED\HETRIN\2024\05_Contrato_Gestao_Aditivos\6o-Apostilamento-ao-Contrato-no-37-2019-SES-GO.pdf,6o-Apostilamento-ao-Contrato-no-37-2019-SES-GO,2024-06-28,,Assistência financeira complementar da União / Tesouro Estadual - dotação orçamentária 2850.10.302.1043.2516.03.16050001.50,HETRIN,0,0,6,37/2019-SES/GO,"Repasse financeiro referente à assistência financeira complementar da União para cumprimento do piso salarial nacional de enfermeiros, técnicos e auxiliares de enfermagem e parteiras, referente ao mês de Maio/2024, no valor de R$ 13.657,94, ao Instituto de Medicina, Estudos e Desenvolvimento - IMED, responsável pelo gerenciamento, operacionalização e execução das ações e serviços de saúde no Hospital Estadual de Trindade Walda Ferreira dos Santos - HETRIN.",6º Apostilamento ao Contrato nº 37/2019-SES/GO. Fundamento no Parecer Jurídico nº 717/2023-SES/PROCSET e na Portaria GM MS nº 4.124/2024. Nota de Empenho nº 00001 (61914723). Processo Administrativo nº 201900010008727. Demais cláusulas do contrato original e seus aditivos permanecem inalteradas.,IMED,"Instituto de Medicina, Estudos e Desenvolvimento - IMED, CNPJ nº 19.324.171/0001-02","Estado de Goiás, por intermédio da Secretaria de Estado de Saúde",Secretaria de Estado da Saúde - SES/GO,0,0,0,termo_apostilamento,,13657.94,13657.94,,,,False
2024,C:\OSS-Goias\documentos\Albert Einstein\HUGO\2024\05_Contrato_Gestao_Aditivos\6o-Apostilamento-Ao-Termo-De-Colaboracao-No-97-2024-SES.pdf,6o-Apostilamento-Ao-Termo-De-Colaboracao-No-97-2024-SES,2024-12-13,2024-12-16,União (assistência financeira complementar - Piso de Enfermagem),HUGO,0,0,6,97/2024-SES/GO,"Repasse referente assistência financeira complementar da União (Piso de Enfermagem) para cumprimento do piso salarial nacional de enfermeiros, técnicos e auxiliares de enfermagem e parceiras no contexto das unidades de saúde geridas por organizações sociais de saúde ou fundações, referente ao Hospital de Urgências de Goiás Dr. Valdemiro Cruz (HUGO).","6º Apostilamento ao Termo de Colaboração nº 97/2024-SES/GO. Processo Administrativo nº 202400010089195, vinculado ao de nº 202300010023416. Fundamento no Parecer Jurídico nº 717/2023-SES/PROCSET (51650657) e Portarias GM/MS nº 5.783/2024 e 5.793/2024. Despesa atendida com recursos das Notas de Empenho nºs 00201 (68403220) e 00202 (68403711), dotação orçamentária 2850.10.302.1043.2516.03.16050001.50. Valor de 1 (uma) parcela de R$ 139.487,18.",Albert Einstein,Sociedade Beneficente Israelita Brasileira - Hospital Albert Einstein,Estado de Goiás - Secretaria de Estado da Saúde (SES/GO),Secretaria de Estado da Saúde,0,0,0,termo_apostilamento,,,139487.18,,,,False
2024,C:\OSS-Goias\documentos\IMED\HETRIN\2024\05_Contrato_Gestao_Aditivos\6o-APOSTILAMENTO-DO-PUBLICACAO.pdf,6o-APOSTILAMENTO-DO-PUBLICACAO,2024-06-28,2024-07-05,Recursos da União - assistência financeira federal (Dotação: 2850.10.302.1043.2516.03.16050001.50),HETRIN,0,0,6,37/2019-SES/GO,"Repasse de assistência financeira da União para cumprimento do piso salarial nacional de enfermeiros, técnicos e auxiliares de enfermagem e parteiras no contexto das unidades de saúde.",Processo nº 201900010008727. Signatário: Rasível dos Reis Santos Júnior - Secretário de Estado da Saúde. Protocolo 471639.,IMED,"Instituto de Medicina, Estudos e Desenvolvimento - IMED",Estado de Goiás - Secretaria de Estado da Saúde,Secretaria de Estado da Saúde,0,0,0,termo_apostilamento,,,13657.94,,,,False
2024,C:\OSS-Goias\documentos\Albert Einstein\HUGO\2024\05_Contrato_Gestao_Aditivos\7o-Apostilamento-Ao-Termo-De-Colaboracao-No-97-2024-SES.pdf,7o-Apostilamento-Ao-Termo-De-Colaboracao-No-97-2024-SES,2025-01-22,2025-01-24,Assistência financeira complementar da União (Portaria GM/MS 6.272/2024),HUGO,0,0,7,97/2024-SES/GO,"Repasse financeiro referente assistência financeira complementar da União para cumprimento do piso salarial nacional de enfermeiros, técnicos e auxiliares de enfermagem e parteiras","Apostila fundamentada no Parecer Jurídico nº 717/2023-SES/PROCSET e na Portaria GM/MS 6.272/2024. Despesa atendida pela Nota de Empenho nº 00008 (69577757), dotação orçamentária 2850.10.302.1043.2516.03.16050001.50. Processo Administrativo nº 202500010002243, vinculado ao nº 202300010023416. Permanecem inalteradas as cláusulas não modificadas por este instrumento.",Sociedade Beneficente Israelita Brasileira - Hospital Albert Einstein,Sociedade Beneficente Israelita Brasileira - Hospital Albert Einstein,Estado de Goiás - Secretaria de Estado da Saúde,Secretaria de Estado da Saúde,0,0,0,termo_apostilamento,,,67387.47,,2025-01-22,,False
2024,C:\OSS-Goias\documentos\IMED\HETRIN\2024\05_Contrato_Gestao_Aditivos\7o-APOSTILAMENTO-DO-PUBLICACAO.pdf,7o-APOSTILAMENTO-DO-PUBLICACAO,2024-07-30,2024-07-31,Tesouro Federal/União - Dotação Orçamentária 2850.10.302.1043.2516.03.16050001.50,HETRIN,0,0,7,37/2019-SES/GO,"Repasse de assistência financeira da União para cumprimento do piso salarial nacional de enfermeiros, técnicos e auxiliares de enfermagem e parteiras no contexto das unidades de saúde geridas por organizações sociais de saúde ou fundações.","Processo nº 202400010050863, vinculado ao de nº 201900010008727. Signatário: Rasível dos Reis Santos Júnior - Secretário de Estado da Saúde.",IMED,"Instituto de Medicina, Estudos e Desenvolvimento - IMED",Estado de Goiás - Secretaria de Estado da Saúde,Secretaria de Estado da Saúde,0,0,0,termo_apostilamento,,,13504.29,,,,False
2024,C:\OSS-Goias\documentos\IMED\HETRIN\2024\05_Contrato_Gestao_Aditivos\7o-APOSTILAMENTO-DOU-PUBLICACAO.pdf,7o-APOSTILAMENTO-DOU-PUBLICACAO,2024-07-30,2024-08-05,Assistência financeira da União,HETRIN,0,0,7,37/2019-SES/GO,"Repasse de assistência financeira da União para cumprimento do piso salarial nacional de enfermeiros, técnicos e auxiliares de enfermagem e parteiras no contexto das unidades de saúde geridas por organizações sociais de saúde ou fundações.","Processo nº 202400010050863, vinculado ao de nº 201900010008727. Dotação Orçamentária: 2850.10.302.1043.2516.03.16050001.50. Signatário: Rasível dos Reis Santos Júnior - Secretário de Estado da Saúde. Publicado no DOU Seção 3, Nº 149, de 05/08/2024.",IMED,"Instituto de Medicina, Estudos e Desenvolvimento - IMED",Estado de Goiás - Secretaria de Estado da Saúde,Secretaria de Estado da Saúde,0,0,0,termo_apostilamento,,,13504.29,,,,False
2024,C:\OSS-Goias\documentos\IMED\HETRIN\2024\05_Contrato_Gestao_Aditivos\7o-Apostilamento.pdf,7o-Apostilamento,2024-07-30,,Assistência financeira complementar da União (Portaria GM MS nº 4.631/2024) / Tesouro Estadual - dotação orçamentária 2850.10.302.1043.2516.03.16050001.50,HETRIN,0,0,7,37/2019-SES/GO,"Repasse financeiro ao IMED referente à assistência financeira complementar da União para cumprimento do piso salarial nacional de enfermeiros, técnicos e auxiliares de enfermagem e parteiras no Hospital Estadual de Trindade Walda Ferreira dos Santos - HETRIN","7º Apostilamento ao Contrato nº 37/2019-SES/GO. Repasse de 1 (uma) parcela de R$ 13.504,29 referente ao piso salarial nacional de enfermagem (Portaria GM MS nº 4.631/2024). Nota de Empenho nº 00033 (62894725). Processo Administrativo nº 202400010050863, vinculado ao nº 201900010008727. Permanecem inalteradas as demais cláusulas do contrato original e seus aditivos.",IMED,"Instituto de Medicina, Estudos e Desenvolvimento - IMED, CNPJ nº 19.324.171/0001-02","Estado de Goiás, por intermédio da Secretaria de Estado de Saúde",Secretaria de Estado da Saúde - SES/GO,0,0,0,termo_apostilamento,,,13504.29,,2024-07-30,,False
2024,C:\OSS-Goias\documentos\AGIR\HUGOL\2024\05_Contrato_Gestao_Aditivos\7º Apostilamento - 2024 do Contrato de Gestão nº 003_2014.pdf,7º Apostilamento - 2024 do Contrato de Gestão nº 003_2014,2024-10-21,2024-10-22,Assistência financeira complementar da União (Piso de Enfermagem) - Dotação Orçamentária 2850.10.302.1043.2516.03.16050001.50,HUGOL,0,0,7,003/2014-SES/GO,"Repasse de assistência financeira da União para cumprimento do piso salarial nacional de enfermeiros, técnicos e auxiliares de enfermagem e parteiras no contexto das unidades de saúde geridas por organizações sociais de saúde ou fundações","Fundamento no Parecer Jurídico nº 717/2023-SES/PROCSET e na Portaria GM/MS nº 5.424/2024. Nota de Empenho nº 00116 (66205079). Processo Administrativo nº 202400010074306, vinculado ao de nº 201400010001769. Documento assinado eletronicamente por Rasivel dos Reis Santos Junior, Secretário de Estado, em 21/10/2024.",AGIR,"Associação de Gestão, Inovação e Resultados em Saúde - AGIR",Estado de Goiás - Secretaria de Estado da Saúde,Secretaria de Estado da Saúde,0,0,0,termo_apostilamento,,,716105.41,,,,False
2024,C:\OSS-Goias\documentos\Albert Einstein\HUGO\2024\05_Contrato_Gestao_Aditivos\8o-Apostilamento-Ao-Termo-De-Colaboracao-No-97-2024-SES.pdf,8o-Apostilamento-Ao-Termo-De-Colaboracao-No-97-2024-SES,2025-02-24,2025-02-26,Assistência financeira complementar da União - Dotação Orçamentária 2850.10.302.1043.2516.03.16050001.50,HUGO,0,0,8,97/2024-SES/GO,"Repasse de assistência financeira da União para cumprimento do piso salarial nacional de enfermeiros, técnicos e auxiliares de enfermagem e parteiras no contexto das unidades de saúde geridas por organizações sociais de saúde ou fundações","8º Apostilamento ao Termo de Colaboração nº 97/2024-SES/GO. Nota de Empenho nº 00033 (70844039). Processo Administrativo nº 202500010011061, vinculado ao de nº 202300010023416. Documento assinado eletronicamente por Rasivel dos Reis Santos Junior em 24/02/2025. Referência ao Parecer Jurídico nº 717/2023-SES/PROCSET e Portaria GM/MS 6.565/2025.",Albert Einstein,Sociedade Beneficente Israelita Brasileira - Hospital Albert Einstein,Estado de Goiás - Secretaria de Estado da Saúde,Secretaria de Estado da Saúde,0,0,0,termo_apostilamento,,,70272.12,,,,False
2024,C:\OSS-Goias\documentos\AGIR\HUGOL\2024\05_Contrato_Gestao_Aditivos\8° Apostilamento ao Contrato Gestão 003-2014 HUGOL_2024.pdf,8° Apostilamento ao Contrato Gestão 003-2014 HUGOL_2024,2024-11-25,2024-11-26,"Assistência financeira complementar da União / Tesouro Estadual (Nota de Empenho nº 00079, dotação 2850.10.302.1043.2516.03.26000232.50)",HUGOL,0,0,8,003/2014-SES/GO,"Repasse financeiro à Associação de Gestão, Inovação e Resultados em Saúde - AGIR, referente assistência financeira complementar da União para cumprimento do piso salarial nacional de enfermeiros, técnicos e auxiliares de enfermagem e parteiras (Piso de Enfermagem).","8º Apostilamento ao Contrato de Gestão nº 003/2014-SES/GO. Parcela única de R$ 714.894,70. Fundamento: Parecer Jurídico nº 717/2023-SES/PROCSET e Portaria GM/MS nº 5.638/2024. Processo Administrativo nº 202400010083544, vinculado ao nº 201400010001769. Permanecem inalteradas as cláusulas do contrato original, seus aditivos e apostilas não modificadas por este instrumento.",AGIR,"Associação de Gestão, Inovação e Resultados em Saúde - AGIR",Estado de Goiás - Secretaria de Estado da Saúde,Secretaria de Estado da Saúde de Goiás,0,0,0,termo_apostilamento,,,714894.7,,2024-11-25,,False
2024,C:\OSS-Goias\documentos\Albert Einstein\HUGO\2024\05_Contrato_Gestao_Aditivos\9o-Apostilamento-Ao-Termo-De-Colaboracao-No-97-2024-SES.pdf,9o-Apostilamento-Ao-Termo-De-Colaboracao-No-97-2024-SES,2025-03-26,2025-03-27,Assistência Financeira Complementar da União - Piso Nacional da Enfermagem,HUGO,0,0,9,97/2024-SES/GO,"Repasse financeiro referente à assistência financeira complementar da União (Piso Salarial Nacional de enfermeiros, técnicos e auxiliares de enfermagem e parteiras) ao HUGO - Hospital de Urgências de Goiás Dr. Valdemiro Cruz","Despesa atendida com recursos da Nota de Empenho nº 00054 (72066682), dotação orçamentária 2850.10.302.1043.2516.03.16050001.50. Fundamento no Parecer Jurídico nº 717/2023-SES/PROCSET e na Portaria GM/MS 6.648/2025. Processo Administrativo nº 202500010018160, vinculado ao nº 202300010023416.",Sociedade Beneficente Israelita Brasileira - Hospital Albert Einstein,Sociedade Beneficente Israelita Brasileira - Hospital Albert Einstein,Estado de Goiás - Secretaria de Estado da Saúde,Secretaria de Estado da Saúde de Goiás,0,0,0,termo_apostilamento,,,72426.33,,,,False
2024,C:\OSS-Goias\documentos\AGIR\HUGOL\2024\05_Contrato_Gestao_Aditivos\9° Apostilamento ao Contrato Gestão 003-2014 HUGOL_2024.pdf,9° Apostilamento ao Contrato Gestão 003-2014 HUGOL_2024,2024-12-18,2024-12-19,Assistência financeira complementar da União - Portarias GM/MS Nº 5.783/2024 e 5.793/2024,HUGOL,0,0,9,003/2014-SES/GO,"Repasse à Associação de Gestão, Inovação e Resultados em Saúde - AGIR referente assistência financeira complementar da União para cumprimento do piso salarial nacional de enfermeiros, técnicos e auxiliares de enfermagem e parteiras no contexto das unidades de saúde geridas por organizações sociais de saúde ou fundações","9º Apostilamento ao Contrato de Gestão nº 003/2014-SES/GO. Despesa atendida com recursos das Notas de Empenho nºs 00225 (68593708) e 00228 (68594183), dotação orçamentária 2850.10.302.1043.2516.03.16050001.50. Processo Administrativo nº 202400010088777, vinculado ao de nº 201400010001769. Permanecem inalteradas as demais cláusulas do contrato original, seus aditivos e apostilas.",AGIR,"Associação de Gestão, Inovação e Resultados em Saúde - AGIR",Estado de Goiás - Secretaria de Estado da Saúde,Secretaria de Estado da Saúde,0,0,0,termo_apostilamento,,,1431263.12,,2024-12-18,,False
2024,C:\OSS-Goias\documentos\IMED\HETRIN\2024\05_Contrato_Gestao_Aditivos\Aditivo_65044097_SEI_64720498_Aditivo.pdf,Aditivo_65044097_SEI_64720498_Aditivo,2024-09-12,,Transferências Fundo a Fundo de Recursos do SUS (Fonte 16000232) – Emenda Parlamentar da Deputada Flávia Morais,HETRIN,0,6,5,037/2019-SES/GO,Efetivação de procedimentos cirúrgicos do programa 'Fila Zero de Cirurgias' no Hospital Estadual de Trindade Walda Ferreira dos Santos – HETRIN,"Repasse em parcela única de R$ 2.000.000,00. Todos os procedimentos deverão ser executados até dezembro de 2024. Prestação de contas das cirurgias do Programa Fila Zero deverá ser feita separadamente das demais metas do 4º Termo Aditivo. Custo estimado calculado com base nos custos unitários do 4º Termo Aditivo ao Contrato de Gestão 037/2019, com aplicação do FIPE Saúde de 8,16%. Nota de Empenho nº 00187 de 07/08/2024, SEI 63373316, no valor de R$ 2.000.000,00. Processo administrativo nº 202400010053312.",IMED,"IMED - Instituto de Medicina, Estudos e Desenvolvimento","Estado de Goiás, por intermédio da Secretaria de Estado da Saúde – SES/GO",Secretaria de Estado da Saúde de Goiás – SES/GO,0,0,8,termo_aditivo,,,2000000.0,2024-12-31,,,False
2024,C:\OSS-Goias\documentos\IMED\PFRE\2024\05_Contrato_Gestao_Aditivos\Anexo_62375202_PUBLICAA_u2021A_u0192O_DO_EXTRATO_DO_TERMO_DE_COLABORAA_u2021A_u0192O_NA__88.pdf,Anexo_62375202_PUBLICAA_u2021A_u0192O_DO_EXTRATO_DO_TERMO_DE_COLABORAA_u2021A_u0192O_NA__88,,2024-07-10,Dotação Orçamentária: 2850.10.302.1043.2516.03.15000100.50,PFRE,0,0,,88/2024-SES/GO,"Gerenciamento, operacionalização e execução das ações e serviços de saúde na Policlínica Estadual da Região do Entorno - Unidade Formosa","Vigência de 180 (cento e oitenta) dias contados a partir da publicação do extrato no Diário Oficial do Estado de Goiás. Signatários: Rasível dos Reis Santos Júnior - Secretário de Estado da Saúde, André Fonseca Leme - IMED. Termo de Colaboração nº 88/2024-SES/GO publicado no DOE/GO nº 24.325 de 10/07/2024.",IMED,"Instituto de Medicina, Estudos e Desenvolvimento - IMED",Estado de Goiás - Secretaria de Estado da Saúde,Secretaria de Estado da Saúde,0,0,0,contrato_gestao_inicial,,,12965508.3,,,180,False
2024,C:\OSS-Goias\documentos\IMED\HETRIN\2024\05_Contrato_Gestao_Aditivos\Apostila_64316722_SEI_63984932_Apostila.pdf,Apostila_64316722_SEI_63984932_Apostila,2024-08-26,,Assistência financeira complementar da União (Portaria GM MS nº 4.926/2024),HETRIN,0,0,8,37/2019-SES/GO,"Repasse financeiro de assistência financeira complementar da União ao IMED referente ao piso salarial nacional de enfermeiros, técnicos e auxiliares de enfermagem e parteiras no Hospital Estadual de Trindade Walda Ferreira dos Santos - HETRIN","8º Apostilamento ao Contrato de Gestão nº 37/2019-SES/GO. Repasse de 1 (uma) parcela de R$ 13.504,29 referente ao piso salarial nacional de enfermagem. Despesa atendida pela Nota de Empenho nº 00064 (63941337), dotação orçamentária 2850.10.302.1043.2516.03.16050001.50. Processo Administrativo nº 202400010057203, vinculado ao nº 201900010008727. Cláusulas do contrato original e seus aditivos permanecem inalteradas.",IMED,"Instituto de Medicina, Estudos e Desenvolvimento - IMED","Estado de Goiás, por intermédio da Secretaria de Estado da Saúde - SES/GO",Secretaria de Estado da Saúde de Goiás - SES/GO,0,0,0,termo_apostilamento,,,13504.29,,2024-08-26,,False
2024,C:\OSS-Goias\documentos\IMED\HETRIN\2024\05_Contrato_Gestao_Aditivos\Apostila_65648134_Apostila___HETRIN.pdf,Apostila_65648134_Apostila___HETRIN,2024-09-24,,"Assistência financeira complementar da União / Tesouro Estadual (Nota de Empenho nº 00079, dotação orçamentária 2850.10.302.1043.2516.03.16050001.50)",HETRIN,0,0,9,37/2019-SES/GO,"Repasse financeiro ao IMED referente à assistência financeira complementar da União para cumprimento do piso salarial nacional de enfermeiros, técnicos e auxiliares de enfermagem e parteiras, correspondente a 1 (uma) parcela de R$ 15.781,17, no contexto do gerenciamento, operacionalização e execução das ações e serviços de saúde do Hospital Estadual de Trindade Walda Ferreira dos Santos - HETRIN.","9º Apostilamento ao Contrato de Gestão nº 37/2019-SES/GO. Fundamento: Parecer Jurídico nº 717/2023-SES/PROCSET e Portaria GM MS nº 5.287/2024. Processo Administrativo nº 202400010066872, vinculado ao nº 201900010008727. Permanecem inalteradas as demais cláusulas do contrato original, seus aditivos e apostilas anteriores.",IMED,"Instituto de Medicina, Estudos e Desenvolvimento - IMED","Estado de Goiás, por intermédio da Secretaria de Estado de Saúde",Secretaria de Estado da Saúde de Goiás - SES/GO,0,0,0,termo_apostilamento,,,15781.17,,2024-09-24,,False
2024,C:\OSS-Goias\documentos\IMED\PFRE\2024\05_Contrato_Gestao_Aditivos\Apostila_65772296_2A__Apostila_.pdf,Apostila_65772296_2A__Apostila_,2024-09-24,,Assistência financeira complementar da União / Tesouro Estadual - dotação orçamentária 2850.10.302.1043.2516.03.16050001.50,PFRE,0,0,2,88/2024-SES/GO,"Repasse financeiro complementar da União ao IMED referente à assistência financeira para cumprimento do piso salarial nacional de enfermeiros, técnicos e auxiliares de enfermagem e parteiras no contexto das unidades de saúde geridas por organizações sociais de saúde ou fundações, vinculado ao Termo de Colaboração nº 88/2024-SES/GO para gerenciamento, operacionalização e execução das atividades da Policlínica Estadual da Região do Entorno - Unidade Formosa.","2º Apostilamento ao Termo de Colaboração nº 88/2024-SES/GO (SEI 62338875). Valor repassado em 1 parcela de R$ 28.556,78. Nota de Empenho nº 00090 (65204650). Processo Administrativo nº 202400010067463, vinculado ao de nº 202400010044543. Permanecem inalteradas as cláusulas do contrato original, aditivos e apostilas não modificadas por este instrumento.",IMED,"Instituto de Medicina, Estudos e Desenvolvimento – IMED","Estado de Goiás, por intermédio da Secretaria de Estado de Saúde - SES/GO",Secretaria de Estado de Saúde de Goiás - SES/GO,0,0,0,termo_apostilamento,,,28556.78,,2024-09-24,,False
2024,C:\OSS-Goias\documentos\IMED\HETRIN\2024\05_Contrato_Gestao_Aditivos\Apostila_68015438_11_Apostila_HETRIN.pdf,Apostila_68015438_11_Apostila_HETRIN,2024-11-28,,Assistência financeira complementar da União (Portaria GM MS Nº 5.638/2024) / Tesouro Estadual - dotação orçamentária 2850.10.302.1043.2516.03.16050001.50,HETRIN,0,0,11,37/2019-SES/GO,"Repasse financeiro ao IMED referente à assistência financeira complementar da União para cumprimento do piso salarial nacional de enfermeiros, técnicos e auxiliares de enfermagem e parteiras, no âmbito do Hospital Estadual de Trindade Walda Ferreira dos Santos - HETRIN. Parcela única de R$ 15.427,86.","11º Apostilamento ao Contrato de Gestão nº 37/2019-SES/GO. Fundamento: Parecer Jurídico nº 717/2023-SES/PROCSET, Portaria GM MS Nº 5.638/2024, Despacho nº 1.732/2024-SES/GEMOD e Requisição de Despesa nº 434/2024-SES/GEMOD. Processo Administrativo nº 202400010082938, vinculado ao nº 201900010008727. Nota de Empenho nº 00169 (67714087). Permanecem inalteradas as demais cláusulas do contrato original, seus aditivos e apostilas.",IMED,"Instituto de Medicina, Estudos e Desenvolvimento - IMED","Estado de Goiás, por intermédio da Secretaria de Estado de Saúde",Secretaria de Estado da Saúde de Goiás - SES/GO,0,0,0,termo_apostilamento,,,15427.86,,2024-11-28,,False
2024,C:\OSS-Goias\documentos\IMED\PFRE\2024\05_Contrato_Gestao_Aditivos\Apostila_68025271_Apostila_4____PC_Formosa.pdf,Apostila_68025271_Apostila_4____PC_Formosa,2024-11-28,,"Assistência financeira complementar da União / Tesouro Estadual (Nota de Empenho nº 00171, dotação orçamentária 2850.10.302.1043.2516.03.16050001.50)",PFRE,0,0,4,88/2024-SES/GO,"Repasse financeiro ao IMED referente assistência financeira complementar da União para cumprimento do piso salarial nacional de enfermeiros, técnicos e auxiliares de enfermagem e parteiras nas unidades de saúde geridas por organizações sociais de saúde ou fundações, no contexto da Policlínica Estadual da Região do Entorno - Unidade Formosa","4º Apostilamento ao Termo de Colaboração nº 88/2024-SES/GO. Repasse de 1 (uma) parcela no valor de R$ 28.556,78 referente ao piso salarial nacional de enfermagem (Portaria GM/MS nº 5.638/2024). Processo Administrativo nº 202400010083581, vinculado ao nº 202400010044543. SEI 67740135. Demais cláusulas do contrato original, aditivos e apostilas permanecem inalteradas.",IMED,"Instituto de Medicina, Estudos e Desenvolvimento – IMED","Estado de Goiás, por intermédio da Secretaria de Estado de Saúde",Secretaria de Estado da Saúde de Goiás – SES/GO,0,0,0,termo_apostilamento,,,28556.78,,,,False
2024,C:\OSS-Goias\documentos\Albert Einstein\HUGO\2024\05_Contrato_Gestao_Aditivos\Competencias-prevista-no-Contrato-de-Gestao-97-2024-3.pdf,Competencias-prevista-no-Contrato-de-Gestao-97-2024-3,,,,HUGO,0,0,,97/2024SES/GO,"Gerenciamento, operacionalização e execução das ações e serviços de saúde do Hospital Estadual De Urgências De Goiás - Dr. Valdemiro Cruz - HUGO","Documento apresenta exclusivamente a Cláusula Terceira (Das Obrigações) do Contrato de Gestão nº 97/2024SES/GO, assinado digitalmente por Danilo da Silva Lili (Gerente de Controladoria SBIBAE) em 22/08/2024. Não contém cláusulas de vigência, valor, metas físicas ou indicadores de qualidade.",Sociedade Beneficente Israelita Brasileira Hospital Albert Einstein (SBIBAE),Sociedade Beneficente Israelita Brasileira Hospital Albert Einstein (SBIBAE),Estado de Goiás,Secretaria de Estado da Saúde de Goiás (SES/GO),3,0,0,contrato_gestao_inicial,,,,,,,False
2024,C:\OSS-Goias\documentos\ABEVIDA\CRESM\2024\05_Contrato_Gestao_Aditivos\COMPETENCIAS-PREVISTAS-CONTRATO-DE-GESTAO-002-2014.pdf,COMPETENCIAS-PREVISTAS-CONTRATO-DE-GESTAO-002-2014,,,SUS,CREDEQ,0,0,3,002/2014/SES/GO,"Especificações técnicas previstas para gestão do CREDEQ Jamil Issy (Centro Estadual de Referência e Excelência em Dependência Química de Aparecida de Goiânia), conforme Anexo Técnico I do 3º Termo Aditivo ao Contrato de Gestão 002/2014/SES/GO, descrevendo competências e obrigações do Parceiro Privado na administração da unidade.","Documento denominado 'Competências Previstas' referente ao Anexo Técnico I do 3º Termo Aditivo ao Contrato de Gestão nº 002/2014/SES/GO. O CREDEQ Jamil Issy é administrado pela Associação Comunidade Luz da Vida, porém o documento foi assinado digitalmente pela ASSOCIACAO BRASILEIRA DE ESPERANCA E VIDA - ABEVIDA em 2023-09-13. Vigência do contrato original iniciada em 31/07/2014. O documento descreve obrigações operacionais do parceiro privado incluindo: sistema de informação eletrônica, SAI/SUS e AIH/SUS, equipe médica hospitalista, identificação corporativa, registro de atendimentos, comissões clínicas (CAPM, Verificação de Óbitos, Ética Médica, CCIH, Ensino e Pesquisa, CIPA/SESMT), NVEH, NIR, Núcleo de Engenharia Clínica, gerenciamento de equipamentos conforme RDC 02/2010 e NBR 15943:2011.",ABEVIDA,Associação Comunidade Luz da Vida / Associação Brasileira de Esperança e Vida - ABEVIDA,Estado de Goiás - Secretaria Estadual de Saúde (SES/GO),Secretaria de Estado da Saúde de Goiás - SES/GO,0,1,5,outro,,,,,2014-07-31,,False
2024,C:\OSS-Goias\documentos\IMED\PFRE\2024\05_Contrato_Gestao_Aditivos\COMPETENCIAS-PREVISTAS-NO-TERMO-DE-COLABORACAO-88-2024.pdf,COMPETENCIAS-PREVISTAS-NO-TERMO-DE-COLABORACAO-88-2024,2024-07-10,,,PFRE,0,0,,88/2024,"Gestão da Policlínica Estadual da Região do Entorno - Unidade Formosa, com execução de atividades e/ou serviços auxiliares descritos no Plano de Trabalho, zelando pela boa qualidade das ações e serviços ofertados e primando pela eficiência, eficácia, efetividade e economicidade","Documento trata-se de extrato das competências previstas no Termo de Colaboração nº 88/2024 – SES/GO, de 10/07/2024 (Processo nº 202400010044543), elaborado pelo IMED para fins de Portal da Transparência, com fundamento no Art. 6º, § 1º, I da Lei Estadual nº 18.025/2013, Item 21 do Anexo II da Resolução Normativa nº 013/2017 TCE-GO e Item 3.2.5 da Metodologia de avaliação O.S. CGE-TCE 2021. Apresenta apenas a Cláusula Terceira (obrigações do parceiro privado) e competências do Estatuto Social do IMED. Valores financeiros, vigência e metas físicas não constam neste documento.",IMED,"IMED - Instituto de Medicina, Estudos e Desenvolvimento (CNPJ 19.324.171/0001-02)",Estado de Goiás - Secretaria de Estado da Saúde (SES/GO),Secretaria de Estado da Saúde de Goiás (SES/GO),4,0,13,contrato_gestao_inicial,,,,,,,False
2024,C:\OSS-Goias\documentos\ABEVIDA\CRESM\2024\05_Contrato_Gestao_Aditivos\COMPETENCIAS-PREVISTAS_10o-ADITIVO-1.pdf,COMPETENCIAS-PREVISTAS_10o-ADITIVO-1,2025-09-09,,,CRESM,0,0,10,002/2014-SES,"Modificação da forma de composição do Fundo de Provisão, mediante a alteração da Cláusula Sexta - Da Inclusão de Obrigações em Cláusula Contratual, item 6.16, bem como a inclusão dos itens 6.16.1, 6.16.2 e 6.16.2.1, do 7º Termo Aditivo ao Contrato original.","O percentual de 4,67% do total de recursos financeiros de custeio repassados ao Parceiro Privado será depositado na conta exclusiva do Fundo de Provisão para suportar rescisões trabalhistas, décimo terceiro e ações judiciais de colaboradores celetistas. O Parceiro Público deverá rever o percentual após 24 meses de composição do Fundo. O Parceiro Privado poderá solicitar revisão do percentual caso o valor seja insuficiente. A solicitação será analisada pela SUPECC e autorizada pelo titular do Parceiro Público. Contrato de Gestão original com início de vigência em 31/07/2014.",ABEVIDA,Associação Brasileira de Esperança e Vida - ABEVIDA,Estado de Goiás / Secretaria de Estado da Saúde de Goiás (SES/GO),Secretaria de Estado da Saúde de Goiás (SES/GO),0,0,0,termo_aditivo,,,,,2025-07-30,,False
2024,C:\OSS-Goias\documentos\ABEVIDA\CRESM\2024\05_Contrato_Gestao_Aditivos\COMPETENCIAS-PREVISTAS_11o-ADITIVO.pdf,COMPETENCIAS-PREVISTAS_11o-ADITIVO,,,,CRESM,0,0,11,002/2014-SES,Revisão do Plano de Metas de Produção e Desempenho com adequação do Anexo I; adequação do valor do repasse mensal referente ao custeio para o 11º Termo Aditivo ao Contrato de Gestão nº 002/2014-SES/GO conforme Anexo IV-SES/GEC; readequação do valor do repasse mensal referente ao custeio dos Programas de Residência Médica e em Área de Saúde do CRESM conforme Anexo II/2025-SES/GEDES.,"Documento trata exclusivamente das competências previstas (Cláusula Primeira - Do Objeto e Características dos Serviços Contratados) do 11º Termo Aditivo ao Contrato de Gestão nº 002/2014-SES do CRESM (Complexo de Referência Estadual em Saúde Mental Prof. Jamil Issy), localizado em Aparecida de Goiânia/GO. O contrato original teve início em 31/07/2014. O 11º Termo Aditivo tem início de vigência em 25/07/2026. Não constam valores financeiros, metas físicas quantificadas, quadro de recursos humanos mínimos nem indicadores de qualidade neste documento específico, pois esses elementos estão referenciados como Anexos (Anexo I, Anexo II/2025-SES/GEDES, Anexo IV-SES/GEC) que não integram o arquivo.",ABEVIDA,ABEVIDA,Estado de Goiás / Secretaria de Estado da Saúde de Goiás (SES-GO),Secretaria de Estado da Saúde de Goiás (SES-GO),3,0,8,termo_aditivo,,,,,2026-07-25,,False
2024,C:\OSS-Goias\documentos\ABEVIDA\CRESM\2024\05_Contrato_Gestao_Aditivos\COMPETENCIAS-PREVISTAS_1o-ADITIVO.pdf,COMPETENCIAS-PREVISTAS_1o-ADITIVO,,,,CRESM,0,0,1,002/2014-SES,"Obrigações e responsabilidades do parceiro privado (ABEVIDA/CREDEQ) no âmbito do 1º Termo Aditivo ao Contrato de Gestão nº 002/2014-SES, referentes à execução de atividades e serviços auxiliares na unidade Centro Estadual de Referência e Excelência em Dependência Química – Unidade Aparecida de Goiânia – Prof. Jamil Issy",Documento apresenta apenas a Cláusula Segunda (Obrigações e Responsabilidades do Parceiro Privado) do 1º Termo Aditivo ao Contrato de Gestão nº 002/2014-SES/GO. Contrato original com início de vigência em 31/07/2014. 1º Termo Aditivo com início de vigência em 29/12/2016. Documento assinado digitalmente por ASSOCIACAO BRASILEIRA DE ESPERANCA E VIDA (ABEVIDA:02812043000105) em 2023-09-13.,ABEVIDA,Associação Brasileira de Esperança e Vida – ABEVIDA,Estado de Goiás / Secretaria de Estado da Saúde (SES-GO),Secretaria de Estado da Saúde de Goiás (SES-GO),0,0,1,termo_aditivo,,,,,2016-12-29,,False
2024,C:\OSS-Goias\documentos\ABEVIDA\CRESM\2024\05_Contrato_Gestao_Aditivos\COMPETENCIAS-PREVISTAS_2o-ADITIVO.pdf,COMPETENCIAS-PREVISTAS_2o-ADITIVO,2023-09-13,,SUS,CREDEQ,0,0,2,002/2014-SES,"Competências previstas para o 2º Termo Aditivo ao Contrato de Gestão nº 002/2014-SES, estabelecendo obrigações do Parceiro Privado (ABEVIDA) na gestão do CREDEQ - Centro Estadual de Referência e Excelência em Dependência Química, Unidade Aparecida de Goiânia – Prof. Jamil Issy, incluindo: adesão a sistemas de informação eletrônica (SIA/SUS e AIH/SUS), manutenção de equipe médica hospitalista, registros de atendimento, gerenciamento de equipamentos de saúde, comissões clínicas, Núcleo Interno de Regulação (NIR), Núcleo de Vigilância Epidemiológica Hospitalar (NVEH) e Núcleo de Engenharia Clínica.","Documento intitulado 'Competências Previstas – 2º Termo Aditivo ao Contrato de Gestão nº 002/2014-SES', assinado digitalmente pela ABEVIDA em 13/09/2023. O contrato original teve início de vigência em 31/07/2014 e o 2º Termo Aditivo em 30/07/2018. O documento trata exclusivamente das obrigações do Parceiro Privado, sem conter tabelas de metas físicas, indicadores de qualidade, quadro de recursos humanos ou cláusulas de penalidade explícitas.",ABEVIDA,Associação Brasileira de Esperança e Vida – ABEVIDA,Secretaria de Estado da Saúde de Goiás (SES/GO),Secretaria de Estado da Saúde de Goiás,0,0,8,termo_aditivo,,,,,2018-07-30,,False
2024,C:\OSS-Goias\documentos\ABEVIDA\CRESM\2024\05_Contrato_Gestao_Aditivos\COMPETENCIAS-PREVISTAS_3o-ADITIVO.pdf,COMPETENCIAS-PREVISTAS_3o-ADITIVO,,,SUS,CREDEQ,0,0,3,002/2014-SES,"Competências previstas para o parceiro privado no âmbito do 3º Termo Aditivo ao Contrato de Gestão nº 002/2014-SES, relativas à gestão do CREDEQ (Centro Estadual de Referência e Excelência em Dependência Química, Unidade Aparecida de Goiânia – Prof. Jamil Issy)","Documento descreve exclusivamente as competências e obrigações do parceiro privado previstas no 3º Termo Aditivo ao Contrato de Gestão nº 002/2014/SES/GO. Contrato original teve início em 31/07/2014; o 3º Termo Aditivo teve início de vigência em 30/09/2019. A assinatura digital constante no documento é da ASSOCIAÇÃO BRASILEIRA DE ESPERANÇA E VIDA ABEVIDA (02812043000105), datada de 2023-09-13. Não há valores financeiros, metas físicas ou quadro de pessoal explicitados neste documento.",ABEVIDA,ASSOCIAÇÃO BRASILEIRA DE ESPERANÇA E VIDA – ABEVIDA,Secretaria de Estado da Saúde de Goiás – SES/GO,Secretaria de Estado da Saúde de Goiás – SES/GO,0,0,7,termo_aditivo,,,,,2019-09-30,,False
2024,C:\OSS-Goias\documentos\ABEVIDA\CRESM\2024\05_Contrato_Gestao_Aditivos\COMPETENCIAS-PREVISTAS_4o-ADITIVO.pdf,COMPETENCIAS-PREVISTAS_4o-ADITIVO,2023-09-13,,SUS,CREDEQ,0,0,4,002/2014-SES,"Competências previstas para o 4º Termo Aditivo ao Contrato de Gestão nº 002/2014-SES, estabelecendo obrigações do Parceiro Privado (ABEVIDA) na gestão do Centro Estadual de Referência e Excelência em Dependência Química de Aparecida de Goiânia - CREDEQ Prof. Jamil Issy, incluindo processo de transição de gestão, sistemas de informação, atendimento ao usuário, gestão de equipamentos e comissões clínicas.","Documento trata apenas das competências/obrigações do Parceiro Privado previstas no 4º Termo Aditivo ao Contrato de Gestão nº 002/2014-SES/GO. O contrato original teve início de vigência em 31/07/2014 e o 4º Termo Aditivo em 30/01/2020. O documento foi assinado digitalmente pela ABEVIDA em 13/09/2023. A OSS atual gestora é a Associação Comunidade Luz da Vida, mencionada no texto como participante do processo de transição de gestão.",ABEVIDA,Associação Brasileira de Esperança e Vida - ABEVIDA,Secretaria de Estado da Saúde de Goiás - SES/GO,Secretaria de Estado da Saúde de Goiás - SES/GO,0,0,3,termo_aditivo,,,,,2020-01-30,,False
2024,C:\OSS-Goias\documentos\ABEVIDA\CRESM\2024\05_Contrato_Gestao_Aditivos\COMPETENCIAS-PREVISTAS_5o-ADITIVO.pdf,COMPETENCIAS-PREVISTAS_5o-ADITIVO,2023-09-13,,SUS,CREDEQ,0,0,5,002/2014-SES,"Competências previstas ao Parceiro Privado no âmbito do 5º Termo Aditivo ao Contrato de Gestão nº 002/2014-SES, relativas à gestão e operação do CREDEQ (Centro Estadual de Referência e Excelência em Dependência Química, Unidade Aparecida de Goiânia – Prof. Jamil Issy), incluindo obrigações assistenciais, de informação, de qualidade, de gerenciamento de equipamentos e de direitos dos usuários.","Documento descreve exclusivamente as competências/obrigações do Parceiro Privado (ABEVIDA) previstas no 5º Termo Aditivo ao Contrato de Gestão nº 002/2014-SES/GO. O contrato original teve início em 31/07/2014. O 5º Termo Aditivo teve início de vigência em 27/01/2021. O documento foi assinado digitalmente pela ABEVIDA em 13/09/2023. Não há cláusulas financeiras, metas físicas quantitativas ou quadro de pessoal explicitados neste documento.",ABEVIDA,Associação Brasileira de Esperança e Vida – ABEVIDA,Secretaria de Estado da Saúde de Goiás – SES/GO,Secretaria de Estado da Saúde de Goiás – SES/GO,0,0,3,termo_aditivo,,,,,2021-01-27,,False
2024,C:\OSS-Goias\documentos\ABEVIDA\CRESM\2024\05_Contrato_Gestao_Aditivos\COMPETENCIAS-PREVISTAS_6o-ADITIVO.pdf,COMPETENCIAS-PREVISTAS_6o-ADITIVO,2023-09-13,,SUS,CREDEQ,0,0,6,002/2014-SES,"Inclusão de cláusulas ao Contrato de Gestão nº 002/2014-SES/GO referentes a: obrigações do parceiro privado quanto a despesas com pessoal, transparência sobre empregados contratados indiretamente, e competências previstas para a gestão do CREDEQ (Centro Estadual de Referência e Excelência em Dependência Química, Unidade Aparecida de Goiânia – Prof. Jamil Issy)","O documento trata das competências previstas no 6º Termo Aditivo ao Contrato de Gestão nº 002/2014-SES/GO, com início de vigência do aditivo em 26/07/2021 e do contrato original em 31/07/2014. A inclusão das cláusulas referentes ao controle de despesas com pessoal surtirá efeito a partir do exercício de 2022, conforme Despacho nº 3384/2021-GAB. O documento foi assinado digitalmente pela ABEVIDA em 13/09/2023. Inclui extenso rol de obrigações do Parceiro Privado (itens 1.1 a 1.62) e características dos serviços contratados (itens 2.1 a 2.6).",ABEVIDA,Associação Brasileira de Esperança e Vida – ABEVIDA (CNPJ 02812043000105),Secretaria de Estado da Saúde de Goiás (SES/GO),Secretaria de Estado da Saúde de Goiás (SES/GO),0,3,4,termo_aditivo,,,,,2021-07-26,,False
2024,C:\OSS-Goias\documentos\ABEVIDA\CRESM\2024\05_Contrato_Gestao_Aditivos\COMPETENCIAS-PREVISTAS_7o-ADITIVO.pdf,COMPETENCIAS-PREVISTAS_7o-ADITIVO,2022-07-26,,SUS,CRESM,0,0,7,002/2014-SES,"Inclusão de obrigações/competências previstas ao Contrato de Gestão nº 002/2014-SES, incluindo a inclusão dos itens 6.15, 6.16, 6.17 e 6.18 na Cláusula Sexta - Dos Recursos Financeiros, referentes à formação de Fundo de Provisão (3% do valor repassado pelo Parceiro Público para pagamento de pessoal CLT) e às competências operacionais do Parceiro Privado na gestão do Complexo de Referência Estadual em Saúde Mental Prof. Jamil Issy.","Documento refere-se às Competências Previstas do 7º Termo Aditivo ao Contrato de Gestão nº 002/2014-SES/GO. O Contrato de Gestão original teve início de vigência em 31/07/2014. O 7º Termo Aditivo teve início de vigência em 26/07/2022. Inclui obrigação de formação de Fundo de Provisão de 3% do valor repassado pelo Parceiro Público para pagamento de pessoal CLT, para suportar rescisões trabalhistas e ações judiciais (itens 6.15 a 6.18). O documento foi assinado digitalmente pela ABEVIDA em 25/09/2023.",ABEVIDA,ASSOCIAÇÃO BRASILEIRA DE ESPERANÇA E VIDA - ABEVIDA (CNPJ 02.812.043/0001-05),Estado de Goiás / Secretaria de Estado da Saúde de Goiás (SES-GO),Secretaria de Estado da Saúde de Goiás (SES-GO),1,9,10,termo_aditivo,,,,,2022-07-26,,False
2024,C:\OSS-Goias\documentos\ABEVIDA\CRESM\2024\05_Contrato_Gestao_Aditivos\COMPETENCIAS-PREVISTAS_9o-ADITIVO-.pdf,COMPETENCIAS-PREVISTAS_9o-ADITIVO-,2024-09-05,,,CRESM,0,0,9,002/2014-SES,"Inclusão de obrigações contratuais ao Parceiro Privado referentes a: fundo de provisão trabalhista (3% da folha CLT), alimentação de sistemas de informação (SIA/SUS, SIH/SUS, CNES), gestão de prontuários eletrônicos, operação de NIR, NHE, comissões clínicas, gerenciamento de equipamentos de saúde, farmácia hospitalar, integridade, combate ao assédio, e demais competências previstas na Cláusula Sexta do Contrato de Gestão nº 002/2014-SES/GO (CRESM - Complexo de Referência Estadual em Saúde Mental Prof. Jamil Issy).","Contrato de Gestão nº 002/2014/SES/GO com início de vigência em 31/07/2014. O 9º Termo Aditivo teve início de vigência em 26/07/2024. O documento é composto pelas Competências Previstas (obrigações do Parceiro Privado) e inclui a Cláusula Sexta relativa à inclusão de obrigações sobre fundo de provisão trabalhista (3% da folha CLT para rescisões/ações judiciais). O hospital é o CRESM - Complexo de Referência Estadual em Saúde Mental Prof. Jamil Issy, localizado em Aparecida de Goiânia/GO. O documento foi assinado digitalmente pela ABEVIDA em 05/09/2024.",ABEVIDA,Associação Brasileira de Esperança e Vida - ABEVIDA (CNPJ 02812043001250),Estado de Goiás - Secretaria de Estado da Saúde de Goiás (SES-GO),Secretaria de Estado da Saúde de Goiás (SES-GO),3,10,10,termo_aditivo,,,,,2024-07-26,,False
2024,C:\OSS-Goias\documentos\AGIR\HUGOL\2024\05_Contrato_Gestao_Aditivos\Competências previstas no Contrato de Gestão HUGOL_05-2024.pdf,Competências previstas no Contrato de Gestão HUGOL_05-2024,2024-05-15,,,HUGOL,0,0,,003/2014,"Documento descritivo das competências/obrigações e responsabilidades do Parceiro Privado (AGIR) previstas no Contrato de Gestão nº 003/2014 SES/GO para gerenciamento, operacionalização e execução das ações e serviços de saúde do HUGOL","Documento elaborado pela Superintendência Executiva da AGIR em 15/05/2024, listando as competências previstas na Cláusula Segunda do Contrato de Gestão nº 003/2014 SES/GO. O 11º Termo Aditivo ao Contrato de Gestão nº 003/2014 SES/GO teve início de vigência em 15/07/2023. Trata-se de documento informativo/descritivo das obrigações contratuais, não sendo um contrato ou aditivo em si.",AGIR,"Associação de Gestão, Inovação e Resultados em Saúde – AGIR",Estado de Goiás / Secretaria de Estado da Saúde de Goiás (SES/GO),Secretaria de Estado da Saúde de Goiás (SES/GO),2,0,0,outro,,,,,2014-07-15,,False
2024,C:\OSS-Goias\documentos\Albert Einstein\HUGO\2024\05_Contrato_Gestao_Aditivos\Execucao-orcamentaria-mensal-e-acumulada-do-ano-agosto-2024.xlsx,Execucao-orcamentaria-mensal-e-acumulada-do-ano-agosto-2024,,,Tesouro Estadual,HUGO,0,0,,054/2024,"Gestão do Hospital de Urgências de Goiás Dr. Valdemiro Cruz - HUGO, com repasse mensal de custeio de R$ 18.606.456,07, conforme Termo de Colaboração nº 054/2024-SES, 1º apostilamento e 2º apostilamento.","Relatório de execução orçamentária e financeira referente ao período de janeiro a agosto/2024. Valor total empenhado no período: R$ 40.135.853,81 (custeio) + R$ 512.640,00 (investimentos). Total liquidado custeio: R$ 39.595.853,81. Total de pagamentos no período: R$ 38.598.657,37. Total de glosas aplicadas: R$ 495.927,53. Em maio/2024 houve empenho adicional de R$ 39.349.261,26. Glosas aplicadas com valor estimado, sujeitas a ajuste posterior conforme SES/GMAE. Processo nº 202400010035643.",Albert Einstein,Sociedade Beneficente Israelita Brasileira - Hospital Albert Einstein (CNPJ: 60.765.823/0001-30),Secretaria de Estado da Saúde – SES/GO (CNPJ: 02.529.964/0001-57),Secretaria de Estado da Saúde – SES/GO,3,0,0,termo_apostilamento,,18606456.07,39729880.224,2024-11-30,2024-06-04,,False
2024,C:\OSS-Goias\documentos\Albert Einstein\HUGO\2024\05_Contrato_Gestao_Aditivos\Execucao-orcamentaria-mensal-e-acumulada-do-ano-outubro-2024.pdf,Execucao-orcamentaria-mensal-e-acumulada-do-ano-outubro-2024,,,,HUGO,0,0,,054/2024,"Relatório Resumido da Execução Orçamentária e Financeira por Contrato de Gestão referente ao período de Janeiro a Outubro/2024 do Hospital de Urgências de Goiás Dr. Valdemiro Cruz - HUGO, sob gestão da Sociedade Beneficente Israelita Brasileira - Hospital Albert Einstein, conforme Termo de Colaboração nº 054/2024-SES, 1º apostilamento e 2º apostilamento.","Relatório de Execução nº 527/2024 SES/DIPPAG-06381. Total de glosas aplicadas no período: R$ 808.499,66. Total empenhado no período: R$ 39.729.880,22. Total liquidado: R$ 40.135.853,81 (custeio) + R$ 512.640,00 (repasses adicionais). Total pago no período: R$ 38.921.380,56. Processo nº 202300010061685. Documento assinado eletronicamente por Thalles Paulino de Avila e Wagner Assis Rodrigues em dezembro/2024.",Sociedade Beneficente Israelita Brasileira - Hospital Albert Einstein,Sociedade Beneficente Israelita Brasileira - Hospital Albert Einstein (CNPJ: 60.765.823/0001-30),Secretaria de Estado da Saúde de Goiás - SES/GO (CNPJ: 02.529.964/0001-57),Secretaria de Estado da Saúde de Goiás - SES/GO,6,0,0,outro,,18606456.07,,2024-11-30,2024-06-04,6,False
2024,C:\OSS-Goias\documentos\Albert Einstein\HUGO\2024\05_Contrato_Gestao_Aditivos\Execucao-orcamentaria-mensal-e-acumulada-do-ano-setembro-2024.xlsx,Execucao-orcamentaria-mensal-e-acumulada-do-ano-setembro-2024,,,,HUGO,0,0,,054/2024,"Gestão do Hospital de Urgências de Goiás Dr. Valdemiro Cruz - HUGO, com repasse mensal de custeio de R$ 18.606.456,07, conforme Termo de Colaboração nº 054/2024 - SES, 1º apostilamento, 2º apostilamento.","Relatório de execução orçamentária e financeira janeiro a setembro/2024. Total de pagamentos no período: R$ 38.835.546,96. Total de glosas aplicadas: R$ 808.499,66. Total empenhado custeio: R$ 40.135.853,81; investimentos: R$ 512.640,00. Total liquidado custeio: R$ 39.639.926,28; investimentos: R$ 80.400,00. Glosa com valor estimado - ajuste será realizado posteriormente conforme informado pela SES/GMAE - CG-14421. Processo nº 202400010035643.",Albert Einstein,Sociedade Beneficente Israelita Brasileira - Hospital Albert Einstein (CNPJ: 60.765.823/0001-30),Secretaria de Estado da Saúde – SES/GO (CNPJ: 02.529.964/0001-57),Secretaria de Estado da Saúde – SES/GO,6,0,0,termo_apostilamento,,18606456.07,,2024-11-30,2024-06-04,6,False
2024,C:\OSS-Goias\documentos\IMED\HETRIN\2024\05_Contrato_Gestao_Aditivos\Extrato_de_Publicacao_57071237_Publicacao_DOE_2.pdf,Extrato_de_Publicacao_57071237_Publicacao_DOE_2,2024-02-21,2024-02-23,Assistência financeira da União,HETRIN,0,0,5,80/2021-SES/GO,"Repasse de assistência financeira da União para cumprimento do piso salarial nacional de enfermeiros, técnicos e auxiliares de enfermagem e parteiras no contexto das unidades de saúde geridas por organizações sociais de saúde ou fundações.",Dotação Orçamentária: 2850.10.302.1043.2516.03.26000232.50. Signatário: Rasível dos Reis Santos Júnior - Secretário de Estado da Saúde. Protocolo 443747. O documento publicado no DOE de 23/02/2024 contém múltiplos extratos de apostilamentos de diferentes OSS; o extrato relevante para IMED/contrato 80/2021 corresponde ao 5º Apostilamento.,IMED,"Instituto de Medicina, Estudos e Desenvolvimento - IMED",Estado de Goiás - Secretaria de Estado da Saúde,Secretaria de Estado da Saúde,0,0,0,termo_apostilamento,,,337679.3,,,,False
2024,C:\OSS-Goias\documentos\IMED\HETRIN\2024\05_Contrato_Gestao_Aditivos\Extrato_de_Publicacao_57071318_Publicacao_DOU_1.pdf,Extrato_de_Publicacao_57071318_Publicacao_DOU_1,2024-02-21,2024-02-23,Transferência da União (piso salarial nacional de enfermagem),HETRIN,0,0,4,37/2019-SES/GO,"Repasse de assistência financeira da União para cumprimento do piso salarial nacional de enfermeiros, técnicos e auxiliares de enfermagem e parteiras no contexto das unidades de saúde geridas por organizações sociais de saúde ou fundações.",Dotação Orçamentária: 2850.10.302.1043.2516.03.26000232.50. Processo nº: 201900010008727. Signatário: Rasível dos Reis Santos Júnior - Secretário de Estado da Saúde.,IMED,"Instituto de Medicina, Estudos e Desenvolvimento - IMED",Estado de Goiás - Secretaria de Estado da Saúde,Secretaria de Estado da Saúde,0,0,0,termo_apostilamento,,,132730.12,,,,False
2024,C:\OSS-Goias\documentos\Albert Einstein\HUGO\2024\05_Contrato_Gestao_Aditivos\HUGO-EINSTEIN-Termo-de-Colaboracao-no-97-2024-nbspSES.pdf,HUGO-EINSTEIN-Termo-de-Colaboracao-no-97-2024-nbspSES,,,Tesouro Estadual,HUGO,0,0,,97/2024,"Gestão do Hospital de Urgências de Goiás Dr. Valdemiro Cruz - HUGO pela Sociedade Beneficente Israelita - Hospital Albert Einstein, mediante Termo de Colaboração.","Documento é Relatório de Execução nº 42/2025 (mês/ano: janeiro/2025), não o contrato original. Valor estimado total no contrato de gestão = Custeio (R$ 21.322.433,06) + Residência Médica (R$ 254.301,53) + Servidor Cedido (R$ 2.922.475,15) + Apostilamento (R$ 67.387,47). Valor mensal estimado custeio inclui gratificação COREME/COREMU (R$ 60.672,64) e despesa custeio diverso por residente (R$ 100.010,00) e apostilamento (R$ 67.387,47), totalizando R$ 21.689.990,35. Glosa aplicada em janeiro/2025: R$ 600.000,00 referente a fatura de energia elétrica (concessionária Equatorial, referência setembro/2024). Pagamento DEA de R$ 67.387,47 referente ao 7º Apostilamento - Piso Nacional de Enfermagem (dezembro/2024). Total de pagamentos no mês: R$ 20.816.372,47. Processo nº 202300010023416 / SEI 71808007.",Hospital Albert Einstein (SBIBHAE),Sociedade Beneficente Israelita - Hospital Albert Einstein (Matriz: 60.765.823/0001-30 / Filial Goiânia: 60.765.823/0090-05),Secretaria de Estado da Saúde de Goiás - SES/GO (CNPJ 02.529.964/0001-57),Secretaria de Estado da Saúde de Goiás - SES/GO,0,0,0,contrato_gestao_inicial,,21322433.06,,2027-08-07,2024-08-07,36,False
2024,C:\OSS-Goias\documentos\IMED\HETRIN\2024\05_Contrato_Gestao_Aditivos\Publicacao_64316886_diario_oficial_2024_08_28_completo.pdf,Publicacao_64316886_diario_oficial_2024_08_28_completo,2024-08-26,2024-08-28,Assistência financeira complementar da União (Piso de Enfermagem),HETRIN,0,0,,37/2019-SES/GO,"Repasse financeiro ao IMED, referente assistência financeira complementar da União (Piso de Enfermagem).",8º Apostilamento ao Contrato de Gestão nº 37/2019-SES/GO (HETRIN). Processo nº 202400010057203. Signatário: Rasível dos Reis Santos Júnior - Secretário de Estado da Saúde.,IMED,"Instituto de Medicina, Estudos e Desenvolvimento - IMED",Estado de Goiás - Secretaria de Estado da Saúde,Secretaria de Estado da Saúde,0,0,0,termo_apostilamento,,,13504.29,,,,False
2024,C:\OSS-Goias\documentos\IMED\HETRIN\2024\05_Contrato_Gestao_Aditivos\Publicacao_65044422_Publicacao_DOE.pdf,Publicacao_65044422_Publicacao_DOE,,2024-09-13,Tesouro Estadual,HETRIN,0,0,5,37/2019-SES/GO,"Efetivação de procedimentos cirúrgicos do programa ""Fila Zero de Cirurgias""","Processo nº 202400010053312, vinculado ao processo original nº 201900010008727. Dotação Orçamentária: 2850.10.302.1043.2516.03.16000232.50. Vigência conforme Anexos Técnicos. Signatários: Rasível dos Reis Santos Júnior (SES) e André Fonseca Leme (IMED).",IMED,"IMED - Instituto de Medicina, Estudos e Desenvolvimento",Estado de Goiás - Secretaria de Estado da Saúde,Secretaria de Estado da Saúde,0,0,1,termo_aditivo,,,2000000.0,,,,False
2024,C:\OSS-Goias\documentos\IMED\HETRIN\2024\05_Contrato_Gestao_Aditivos\Publicacao_65648195_Publicacao_DOE___HETRIN.pdf,Publicacao_65648195_Publicacao_DOE___HETRIN,2024-09-24,2024-09-30,União,HETRIN,0,0,,37/2019-SES/GO,Repasse referente assistência financeira complementar da União,9º Apostilamento ao Contrato de Gestão nº 37/2019-SES/GO (HETRIN). Processo nº 202400010066872. Signatário: Rasível dos Reis Santos Júnior - Secretário de Estado da Saúde. Protocolo 489815.,IMED,"Instituto de Medicina, Estudos e Desenvolvimento - IMED",Estado de Goiás - Secretaria de Estado da Saúde,Secretaria de Estado da Saúde,0,0,0,termo_apostilamento,,,15781.17,,,,False
2024,C:\OSS-Goias\documentos\IMED\PFRE\2024\05_Contrato_Gestao_Aditivos\Publicacao_65772301_PUBLICACAO_DOE_3.pdf,Publicacao_65772301_PUBLICACAO_DOE_3,2024-09-24,2024-09-27,Assistência financeira complementar da União,PFRE,0,0,2,88/2024,Repasse referente assistência financeira complementar da União,Documento refere-se ao 2º Apostilamento ao Termo de Colaboração nº 88/2024-SES/GO relativo à Policlínica Formosa. Processo nº 202400010067463. Signatário: Rasível dos Reis Santos Júnior - Secretário de Estado da Saúde. Protocolo 489459.,IMED,"Instituto de Medicina, Estudos e Desenvolvimento - IMED",Estado de Goiás - Secretaria de Estado da Saúde,Secretaria de Estado da Saúde,0,0,0,termo_apostilamento,,,28556.78,,,,False
2024,C:\OSS-Goias\documentos\IMED\HETRIN\2024\05_Contrato_Gestao_Aditivos\Publicacao_68015514_pub_11_Apostila_HETRIN.pdf,Publicacao_68015514_pub_11_Apostila_HETRIN,2024-11-28,2024-11-29,Assistência financeira complementar da União (Piso de Enfermagem),HETRIN,0,0,11,37/2019-SES/GO,Repasse referente assistência financeira complementar da União (Piso de Enfermagem).,Processo nº 202400010082938. Signatário: Rasível dos Reis Santos Júnior - Secretário de Estado da Saúde. Protocolo 502164.,IMED,"Instituto de Medicina, Estudos e Desenvolvimento - IMED",Estado de Goiás - Secretaria de Estado da Saúde,Secretaria de Estado da Saúde,0,0,0,termo_apostilamento,,,15427.86,,,,False
2024,C:\OSS-Goias\documentos\IMED\PFRE\2024\05_Contrato_Gestao_Aditivos\Publicacao_68025537_PUBLICACAO_PC___FORMOSA___4__APOSTILA___PISO.pdf,Publicacao_68025537_PUBLICACAO_PC___FORMOSA___4__APOSTILA___PISO,2024-11-28,2024-11-29,União (Piso de Enfermagem),HOSPITAL DE FORMOSA,0,0,14,50/2022-SES/GO,"Repasse financeiro ao IMED, referente assistência financeira complementar da União (Piso de Enfermagem)",Processo nº 202400010083535. Signatário: Rasível dos Reis Santos Júnior - Secretário de Estado da Saúde. O documento refere-se ao 14º Apostilamento ao Contrato de Gestão nº 50/2022-SES/GO (Hospital de Formosa).,IMED,"Instituto de Medicina, Estudos e Desenvolvimento - IMED",Estado de Goiás - Secretaria de Estado da Saúde,,0,0,0,termo_apostilamento,,,21669.63,,,,False
2024,C:\OSS-Goias\documentos\IMED\HETRIN\2024\05_Contrato_Gestao_Aditivos\Publicacao_DOE_3o-Apostilamento-Contrato-de-gestao-037-2019.pdf,Publicacao_DOE_3o-Apostilamento-Contrato-de-gestao-037-2019,2023-12-21,2023-12-22,Recursos da União - Piso Salarial Nacional de Enfermagem,HETRIN,0,0,3,37/2019-SES/GO,"Repasse de assistência financeira da União para cumprimento do piso salarial nacional de enfermeiros, técnicos e auxiliares de enfermagem e parteiras no contexto das unidades de saúde geridas por organizações sociais de saúde ou fundações.",Processo nº 201900010008727. Dotação Orçamentária: 2850.10.302.1043.2149.03.16000232.50. Signatário: Sérgio Alberto Cunha Vêncio - Secretário de Estado da Saúde. Protocolo 430182.,IMED,"Instituto de Medicina, Estudos e Desenvolvimento - IMED",Estado de Goiás - Secretaria de Estado da Saúde,,0,0,0,termo_apostilamento,,,91961.97,,,,False
2024,C:\OSS-Goias\documentos\ISG\HDT\2024\05_Contrato_Gestao_Aditivos\Relatorio-Resumido-da-Execucao-Orcamentaria-e-Financeira-por-Contrato-de-Gestao-1.pdf,Relatorio-Resumido-da-Execucao-Orcamentaria-e-Financeira-por-Contrato-de-Gestao-1,,,Tesouro Estadual,CEAP/SOL,0,0,8,003/2013-SES/GO,"Relatório Resumido da Execução Orçamentária e Financeira referente ao Termo de Transferência de Gestão nº 003/2013-SES/GO (7º e 8º Termos Aditivos) para gestão do Centro de Atenção Prolongada e Casa de Apoio Condomínio Solidariedade - CEAP/SOL, ano 2019","Documento é um Relatório de Execução nº 259/2024 SES/DIPPAG-06381, referente ao ano de 2019. Total de pagamentos no ano: R$ 20.705.705,07. Total de glosas aplicadas: R$ 1.851.292,70. O 7º Termo Aditivo vigeu de 28/06/2018 a 27/06/2019 e o 8º Termo Aditivo de 28/06/2019 a 24/12/2019. Repasses Adicionais (Restos a Pagar) no valor de R$ 480.407,90. Processo nº 201100010017260. Relatório assinado eletronicamente em 27-28/06/2024.",ISG,Instituto Sócrates Guanaes - ISG (CNPJ: 03.969.808/0008-46),Secretaria de Estado da Saúde – SES/GO (CNPJ: 02.529.964/0001-57),Secretaria de Estado da Saúde – SES/GO,3,0,2,outro,,1632777.89,,2019-12-24,2018-06-28,,False
2024,C:\OSS-Goias\documentos\ISG\HDT\2024\05_Contrato_Gestao_Aditivos\Relatorio-Resumido-da-Execucao-Orcamentaria-e-Financeira-por-Contrato-de-Gestao-2.pdf,Relatorio-Resumido-da-Execucao-Orcamentaria-e-Financeira-por-Contrato-de-Gestao-2,,,,HDT,0,0,,091/2012-SES/GO,"Relatório Resumido da Execução Orçamentária e Financeira por Contrato de Gestão referente ao exercício de 2020 do Hospital Estadual de Doenças Tropicais Dr. Anuar Auad – HDT, gerido pelo Instituto Sócrates Guanaes – ISG, abrangendo o 10º, 11º e 12º Termos Aditivos ao Contrato de Gestão nº 091/2012-SES/GO.","Relatório de Execução nº 266/2024 SES/DIPPAG-06381. Total geral de pagamentos no exercício 2020: R$ 82.506.421,41. Total de glosas aplicadas: R$ 19.033.730,20. Repasses adicionais (custeio): R$ 2.428.579,17. Repasses adicionais (investimentos): R$ 1.845.615,28. Investimentos repassados em 2020: R$ 980.000,00 (aquisição de tomógrafo computadorizado para atendimento COVID-19, Portaria nº 253/2020 SES/GO); R$ 1.351,80 (aquisição de ar condicionado); R$ 858.123,00 (aquisição de 257 computadores, processo 201900010049590); R$ 6.140,48 (aquisição de 3 medidores de cuff cufômetros). Processo principal: 201100010017260. Documento assinado eletronicamente em 27/06/2024 e 28/06/2024. Referência SEI: Processo nº 202300010061685, código verificador 61658649.",ISG,INSTITUTO SÓCRATES GUANAES - ISG (CNPJ: 03.969.808/0003-31),SECRETARIA DE ESTADO DA SAÚDE – SES/GO (CNPJ: 02.529.964/0001-57),,4,0,4,outro,,8021360.18,82506421.41,2024-06-24,2012-06-03,,False
2024,C:\OSS-Goias\documentos\ISG\HDT\2024\05_Contrato_Gestao_Aditivos\Relatorio-Resumido-da-Execucao-Orcamentaria-e-Financeira-por-Contrato-de-Gestao-3.pdf,Relatorio-Resumido-da-Execucao-Orcamentaria-e-Financeira-por-Contrato-de-Gestao-3,,,Tesouro Estadual,HDT,0,0,,091/2012-SES/GO,"Relatório Resumido da Execução Orçamentária e Financeira por Contrato de Gestão referente ao exercício de 2021 do Hospital Estadual de Doenças Tropicais Dr. Anuar Auad – HDT, abrangendo o 12º, 13º e 14º Termos Aditivos do Contrato de Gestão nº 091/2012-SES/GO","Documento é um Relatório de Execução Orçamentária e Financeira (nº 222/2024 SES/DIPPAG-06381), não um contrato ou aditivo. Abrange o exercício de 2021. Vigência do contrato original: 03/06/2012 a 27/06/2013; 12º Aditivo: 25/06/2020 a 24/06/2021; 13º Aditivo: 25/06/2021 a 24/06/2022; 14º Aditivo: 25/06/2021 a 24/06/2022. Previsões de repasse mensal custeio: R$ 7.479.697,80 (12º aditivo), R$ 8.168.720,88 (13º aditivo), R$ 9.155.895,60 (14º aditivo). Total pago no exercício: R$ 82.460.688,07. Total investimentos repassados em 2021: R$ 386.337,60. Processo nº 201100010017260. Referência processo SEI: 202300010061685.",ISG,Instituto Sócrates Guanaes – ISG (CNPJ: 03.969.808/0003-31),Secretaria de Estado da Saúde – SES/GO (CNPJ: 02.529.964/0001-57),Secretaria de Estado da Saúde – SES/GO,4,0,1,outro,,,102653673.82,2022-06-24,2012-06-03,,False
2024,C:\OSS-Goias\documentos\ISG\HDT\2024\05_Contrato_Gestao_Aditivos\Relatorio-Resumido-da-Execucao-Orcamentaria-e-Financeira-por-Contrato-de-Gestao-4.pdf,Relatorio-Resumido-da-Execucao-Orcamentaria-e-Financeira-por-Contrato-de-Gestao-4,,,Tesouro Estadual,HDT,0,0,,091/2012-SES/GO,"Relatório Resumido da Execução Orçamentária e Financeira por Contrato de Gestão referente ao ano de 2022 - Hospital Estadual de Doenças Tropicais Dr. Anuar Auad (HDT), abrangendo o 14º e 15º Termos Aditivos do Contrato de Gestão nº 091/2012-SES/GO","Relatório de Execução nº 223/2024 SES/DIPPAG-06381. Previsão de repasse mensal custeio: 14º Aditivo R$ 7.719.291,26; 15º Aditivo R$ 8.742.499,07. Total de pagamentos no exercício de 2022: R$ 108.738.480,26. Total de glosas aplicadas: R$ 19.938.280,24. Total de investimentos repassados em 2022: R$ 4.143.307,41 (inclui aquisição de equipamentos médico-hospitalares R$ 3.931.704,41, sistemas de interoperabilidade HTML5, licenças de certificado digital). Processo nº 201100010017260. Referência SEI: 61474695. Documento assinado em 27/06/2024 e 28/06/2024.",ISG,Instituto Sócrates Guanaes - ISG (CNPJ: 03.969.808/0003-31),Secretaria de Estado da Saúde – SES/GO (CNPJ: 02.529.964/0001-57),Secretaria de Estado da Saúde – SES/GO,4,0,9,outro,,8742499.07,,2023-06-24,2012-06-03,,False
2024,C:\OSS-Goias\documentos\Albert Einstein\HUGO\2024\05_Contrato_Gestao_Aditivos\Relatorio-Resumido-da-Execucao-Orcamentaria-e-Financeira-por-Contrato-de-Gestao-97-2024-dezembro-2024.xlsx,Relatorio-Resumido-da-Execucao-Orcamentaria-e-Financeira-por-Contrato-de-Gestao-97-2024-dezembro-2024,,,Tesouro Estadual,HUGO,0,0,,97/2024,"Gestão do Hospital de Urgências de Goiás Dr. Valdemiro Cruz - HUGO, com repasses mensais de custeio conforme Termo de Colaboração nº 97/2024, incluindo 3º, 4º, 5º e 6º Apostilamentos.","Relatório Resumido da Execução Orçamentária e Financeira referente ao período Janeiro a Dezembro/2024. Processo nº 202300010023416. Valor estimado total (custeio): R$ 103.398.080,558. Total empenhado custeio: R$ 102.951.720,07; investimentos: R$ 25.947.049,58. Total liquidado custeio: R$ 101.877.679,75; investimentos: R$ 25.813.599,58. Total pago custeio: R$ 106.259.784,30; investimentos: R$ 21.395.120,54. Total de pagamentos no mês (custeio): R$ 127.654.904,84. Total de glosas aplicadas: R$ 1.246.718,80. Glosa aplicada com valor estimado - ajuste será realizado posteriormente conforme SES/GMAE - CG-14421. Fonte: Contratos de Gestão e Aditivos contidos no processo e Portal Transparência: saude.go.gov.br e Sistema SIOFINET - Portal.go.gov.br.",Albert Einstein,Sociedade Beneficente Israelita Brasileira - Hospital Albert Einstein (CNPJ 60.765.823/0001-30),Secretaria de Estado da Saúde – SES/GO (CNPJ 02.529.964/0001-57),Secretaria de Estado da Saúde – SES/GO,2,0,0,termo_apostilamento,,18606456.07,,2025-08-06,2024-08-07,12,False
2024,C:\OSS-Goias\documentos\Albert Einstein\HUGO\2024\05_Contrato_Gestao_Aditivos\Relatorio-Resumido-da-Execucao-Orcamentaria-e-Financeira-por-Contrato-de-Gestao-972024-–-Novembro-2024.xlsx,Relatorio-Resumido-da-Execucao-Orcamentaria-e-Financeira-por-Contrato-de-Gestao-972024-–-Novembro-2024,,,,HUGO,0,0,,97/2024,"Gestão do Hospital de Urgências de Goiás Dr. Valdemiro Cruz - HUGO, com repasse mensal de custeio de R$ 18.606.456,07, conforme Termo de Colaboração nº 97/2024 - SES (63135683), incluindo 3º, 4º, 5º e 6º Apostilamentos.","Relatório Resumido da Execução Orçamentária e Financeira referente ao período Janeiro a Novembro/2024. Total estimado no contrato: R$ 103.398.080,558. Total empenhado custeio: R$ 105.184.615,58. Total empenhado investimentos: R$ 20.145.520,54. Total liquidado custeio: R$ 102.721.197,25. Total liquidado investimentos: R$ 20.104.720,54. Total de glosas aplicadas: R$ 611.938,26. Total de pagamentos no mês (col.10): R$ 102.331.664,64 (custeio) e R$ 125.330.136,12 (investimentos). Provisão de Fundo Rescisório - Processo 202300010065787, competência setembro/2024. Repasses adicionais incluem ressarcimentos, mandados judiciais, regularização de despesas e encontro de contas. Fonte: Portal Transparência saude.go.gov.br e Sistema SIOFINET - portal.go.gov.br.",Sociedade Beneficente Israelita Brasileira - Hospital Albert Einstein,Sociedade Beneficente Israelita Brasileira - Hospital Albert Einstein (CNPJ: 60.765.823/0001-30),Secretaria de Estado da Saúde – SES/GO (CNPJ: 02.529.964/0001-57),Secretaria de Estado da Saúde – SES/GO,6,0,0,termo_apostilamento,,18606456.07,,2025-08-06,2024-08-07,12,False
2024,C:\OSS-Goias\documentos\ISG\HDT\2024\05_Contrato_Gestao_Aditivos\Relatorio-Resumido-da-Execucao-Orcamentaria-e-Financeira-por-Contrato-de-Gestao-Dezembro-2024-Excel.xlsx,Relatorio-Resumido-da-Execucao-Orcamentaria-e-Financeira-por-Contrato-de-Gestao-Dezembro-2024-Excel,,,,HDT,1,0,16,091/2012-SES/GO,"Relatório Resumido da Execução Orçamentária e Financeira por Contrato de Gestão - Janeiro a Dezembro/2024 - Hospital Estadual de Doenças Tropicais Dr. Anuar Auad (HDT), gerido pelo Instituto Sócrates Guanaes (ISG), referente ao Contrato de Gestão nº 091/2012-SES/GO e seus apostilamentos e 16º Termo Aditivo.","Relatório de execução orçamentária e financeira acumulado de janeiro a dezembro de 2024. Total geral de glosas aplicadas no período: R$ 19.019.943,76. Valor mensal estimado custeio: R$ 7.738.331,04 (dezembro/2024). Total de pagamentos no período: R$ 100.318.311,47 (custeio). Repasses adicionais incluem ressarcimentos de rescisões trabalhistas, serviços hospitalares e ambulatoriais, leitos extras, OPME, mandados judiciais, regularização de despesas e encontro de contas. O contrato possui ainda 1º ao 6º Apostilamentos. Fonte: Contratos de Gestão e Aditivos contidos no processo e Portal Transparência saude.go.gov.br e Sistema SIOFINET.",ISG,Instituto Sócrates Guanaes - ISG (CNPJ: 03.969.808/0003-31),Secretaria de Estado da Saúde – SES/GO (CNPJ: 02.529.964/0001-57),Secretaria de Estado da Saúde – SES/GO,5,0,0,outro,,7738331.04,,2025-06-24,2023-06-24,24,False
2024,C:\OSS-Goias\documentos\ISG\HDT\2024\05_Contrato_Gestao_Aditivos\Relatorio-Resumido-da-Execucao-Orcamentaria-e-Financeira-por-Contrato-de-Gestao-Dezembro-2024.pdf,Relatorio-Resumido-da-Execucao-Orcamentaria-e-Financeira-por-Contrato-de-Gestao-Dezembro-2024,,,Tesouro Estadual,HDT,1,0,,091/2012,"Relatório Resumido da Execução Orçamentária e Financeira por Contrato de Gestão - Mês/Ano: Janeiro a Dezembro/2024 - Hospital Estadual de Doenças Tropicais Dr. Anuar Auad (HDT), gerido pelo Instituto Sócrates Guanaes (ISG), referente ao Contrato de Gestão nº 091/2012-SES/GO e apostilamentos, vigência do 16º Termo Aditivo.","Relatório de Execução nº 6/2025 SES/DIPPAG-06381. Contrato de Gestão nº 091/2012-SES/GO com 1º ao 6º Apostilamento e 16º Termo Aditivo (vigência 24/06/2023 a 24/06/2025). Previsão de repasse mensal de custeio: R$7.738.331,04. Total de pagamentos no período jan-dez/2024: R$100.318.311,47. Total de glosas aplicadas no período: R$19.019.943,76. Total de investimentos repassados no período: R$1.362.843,01. Investimentos incluíram aquisição de equipamentos médico-hospitalares como lavadora termodesinfectora, aparelhos de hemodiálise, raio X móvel, ultrassom, videogastroscópio, videobroncoscópio, ventiladores pulmonares, cardioversores, entre outros. Processo principal: 201100010017260. Documento assinado eletronicamente em 03/02/2025.",ISG,Instituto Sócrates Guanaes – ISG (CNPJ: 03.969.808/0003-31),Secretaria de Estado da Saúde – SES/GO (CNPJ: 02.529.964/0001-57),Secretaria de Estado da Saúde – SES/GO,5,0,8,outro,,7738331.04,,2025-06-24,2023-06-24,24,False
2024,C:\OSS-Goias\documentos\ISG\HDT\2024\05_Contrato_Gestao_Aditivos\Relatorio-Resumido-da-Execucao-Orcamentaria-e-Financeira-por-Contrato-de-Gestao-Junho-2024.pdf,Relatorio-Resumido-da-Execucao-Orcamentaria-e-Financeira-por-Contrato-de-Gestao-Junho-2024,,,Tesouro Estadual,HDT,0,0,16,091/2012-SES/GO,"Relatório Resumido da Execução Orçamentária e Financeira do Contrato de Gestão nº 091/2012-SES/GO, referente ao mês de junho/2024, para gestão do Hospital Estadual de Doenças Tropicais Dr. Anuar Auad – HDT pelo Instituto Sócrates Guanaes – ISG.","Relatório de Execução nº 361/2024 SES/DIPPAG-06381. Processo nº 201100010017260. Total de glosas aplicadas no período: R$ 9.448.076,56. Total de pagamentos no período (jan-jun/24): R$ 50.946.033,29. Investimentos repassados no período jan-jun/24 totalizam R$ 876.724,21, incluindo aquisição de equipamentos como lavadora termodesinfectora, aparelhos de hemodiálise, raio X móveis, ultrassom, vídeogastroscópio, entre outros. Foram realizados pagamentos referentes ao Piso Nacional de Enfermagem (PNE) de exercícios anteriores (2023). Documento assinado eletronicamente em 04/09/2024 e 11/09/2024.",ISG,Instituto Sócrates Guanaes – ISG (CNPJ: 03.969.808/0003-31),Secretaria de Estado da Saúde – SES/GO (CNPJ: 02.529.964/0001-57),Secretaria de Estado da Saúde – SES/GO,4,0,0,outro,,7116084.94,,2025-06-24,2023-06-25,24,False
2024,C:\OSS-Goias\documentos\ISG\HDT\2024\05_Contrato_Gestao_Aditivos\Relatorio-Resumido-da-Execucao-Orcamentaria-e-Financeira-por-Contrato-de-Gestao-Maio-2024.pdf,Relatorio-Resumido-da-Execucao-Orcamentaria-e-Financeira-por-Contrato-de-Gestao-Maio-2024,,,Tesouro Estadual,HDT,0,0,16,091/2012-SES/GO,"Relatório Resumido da Execução Orçamentária e Financeira por Contrato de Gestão referente ao mês de maio/2024 do Hospital Estadual de Doenças Tropicais Dr. Anuar Auad – HDT, gerido pelo Instituto Sócrates Guanaes - ISG.","Relatório de Execução nº 329/2024 SES/DIPPAG-06381. Processo nº 201100010017260. Total de glosas aplicadas no período: R$ 8.051.050,38. Investimentos repassados no período jan-mai/2024 para o HDT totalizaram R$ 653.554,00, incluindo: Armário Gaveteiro (R$ 5.954,00), Lavadora Termodesinfectora (R$ 285.600,00), 02 Aparelhos de Hemodiálise (R$ 126.000,00) e 02 Aparelhos de Raio X Móveis (R$ 236.000,00). Foram realizados pagamentos de Despesas de Exercícios Anteriores (DEA) referentes ao Piso Nacional de Enfermagem (PNE) de diversos meses de 2023. Documento assinado eletronicamente em 27-28/06/2024.",ISG,"Instituto Sócrates Guanaes - ISG, CNPJ: 03.969.808/0003-31","Secretaria de Estado da Saúde – SES/GO, CNPJ: 02.529.964/0001-57",Secretaria de Estado da Saúde – SES/GO,4,0,0,outro,,7116084.94,,2024-06-24,2023-06-25,12,False
2024,C:\OSS-Goias\documentos\IMED\PFRE\2024\05_Contrato_Gestao_Aditivos\SEI_GOVERNADORIA-62338875-Termo-de-Colaboracao.pdf,SEI_GOVERNADORIA-62338875-Termo-de-Colaboracao,2024-07-09,,Recursos não vinculados de impostos - receitas ordinárias (Fonte 15000100) - Fundo Estadual de Saúde,PFRE,6,44,,88/2024,"Gerenciamento, operacionalização e execução das ações e serviços de saúde em regime de no mínimo 12 horas diárias na Policlínica Estadual da Região do Entorno - Unidade Formosa, localizada na Avenida Oeste- Quadras 04, 05 e 09 – Jardim Oliveira - Formosa - GO, bem como a promoção de todas as atividades constantes do Plano de trabalho e Anexos Técnicos, parte integrante da Dispensa de Chamamento Público.","Termo de Colaboração celebrado com base na Lei federal nº 13.019/2014, Lei estadual nº 22.511/2023 e Decreto estadual nº 10.356/2023. Vigência de 180 dias ou até conclusão do chamamento público, contados da publicação do extrato no DOE. Parcela fixa: 90% (R$ 1.944.826,25/mês); Parcela variável: 10% (R$ 216.091,80/mês) vinculada a indicadores de desempenho. Processo nº 202400010044543. Assinado eletronicamente em 09/07/2024. A unidade possui 3.775 m² construídos, 26 consultórios, 16 salas de exames. Inclui Termos de Permissão de Uso de Bens Móveis e Imóveis. Não constam servidores cedidos à unidade (ref. outubro/2023). O documento é identificado como SEI 62338875.",IMED,"Instituto de Medicina, Estudos e Desenvolvimento – IMED","Estado de Goiás, por intermédio da Secretaria de Estado da Saúde - SES/GO",Secretaria de Estado da Saúde de Goiás - SES/GO,7,24,40,contrato_gestao_inicial,,2160918.05,12965508.3,,,6,True
2024,C:\OSS-Goias\documentos\Albert Einstein\HUGO\2024\05_Contrato_Gestao_Aditivos\Termo-de-Colaboracao-no-97.2024-SES-V.pdf,Termo-de-Colaboracao-no-97.2024-SES-V,2024-08-05,2024-08-07,Recursos não vinculados de impostos - receitas ordinárias (Fundo Estadual de Saúde),HUGO,13,21,,97/2024,"Gerenciamento, operacionalização e execução das ações e serviços de saúde em regime de 24 horas/dia no Hospital de Urgências de Goiás Dr. Valdemiro Cruz (HUGO), localizado na Avenida 31 de março esq. c/ 5ª Radial, Setor Pedro Ludovico, Goiânia - GO, bem como a promoção de todas as atividades constantes do Plano de Trabalho e Anexos Técnicos, parte integrante do Edital de Chamamento Público nº 01/2023.","Termo de Colaboração firmado com base na Lei federal nº 13.019/2014 e Edital de Chamamento Público nº 01/2023. O HUGO possui 288 leitos gerais e 57 leitos de UTI adulto. A parte variável do repasse corresponde a 10% (R$ 2.132.243,31/mês) vinculada a indicadores de desempenho, e a parte fixa a 90% (R$ 19.190.189,75/mês) vinculada a metas de produção. O custeio mensal estimado dos Programas de Residência Médica e Multiprofissional é de R$ 254.301,53. O hospital conta com Programas de Residência Médica (89 residentes) e Multiprofissional (48 residentes). 312 servidores estatutários cedidos com custo médio estimado mensal de R$ 2.922.475,15. O repasse é descontado mensalmente do valor do custo da folha dos servidores cedidos. Fundo de provisão trabalhista: 3% da folha CLT depositado em conta exclusiva com dupla autorização (Parceiro Privado + SES).",Hospital Albert Einstein (Sociedade Beneficente Israelita Brasileira),Sociedade Beneficente Israelita Brasileira - Hospital Albert Einstein,"Estado de Goiás, por intermédio da Secretaria de Estado da Saúde - SES/GO",Secretaria de Estado da Saúde de Goiás - SES/GO,7,8,36,contrato_gestao_inicial,255869196.72,21322433.06,767607590.16,,,36,True
2024,C:\OSS-Goias\documentos\IMED\PFRE\2024\05_Contrato_Gestao_Aditivos\Termo-de-Permissao-de-uso-Bens-IMOVEIS.pdf,Termo-de-Permissao-de-uso-Bens-IMOVEIS,,,,PFRE,0,0,,88/2024-SES/GO,"Cessão e permissão de uso do imóvel onde funciona a Policlínica Estadual da Região do Entorno - Unidade Formosa, localizada na Avenida Oeste- Quadras 04, 05 e 09 – Jardim Oliveira - Formosa - GO, para gerenciamento, operacionalização e execução das ações e serviços de saúde, exclusivamente para atender ao Sistema Único de Saúde - SUS.","Documento é um Termo de Permissão de Uso de Bem Imóvel (Anexo VI) e Termo de Permissão de Uso de Bens Imóveis, partes integrantes do Termo de Colaboração nº 88/2024-SES/GO. A vigência acompanha a do Termo de Colaboração nº 88/2024-SES/GO. O documento também contém os Anexos Técnicos I ao V/2024-SES com Especificações Técnicas da Policlínica Estadual da Região do Entorno – Unidade Formosa, incluindo identificação da unidade, justificativa, objetivos e premissas estratégicas. Processo administrativo nº 202400010044543. A cessão do imóvel é a título gratuito.",IMED,"Instituto de Medicina, Estudos e Desenvolvimento – IMED","Estado de Goiás, por intermédio da Secretaria de Estado da Saúde - SES/GO",Secretaria de Estado da Saúde de Goiás - SES/GO,2,0,8,outro,,,,,,,True
2024,C:\OSS-Goias\documentos\IMED\PFRE\2024\05_Contrato_Gestao_Aditivos\Termo-de-Permissao-de-uso-Bens-MOVEIS.pdf,Termo-de-Permissao-de-uso-Bens-MOVEIS,,,SUS,PFRE,0,0,,88/2024-SES/GO,"Cessão e permissão de uso gratuito de bens móveis para implantação dos serviços no gerenciamento, operacionalização e execução das ações e serviços de saúde na Policlínica Estadual da Região do Entorno - Unidade Formosa, localizada na Avenida Oeste - Quadras 04, 05 e 09 – Jardim Oliveira - Formosa - GO","Termo de Permissão de Uso de Bens Móveis é parte integrante do Termo de Colaboração nº 88/2024-SES/GO. O PERMISSIONÁRIO deve vistoriar os bens no prazo máximo de 30 dias após a formalização do Termo de Colaboração, emitindo Termo de Vistoria. O presente instrumento tem fundamento na Lei federal nº 13.019/2014. Processo administrativo nº 202400010044543. A vigência do presente instrumento acompanha a vigência do Termo de Colaboração nº 88/2024-SES/GO.",IMED,"Instituto de Medicina, Estudos e Desenvolvimento – IMED","Estado de Goiás, por intermédio da Secretaria de Estado da Saúde - SES/GO",Secretaria de Estado da Saúde - SES/GO,1,0,0,outro,,,,,,,True
2025,C:\OSS-Goias\documentos\Hospital de Amor\CORA\2025\05_Contrato_Gestao_Aditivos\1.6 Legislação Aplicável.pdf,1.6 Legislação Aplicável,2025-09-03,,,CORA,0,0,,,"Anexo VII - Legislação Aplicável aplicável aos contratos de gestão entre a Secretaria de Estado da Saúde de Goiás (SES/GO) e Organizações Sociais de Saúde, listando normas federais, estaduais, portarias, decretos, resoluções, metodologias, manuais e regulamentos pertinentes.","Documento é o Anexo VII - Legislação Aplicável, elaborado pela Fundação PIO XII (assinado digitalmente por Henrique Duarte Prata em 24/09/2025), com base na 1ª Edição da Metodologia de Avaliação da Transparência dos Termos de Colaboração e/ou Fomento da SES/GO. Não se trata de contrato de gestão ou aditivo, mas de listagem de normas aplicáveis ao Complexo Oncológico de Referência do Estado de Goiás (CORA).",Fundação PIO XII,Fundação PIO XII,,Secretaria de Estado da Saúde de Goiás (SES/GO),0,0,0,outro,,,,,,,False
2025,C:\OSS-Goias\documentos\AGIR\HUGOL\2025\05_Contrato_Gestao_Aditivos\10° Apostilamento ao Contrato Gestão 003-2014 HUGOL_2025.pdf,10° Apostilamento ao Contrato Gestão 003-2014 HUGOL_2025,2025-01-22,2025-01-24,Assistência financeira complementar da União (Portaria GM/MS nº 6.272/2024),HUGOL,0,0,10,003/2014-SES/GO,"Repasse financeiro referente assistência financeira complementar da União para cumprimento do piso salarial nacional de enfermeiros, técnicos e auxiliares de enfermagem e parteiras no contexto das unidades de saúde geridas por organizações sociais de saúde ou fundações","Despesa atendida com recursos da Nota de Empenho nº 00015 (69585375), dotação orçamentária 2850.10.302.1043.2516.03.16050001.50. Processo Administrativo nº 202500010002234, vinculado ao nº 201400010001769. Documento assinado eletronicamente por Rasivel dos Reis Santos Junior, Secretário de Estado, em 22/01/2025. Permanecem inalteradas as cláusulas do contrato original, seus aditivos e apostilas não modificadas por este instrumento. O extrato do DOE menciona o contrato como nº 080/2014-SES/GO (HUGOL), enquanto o documento principal refere-se ao nº 003/2014-SES/GO.",AGIR,"Associação de Gestão, Inovação e Resultados em Saúde - AGIR",Estado de Goiás - Secretaria de Estado da Saúde,Secretaria de Estado da Saúde de Goiás,0,0,0,termo_apostilamento,,,710867.26,,,,False
2025,C:\OSS-Goias\documentos\Albert Einstein\HUGO\2025\05_Contrato_Gestao_Aditivos\11o-Apostilamento-2025-ao-Termo-de-Colaboracao-No-097.2024-SES-GO.pdf,11o-Apostilamento-2025-ao-Termo-de-Colaboracao-No-097.2024-SES-GO,2025-05-24,2025-05-29,Assistência financeira complementar da União (Portaria GM/MS 6.893/2025),HUGO,0,0,11,97/2024-SES/GO,"Repasse financeiro referente assistência financeira complementar da União (Piso Salarial Nacional de Enfermagem) para o Hospital de Urgências de Goiás Dr. Valdemiro Cruz (HUGO), no valor de 1 parcela de R$ 32.398,29","Apostilamento fundamentado na Portaria GM/MS 6.893/2025, que prevê repasse de assistência financeira da União para cumprimento do piso salarial nacional de enfermeiros, técnicos e auxiliares de enfermagem e parteiras. Nota de Empenho nº 00114 (74726747), dotação orçamentária 2850.10.302.1043.2516.03.16050001.50. Processo Administrativo nº 202500010035151, vinculado ao de nº 202300010023416. Permanecem inalteradas as demais cláusulas do contrato original, aditivos e apostilas anteriores.",Sociedade Beneficente Israelita Brasileira - Hospital Albert Einstein,Sociedade Beneficente Israelita Brasileira - Hospital Albert Einstein,Estado de Goiás - Secretaria de Estado da Saúde,Secretaria de Estado da Saúde de Goiás,0,0,0,termo_apostilamento,,,32398.29,,,,False
2025,C:\OSS-Goias\documentos\AGIR\HUGOL\2025\05_Contrato_Gestao_Aditivos\11° Apostilamento ao Contrato Gestão 003-2014 HUGOL_2025.pdf,11° Apostilamento ao Contrato Gestão 003-2014 HUGOL_2025,2025-02-25,2025-02-26,Assistência financeira complementar da União (Portaria GM/MS nº 6.565/2025),HUGOL,0,0,11,003/2014-SES/GO,"Repasse de assistência financeira da União para cumprimento do piso salarial nacional de enfermeiros, técnicos e auxiliares de enfermagem e parteiras no contexto das unidades de saúde geridas por organizações sociais de saúde ou fundações.","Nota de Empenho nº 00053 (71070957). Dotação orçamentária: 2850.10.302.1043.2516.03.16050001.50. Processo Administrativo nº 202500010010602, vinculado ao nº 201400010001769. Fundamento: Parecer Jurídico nº 717/2023-SES/PROCSET. Permanecem inalteradas as cláusulas do contrato original, seus aditivos e apostilas não modificadas por este instrumento.",AGIR,"Associação de Gestão, Inovação e Resultados em Saúde - AGIR",Estado de Goiás - Secretaria de Estado da Saúde,Secretaria de Estado da Saúde de Goiás,0,0,0,termo_apostilamento,,,710888.96,,,,False
2025,C:\OSS-Goias\documentos\Albert Einstein\HUGO\2025\05_Contrato_Gestao_Aditivos\12o-Apostilamento-2025-ao-Termo-de-Colaboracao-No-097.2024-SESGO.pdf.pdf,12o-Apostilamento-2025-ao-Termo-de-Colaboracao-No-097.2024-SESGO.pdf,2025-06-27,2025-07-03,Assistência financeira complementar da União / Tesouro Estadual - Dotação orçamentária 2850.10.302.1043.2516.03.16050001.50,HUGO,0,0,12,97/2024-SES/GO,"Repasse referente assistência financeira complementar da União (Piso de Enfermagem) para cumprimento do piso salarial nacional de enfermeiros, técnicos e auxiliares de enfermagem e parteiras no contexto das unidades de saúde geridas por organizações sociais de saúde ou fundações","12º Apostilamento ao Termo de Colaboração nº 97/2024-SES/GO. Repasse de 1 (uma) parcela de R$ 34.829,68 referente ao Piso de Enfermagem (Portaria GM/MS 7.000/2025). Nota de Empenho nº 00130 (SEI 76173318). Processo Administrativo nº 202500010045040, vinculado ao nº 202300010023416. Permanecem inalteradas as cláusulas do contrato original, aditivos e apostilas não modificadas por este instrumento. Assinado por Rasível dos Reis Santos Júnior - Secretário de Estado da Saúde.",Sociedade Beneficente Israelita Brasileira - Hospital Albert Einstein,Sociedade Beneficente Israelita Brasileira - Hospital Albert Einstein,Estado de Goiás - Secretaria de Estado da Saúde,Secretaria de Estado da Saúde de Goiás - SES/GO,0,0,0,termo_apostilamento,,,34829.68,,2025-06-27,,False
2025,C:\OSS-Goias\documentos\AGIR\HUGOL\2025\05_Contrato_Gestao_Aditivos\12° Apostilamento ao Contrato Gestão 003-2014 HUGOL_2025.pdf,12° Apostilamento ao Contrato Gestão 003-2014 HUGOL_2025,2025-03-26,2025-03-27,Assistência financeira complementar da União (Piso Nacional da Enfermagem) / Tesouro Estadual - Dotação orçamentária 2850.10.302.1043.2516.03.16050001.50,HUGOL,0,0,12,003/2014-SES/GO,"Repasse financeiro à Associação de Gestão, Inovação e Resultados em Saúde - AGIR, referente assistência financeira complementar da União, para cumprimento do piso salarial nacional de enfermeiros, técnicos e auxiliares de enfermagem e parteiras, referente a 1 (uma) parcela de R$ 722.630,29.","Fundamento: Parecer Jurídico nº 717/2023-SES/PROCSET e Portaria GM/MS nº 6.648/2025. Nota de Empenho nº 00071 (72122535). Processo Administrativo nº 202500010018029, vinculado ao nº 201400010001769. Documento SEI nº 72267532. Assinado eletronicamente por Rasivel dos Reis Santos Junior, Secretário de Estado, em 26/03/2025.",AGIR,"Associação de Gestão, Inovação e Resultados em Saúde - AGIR",Estado de Goiás - Secretaria de Estado da Saúde,Secretaria de Estado da Saúde de Goiás - SES/GO,0,0,0,termo_apostilamento,,,722630.29,,,,False
2025,C:\OSS-Goias\documentos\AGIR\HUGOL\2025\05_Contrato_Gestao_Aditivos\13° Aditivo ao Contrato de Gestão 003-2014 HUGOL_2025.pdf,13° Aditivo ao Contrato de Gestão 003-2014 HUGOL_2025,2025-07-24,2025-07-30,,HUGOL,0,0,13,003/2014-SES/GO,"Modificação da forma de composição do Fundo de Provisão, mediante a alteração da Cláusula Sexta - Da inclusão de itens na Cláusula Sétima do Primeiro Termo Aditivo, item 7.19, bem como a inclusão dos itens 7.19.1, 7.19.2 e 7.19.2.1, do 7º Termo Aditivo ao Contrato original, destinando 4,67% dos recursos de custeio a conta exclusiva do Fundo de Provisão para suportar rescisões trabalhistas, décimo terceiro e ações judiciais referentes aos colaboradores celetistas contratados diretamente pelo Parceiro Privado.","O percentual de 4,67% dos recursos de custeio será depositado em conta exclusiva do Fundo de Provisão. O Parceiro Público deverá rever o percentual após 24 meses de composição do Fundo. O Parceiro Privado poderá solicitar revisão antecipada se demonstrada (in)suficiência do fundo. Alterações formalizadas por Apostila ou Aditivo conforme item 7.19.2.1. Processo SEI nº 202500010049342. Fundamentação: Lei estadual nº 15.503, de 28/12/2025 e Manifestação do Gabinete nº 1/2025/SES/GMAE-CG (SEI nº 76264506).",AGIR,"Associação de Gestão, Inovação e Resultados em Saúde - AGIR",Estado de Goiás - Secretaria de Estado da Saúde - SES/GO,Secretaria de Estado da Saúde - SES/GO,0,0,0,termo_aditivo,,,,,,,False
2025,C:\OSS-Goias\documentos\Albert Einstein\HUGO\2025\05_Contrato_Gestao_Aditivos\13°-Apostilamento-2025-ao-Termo-de-Colaboracao-N°-972024-SESGO-1.pdf,13°-Apostilamento-2025-ao-Termo-de-Colaboracao-N°-972024-SESGO-1,2025-07-29,,Assistência Financeira Complementar da União,HUGO,0,0,13,97/2024-SES/GO,"Repasse financeiro de Assistência Financeira Complementar da União, visando o cumprimento do piso salarial nacional de enfermeiros, técnicos e auxiliares de enfermagem e parteiras (Piso Nacional da Enfermagem), referente à parcela de junho 2025, à Sociedade Beneficente Israelita Brasileira - Albert Einstein, para gerenciamento, operacionalização e execução dos serviços de saúde do Hospital de Urgências de Goiás - Dr. Valdemiro Cruz/HUGO.","Décimo Terceiro Termo de Apostilamento ao Termo de Colaboração nº 97/2024-SES/GO (SEI nº 63135683). Processo nº 202500010052966. Processo original nº 202300010023416. Nota de Empenho nº 2025.2850.070.00182 (SEI nº 77468517). Dotação orçamentária 2025.2850.10.302.1043.2516.03.16050001.50. Assinado eletronicamente por Rasivel dos Reis Santos Junior, Secretário (a) de Estado, em 29/07/2025.",Albert Einstein,Sociedade Beneficente Israelita Brasileira - Albert Einstein,Secretaria de Estado da Saúde – SES/GO,Secretaria de Estado da Saúde – SES/GO,0,0,0,termo_apostilamento,,36917.06,36917.06,,2025-07-29,,False
2025,C:\OSS-Goias\documentos\Albert Einstein\HUGO\2025\05_Contrato_Gestao_Aditivos\14°-Apostilamento-2025-ao-Termo-de-Colaboracao-N°-972024-SESGO.pdf.pdf,14°-Apostilamento-2025-ao-Termo-de-Colaboracao-N°-972024-SESGO.pdf,2025-08-22,,Assistência Financeira Complementar da União / Tesouro Estadual (dotação orçamentária 2025.28.50.10.302.1043.2516.03.16050001-50),HUGO,0,0,14,97/2024-SES/GO,"Repasse financeiro de Assistência Financeira Complementar da União, visando ao cumprimento do piso salarial nacional de enfermeiros, técnicos e auxiliares de enfermagem e parteiras (Piso Nacional da Enfermagem), referente à parcela de julho/2025, à Sociedade Beneficente Israelita Brasileira - Albert Einstein.","Décimo Quarto Termo de Apostilamento ao Termo de Colaboração nº 97/2024-SES/GO (SEI nº 63135683). Repasse de 1 (uma) parcela referente ao Piso Nacional da Enfermagem de julho/2025. Nota de Empenho nº 2025.2850.070.00203 (SEI nº 78448731). Processo nº 202500010060059, vinculado ao processo original nº 202300010023416.",Albert Einstein,Sociedade Beneficente Israelita Brasileira - Albert Einstein,Secretaria de Estado da Saúde – SES/GO,Secretaria de Estado da Saúde – SES/GO,0,0,1,termo_apostilamento,,,31554.44,,2025-08-22,,False
2025,C:\OSS-Goias\documentos\AGIR\HUGOL\2025\05_Contrato_Gestao_Aditivos\15° Apostilamento ao Contrato Gestão 003-2014 HUGOL_2025.pdf,15° Apostilamento ao Contrato Gestão 003-2014 HUGOL_2025,2025-06-27,2025-07-03,Assistência financeira complementar da União (Portaria GM/MS nº 7.000/2025),HUGOL,0,0,15,003/2014-SES/GO,"Repasse financeiro referente à assistência financeira complementar da União para cumprimento do piso salarial nacional de enfermeiros, técnicos e auxiliares de enfermagem e parteiras, no valor de R$ 836.946,90 (uma parcela).","15º Apostilamento ao Contrato de Gestão nº 003/2014-SES/GO. Fundamento: Parecer Jurídico nº 717/2023-SES/PROCSET, Portaria GM/MS nº 7.000/2025, Despacho nº 895/2025-SES/GEMOD, Requisição de Despesa nº 196/2025-SES/GEMOD. Processo Administrativo nº 202500010044996, vinculado ao nº 201400010001769. Nota de Empenho nº 00137, dotação orçamentária 2850.10.302.1043.2516.03.16050001.50. Assinado por Rasivel dos Reis Santos Junior, Secretário de Estado. Cláusulas originais do contrato, aditivos e apostilas anteriores permanecem inalteradas. SEI 76306844.",AGIR,"Associação de Gestão, Inovação e Resultados em Saúde - AGIR",Estado de Goiás - Secretaria de Estado da Saúde,Secretaria de Estado da Saúde de Goiás,0,0,0,termo_apostilamento,,,836946.9,,,,False
2025,C:\OSS-Goias\documentos\AGIR\HUGOL\2025\05_Contrato_Gestao_Aditivos\16° Apostilamento ao Contrato Gestão 003-2014 HUGOL_2025..pdf,16° Apostilamento ao Contrato Gestão 003-2014 HUGOL_2025.,2025-07-29,,Assistência Financeira Complementar da União / Dotação orçamentária 2025.2850.10.302.1043.2516.03.16050001.50,HUGOL,0,0,16,003/2014-SES/GO,"Repasse financeiro de Assistência Financeira Complementar da União, visando o cumprimento do piso salarial nacional de enfermeiros, técnicos e auxiliares de enfermagem e parteiras (Piso Nacional da Enfermagem), referente à parcela de junho de 2025, à Associação de Gestão, Inovação e Resultados em Saúde - AGIR.","Décimo Sexto Termo de Apostilamento. Processo nº 202500010053158 vinculado ao processo original nº 201400010001769. Fundamentado no Parecer Jurídico nº 717/2023-SES/PROCSET e na Portaria GM/MS nº 7.350/2025. Notas de Empenho: nº 2025.2850.070.00180 (repasse complementar à parcela de maio/2025) e nº 2025.2850.070.00181 (parcela de junho/2025). Cláusulas do contrato original, aditivos e apostilas não modificadas permanecem inalteradas.",AGIR,"Associação de Gestão, Inovação e Resultados em Saúde - AGIR",Secretaria de Estado da Saúde – SES/GO,Secretaria de Estado da Saúde – SES/GO,0,0,0,termo_apostilamento,,,872775.95,,2025-07-29,,False
2025,C:\OSS-Goias\documentos\IDTech\HGG\2025\05_Contrato_Gestao_Aditivos\17. Compêtencias previstas no Contrato de Gestão - 17º Termo Aditivo - VIGENTE.pdf,17. Compêtencias previstas no Contrato de Gestão - 17º Termo Aditivo - VIGENTE,2025-07-21,,,HGG,4,0,17,024/2012-SES/GO,"Gerenciamento, operacionalização e execução das ações e serviços de saúde no Hospital Estadual Dr. Alberto Rassi - HGG, com vigência no período de 13 de março de 2024 e término em 13 de março de 2026.","Documento refere-se exclusivamente às Competências Previstas (Especificações Técnicas e Descritivo de Serviços) do 17º Termo Aditivo ao Contrato de Gestão nº 024/2012-SES/GO. Não contém valores financeiros, metas físicas quantitativas nem quadro de pessoal mínimo global. O documento foi assinado digitalmente por José Cláudio Pereira Caldas Romero, Superintendente do IDTECH, em 21/07/2025. Inclui exigências sobre NIR, NHE, Hemoterapia, Farmácia Hospitalar, Engenharia Clínica, Prontuário Eletrônico, Sistema de Gestão Hospitalar integrado ao SIGUS/SES-GO, e Incentivo ao Sistema Estadual de Transplantes de Goiás.",IDTECH,Instituto de Desenvolvimento Tecnológico e Humano - IDTECH,"Estado de Goiás, por intermédio da Secretaria de Estado da Saúde",Secretaria de Estado da Saúde de Goiás,3,9,14,termo_aditivo,,,,2026-03-13,2024-03-13,24,False
2025,C:\OSS-Goias\documentos\FUNEV\HEANA\2025\05_Contrato_Gestao_Aditivos\1736189940335-15_Apostilamento_-_Contrato_de_Gestão_nº_662019.pdf,1736189940335-15_Apostilamento_-_Contrato_de_Gestão_nº_662019,2024-12-18,2024-12-19,Assistência financeira complementar da União - Piso de Enfermagem (Portarias GM/MS nº 5.783/2024 e 5.793/2024),HEANA,0,0,15,66/2019-SES/GO,"Repasse financeiro à Fundação Universitária Evangélica - FUNEV, referente assistência financeira complementar da União para cumprimento do piso salarial nacional de enfermeiros, técnicos e auxiliares de enfermagem e parteiras no contexto das unidades de saúde geridas por organizações sociais de saúde ou fundações.","15º Apostilamento ao Contrato de Gestão nº 66/2019-SES/GO. Despesa atendida com recursos das Notas de Empenho nºs 00239 (68623093) e 00240 (68623133), dotação orçamentária 2850.10.302.1043.2516.03.16050001.50. Processo Administrativo nº 202400010088801, vinculado ao de nº 201900010008114. Repasse de 1 (uma) parcela. Cláusulas do contrato original, aditivos e apostilas anteriores permanecem inalteradas.",FUNEV,Fundação Universitária Evangélica - FUNEV,Estado de Goiás - Secretaria de Estado da Saúde,Secretaria de Estado da Saúde,0,0,0,termo_apostilamento,,,1280342.9,,2024-12-18,,False
2025,C:\OSS-Goias\documentos\FUNEV\HEANA\2025\05_Contrato_Gestao_Aditivos\1737659668371-HEANA__Competências_5º_Termo_Aditivo_Contrato_de_Gestão.pdf,1737659668371-HEANA__Competências_5º_Termo_Aditivo_Contrato_de_Gestão,,,,HEANA,0,0,5,66/2019 SES/GO,"Gerenciamento, operacionalização e execução das ações e serviços de saúde do Hospital Estadual de Anápolis Dr. Henrique Santillo, conforme competências previstas no 5º Termo Aditivo ao Contrato de Gestão nº 66/2019 SES/GO","Documento publicado pela FUNEV descrevendo as competências previstas na Cláusula Segunda (obrigações e responsabilidades do Parceiro Privado) e Cláusula Décima Segunda (transparência das ações do Parceiro Privado) do 5º Termo Aditivo ao Contrato de Gestão nº 66/2019 SES/GO. Vigência iniciada em 18/11/2023. Documento atualizado em 20 de dezembro de 2023 e assinado digitalmente por João Pedro dos Santos Pereira, Diretor Executivo da FUNEV-HEANA. As demais cláusulas e especificidades podem ser consultadas em https://heana.funev.org.br/#/links",FUNEV,Fundação Universitária Evangélica - FUNEV,Estado de Goiás / Secretaria de Estado da Saúde de Goiás (SES/GO),Secretaria de Estado da Saúde de Goiás (SES/GO),3,0,0,termo_aditivo,,,,,2023-11-18,,False
2025,C:\OSS-Goias\documentos\FUNEV\HEANA\2025\05_Contrato_Gestao_Aditivos\1740567266003-16_Apostilamento.pdf,1740567266003-16_Apostilamento,2025-01-22,2025-01-24,Assistência financeira complementar da União (Portaria GM/MS nº 6.272/2024) - Dotação orçamentária 2850.10.302.1043.2516.03.16050001.50,HEANA,0,0,16,66/2019-SES/GO,"Repasse financeiro referente à assistência financeira complementar da União para cumprimento do piso salarial nacional de enfermeiros, técnicos e auxiliares de enfermagem e parteiras no contexto da unidade de saúde gerida pela FUNEV (Hospital Estadual de Anápolis Dr. Henrique Santillo – HEANA).","16º Apostilamento ao Contrato de Gestão nº 66/2019-SES/GO (identificado no DOE como Contrato nº 66/2021-SES/GO - HEANA). Fundamento: Parecer Jurídico nº 717/2023-SES/PROCSET (51650657) e Portaria GM/MS nº 6.272/2024. Nota de Empenho nº 00006 (69574734). Processo Administrativo nº 202500010002118, vinculado ao nº 201900010008114. Repasse em 1 (uma) parcela. Permanecem inalteradas as cláusulas do contrato original, aditivos e apostilas não modificadas por este instrumento.",FUNEV,Fundação Universitária Evangélica - FUNEV,Estado de Goiás - Secretaria de Estado da Saúde,Secretaria de Estado da Saúde de Goiás,0,0,0,termo_apostilamento,,,638672.08,,2025-01-22,,False
2025,C:\OSS-Goias\documentos\FUNEV\HEANA\2025\05_Contrato_Gestao_Aditivos\1740767601340-17_Apostilamento_Heana.pdf,1740767601340-17_Apostilamento_Heana,2025-02-24,2025-02-26,Assistência financeira complementar da União / Tesouro Estadual - Dotação 2850.10.302.1043.2516.03.16050001.50,HEANA,0,0,17,66/2019-SES/GO,"Repasse de assistência financeira da União para cumprimento do piso salarial nacional de enfermeiros, técnicos e auxiliares de enfermagem e parteiras no contexto das unidades de saúde geridas por organizações sociais de saúde ou fundações","17º Apostilamento ao Contrato de Gestão nº 66/2019-SES/GO. Fundamento no Parecer Jurídico nº 717/2023-SES/PROCSET e na Portaria GM/MS nº 6.565/2025. Nota de Empenho nº 00039 (70890379). Processo Administrativo nº 202500010010355, vinculado ao de nº 201900010008114. SEI 70901185. Parcela única de R$ 648.476,28.",FUNEV,Fundação Universitária Evangélica - FUNEV,Estado de Goiás - Secretaria de Estado da Saúde,Secretaria de Estado da Saúde,0,0,0,termo_apostilamento,,,648476.28,,,,False
2025,C:\OSS-Goias\documentos\FUNEV\HEANA\2025\05_Contrato_Gestao_Aditivos\1744022340108-18Apostilamento.pdf,1744022340108-18Apostilamento,2025-03-26,2025-03-27,Assistência financeira complementar da União (Piso Nacional da Enfermagem) - Dotação Orçamentária 2850.10.302.1043.2516.03.16050001.50,HEANA,0,0,18,66/2019-SES/GO,"Repasse financeiro à Fundação Universitária Evangélica - FUNEV referente assistência financeira complementar da União (Piso Nacional da Enfermagem) para cumprimento do piso salarial nacional de enfermeiros, técnicos e auxiliares de enfermagem e parteiras no contexto do Hospital Estadual de Anápolis Dr. Henrique Santillo – HEANA.","Fundamento no Parecer Jurídico nº 717/2023-SES/PROCSET (51650657) e na Portaria GM/MS nº 6.648/2025 (71676866). Nota de Empenho nº 00063 (72073670). Processo Administrativo nº 202500010017907, vinculado ao nº 201900010008114. Permanecem inalteradas as cláusulas do contrato original, aditivos e apostilas não modificadas por este instrumento. Documento assinado eletronicamente por Rasivel dos Reis Santos Junior, Secretário de Estado, em 26/03/2025.",FUNEV,Fundação Universitária Evangélica - FUNEV,Estado de Goiás - Secretaria de Estado da Saúde,Secretaria de Estado da Saúde de Goiás,0,0,0,termo_apostilamento,,,656089.72,,,,False
2025,C:\OSS-Goias\documentos\FUNEV\HEANA\2025\05_Contrato_Gestao_Aditivos\1747159229325-19_Apostilamento.pdf,1747159229325-19_Apostilamento,2025-04-29,2025-04-30,Assistência financeira complementar da União / Tesouro Estadual,HEANA,0,0,19,66/2019-SES/GO,"Repasse financeiro à Fundação Universitária Evangélica - FUNEV referente assistência financeira complementar da União para cumprimento do piso salarial nacional de enfermeiros, técnicos e auxiliares de enfermagem e parteiras, no contexto das atividades do Hospital Estadual de Anápolis Dr. Henrique Santillo – HEANA.","Parcela única de R$ 642.478,80 referente ao Piso de Enfermagem (Portaria GM/MS nº 6.807/2025). Nota de Empenho nº 00102, dotação orçamentária 2850.10.302.1043.2516.03.16050001.50. Processo Administrativo nº 202500010026298, vinculado ao nº 201900010008114. Parecer Jurídico nº 717/2023-SES/PROCSET. Demais cláusulas do contrato original, aditivos e apostilas permanecem inalteradas.",FUNEV,Fundação Universitária Evangélica - FUNEV,"Estado de Goiás, por intermédio da Secretaria de Estado da Saúde",Secretaria de Estado da Saúde - SES/GO,0,0,0,termo_apostilamento,,,642478.8,,2025-04-29,,False
2025,C:\OSS-Goias\documentos\FUNEV\HEANA\2025\05_Contrato_Gestao_Aditivos\1749664128591-20_Apostilamento.pdf,1749664128591-20_Apostilamento,2025-05-24,2025-05-29,"Assistência financeira complementar da União / Tesouro Estadual - Nota de Empenho nº 00126, dotação orçamentária 2850.10.302.1043.2516.03.16050001.50",HEANA,0,0,20,66/2019-SES/GO,"Repasse financeiro à Fundação Universitária Evangélica - FUNEV referente assistência financeira complementar da União (Piso de Enfermagem) para cumprimento do piso salarial nacional de enfermeiros, técnicos e auxiliares de enfermagem e parteiras no contexto das unidades de saúde geridas por organizações sociais de saúde ou fundações.","20º Apostilamento ao Contrato de Gestão nº 66/2019-SES/GO. O repasse corresponde a 1 (uma) parcela de R$ 643.170,19. Processo Administrativo nº 202500010035335, vinculado ao de nº 201900010008114. Fundamento no Parecer Jurídico nº 717/2023-SES/PROCSET e na Portaria GM/MS nº 6.893/2025. Permanecem inalteradas as cláusulas do contrato original, aditivos e apostilas não modificadas por este instrumento. Signatário: Rasivel dos Reis Santos Junior, Secretário de Estado da Saúde.",FUNEV,Fundação Universitária Evangélica - FUNEV,"Estado de Goiás, por intermédio da Secretaria de Estado da Saúde",Secretaria de Estado da Saúde de Goiás - SES/GO,0,0,0,termo_apostilamento,,,643170.19,,2025-05-24,,False
2025,C:\OSS-Goias\documentos\FUNEV\HEANA\2025\05_Contrato_Gestao_Aditivos\1752602630336-21_APOSTILAMENTO_AO_CONTRATO_DE_GESTÃO_Nº_662019-SESGO.pdf,1752602630336-21_APOSTILAMENTO_AO_CONTRATO_DE_GESTÃO_Nº_662019-SESGO,2025-06-27,2025-07-03,Assistência financeira complementar da União / Tesouro Estadual,HEANA,0,0,21,66/2019-SES/GO,"Repasse financeiro referente assistência financeira complementar da União (Piso de Enfermagem) para cumprimento do piso salarial nacional de enfermeiros, técnicos e auxiliares de enfermagem e parteiras no contexto das unidades de saúde geridas por organizações sociais de saúde ou fundações","21º Apostilamento ao Contrato de Gestão nº 66/2019-SES/GO. Repasse de 1 (uma) parcela de R$ 643.286,78. Nota de Empenho nº 00153 (76282889), dotação orçamentária 2850.10.302.1043.2516.03.16050001.50. Processo Administrativo nº 202500010045143, vinculado ao nº 201900010008114. Fundamentado no Parecer Jurídico nº 717/2023-SES/PROCSET e na Portaria GM/MS nº 7.000/2025. Permanecem inalteradas as cláusulas do contrato original, aditivos e apostilas não modificadas por este instrumento. Signatário: Rasível dos Reis Santos Júnior - Secretário de Estado da Saúde.",FUNEV,Fundação Universitária Evangélica - FUNEV,Estado de Goiás - Secretaria de Estado da Saúde,Secretaria de Estado da Saúde,0,0,0,termo_apostilamento,,,643286.78,,,,False
2025,C:\OSS-Goias\documentos\FUNEV\HEANA\2025\05_Contrato_Gestao_Aditivos\1754502009707-6_Termo_Aditivo_-_HEANA.pdf,1754502009707-6_Termo_Aditivo_-_HEANA,2025-07-22,2025-07-30,,HEANA,0,0,6,66/2019-SES/GO,"Modificação da forma de composição do Fundo de Provisão, mediante a alteração da Cláusula Sétima - Dos Recursos Financeiros, do item 7.16, bem como a inclusão dos itens 7.16.1, 7.16.2 e 7.16.2.1 ao Contrato original, estabelecendo que 4,67% do total de recursos financeiros de custeio repassados ao Parceiro Privado serão destinados a conta exclusiva do Fundo de Provisão para suportar rescisões trabalhistas, décimo terceiro e ações judiciais referentes aos colaboradores celetistas contratados diretamente pelo Parceiro Privado.","O Parceiro Público deverá rever o percentual de 4,67% após 24 meses de composição do Fundo de Provisão (item 7.16.1). O Parceiro Privado poderá solicitar revisão do percentual antes desse prazo, desde que demonstrado que o valor é insuficiente (item 7.16.2). A solicitação será analisada pela SUPECC e a alteração formalizada por Apostila ou Aditivo. Processo SEI nº 202500010048760. Documento assinado eletronicamente por João Pedro dos Santos Pereira (FUNEV) em 12/07/2025 e por Rasível dos Reis Santos Júnior (Secretário de Estado da Saúde) em 22/07/2025.",FUNEV,Fundação Universitária Evangélica - FUNEV,Estado de Goiás - Secretaria de Estado da Saúde - SES/GO,Secretaria de Estado da Saúde - SES/GO,0,0,0,termo_aditivo,,,,,,,False
2025,C:\OSS-Goias\documentos\FUNEV\HEANA\2025\05_Contrato_Gestao_Aditivos\1754930641899-Apostila_77944457_22__Apostilamento___HEANA.pdf,1754930641899-Apostila_77944457_22__Apostilamento___HEANA,2025-07-29,,Assistência Financeira Complementar da União / Tesouro Estadual – dotação orçamentária 2025.2850.10.302.1043.2516.03.16050001.50,HEANA,0,0,22,66/2019-SES/GO,"Repasse financeiro de Assistência Financeira Complementar da União, visando o cumprimento do piso salarial nacional de enfermeiros, técnicos e auxiliares de enfermagem e parteiras (Piso Nacional da Enfermagem), referente à parcela de junho de 2025, à Fundação Universitária Evangélica – FUNEV.","Vigésimo Segundo Termo de Apostilamento ao Contrato de Gestão nº 66/2019-SES/GO (SEI nº 000010361058). Processo nº 202500010052969, vinculado ao processo original nº 201900010008114. Nota de Empenho nº 2025.2850.070.00179 (SEI nº 77439729). Fundamento: Parecer Jurídico nº 717/2023-SES/PROCSET e Portaria GM/MS nº 7.350/2025. Assinado por Rasivel dos Reis Santos Junior, Secretário de Estado.",FUNEV,Fundação Universitária Evangélica – FUNEV,Secretaria de Estado da Saúde – SES/GO,Secretaria de Estado da Saúde – SES/GO,0,0,0,termo_apostilamento,,,652865.95,,2025-07-29,,False
2025,C:\OSS-Goias\documentos\FUNEV\HEANA\2025\05_Contrato_Gestao_Aditivos\1756832858303-Apostila_78933368_HEANA.pdf,1756832858303-Apostila_78933368_HEANA,2025-08-22,,Tesouro Estadual / União Federal – dotação orçamentária 2025.2850.10.302.1043.2516.03.16050001.50,HEANA,0,0,23,66/2019-SES/GO,"Repasse de Assistência Financeira Complementar da União, visando ao cumprimento do piso salarial nacional de enfermeiros, técnicos e auxiliares de enfermagem e parteiras (Piso Nacional da Enfermagem), referente à parcela de julho de 2025, à Fundação Universitária Evangélica – FUNEV.","Vigésimo Terceiro Termo de Apostilamento. Parcela única de R$ 657.938,86 referente ao Piso Nacional da Enfermagem – julho de 2025. Nota de Empenho nº 2025.2850.070.00212 (SEI nº 78555905). Processo Administrativo nº 202500010060194, vinculado ao nº 201900010008114. Fundamentado no Parecer Jurídico nº 717/2023-SES/PROCSET e na Portaria GM/MS nº 7.679/2025.",FUNEV,Fundação Universitária Evangélica – FUNEV,Secretaria de Estado da Saúde – SES/GO,Secretaria de Estado da Saúde – SES/GO,0,0,0,termo_apostilamento,,,657938.86,,2025-08-22,,False
2025,C:\OSS-Goias\documentos\FUNEV\HEANA\2025\05_Contrato_Gestao_Aditivos\1758281865375-ilovepdf_merged.pdf,1758281865375-ilovepdf_merged,2025-09-15,2025-09-16,Recursos não vinculados de impostos - Receitas Ordinárias (Fundo Estadual de Saúde - FES),HEANA,15,15,7,66/2019-SES/GO,Revisão do Plano de Metas de Produção e Desempenho com adequação do Anexo I; readequação do valor do repasse mensal referente ao custeio para o 7º Termo Aditivo ao Contrato de Gestão nº 66/2019-SES/GO; readequação do valor do repasse mensal referente ao custeio dos Programas de Residência Médica e em Área de Saúde do HEANA,"Vigência a partir de 16/09/2025, condicionada à publicação na imprensa oficial. Valor estimado para custeio mensal: R$ 12.126.268,22 na 1ª Etapa e R$ 12.929.483,52 na 2ª Etapa (após 6 meses com ampliação de 28 leitos de Clínica Médica e adequação de UTI para 50 leitos). Incremento de custeio hospitalar: R$ 80.890.802,52; incremento de Residência Médica/Saúde: R$ 1.308.101,34. Notas de empenho nº 00199 (R$ 8.427.513,57) e 00200 (R$ 78.678,32), totalizando R$ 8.506.191,89 empenhados em 16/09/2025. Servidores cedidos: 4 (1 Cirurgião-Dentista e 3 Técnicos de Enfermagem), custo estimado R$ 37.961,00. HEANA é unidade de Assistência, Ensino, Pesquisa e Extensão Universitária, CNES 3771962, localizada em Anápolis/GO. Sistema de repasse: 90% vinculado a indicadores de produção (70% fixo + 30% variável) e 10% a indicadores de desempenho. Avaliação trimestral dos indicadores.",FUNEV,Fundação Universitária Evangélica - FUNEV,Estado de Goiás - Secretaria de Estado da Saúde/SES-GO,Secretaria de Estado da Saúde de Goiás - SES-GO,7,14,23,termo_aditivo,,12126268.22,82198903.86,2027-11-18,2025-09-16,26,False
2025,C:\OSS-Goias\documentos\FUNEV\HEANA\2025\05_Contrato_Gestao_Aditivos\1759425665783-HEANA__Competências_6°_Termo_Aditivo_ao_Contrato_de_gestão_N_66.2019.pdf,1759425665783-HEANA__Competências_6°_Termo_Aditivo_ao_Contrato_de_gestão_N_66.2019,,,,HEANA,0,0,6,66/2019,"Gerenciamento, operacionalização e execução das ações e serviços de saúde do Hospital Estadual de Anápolis Dr. Henrique Santillo - HEANA pela Fundação Universitária Evangélica - FUNEV, conforme obrigações e responsabilidades do parceiro privado previstas no 6º Termo Aditivo ao Contrato de Gestão nº 66/2019 SES/GO.","Documento intitulado 'Competências Previstas no 6° Termo Aditivo ao Contrato de Gestão N° 66/2019 SES/GO', elaborado pela FUNEV. Trata-se de documento descritivo das obrigações e responsabilidades do parceiro privado (Cláusula Segunda e Cláusula Décima Segunda). Início da vigência do 6° Termo Aditivo: 30/07/2025. Documento atualizado em 23 de setembro de 2025. Assinado eletronicamente por João Pedro dos Santos Pereira, Diretor Executivo da FUNEV, em 02/10/2025. As demais cláusulas do Contrato nº 66/2019 e Apostilas ficam ratificadas naquilo que não conflite com o presente instrumento.",FUNEV,Fundação Universitária Evangélica - FUNEV,Estado de Goiás / Secretaria de Estado de Saúde de Goiás (SES/GO),Secretaria de Estado de Saúde de Goiás (SES/GO),3,0,0,termo_aditivo,,,,,2025-07-30,,False
2025,C:\OSS-Goias\documentos\FUNEV\HEANA\2025\05_Contrato_Gestao_Aditivos\1759425736585-HEANA__Competências_7°_Termo_Aditivo_ao_Contrato_de_gestão_N_66.2019..pdf,1759425736585-HEANA__Competências_7°_Termo_Aditivo_ao_Contrato_de_gestão_N_66.2019.,,,,HEANA,0,0,7,66/2019,"Gerenciamento, operacionalização e execução das ações e serviços de saúde do Hospital Estadual de Anápolis Dr. Henrique Santillo - HEANA, com definição das obrigações e responsabilidades do parceiro privado (FUNEV) e das cláusulas de transparência.","Documento apresenta as competências previstas no 7º Termo Aditivo ao Contrato de Gestão nº 66/2019 SES/GO, destacando a Cláusula Segunda (obrigações e responsabilidades do parceiro privado) e a Cláusula Décima Segunda (transparência). Início da vigência do 7º Termo Aditivo: 16/09/2025. Documento atualizado em 23/09/2025 e assinado eletronicamente em 02/10/2025 por João Pedro dos Santos Pereira, Diretor Executivo da FUNEV. As demais cláusulas do Contrato nº 66/2019 e Apostilas permanecem inalteradas naquilo que não conflite com o presente instrumento.",FUNEV,Fundação Universitária Evangélica - FUNEV,Estado de Goiás / Secretaria de Estado de Saúde de Goiás (SES/GO),Secretaria de Estado de Saúde de Goiás (SES/GO),3,0,0,termo_aditivo,,,,,2025-09-16,,False
2025,C:\OSS-Goias\documentos\FUNEV\HEANA\2025\05_Contrato_Gestao_Aditivos\1759509850641-Apostilamento_80494263_24__Apostilamento_Piso_de_Enfermagem_HEANA.pdf,1759509850641-Apostilamento_80494263_24__Apostilamento_Piso_de_Enfermagem_HEANA,2025-09-26,,Tesouro Estadual / Assistência Financeira Complementar da União – dotação orçamentária 2025.2850.10.302.1043.2516.03.16050001.50,HEANA,0,0,24,66/2019-SES/GO,"Repasse de Assistência Financeira Complementar da União, visando ao cumprimento do piso salarial nacional de enfermeiros, técnicos e auxiliares de enfermagem e parteiras (Piso Nacional da Enfermagem), referente à parcela de agosto de 2025, à Fundação Universitária Evangélica – FUNEV.","Vigésimo Quarto Termo de Apostilamento. Processo nº 202500010070662, vinculado ao Processo Original nº 201900010008114. Nota de Empenho nº 2025.2850.070.00225 (SEI nº 80122579). Fundamentado no Parecer Jurídico nº 717/2023-SES/PROCSET e na Portaria GM/MS nº 8.013/2025. Demais cláusulas do contrato original, aditivos e apostilas permanecem inalteradas.",FUNEV,Fundação Universitária Evangélica – FUNEV,Secretaria de Estado da Saúde – SES/GO,Secretaria de Estado da Saúde – SES/GO,0,0,0,termo_apostilamento,,,655631.51,,2025-09-26,,False
2025,C:\OSS-Goias\documentos\FUNEV\HEANA\2025\05_Contrato_Gestao_Aditivos\1762268210926-25_Apostilamento_ao_Contrato_de_Gestão_nº_66.2019.pdf,1762268210926-25_Apostilamento_ao_Contrato_de_Gestão_nº_66.2019,2025-10-30,,Recursos da União – Portaria GM/MS nº 8.214/2025; dotação orçamentária 2025.2850.10.302.1043.2516.03.16050001.50,HEANA,0,0,25,66/2019-SES/GO,"Repasse de Assistência Financeira Complementar da União, visando ao cumprimento do piso salarial nacional de enfermeiros, técnicos e auxiliares de enfermagem e parteiras (Piso Nacional da Enfermagem), referente à parcela de setembro de 2025, à Fundação Universitária Evangélica – FUNEV.","Vigésimo Quinto Termo de Apostilamento ao Contrato de Gestão nº 66/2019-SES/GO (SEI nº 000010361058). Repasse de 1 parcela referente ao Piso Nacional da Enfermagem de setembro de 2025. Nota de Empenho nº 2025.2850.070.00261 (SEI nº 81566479). Processo Administrativo nº 202500010080133, vinculado ao nº 201900010008114.",FUNEV,Fundação Universitária Evangélica – FUNEV,Secretaria de Estado da Saúde – SES/GO,Secretaria de Estado da Saúde – SES/GO,0,0,0,termo_apostilamento,,,666935.08,,2025-10-30,,False
2025,C:\OSS-Goias\documentos\FUNEV\HEANA\2025\05_Contrato_Gestao_Aditivos\1764778870230-26_Apostilamento_-_Contrato_de_Gestão_nº_66_2019.pdf,1764778870230-26_Apostilamento_-_Contrato_de_Gestão_nº_66_2019,2025-11-25,,Assistência Financeira Complementar da União / Dotação orçamentária 2025.2850.10.302.1043.2516.03.16050001-50,HEANA,0,0,26,66/2019-SES/GO,"Repasse de Assistência Financeira Complementar da União, visando ao cumprimento do piso salarial nacional de enfermeiros, técnicos e auxiliares de enfermagem e parteiras (Piso Nacional da Enfermagem), referente à parcela de outubro de 2025, à Fundação Universitária Evangélica – FUNEV.","Vigésimo Sexto Termo de Apostilamento. Objeto do contrato original: gerenciamento, operacionalização e execução do Hospital Estadual de Anápolis Dr. Henrique Santillo – HEANA. Nota de Empenho nº 2025.2850.070.00271 (SEI nº 82650305). Processo nº 202500010088520, vinculado ao processo original nº 201900010008114. Fundamentado no Parecer Jurídico nº 717/2023-SES/PROCSET e na Portaria GM/MS nº 8.565/2025.",FUNEV,Fundação Universitária Evangélica – FUNEV,Secretaria de Estado da Saúde – SES/GO,,0,0,0,termo_apostilamento,,,749388.92,,2025-11-25,,False
2025,C:\OSS-Goias\documentos\FUNEV\HEANA\2025\05_Contrato_Gestao_Aditivos\1766524753924-27_Apostilamento_ao_Contrato_de_Gestão_nº_662019.pdf,1766524753924-27_Apostilamento_ao_Contrato_de_Gestão_nº_662019,2025-12-19,,Assistência Financeira Complementar da União / Tesouro Estadual,HEANA,0,0,27,66/2019-SES/GO,"Repasse de Assistência Financeira Complementar da União, visando ao cumprimento do piso salarial nacional de enfermeiros, técnicos e auxiliares de enfermagem e parteiras (Piso Nacional da Enfermagem), referente à parcela de Novembro de 2025 e à 13ª Parcela do Exercício 2025, à Fundação Universitária Evangélica – FUNEV, para gerenciamento, operacionalização e execução do Hospital Estadual de Anápolis Dr. Henrique Santillo – HEANA.","O valor total de R$ 1.414.730,88 é composto por: parcela de Novembro de 2025 no valor de R$ 745.461,28 e 13ª Parcela do Exercício 2025 no valor de R$ 669.269,60. Dotação orçamentária: 2025.2850.10.302.1043.2516.03.16050001-50. Notas de Empenho nº 2025.2850.070.00304 (SEI nº 84057938) e 2025.2850.070.00303 (SEI nº 84057527). Processo nº 202500010094992 vinculado ao de nº 201900010008114.",FUNEV,Fundação Universitária Evangélica – FUNEV,Secretaria de Estado da Saúde – SES/GO,Secretaria de Estado da Saúde – SES/GO,0,0,0,termo_apostilamento,,,1414730.88,,2025-12-19,,False
2025,C:\OSS-Goias\documentos\AGIR\HUGOL\2025\05_Contrato_Gestao_Aditivos\17° Apostilamento ao Contrato Gestão 003-2014 HUGOL_2025.pdf,17° Apostilamento ao Contrato Gestão 003-2014 HUGOL_2025,2025-08-22,,Assistência Financeira Complementar da União / Dotação orçamentária 2025.2850.10.302.1043.2516.03.16050001.50,HUGOL,0,0,17,003/2014-SES/GO,"Repasse financeiro de Assistência Financeira Complementar da União visando ao cumprimento do piso salarial nacional de enfermeiros, técnicos e auxiliares de enfermagem e parteiras (Piso Nacional da Enfermagem), referente à parcela de julho de 2025, à AGIR, no contexto do gerenciamento, operacionalização e execução do HUGOL.","Parcela única referente a julho de 2025 do Piso Nacional da Enfermagem. Nota de Empenho nº 2025.2850.070.00206 (SEI nº 78460868). Processo nº 202500010060095, vinculado ao processo original nº 201400010001769. Baseado na Portaria GM/MS nº 7.679/2025 e Parecer Jurídico nº 717/2023-SES/PROCSET.",AGIR,"Associação de Gestão, Inovação e Resultados em Saúde - AGIR",Secretaria de Estado da Saúde – SES/GO,,0,0,0,termo_apostilamento,,,862065.65,,2025-08-22,,False
2025,C:\OSS-Goias\documentos\IDTech\HGG\2025\05_Contrato_Gestao_Aditivos\18. Diário Oficial.pdf,18. Diário Oficial,,2025-07-30,,HGG,0,0,18,024/2012,"Modificação da forma de composição do Fundo de Provisão, mediante a alteração da Cláusula Oitava - Do valor do presente Termo Aditivo, item 8.3, e inclusão dos itens 8.3.1, 8.3.2 e 8.3.2.1, ao Décimo Terceiro Aditivo ao Termo original. Em especial, do total repassado para custeio, 4,67% serão destinados a conta exclusiva do Fundo de Provisão, para cobrir encargos trabalhistas e judiciais dos colaboradores celetistas contratados pelo Parceiro Privado.",Processo nº 202500010049206. Signatários: Rasivel dos Reis Santos Júnior - Secretário de Estado da Saúde; Zanyr da Paixão Chaud e Sa de Abreu - IDTECH. Protocolo 553580.,IDTECH,Instituto de Desenvolvimento Tecnológico e Humano - IDTECH,Estado de Goiás - Secretaria de Estado da Saúde,Secretaria de Estado da Saúde,0,0,0,termo_aditivo,,,,,,,False
2025,C:\OSS-Goias\documentos\Albert Einstein\HUGO\2025\05_Contrato_Gestao_Aditivos\18o-Apostilamento-2025-ao-Termo-de-Colaboracao-No-972024-SESGO.pdf,18o-Apostilamento-2025-ao-Termo-de-Colaboracao-No-972024-SESGO,2025-12-19,,Assistência Financeira Complementar da União (Piso Nacional da Enfermagem) – dotação orçamentária 2025.2850.10.302.1043.2516.03.16050001-50,HUGO,0,0,18,97/2024-SES/GO,"Repasse financeiro de Assistência Financeira Complementar da União, visando ao cumprimento do piso salarial nacional de enfermeiros, técnicos e auxiliares de enfermagem e parteiras (Piso Nacional da Enfermagem), referente à parcela de Novembro de 2025 e à 13ª Parcela do Exercício 2025, à Sociedade Beneficente Israelita Brasileira - Albert Einstein, para gerenciamento, operacionalização e execução dos serviços de saúde do Hospital de Urgências de Goiás – Dr. Valdemiro Cruz/HUGO","O valor total de R$ 78.003,73 é composto por: parcela de Novembro de 2025 no valor de R$ 33.959,77 e 13ª Parcela do Exercício 2025 no valor de R$ 44.043,96. Notas de Empenho nº 2025.2850.070.00293 (SEI nº 84032359) e 2025.2850.070.00294 (SEI nº 84032710). Processo nº 202500010094821, vinculado ao processo original nº 202300010023416. Documento assinado eletronicamente por Rasivel dos Reis Santos Junior, Secretário (a) de Estado, em 19/12/2025.",Albert Einstein,Sociedade Beneficente Israelita Brasileira - Albert Einstein,Secretaria de Estado da Saúde – SES/GO,Secretaria de Estado da Saúde – SES/GO,0,0,0,termo_apostilamento,,,78003.73,,2025-12-19,,False
2025,C:\OSS-Goias\documentos\ISG\HDT\2025\05_Contrato_Gestao_Aditivos\18°-Termo-Aditivo-2025-ao-CG-n.°-091-2012-–-SES.GO_.pdf,18°-Termo-Aditivo-2025-ao-CG-n.°-091-2012-–-SES.GO_,2025-07-24,2025-07-30,,HDT,0,0,18,091/2012,"Modificação da forma de composição do Fundo de Provisão, mediante a alteração da Cláusula Oitava - Da Alteração de Cláusulas com a Inclusão de Obrigações, item 11.11, bem como a inclusão dos itens 11.11.1, 11.11.2 e 11.11.2.1, do 15º Termo Aditivo ao Contrato original.","Do total de recursos financeiros de custeio repassados ao Parceiro Privado, o percentual de 4,67% será depositado diretamente em conta exclusiva destinada ao Fundo de Provisão para suportar rescisões trabalhistas, décimo terceiro e ações judiciais referentes aos colaboradores celetistas. O Parceiro Público deverá rever o percentual após 24 meses de composição do Fundo. O Parceiro Privado poderá solicitar revisão antecipada do percentual se demonstrada (in)suficiência do Fundo. Processo SEI nº 202500010048747. Publicado no DOE GO nº 24.585 de 30/07/2025, Protocolo 553577.",ISG,Instituto Sócrates Guanaes - ISG,Estado de Goiás - Secretaria de Estado da Saúde - SES/GO,Secretaria de Estado da Saúde - SES/GO,0,0,0,termo_aditivo,,,,,,,False
2025,C:\OSS-Goias\documentos\AGIR\HUGOL\2025\05_Contrato_Gestao_Aditivos\18º Apostilamento - 2025 do Contrato de Gestão nº 003.2014.pdf,18º Apostilamento - 2025 do Contrato de Gestão nº 003.2014,2025-09-26,,Assistência Financeira Complementar da União / Tesouro Estadual – dotação orçamentária 2025.2850.10.302.1043.2516.03.16050001.50,HUGOL,0,0,18,003/2014-SES/GO,"Repasse financeiro de Assistência Financeira Complementar da União, visando ao cumprimento do piso salarial nacional de enfermeiros, técnicos e auxiliares de enfermagem e parteiras (Piso Nacional da Enfermagem), referente à parcela de agosto de 2025, à AGIR, no âmbito do gerenciamento, operacionalização e execução do HUGOL.","Décimo Oitavo Termo de Apostilamento. Fundamento: Parecer Jurídico nº 717/2023-SES/PROCSET e Portaria GM/MS nº 8.013/2025. Nota de Empenho nº 2025.2850.070.00235. Processo Administrativo nº 202500010070580, vinculado ao nº 201400010001769. Documento SEI nº 80166241. Assinado eletronicamente por Rasivel dos Reis Santos Junior, Secretário de Estado.",AGIR,"Associação de Gestão, Inovação e Resultados em Saúde - AGIR",Secretaria de Estado da Saúde – SES/GO,Secretaria de Estado da Saúde – SES/GO,0,0,0,termo_apostilamento,,,868148.46,,2025-09-26,,False
2025,C:\OSS-Goias\documentos\AGIR\HUGOL\2025\05_Contrato_Gestao_Aditivos\19° Apostilamento ao Contrato Gestão 003-2014 HUGOL_2025.pdf,19° Apostilamento ao Contrato Gestão 003-2014 HUGOL_2025,2025-10-30,,Assistência Financeira Complementar da União / Tesouro Estadual - dotação orçamentária 2025.2850.10.302.1043.2516.03.16050001.50,HUGOL,0,0,19,003/2014-SES/GO,"Repasse financeiro de Assistência Financeira Complementar da União, visando ao cumprimento do piso salarial nacional de enfermeiros, técnicos e auxiliares de enfermagem e parteiras (Piso Nacional da Enfermagem), referente à parcela de Setembro de 2025, à Associação de Gestão, Inovação e Resultados em Saúde - AGIR.","Décimo Nono Termo de Apostilamento. Fundamentado no Parecer Jurídico nº 717/2023-SES/PROCSET e na Portaria GM/MS nº 8.214/2025. Nota de Empenho nº 2025.2850.070.00264. Processo Administrativo nº 202500010080184, vinculado ao nº 201400010001769. Assinado eletronicamente por Rasivel dos Reis Santos Junior, Secretário de Estado.",AGIR,"Associação de Gestão, Inovação e Resultados em Saúde - AGIR",Secretaria de Estado da Saúde – SES/GO,,0,0,0,termo_apostilamento,,,871691.98,,2025-10-30,,False
2025,C:\OSS-Goias\documentos\IMED\PFRE\2025\05_Contrato_Gestao_Aditivos\1o-T.A-FORMOSA.pdf,1o-T.A-FORMOSA,2025-07-22,,,PFRE,0,0,1,21/2025-SES/GO,"Modificação da forma de composição do Fundo de Provisão, mediante a alteração da Cláusula Nona - Dos Recursos Financeiros - Item 9.21 do Termo de Colaboração nº 21/2025-SES/GO, bem como a inclusão dos itens 9.21.1, 9.21.2 e 9.21.2.1 ao Termo original, referente ao gerenciamento, operacionalização e execução das ações e serviços de saúde na Policlínica Estadual da Região do Entorno - Unidade Formosa.","O percentual de 4,67% do total de recursos financeiros de custeio será depositado diretamente na conta exclusiva para movimentação dos recursos destinados ao Fundo de Provisão, para fins de suportar rescisões trabalhistas, décimo terceiro e ações judiciais referentes aos colaboradores celetistas. O Parceiro Público deverá rever o percentual após 24 meses. Assinado eletronicamente por André Fonseca Leme em 14/07/2025 e por Rasivel dos Reis Santos Júnior em 22/07/2025. SEI nº 76128526. Processo administrativo 202400010038080.",IMED,"Instituto de Medicina, Estudos e Desenvolvimento - IMED","Estado de Goiás, por intermédio da Secretaria de Estado da Saúde - SES/GO",Secretaria de Estado da Saúde - SES/GO,0,0,0,termo_aditivo,,,,,,,False
2025,C:\OSS-Goias\documentos\IPGSE\HERSO\2025\05_Contrato_Gestao_Aditivos\1o-termo-aditivo-herso-07-07-2025-f1307269b9.pdf,1o-termo-aditivo-herso-07-07-2025-f1307269b9,2025-06-05,,Recursos não vinculados de impostos - Receitas Ordinárias (Fonte 15000 100) e Transferências Fundo a Fundo de Recursos do SUS (Fonte 16000 232),HERSO,15,11,1,101/2024-SES/GO,"Revisão das metas estabelecidas no Termo de Colaboração nº 101/2024-SES/GO e revisão do valor do repasse mensal para o custeio da Unidade, para o gerenciamento, operacionalização e execução das ações e serviços de saúde no Hospital Estadual de Santa Helena de Goiás Dr. Albanir Faleiros Machado - HERSO","O custeio mensal estimado total do HERSO é de R$ 6.989.081,10, dos quais 90% (R$ 6.290.172,99) vinculados aos indicadores de produção e 10% (R$ 698.908,11) aos indicadores de desempenho. O acréscimo ao repasse mensal estabelecido neste 1º Termo Aditivo é de R$ 891.098,26. O período de vigência do aditivo é de 21/03/2025 a 30/08/2027. Notas de empenho: 00144 de 08/04/2025 (R$ 2.970.327,53) e 00028 de 25/04/2025 (R$ 5.346.589,56), totalizando R$ 8.316.917,09 empenhados. O hospital possui 283 servidores estatutários cedidos pelo Estado, com valor estimado de R$ 3.569.612,44 (média mensal R$ 2.197.344,72), cujo custo não compõe o valor da parceria. Capacidade instalada para o 1º aditivo: Clínica Médica 12 leitos, Clínica Cirúrgica 53 leitos, UTI Adulto 18 leitos, Leitos Dia 4, PS-Observação 6, Box emergência 6, Centro Cirúrgico 4, RPA 4, Consultórios 3, Sala de procedimentos 1, Escritório de Gestão de Altas 3.",IPGSE,Instituto de Planejamento e Gestão de Serviços Especializados - IPGSE,"Estado de Goiás, por intermédio da Secretaria de Estado da Saúde – SES/GO",Secretaria de Estado da Saúde de Goiás – SES/GO,4,0,26,termo_aditivo,,891098.26,26138882.29,2027-08-30,2025-03-21,,False
2025,C:\OSS-Goias\documentos\Hospital de Amor\CORA\2025\05_Contrato_Gestao_Aditivos\1o_apostilamento_ao_termo_de_colaboracao_n_032022_sesgo.pdf,1o_apostilamento_ao_termo_de_colaboracao_n_032022_sesgo,2025-04-09,2025-04-10,Tesouro Estadual - SES/GO,CORA,0,0,1,03/2022-SES/GO,"Inclusão dos itens 13.5 e 13.6 na Cláusula Décima Terceira - Do Repasse de Recursos do 2º Termo Aditivo ao Termo de Colaboração nº 03/2022/SES/GO, estabelecendo repasse de R$ 2.654.453,50 em abril/2025 para capacitação de profissionais selecionados previamente ao início da prestação dos serviços (Fase Zero) do Complexo Oncológico de Referência do Estado de Goiás - CORA","O apostilamento inclui itens 13.5 e 13.6 na Cláusula Décima Terceira do 2º Termo Aditivo. O valor de R$ 2.654.453,50 refere-se à Fase Zero (capacitação prévia), sendo R$ 2.609.453,50 de custeio e R$ 45.000,00 pré-operacional. O valor mensal estimado para custeio da Fase I, Etapa 1 (3º Termo Aditivo) é de R$ 4.245.179,85. A GOINFRA intervém como anuente. A Fundação Pio XII deverá comprovar as despesas à área técnica responsável pelo monitoramento. Processo Administrativo nº 202500010024789, vinculado ao nº 202200010069828.",Fundação Pio XII,Fundação Pio XII,Estado de Goiás - Secretaria de Estado da Saúde,Secretaria de Estado da Saúde - SES/GO,0,0,1,termo_apostilamento,,4245179.85,2654453.5,,2025-04-09,,False
2025,C:\OSS-Goias\documentos\AGIR\HEJ\2025\05_Contrato_Gestao_Aditivos\1° Apostilamento ao termo de colaboração 041-2025 HEJ_2025.pdf,1° Apostilamento ao termo de colaboração 041-2025 HEJ_2025,2025-10-30,,Assistência Financeira Complementar da União / Dotação orçamentária 2025.2850.10.302.1043.2516.03 3.16050001.50,HEJ,0,0,1,41/2025-SES/GO,"Repasse de Assistência Financeira Complementar da União, visando ao cumprimento do piso salarial nacional de enfermeiros, técnicos e auxiliares de enfermagem e parteiras (Piso Nacional da Enfermagem), referente à parcela de setembro de 2025, ao Hospital Estadual de Jataí Dr. Serafim de Carvalho - HEJ","Nota de Empenho nº 2025.2850.070.00263 (SEI nº 81566923). Processo Administrativo nº 202500010080248, vinculado ao de nº 202300010051875. Repasse de 1 parcela referente a setembro de 2025 para cumprimento do Piso Nacional da Enfermagem conforme Portaria GM/MS nº 8.214/2025.",AGIR,"Associação de Gestão, Inovação, e Resultados em Saúde - AGIR",Secretaria de Estado da Saúde – SES/GO,Secretaria de Estado da Saúde – SES/GO,0,0,0,termo_apostilamento,,,204406.24,,2025-10-30,,False
2025,C:\OSS-Goias\documentos\IPGSE\HERSO\2025\05_Contrato_Gestao_Aditivos\2-termo-aditivo-herso-06-08-2025-130cd9465a.pdf,2-termo-aditivo-herso-06-08-2025-130cd9465a,2025-07-22,,,HERSO,0,0,2,101/2024-SES/GO,"Modificação da forma de composição do Fundo de Provisão, mediante a alteração da Cláusula Oitava - Dos Recursos Financeiros, item 8.16, bem como a inclusão dos itens 8.16.1, 8.16.2 e 8.16.2.1, do Termo original. O percentual de 4,67% do total de recursos financeiros de custeio será depositado em conta exclusiva destinada ao Fundo de Provisão para suportar rescisões trabalhistas, décimo terceiro e ações judiciais referentes aos colaboradores celetistas contratados diretamente pelo Parceiro Privado.","Segundo Termo Aditivo ao Termo de Colaboração nº 101/2024-SES/GO (SEI nº 64030939). Assinado eletronicamente por Aluisio Parmezani Pancracio em 10/07/2025 e por Rasivel dos Reis Santos Junior em 22/07/2025. Processo nº 202500010048752, SEI 76666942. Fundamentado na Lei Federal nº 13.019/2014, Decreto Estadual nº 10.356/2023 e Manifestação do Gabinete nº 1/2025/SES/GMAE-CG (SEI nº 76385944). O Parceiro Público deverá rever o percentual após 24 meses de composição do Fundo de Provisão.",IPGSE,Instituto de Planejamento e Gestão de Serviços Especializados - IPGSE,"Estado de Goiás, por intermédio da Secretaria de Estado da Saúde - SES/GO",Secretaria de Estado da Saúde - SES/GO,0,0,0,termo_aditivo,,,,,,,False
2025,C:\OSS-Goias\documentos\IMED\PFRE\2025\05_Contrato_Gestao_Aditivos\2-TERMO-DE-APOSTILAMENTO.pdf,2-TERMO-DE-APOSTILAMENTO,2025-08-22,,Assistência Financeira Complementar da União (Piso Nacional da Enfermagem) – dotação orçamentária 2025.28.50.10.302.1043.2516.03.16050001.50,PFRE,0,0,2,21/2025-SES/GO,"Repasse de Assistência Financeira Complementar da União, visando ao cumprimento do piso salarial nacional de enfermeiros, técnicos e auxiliares de enfermagem e parteiras (Piso Nacional da Enfermagem), referente à parcela de Julho de 2025, ao Instituto de Medicina, Estudos e Desenvolvimento (IMED), para gerenciamento, operacionalização e execução dos serviços de saúde da Policlínica Estadual da Região do Entorno - Formosa","Segundo Termo de Apostilamento ao Termo de Colaboração nº 21/2025-SES/GO. Processo nº 202500010060217, vinculado ao processo original nº 202400010038080. Nota de Empenho nº 2025.2850.070.00202 (SEI nº 78448671). Fundamento no Parecer Jurídico nº 717/2023-SES/PROCSET e Portaria GM/MS nº 7.679/2025. Requisição de Despesa nº 277/2025-SES/GEMOD.",IMED,"Instituto de Medicina, Estudos e Desenvolvimento (IMED)",Secretaria de Estado da Saúde – SES/GO,Secretaria de Estado da Saúde – SES/GO,0,0,0,termo_apostilamento,,,28436.33,,2025-08-22,,False
2025,C:\OSS-Goias\documentos\AGIR\HUGOL\2025\05_Contrato_Gestao_Aditivos\20° Apostilamento ao Contrato Gestão 003-2014 HUGOL_2025.pdf,20° Apostilamento ao Contrato Gestão 003-2014 HUGOL_2025,2025-11-25,,Assistência Financeira Complementar da União / Tesouro Estadual (dotação orçamentária 2025.2850.10.302.1043.2516.03.16050001.50),HUGOL,0,0,20,003/2014-SES/GO,"Repasse financeiro de Assistência Financeira Complementar da União, visando ao cumprimento do piso salarial nacional de enfermeiros, técnicos e auxiliares de enfermagem e parteiras (Piso Nacional da Enfermagem), referente à parcela de Outubro de 2025, ao gerenciamento, operacionalização e execução do Hospital Estadual de Urgências Governador Otávio Lage de Siqueira - HUGOL.","Vigésimo Termo de Apostilamento. Parcela única referente a outubro de 2025 do Piso Nacional da Enfermagem. Nota de Empenho nº 2025.2850.070.00281. Processo nº 202500010088546, vinculado ao processo original nº 201400010001769. Fundamento no Parecer Jurídico nº 717/2023-SES/PROCSET e Portaria GM/MS nº 8.565/2025.",AGIR,"Associação de Gestão, Inovação e Resultados em Saúde - AGIR",Secretaria de Estado da Saúde – SES/GO,,0,0,0,termo_apostilamento,,,871579.17,,2025-11-25,,False
2025,C:\OSS-Goias\documentos\AGIR\HUGOL\2025\05_Contrato_Gestao_Aditivos\21° Apostilamento ao Contrato Gestão 003-2014 HUGOL_2025.pdf,21° Apostilamento ao Contrato Gestão 003-2014 HUGOL_2025,2025-12-19,,Assistência Financeira Complementar da União / Tesouro Estadual (dotação orçamentária 2025.2850.10.302.1043.2516.03.16050001.50),HUGOL,0,0,21,003/2014-SES/GO,"Repasse financeiro de Assistência Financeira Complementar da União visando ao cumprimento do piso salarial nacional de enfermeiros, técnicos e auxiliares de enfermagem e parteiras (Piso Nacional da Enfermagem), referente à parcela de Novembro/2025 e à 13ª Parcela do Exercício 2025, à AGIR.","O valor total de R$ 1.705.585,66 é composto por: R$ 881.176,86 referente à parcela de Novembro/2025 e R$ 824.408,80 referente à 13ª Parcela do Exercício 2025. Notas de Empenho nº 2025.2850.070.00319 e nº 2025.2850.070.00320. Processo Administrativo nº 202500010094804, vinculado ao nº 201400010001769.",AGIR,"Associação de Gestão, Inovação e Resultados em Saúde - AGIR",Secretaria de Estado da Saúde – SES/GO,Secretaria de Estado da Saúde – SES/GO,0,0,0,termo_apostilamento,,,1705585.66,,2025-12-19,,False
2025,C:\OSS-Goias\documentos\Hospital de Amor\CORA\2025\05_Contrato_Gestao_Aditivos\2o_apostilamento_ao_termo_de_colaboracao_n_032022_sesgo.pdf,2o_apostilamento_ao_termo_de_colaboracao_n_032022_sesgo,2025-04-25,2025-04-29,,CORA,0,0,2,03/2022-SES/GO,"Alteração do subitem 3.2.4 da Cláusula Terceira do 2º Termo Aditivo ao Termo de Colaboração nº 03/2022/SES/GO, substituindo a planilha de relação, quantitativo e custo estimado atualizado dos equipamentos para a unidade infanto-juvenil do Complexo Oncológico de Referência do Estado de Goiás - CORA","O apostilamento altera apenas o subitem 3.2.4 da Cláusula Terceira do 2º Termo Aditivo, substituindo a planilha SEI nº 62241516 pela planilha Equipamentos CORA (SEI nº 73178488). Permanecem inalteradas as demais cláusulas do contrato original, aditivos e apostilas. A interveniente é a Agência Goiana de Infraestrutura e Transportes - GOINFRA. Processo Administrativo nº 202500010022276, vinculado ao nº 202200010069828. SEI nº 73597432.",Fundação Pio XII,Fundação Pio XII,Estado de Goiás - Secretaria de Estado da Saúde,Secretaria de Estado da Saúde,0,0,2,termo_apostilamento,,,,,2025-04-25,,False
2025,C:\OSS-Goias\documentos\AGIR\HEJ\2025\05_Contrato_Gestao_Aditivos\2° Apostilamento ao termo de colaboração 041-2025 HEJ_2025.pdf,2° Apostilamento ao termo de colaboração 041-2025 HEJ_2025,2025-11-25,,Assistência Financeira Complementar da União,HEJ,0,0,2,41/2025-SES/GO,"Repasse de Assistência Financeira Complementar da União visando ao cumprimento do piso salarial nacional de enfermeiros, técnicos e auxiliares de enfermagem e parteiras (Piso Nacional da Enfermagem), referente à parcela de outubro de 2025, à Associação de Gestão, Inovação, e Resultados em Saúde - AGIR, para o Hospital Estadual de Jataí Dr. Serafim de Carvalho - HEJ","Segundo Termo de Apostilamento ao Termo de Colaboração nº 41/2025-SES/GO (SEI nº 78145084). Dotação orçamentária: 2025.2850.10.302.1043.2516.03.16050001.50. Nota de Empenho nº 2025.2850.070.00272 (SEI nº 82650747). Processo nº 202500010088740, vinculado ao processo original nº 202300010051875. Fundamento no Parecer Jurídico nº 717/2023-SES/PROCSET e Portaria GM/MS nº 8.565/2025.",AGIR,"Associação de Gestão, Inovação, e Resultados em Saúde - AGIR",Secretaria de Estado da Saúde – SES/GO,,0,0,0,termo_apostilamento,,,228713.25,,2025-11-25,,False
2025,C:\OSS-Goias\documentos\Hospital de Amor\CORA\2025\05_Contrato_Gestao_Aditivos\3o_apostilamento_ao_termo_de_colaboracao_n_032022_sesgo.pdf,3o_apostilamento_ao_termo_de_colaboracao_n_032022_sesgo,2025-05-24,2025-05-29,,CORA,14,0,3,03/2022-SES/GO,"Alteração do item '12. Indicador de Desempenho', do Anexo I - Especificações Técnicas, do 3º Termo Aditivo ao Termo de Colaboração nº 3/2022, corrigindo divergência entre o 'Quadro 24. Síntese de Metas de Desempenho' (que constava 'Média de tempo de disponibilização de leito após alta') e a parte textual (que identificava 'Índice de Intervalo de Substituição (horas)'), passando a vigorar com a redação corrigida do Quadro 24.","Apostila celebrada com interveniência da Agência Goiana de Infraestrutura e Transportes - GOINFRA. O objeto do Termo de Colaboração original é a formação de parceria com vistas à instalação do Complexo Oncológico de Referência do Estado de Goiás - CORA. A apostila corrige divergência entre o Quadro 24 e a parte textual do 3º Termo Aditivo (SEI nº 72953494), substituindo 'Média de tempo de disponibilização de leito após alta (≤ 2 horas)' por 'Índice de Intervalo de Substituição (horas) (≤ 40 horas)'. Processo Administrativo nº 202500010030876, vinculado ao nº 202200010069828. Signatário: Rasivel dos Reis Santos Junior - Secretário de Estado da Saúde.",Fundação Pio XII,Fundação Pio XII,Estado de Goiás - Secretaria de Estado da Saúde,Secretaria de Estado da Saúde,0,0,6,termo_apostilamento,,,,,2025-05-24,,False
2025,C:\OSS-Goias\documentos\AGIR\HEJ\2025\05_Contrato_Gestao_Aditivos\3° Apostilamento ao termo de colaboração 041-2025 HEJ_2025.pdf,3° Apostilamento ao termo de colaboração 041-2025 HEJ_2025,2025-12-19,,Assistência Financeira Complementar da União / Dotação orçamentária 2025.2850.10.302.1043.2516.03.16050001.50,HEJ,0,0,3,41/2025-SES/GO,"Repasse de Assistência Financeira Complementar da União visando ao cumprimento do piso salarial nacional de enfermeiros, técnicos e auxiliares de enfermagem e parteiras (Piso Nacional da Enfermagem), referente à parcela de Novembro de 2025 e à 13ª Parcela do Exercício 2025, à Associação de Gestão, Inovação, e Resultados em Saúde - AGIR, para o Hospital Estadual de Jataí Dr. Serafim de Carvalho - HEJ","O valor total de R$ 348.586,44 é composto por: R$ 247.439,15 referente à parcela de novembro de 2025 e R$ 101.147,29 referente à 13ª Parcela do Exercício 2025. Notas de Empenho: nº 2025.2850.070.00333 (parcela novembro) e nº 2025.2850.070.00334 (13º salário). Processo administrativo nº 202500010095148, vinculado ao de nº 202300010051875.",AGIR,"Associação de Gestão, Inovação, e Resultados em Saúde - AGIR",Secretaria de Estado da Saúde – SES/GO,Secretaria de Estado da Saúde – SES/GO,0,0,0,termo_apostilamento,,,348586.44,,2025-12-19,,False
2025,C:\OSS-Goias\documentos\Hospital de Amor\CORA\2025\05_Contrato_Gestao_Aditivos\4o_apostilamento_ao_termo_de_colaboracao_n_032022_sesgo.pdf,4o_apostilamento_ao_termo_de_colaboracao_n_032022_sesgo,2025-06-03,2025-06-04,Tesouro Estadual - SES/GO,CORA,0,0,4,03/2022-SES/GO,"Inclusão na Cláusula Décima Terceira - Do Repasse de Recursos do 2º Termo Aditivo ao Termo de Colaboração nº 03/2022/SES/GO dos itens 13.7 e 13.8, estabelecendo repasse de R$ 2.064.021,41 em maio/2025 para custeio de folhas de pagamento, despesas rescisórias, demandas de Tecnologia e Informação e serviço terceirizado de alimentação","O valor estimado mensal para custeio de R$ 4.245.179,85 foi estabelecido na Fase I, Etapa 1, no 3º Termo Aditivo. O repasse de maio/2025 é de R$ 2.064.021,41 composto por: folha de pagamento R$ 1.651.098,55; despesas rescisórias R$ 49.532,95; sistemas de tecnologia R$ 163.389,91; serviços terceirizados R$ 200.000,00. A Fundação Pio XII deverá comprovar as despesas em momento oportuno. Interveniente: Agência Goiana de Infraestrutura e Transportes - GOINFRA. Processo Administrativo nº 202500010037448 vinculado ao nº 202200010069828. Publicado no DOE/GO nº 24.547 de 04/06/2025, Protocolo 541186.",Fundação Pio XII,Fundação Pio XII,Estado de Goiás - Secretaria de Estado da Saúde,Secretaria de Estado da Saúde de Goiás,0,0,1,termo_apostilamento,,4245179.85,2064021.41,,2025-06-03,,False
2025,C:\OSS-Goias\documentos\Hospital de Amor\CORA\2025\05_Contrato_Gestao_Aditivos\5o_apostilamento_ao_termo_de_colaboracao_n_032022_sesgo.pdf,5o_apostilamento_ao_termo_de_colaboracao_n_032022_sesgo,2025-11-13,,,CORA,0,0,5,03/2022-SES/GO,"Alteração do subitem 3.2.4 da Cláusula Terceira do 2º Apostilamento ao Termo de Colaboração nº 03/2022/SES/GO, atualizando a referência da planilha de equipamentos para a unidade infanto-juvenil do Complexo Oncológico de Referência do Estado de Goiás - CORA (substituição do SEI nº 73178488 pelo SEI nº 82190168).","5º Apostilamento ao Termo de Colaboração nº 03/2022-SES/GO. A interveniente é a Agência Goiana de Infraestrutura e Transportes - GOINFRA. A alteração atualiza a referência da planilha de equipamentos CORA para a unidade infanto-juvenil, substituindo o SEI nº 73178488 pelo SEI nº 82190168. Processo Administrativo nº 202500010087274, SEI nº 82193721. Documento assinado por Rasivel dos Reis Santos Junior, Secretário de Estado.",Fundação Pio XII (Hospital de Amor),Fundação Pio XII,"Estado de Goiás, por intermédio da Secretaria de Estado de Saúde",Secretaria de Estado da Saúde de Goiás,0,0,2,termo_apostilamento,,,,,2025-11-13,,False
2025,C:\OSS-Goias\documentos\IMED\HETRIN\2025\05_Contrato_Gestao_Aditivos\6o-TERMO-ADITIVO-HETRIN-1.pdf,6o-TERMO-ADITIVO-HETRIN-1,2025-07-22,,,HETRIN,0,0,6,037/2019-SES/GO,"Modificação da forma de composição do Fundo de Provisão, mediante a alteração da Cláusula Sétima - Dos Recursos Financeiros, item 7.16, bem como a inclusão dos itens 7.16.1, 7.16.2 e 7.16.2.1, ao Contrato original","O percentual de 4,67% do total de recursos financeiros de custeio será depositado diretamente na conta exclusiva para movimentação do Fundo de Provisão para fins de suportar rescisões trabalhistas, décimo terceiro e ações judiciais referentes aos colaboradores celetistas contratados pelo PARCEIRO PRIVADO. O PARCEIRO PÚBLICO deverá rever o percentual após 24 meses de composição do Fundo de Provisão. SEI nº 8939634. Processo nº 202500010048779. SEI 76666917.",IMED,"Instituto de Medicina, Estudos e Desenvolvimento - IMED","Estado de Goiás, por intermédio da Secretaria de Estado da Saúde - SES/GO",Secretaria de Estado da Saúde - SES/GO,0,0,0,termo_aditivo,,,,,,,False
2025,C:\OSS-Goias\documentos\IMED\PFRE\2025\05_Contrato_Gestao_Aditivos\Anexo_74285236_Publicacao_Apostila_DOE-Copiar.pdf,Anexo_74285236_Publicacao_Apostila_DOE-Copiar,2025-04-29,2025-05-12,Assistência financeira complementar da União (Piso de Enfermagem),PFRE,0,0,,88/2024-SES/GO,Repasse referente assistência financeira complementar da União (Piso de Enfermagem),8º Apostilamento ao Termo de Colaboração nº 88/2024-SES/GO referente à Policlínica de Formosa. Processo nº 202500010026274. Signatário: Rasível dos Reis Santos Júnior - Secretário de Estado da Saúde.,IMED,"Instituto de Medicina, Estudos e Desenvolvimento - IMED",Estado de Goiás - Secretaria de Estado da Saúde,Secretaria de Estado da Saúde de Goiás,0,0,0,termo_apostilamento,,,28531.78,,,,False
2025,C:\OSS-Goias\documentos\IMED\PFRE\2025\05_Contrato_Gestao_Aditivos\Anexo_76419526_PUBLICACAO_DOE-.pdf,Anexo_76419526_PUBLICACAO_DOE-,,2025-06-30,2850.10.302.1043.2516.03.25000100.50,PFRE,0,0,,21/2025-SES/GO,"Gerenciamento, operacionalização e execução das ações e serviços de saúde, em regime de 12 horas/dia, na Policlínica Estadual da Região do Entorno - Unidade Formosa","Documento contém também extratos de outros termos de colaboração: nº 20/2025-SES/GO (IMED, Policlínica Região Nordeste - Unidade Posse, R$ 110.586.943,85, 36 meses a partir de 01/07/2025); nº 24/2025-SES/GO (IPGSE, Policlínica Região Sudoeste - Unidade Quirinópolis, R$ 83.843.296,24, 36 meses a partir de 01/07/2025); e errata do nº 23/2025-SES/GO corrigindo valor de R$ 82.111.034,52 para R$ 82.179.460,38. Processo administrativo nº 202400010038080. Signatários: Rasível dos Reis Santos Júnior (Secretário de Estado da Saúde) e André Fonseca Leme (IMED).",IMED,"Instituto de Medicina, Estudos e Desenvolvimento - IMED",Estado de Goiás - Secretaria de Estado da Saúde,Secretaria de Estado da Saúde,0,0,0,contrato_gestao_inicial,,,86520465.03,,2025-07-01,36,False
2025,C:\OSS-Goias\documentos\IMED\HETRIN\2025\05_Contrato_Gestao_Aditivos\Apostila_68796145_12_Apostila_HETRIN.pdf,Apostila_68796145_12_Apostila_HETRIN,2024-12-12,,Assistência financeira complementar da União (Portarias GM/MS nº 5.783/2024 e 5.793/2024) - dotação orçamentária 2850.10.302.1043.2516.03.16050001.50,HETRIN,0,0,12,37/2019-SES/GO,"Repasse financeiro ao IMED referente à assistência financeira complementar da União para cumprimento do piso salarial nacional de enfermeiros, técnicos e auxiliares de enfermagem e parteiras no contexto do Hospital Estadual de Trindade Walda Ferreira dos Santos - HETRIN","12º Apostilamento ao Contrato de Gestão nº 37/2019-SES/GO. Repasse de 1 (uma) parcela de R$ 30.855,72 via Notas de Empenho nºs 00187 (68394793) e 00188 (68395046). Processo Administrativo nº 202400010089503, vinculado ao de nº 201900010008727. Documento SEI 68405992.",IMED,"Instituto de Medicina, Estudos e Desenvolvimento - IMED","Estado de Goiás, por intermédio da Secretaria de Estado da Saúde",Secretaria de Estado da Saúde de Goiás - SES/GO,0,0,0,termo_apostilamento,,,30855.72,,2024-12-12,,False
2025,C:\OSS-Goias\documentos\IMED\PFRE\2025\05_Contrato_Gestao_Aditivos\Apostila_68802841_5_Apostila_PC_FORMOSA.pdf,Apostila_68802841_5_Apostila_PC_FORMOSA,2024-12-13,,Assistência financeira complementar da União (Portarias GM/MS nº 5.783/2024 e 5.793/2024),PFRE,0,0,5,88/2024-SES/GO,"Repasse de assistência financeira complementar da União ao IMED para cumprimento do piso salarial nacional de enfermeiros, técnicos e auxiliares de enfermagem e parteiras, referente ao gerenciamento, operacionalização e execução das atividades da Policlínica Estadual da Região do Entorno - Unidade Formosa","5º Apostilamento ao Termo de Colaboração nº 88/2024-SES/GO. Repasse de 1 (uma) parcela de R$ 53.963,56. Despesa atendida pelas Notas de Empenho nºs 00198 (68402248) e 00199 (68402465), dotação orçamentária 2850.10.302.1043.2516.03.16050001.50. Processo Administrativo nº 202400010088782, vinculado ao de nº 202400010044543. Demais cláusulas do contrato original, aditivos e apostilas permanecem inalteradas.",IMED,"Instituto de Medicina, Estudos e Desenvolvimento – IMED","Estado de Goiás, por intermédio da Secretaria de Estado de Saúde",Secretaria de Estado de Saúde de Goiás – SES/GO,0,0,0,termo_apostilamento,,,53963.56,,2024-12-13,,False
2025,C:\OSS-Goias\documentos\IMED\HETRIN\2025\05_Contrato_Gestao_Aditivos\Apostila_69902915_13_Apostila_HETRIN.pdf,Apostila_69902915_13_Apostila_HETRIN,2025-01-24,,Assistência financeira complementar da União (Portaria GM/MS Nº 6.272/2024) / Tesouro Estadual - dotação orçamentária 2850.10.302.1043.2516.03.16050001.50,HETRIN,0,0,13,37/2019-SES/GO,"Repasse financeiro ao IMED referente à assistência financeira complementar da União para cumprimento do piso salarial nacional de enfermeiros, técnicos e auxiliares de enfermagem e parteiras, no valor de 1 (uma) parcela de R$ 15.074,55, relativo ao gerenciamento, operacionalização e execução das ações e serviços de saúde do Hospital Estadual de Trindade Walda Ferreira dos Santos - HETRIN.","13º Apostilamento ao Contrato de Gestão nº 37/2019-SES/GO. Fundamento no Parecer Jurídico nº 717/2023-SES/PROCSET (51650657) e na Portaria GM/MS Nº 6.272/2024 (69312724). Nota de Empenho nº 00025 (69711668). Processo Administrativo nº 202500010002550, vinculado ao nº 201900010008727. Permanecem inalteradas as demais cláusulas do contrato original, seus aditivos e apostilas.",IMED,"Instituto de Medicina, Estudos e Desenvolvimento - IMED","Estado de Goiás, por intermédio da Secretaria de Estado de Saúde",Secretaria de Estado da Saúde de Goiás - SES/GO,0,0,0,termo_apostilamento,,,15074.55,,2025-01-24,,False
2025,C:\OSS-Goias\documentos\IMED\HETRIN\2025\05_Contrato_Gestao_Aditivos\Apostila_71378894_SEI_GOVERNADORIA___70966614___Apostila.pdf,Apostila_71378894_SEI_GOVERNADORIA___70966614___Apostila,2025-02-24,,Assistência financeira complementar da União (Portaria GM/MS Nº 6.565/2025),HETRIN,0,0,14,37/2019-SES/GO,"Repasse financeiro ao Instituto de Medicina, Estudos e Desenvolvimento - IMED, referente assistência financeira complementar da União para cumprimento do piso salarial nacional de enfermeiros, técnicos e auxiliares de enfermagem e parteiras, no valor de 1 (uma) parcela de R$ 14.721,24.","14º Apostilamento ao Contrato de Gestão nº 37/2019-SES/GO. Processo Administrativo nº 202500010010486, vinculado ao de nº 201900010008727. Nota de Empenho nº 00043 (70961351), dotação orçamentária 2850.10.302.1043.2516.03.16050001.50. Parecer Jurídico nº 717/2023-SES/PROCSET (51650657). Demais cláusulas do contrato original, seus aditivos e apostilas permanecem inalteradas.",IMED,"Instituto de Medicina, Estudos e Desenvolvimento - IMED","Estado de Goiás, por intermédio da Secretaria de Estado de Saúde",Secretaria de Estado da Saúde de Goiás - SES/GO,0,0,0,termo_apostilamento,,,14721.24,,2025-02-24,,False
2025,C:\OSS-Goias\documentos\IMED\PFRE\2025\05_Contrato_Gestao_Aditivos\Apostila_71711672_SEI_GOVERNADORIA___71345409___Apostila_6.pdf,Apostila_71711672_SEI_GOVERNADORIA___71345409___Apostila_6,2025-03-06,,,PFRE,0,2,,88/2024,"Retificação, em decorrência de erro material, dos Anexos I e IV do 1º Termo Aditivo ao Termo de Colaboração nº 88/2024, corrigindo a nomenclatura de 'Pacotes de Treinamento de Diálise Peritoneal' para 'Pacotes de Manutenção Mensal de Diálise Peritoneal' e ajustando a descrição das metas de produção mínima de Terapia Renal Substitutiva (TRS).","6º Apostilamento ao 1º Termo Aditivo ao Termo de Colaboração nº 88/2024-SES/GO. SEI nº 71345409. Processo Administrativo nº 202500010006269, vinculado ao de nº 202400010044543. A unidade conta com 08 cadeiras de hemodiálise. O custeio do transporte para as sessões de hemodiálise está inserido dentro do custo das sessões de hemodiálise retirado do Relatório Painel Comparativo de Custos (maio/2023 a abril/2024), sistema KPIH.",IMED,"IMED - Instituto de Medicina, Estudos e Desenvolvimento",Estado de Goiás - Secretaria de Estado da Saúde/SES-GO,Secretaria de Estado da Saúde/SES-GO,0,0,5,termo_apostilamento,,,,,,,False
2025,C:\OSS-Goias\documentos\IMED\HETRIN\2025\05_Contrato_Gestao_Aditivos\Apostila_72709786_15__Apostilamento_HETRIN.pdf,Apostila_72709786_15__Apostilamento_HETRIN,2025-03-26,,Assistência financeira complementar da União / Tesouro Estadual (dotação orçamentária 2850.10.302.1043.2516.03.16050001.50),HETRIN,0,0,15,37/2019-SES/GO,"Repasse financeiro ao Instituto de Medicina, Estudos e Desenvolvimento - IMED, referente assistência financeira complementar da União para cumprimento do piso salarial nacional de enfermeiros, técnicos e auxiliares de enfermagem e parteiras, no valor de 1 parcela de R$ 3.784,34.","15º Apostilamento ao Contrato de Gestão nº 37/2019-SES/GO. Fundamento no Parecer Jurídico nº 717/2023-SES/PROCSET e na Portaria GM/MS nº 6.648/2025. Nota de Empenho nº 00061 (72072418). Processo Administrativo nº 202500010018731, vinculado ao nº 201900010008727. Demais cláusulas do contrato original, aditivos e apostilas permanecem inalteradas.",IMED,"Instituto de Medicina, Estudos e Desenvolvimento - IMED","Estado de Goiás, por intermédio da Secretaria de Estado de Saúde",Secretaria de Estado da Saúde - SES/GO,0,0,0,termo_apostilamento,,,3784.34,,,,False
2025,C:\OSS-Goias\documentos\IMED\PFRE\2025\05_Contrato_Gestao_Aditivos\Apostila_72736380_SEI_GOVERNADORIA___72232262___Apostila_PC_Formosa.pdf,Apostila_72736380_SEI_GOVERNADORIA___72232262___Apostila_PC_Formosa,2025-03-26,,Assistência financeira complementar da União / Tesouro Estadual (Nota de Empenho nº 00055 - dotação 2850.10.302.1043.2516.03.16050001.50),PFRE,0,0,7,88/2024-SES/GO,"Repasse financeiro referente à assistência financeira complementar da União para cumprimento do piso salarial nacional de enfermeiros, técnicos e auxiliares de enfermagem e parteiras, no âmbito do gerenciamento, operacionalização e execução das atividades da Policlínica Estadual da Região do Entorno - Unidade Formosa","7º Apostilamento ao Termo de Colaboração nº 88/2024-SES/GO. O repasse é de 1 (uma) parcela no valor de R$ 32.502,23, com fundamento na Portaria GM/MS nº 6.648/2025 e no Parecer Jurídico nº 717/2023-SES/PROCSET. Processo Administrativo nº 202500010018072, vinculado ao nº 202400010044543. Cláusulas do contrato original, aditivos e apostilas não modificadas permanecem inalteradas.",IMED,"Instituto de Medicina, Estudos e Desenvolvimento – IMED","Estado de Goiás, por intermédio da Secretaria de Estado de Saúde",Secretaria de Estado da Saúde de Goiás - SES/GO,0,0,0,termo_apostilamento,,,32502.23,,,,False
2025,C:\OSS-Goias\documentos\IMED\PFRE\2025\05_Contrato_Gestao_Aditivos\Apostila_74110736_SEI_73694338_Apostila-Copiar.pdf,Apostila_74110736_SEI_73694338_Apostila-Copiar,2025-04-29,,Assistência financeira complementar da União (Portaria GM/MS Nº 6.807/2025) / Tesouro Estadual,PFRE,0,0,8,88/2024-SES/GO,"Repasse financeiro referente à assistência financeira complementar da União para cumprimento do piso salarial nacional de enfermeiros, técnicos e auxiliares de enfermagem e parteiras, no contexto das atividades da Policlínica Estadual da Região do Entorno - Unidade Formosa, gerenciada pelo IMED.","8º Apostilamento ao Termo de Colaboração nº 88/2024-SES/GO. Repasse de 1 (uma) parcela de R$ 28.531,78 via Nota de Empenho nº 00098 (73510675), dotação orçamentária 2850.10.302.1043.2516.03.16050001.50. Processo Administrativo nº 202500010026274, vinculado ao nº 202400010044543. Cláusulas do contrato original, aditivos e apostilas anteriores permanecem inalteradas.",IMED,"Instituto de Medicina, Estudos e Desenvolvimento – IMED","Estado de Goiás, por intermédio da Secretaria de Estado de Saúde",Secretaria de Estado da Saúde de Goiás – SES/GO,0,0,0,termo_apostilamento,,,28531.78,,2025-04-29,,False
2025,C:\OSS-Goias\documentos\IMED\HETRIN\2025\05_Contrato_Gestao_Aditivos\Apostila_74124019_16__Apostilamento_HETRIN.pdf,Apostila_74124019_16__Apostilamento_HETRIN,2025-04-29,,"Assistência financeira complementar da União - Portaria GM/MS Nº 6.807/2025; Nota de Empenho nº 00104, dotação orçamentária 2850.10.302.1043.2516.03.16050001.50",HETRIN,0,0,16,37/2019-SES/GO,"Repasse financeiro ao Instituto de Medicina, Estudos e Desenvolvimento - IMED referente assistência financeira complementar da União para cumprimento do piso salarial nacional de enfermeiros, técnicos e auxiliares de enfermagem e parteiras, no valor de 1 (uma) parcela de R$ 353,65.","16º Apostilamento ao Contrato de Gestão nº 37/2019-SES/GO. Fundamento: Parecer Jurídico nº 717/2023-SES/PROCSET (51650657) e Portaria GM/MS Nº 6.807/2025 (73023674). Processo Administrativo nº 202500010026284, vinculado ao nº 201900010008727. Permanecem inalteradas as cláusulas do contrato original, seus aditivos e apostilas não modificadas por este instrumento.",IMED,"Instituto de Medicina, Estudos e Desenvolvimento - IMED","Estado de Goiás, por intermédio da Secretaria de Estado da Saúde",Secretaria de Estado da Saúde de Goiás - SES/GO,0,0,0,termo_apostilamento,,,353.65,,2025-04-29,,False
2025,C:\OSS-Goias\documentos\IMED\PFRE\2025\05_Contrato_Gestao_Aditivos\Apostila_75521782_9__Apostila_Formosa.pdf,Apostila_75521782_9__Apostila_Formosa,2025-05-24,,"Assistência financeira complementar da União / Tesouro Estadual - Nota de Empenho nº 00110 (74666243), dotação orçamentária 2850.10.302.1043.2516.03.16050001.50",PFRE,0,0,9,88/2024-SES/GO,"Repasse financeiro ao IMED referente assistência financeira complementar da União para cumprimento do piso salarial nacional de enfermeiros, técnicos e auxiliares de enfermagem e parteiras nas unidades de saúde geridas por organizações sociais de saúde ou fundações, no contexto da Policlínica Estadual da Região do Entorno - Unidade Formosa.","9º Apostilamento ao Termo de Colaboração nº 88/2024-SES/GO. Repasse em 1 parcela de R$ 27.831,78. Fundamento: Parecer Jurídico nº 717/2023-SES/PROCSET, Portaria GM/MS Nº 6.893/2025, Despacho nº 754/2025-SES/GEMOD, Requisição de Despesa nº 177/2025-SES/GEMOD. Processo Administrativo nº 202500010035420, vinculado ao nº 202400010044543. Demais cláusulas permanecem inalteradas.",IMED,"Instituto de Medicina, Estudos e Desenvolvimento - IMED","Estado de Goiás, por intermédio da Secretaria de Estado da Saúde - SES/GO",Secretaria de Estado da Saúde de Goiás - SES/GO,0,0,0,termo_apostilamento,,,27831.78,,2025-05-24,,False
2025,C:\OSS-Goias\documentos\IMED\HETRIN\2025\05_Contrato_Gestao_Aditivos\Apostila_75585232_SEI_74858834_Apostila.pdf,Apostila_75585232_SEI_74858834_Apostila,2025-05-24,,Assistência financeira complementar da União (Portaria GM/MS Nº 6.893/2025) / Tesouro Estadual - dotação orçamentária 2850.10.302.1043.2516.03.16050001.50,HETRIN,0,0,17,37/2019-SES/GO,"Repasse financeiro referente à assistência financeira complementar da União para cumprimento do piso salarial nacional de enfermeiros, técnicos e auxiliares de enfermagem e parteiras, no valor de 1 parcela de R$ 353,65, ao IMED, responsável pelo gerenciamento, operacionalização e execução das ações e serviços de saúde do HETRIN.","Fundamento no Parecer Jurídico nº 717/2023-SES/PROCSET (51650657) e Portaria GM/MS Nº 6.893/2025 (74374911). Nota de Empenho nº 00124 (74842597). Processo Administrativo nº 202500010035431, vinculado ao de nº 201900010008727. Demais cláusulas do contrato original, aditivos e apostilas permanecem inalteradas.",IMED,"Instituto de Medicina, Estudos e Desenvolvimento - IMED","Estado de Goiás, por intermédio da Secretaria de Estado de Saúde",Secretaria de Estado da Saúde de Goiás - SES/GO,0,0,0,termo_apostilamento,,,353.65,,2025-05-24,,False
2025,C:\OSS-Goias\documentos\IMED\HETRIN\2025\05_Contrato_Gestao_Aditivos\Apostila_76943604_SEI_76306404_Apostila.pdf,Apostila_76943604_SEI_76306404_Apostila,2025-06-27,,Assistência financeira complementar da União (Portaria GM/MS Nº 7.000/2025),HETRIN,0,0,18,37/2019-SES/GO,"Repasse financeiro ao IMED referente à assistência financeira complementar da União para cumprimento do piso salarial nacional de enfermeiros, técnicos e auxiliares de enfermagem e parteiras, no valor de 1 parcela de R$ 353,65, no contexto do Hospital Estadual de Trindade Walda Ferreira dos Santos - HETRIN.","18º Apostilamento ao Contrato de Gestão nº 37/2019-SES/GO. Fundamento no Parecer Jurídico nº 717/2023-SES/PROCSET e na Portaria GM/MS Nº 7.000/2025. Nota de Empenho nº 00136 (76223265), dotação orçamentária 2850.10.302.1043.2516.03.16050001.50. Processo Administrativo nº 202500010045715, vinculado ao nº 201900010008727. Documento assinado por Rasivel dos Reis Santos Junior, Secretário de Estado, em 27/06/2025.",IMED,"Instituto de Medicina, Estudos e Desenvolvimento - IMED","Estado de Goiás, por intermédio da Secretaria de Estado da Saúde",Secretaria de Estado da Saúde de Goiás - SES/GO,0,0,0,termo_apostilamento,,,353.65,,,,False
2025,C:\OSS-Goias\documentos\IMED\PFRE\2025\05_Contrato_Gestao_Aditivos\Apostila_77943750_1__Apostilamento___Formosa-Copiar.pdf,Apostila_77943750_1__Apostilamento___Formosa-Copiar,2025-07-29,,Assistência Financeira Complementar da União / Tesouro Estadual,PFRE,0,0,1,21/2025-SES/GO,"Repasse financeiro de Assistência Financeira Complementar da União, visando o cumprimento do piso salarial nacional de enfermeiros, técnicos e auxiliares de enfermagem e parteiras (Piso Nacional da Enfermagem), referente à parcela de junho 2025, ao Instituto de Medicina, Estudos e Desenvolvimento (IMED), no contexto do gerenciamento, operacionalização e execução dos serviços de saúde da Policlínica Estadual da Região do Entorno - Formosa.","Processo nº 202500010052986, vinculado ao processo original nº 202400010038080. Dotação orçamentária: 2025.2850.10.302.1043.2516.03.16050001.50. Nota de Empenho nº 2025.2850.070.00185 (SEI nº 77470127). Fundamentado no Parecer Jurídico nº 717/2023-SES/PROCSET e na Portaria GM/MS nº 7.350/2025.",IMED,"Instituto de Medicina, Estudos e Desenvolvimento (IMED)",Secretaria de Estado da Saúde – SES/GO,Secretaria de Estado da Saúde – SES/GO,0,0,0,termo_apostilamento,,,31131.78,,2025-07-29,,False
2025,C:\OSS-Goias\documentos\IMED\PFRE\2025\05_Contrato_Gestao_Aditivos\Apostila_81787678_apostila__FORMOSA.pdf,Apostila_81787678_apostila__FORMOSA,2025-10-30,,Assistência Financeira Complementar da União / Tesouro Estadual,PFRE,0,0,4,21/2025-SES/GO,"Repasse de Assistência Financeira Complementar da União visando ao cumprimento do piso salarial nacional de enfermeiros, técnicos e auxiliares de enfermagem e parteiras (Piso Nacional da Enfermagem), referente à parcela de setembro de 2025, ao Instituto de Medicina, Estudos e Desenvolvimento (IMED), no contexto do gerenciamento, operacionalização e execução dos serviços de saúde da Policlínica Estadual da Região do Entorno - Formosa","Quarto Termo de Apostilamento ao Termo de Colaboração nº 21/2025-SES/GO (SEI nº 76128526). Repasse de 1 parcela referente a setembro de 2025. Dotação orçamentária: 2025.2850.10.302.1043.2516.03.16050001.50. Nota de Empenho nº 2025.2850.070.00257 (SEI nº 81552259). Processo nº 202500010080167, vinculado ao processo original nº 202400010038080. Fundamentado no Parecer Jurídico nº 717/2023-SES/PROCSET e Portaria GM/MS nº 8.214/2025.",IMED,"Instituto de Medicina, Estudos e Desenvolvimento (IMED)",Secretaria de Estado da Saúde – SES/GO,Secretaria de Estado da Saúde – SES/GO,0,0,0,termo_apostilamento,,,26883.28,,2025-10-30,,False
2025,C:\OSS-Goias\documentos\IMED\PFRE\2025\05_Contrato_Gestao_Aditivos\Apostila_84315375_6__Apostilamento___FORMOSA___Mes_11_e_13_.pdf,Apostila_84315375_6__Apostilamento___FORMOSA___Mes_11_e_13_,2025-12-19,,Tesouro Estadual / União Federal – dotação orçamentária 2025.2850.10.302.1043.2516.03.16050001-50,PFRE,0,0,6,21/2025-SES/GO,"Repasse de Assistência Financeira Complementar da União visando ao cumprimento do piso salarial nacional de enfermeiros, técnicos e auxiliares de enfermagem e parteiras (Piso Nacional da Enfermagem), referente à parcela de Novembro de 2025 e à 13ª Parcela do Exercício 2025, ao Instituto de Medicina, Estudos e Desenvolvimento (IMED), no contexto do gerenciamento, operacionalização e execução dos serviços de saúde da Policlínica Estadual da Região do Entorno - Formosa","O valor total de R$ 55.941,26 é composto por: parcela de Novembro de 2025 no valor de R$ 27.397,73 e 13ª Parcela do Exercício 2025 no valor de R$ 28.543,53. Notas de Empenho nº 2025.2850.070.00295 e nº 2025.2850.070.00296. Processo nº 202500010095012, vinculado ao Processo Original nº 202400010038080.",IMED,"Instituto de Medicina, Estudos e Desenvolvimento (IMED)",Secretaria de Estado da Saúde – SES/GO,Secretaria de Estado da Saúde – SES/GO,0,0,0,termo_apostilamento,,,55941.26,,2025-12-19,,False
2025,C:\OSS-Goias\documentos\IMED\PFRE\2025\05_Contrato_Gestao_Aditivos\Apostilamento_76950182_10__Apostilamento_P._Formosa.pdf,Apostilamento_76950182_10__Apostilamento_P._Formosa,2025-06-27,,Assistência financeira complementar da União / Tesouro Estadual (dotação orçamentária 2850.10.302.1043.2516.03.16050001.50),PFRE,0,0,10,88/2024-SES/GO,"Repasse financeiro ao Instituto de Medicina, Estudos e Desenvolvimento – IMED referente assistência financeira complementar da União para cumprimento do piso salarial nacional de enfermeiros, técnicos e auxiliares de enfermagem e parteiras, no gerenciamento, operacionalização e execução das atividades da Policlínica Estadual da Região do Entorno - Unidade Formosa","10º Apostilamento ao Termo de Colaboração nº 88/2024-SES/GO. Repasse de 1 (uma) parcela no valor de R$ 27.831,78 referente à Portaria GM/MS nº 7.000/2025 (piso salarial nacional de enfermagem). Nota de Empenho nº 00133 (76212886). Processo Administrativo nº 202500010045176, vinculado ao nº 202400010044543. Demais cláusulas permanecem inalteradas.",IMED,"Instituto de Medicina, Estudos e Desenvolvimento – IMED","Estado de Goiás, por intermédio da Secretaria de Estado de Saúde",Secretaria de Estado da Saúde de Goiás – SES/GO,0,0,0,termo_apostilamento,,,27831.78,,,,False
2025,C:\OSS-Goias\documentos\IMED\HETRIN\2025\05_Contrato_Gestao_Aditivos\Apostilamento_77955891_19__APOSTILAMENTO_HETRIN.pdf,Apostilamento_77955891_19__APOSTILAMENTO_HETRIN,2025-07-29,,Assistência Financeira Complementar da União / Tesouro Estadual – dotação orçamentária 2025.2850.10.302.1043.2516.03.16050001.50,HETRIN,0,0,19,37/2019-SES/GO,"Repasse financeiro de Assistência Financeira Complementar da União, visando o cumprimento do piso salarial nacional de enfermeiros, técnicos e auxiliares de enfermagem e parteiras (Piso Nacional da Enfermagem), referente à parcela de junho 2025, ao Instituto de Medicina, Estudos e Desenvolvimento - IMED","Décimo nono Termo de Apostilamento ao Contrato de Gestão nº 37/2019-SES/GO (SEI nº 8939634). Parcela única de R$ 353,65 referente ao Piso Nacional da Enfermagem de junho/2025. Fundamentado no Parecer Jurídico nº 717/2023-SES/PROCSET e Portaria GM/MS nº 7.350/2025. Nota de Empenho nº 2025.2850.070.00162. Processo nº 202500010053129 vinculado ao processo original nº 201900010008727. Permanecem inalteradas as demais cláusulas do contrato original, aditivos e apostilas.",IMED,"Instituto de Medicina, Estudos e Desenvolvimento - IMED",Secretaria de Estado da Saúde – SES/GO,Secretaria de Estado da Saúde – SES/GO,0,0,0,termo_apostilamento,,,353.65,,2025-07-29,,False
2025,C:\OSS-Goias\documentos\IMED\PFRE\2025\05_Contrato_Gestao_Aditivos\Apostilamento_80485357_3__Apostilamento_Piso_de_Enfermagem___PC_Formosa.pdf,Apostilamento_80485357_3__Apostilamento_Piso_de_Enfermagem___PC_Formosa,2025-09-26,,Recursos da União (Portaria GM/MS nº 8.013/2025) / Tesouro Estadual - dotação orçamentária 2025.28.50.10.302.1043.2516.03.16050001.50,PFRE,0,0,3,21/2025-SES/GO,"Repasse de Assistência Financeira Complementar da União, visando ao cumprimento do piso salarial nacional de enfermeiros, técnicos e auxiliares de enfermagem e parteiras (Piso Nacional da Enfermagem), referente à parcela de agosto de 2025, ao Instituto de Medicina, Estudos e Desenvolvimento (IMED).","Terceiro Termo de Apostilamento ao Termo de Colaboração nº 21/2025-SES/GO (SEI nº 76128526). Processo nº 202500010070678, vinculado ao Processo Original nº 202400010038080. Nota de Empenho nº 2025.2850.070.00230 (SEI nº 80141280). Valor de 1 (uma) parcela referente ao Piso Nacional da Enfermagem de agosto de 2025.",IMED,"Instituto de Medicina, Estudos e Desenvolvimento (IMED)",Secretaria de Estado da Saúde – SES/GO,Secretaria de Estado da Saúde – SES/GO,0,0,1,termo_apostilamento,,,28436.33,,2025-09-26,,False
2025,C:\OSS-Goias\documentos\IMED\HETRIN\2025\05_Contrato_Gestao_Aditivos\Apostilamento_80498893_21__Apostilamento_Piso_de_Enfermagem___HETRIN.pdf,Apostilamento_80498893_21__Apostilamento_Piso_de_Enfermagem___HETRIN,2025-09-26,,Assistência Financeira Complementar da União / Tesouro Estadual,HETRIN,0,0,21,37/2019-SES/GO,"Repasse financeiro de Assistência Financeira Complementar da União, visando ao cumprimento do piso salarial nacional de enfermeiros, técnicos e auxiliares de enfermagem e parteiras (Piso Nacional da Enfermagem), referente à parcela de agosto/2025, ao Instituto de Medicina, Estudos e Desenvolvimento - IMED, para gerenciamento, operacionalização e execução do Hospital Estadual de Trindade Walda Ferreira dos Santos - HETRIN.","Vigésimo Primeiro Termo de Apostilamento. Parcela única de R$ 353,64 referente ao Piso Nacional da Enfermagem (agosto/2025). Dotação orçamentária: 2025.2850.10.302.1043.2516.03.16050001.50. Nota de Empenho nº 2025.2850.070.00217 (SEI nº 80109461). Processo nº 202500010071083, vinculado ao processo original nº 201900010008727. Fundamentado na Portaria GM/MS nº 8.013/2025 e Parecer Jurídico nº 717/2023-SES/PROCSET.",IMED,"Instituto de Medicina, Estudos e Desenvolvimento - IMED",Secretaria de Estado da Saúde – SES/GO,Secretaria de Estado da Saúde – SES/GO,0,0,0,termo_apostilamento,,,353.64,,2025-09-26,,False
2025,C:\OSS-Goias\documentos\IMED\HETRIN\2025\05_Contrato_Gestao_Aditivos\Apostilamento_81796117_22_apostilamento_HETRIN.pdf,Apostilamento_81796117_22_apostilamento_HETRIN,2025-10-30,,Assistência Financeira Complementar da União / Tesouro Estadual,HETRIN,0,0,22,37/2019-SES/GO,"Repasse financeiro de Assistência Financeira Complementar da União visando ao cumprimento do piso salarial nacional de enfermeiros, técnicos e auxiliares de enfermagem e parteiras (Piso Nacional da Enfermagem), referente à parcela de Setembro/2025, ao Instituto de Medicina, Estudos e Desenvolvimento - IMED, para gerenciamento, operacionalização e execução do Hospital Estadual de Trindade Walda Ferreira dos Santos - HETRIN.","Vigésimo Segundo Termo de Apostilamento. Parcela única de R$ 353,64 referente ao Piso Nacional da Enfermagem - parcela de Setembro/2025. Dotação orçamentária: 2025.2850.10.302.1043.2516.03.16050001.50. Nota de Empenho nº 2025.2850.070.00260. Processo Administrativo nº 202500010080285, vinculado ao de nº 201900010008727. Fundamento: Parecer Jurídico nº 717/2023-SES/PROCSET e Portaria GM/MS nº 8.214/2025.",IMED,"Instituto de Medicina, Estudos e Desenvolvimento - IMED",Secretaria de Estado da Saúde – SES/GO,Secretaria de Estado da Saúde – SES/GO,0,0,0,termo_apostilamento,,,353.64,,2025-10-30,,False
2025,C:\OSS-Goias\documentos\IMED\PFRE\2025\05_Contrato_Gestao_Aditivos\Apostilamento_83104585_5__Apostilamento_PC_Formosa.pdf,Apostilamento_83104585_5__Apostilamento_PC_Formosa,2025-11-25,,Assistência Financeira Complementar da União / Dotação orçamentária 2025.2850.10.302.1043.2516.03.16050001-50,PFRE,0,0,5,21/2025-SES/GO,"Repasse de Assistência Financeira Complementar da União visando ao cumprimento do piso salarial nacional de enfermeiros, técnicos e auxiliares de enfermagem e parteiras (Piso Nacional da Enfermagem), referente à parcela de outubro de 2025, ao Instituto de Medicina, Estudos e Desenvolvimento (IMED), no âmbito do gerenciamento, operacionalização e execução dos serviços de saúde da Policlínica Estadual da Região do Entorno - Formosa","Quinto Termo de Apostilamento ao Termo de Colaboração nº 21/2025-SES/GO (SEI nº 76128526). Processo nº 202500010088541, vinculado ao processo original nº 202400010038080. Nota de Empenho nº 2025.2850.070.00275 (SEI nº 82658965). Fundamentado no Parecer Jurídico nº 717/2023-SES/PROCSET e na Portaria GM/MS nº 8.565/2025.",IMED,"Instituto de Medicina, Estudos e Desenvolvimento (IMED)",Secretaria de Estado da Saúde – SES/GO,Secretaria de Estado da Saúde – SES/GO,0,0,0,termo_apostilamento,,,26883.28,,2025-11-25,,False
2025,C:\OSS-Goias\documentos\IMED\HETRIN\2025\05_Contrato_Gestao_Aditivos\Apostilamento_83107724_23__Apostilamento_HETRIN.pdf,Apostilamento_83107724_23__Apostilamento_HETRIN,2025-11-25,,Assistência Financeira Complementar da União / Tesouro Estadual (dotação orçamentária 2025.2850.10.302.1043.2516.03.16050001.50),HETRIN,0,0,23,37/2019-SES/GO,"Repasse financeiro de Assistência Financeira Complementar da União, visando ao cumprimento do piso salarial nacional de enfermeiros, técnicos e auxiliares de enfermagem e parteiras (Piso Nacional da Enfermagem), referente à parcela de Outubro/2025, ao Instituto de Medicina, Estudos e Desenvolvimento - IMED, para gerenciamento, operacionalização e execução do Hospital Estadual de Trindade Walda Ferreira dos Santos - HETRIN.","Vigésimo Terceiro Termo de Apostilamento. Parcela referente a Outubro/2025 do Piso Nacional da Enfermagem. Nota de Empenho nº 2025.2850.070.00273 (SEI nº 82651128). Processo nº 202500010088575, vinculado ao processo original nº 201900010008727. Fundamentado no Parecer Jurídico nº 717/2023-SES/PROCSET e na Portaria GM/MS nº 8.565/2025.",IMED,"Instituto de Medicina, Estudos e Desenvolvimento - IMED",Secretaria de Estado da Saúde – SES/GO,Secretaria de Estado da Saúde – SES/GO,0,0,0,termo_apostilamento,,,706.94,,2025-11-25,,False
2025,C:\OSS-Goias\documentos\IMED\HETRIN\2025\05_Contrato_Gestao_Aditivos\Apostilamento_84318470_Apostila_HETRIN.pdf,Apostilamento_84318470_Apostila_HETRIN,2025-12-19,,Assistência Financeira Complementar da União / Tesouro Estadual,HETRIN,0,0,24,37/2019-SES/GO,"Repasse financeiro de Assistência Financeira Complementar da União visando ao cumprimento do piso salarial nacional de enfermeiros, técnicos e auxiliares de enfermagem e parteiras (Piso Nacional da Enfermagem), referente à parcela de Novembro de 2025 e à 13ª Parcela do Exercício 2025, ao Instituto de Medicina, Estudos e Desenvolvimento - IMED.","Parcela de Novembro de 2025: R$ 706,95. 13ª Parcela do Exercício 2025: R$ 2.035,98. Dotação orçamentária: 2025.2850.10.302.1043.2516.03.16050001.50. Notas de Empenho: 2025.2850.070.00317 e 2025.2850.070.00318. Processo SEI nº 202500010095001, vinculado ao processo original nº 201900010008727. Objeto do contrato original: Gerenciamento, operacionalização e execução do Hospital Estadual de Trindade Walda Ferreira dos Santos - HETRIN.",IMED,"Instituto de Medicina, Estudos e Desenvolvimento - IMED",Secretaria de Estado da Saúde – SES/GO,,0,0,0,termo_apostilamento,,,2742.93,,2025-12-19,,False
2025,C:\OSS-Goias\documentos\IMED\HETRIN\2025\05_Contrato_Gestao_Aditivos\COMPETENCIAS-DO-CONTRATO-DE-GESTAO-No-037-2019.pdf,COMPETENCIAS-DO-CONTRATO-DE-GESTAO-No-037-2019,2019-08-25,,SUS,HETRIN,0,0,,037/2019,"Gestão e execução de atividades e serviços de saúde no Hospital Estadual Trindade - Walda Ferreira dos Santos (HETRIN), pelo IMED como parceiro privado, com cumprimento de metas e obrigações previstas no contrato e seus termos aditivos.","Documento é uma compilação das competências extraídas do Contrato de Gestão nº 037/2019-SES/GO (assinado em 25/08/2019) e de seus cinco termos aditivos: 1º TA (13/10/2020), 2º TA (25/03/2021), 3º TA (21/07/2022), 4º TA (10/10/2023) e 5º TA (13/09/2024). Inclui também competências do Estatuto Social do IMED (constituído em 29/08/2013, última atualização em 23/08/2024). Apresentado pelo Diretor Financeiro André Silva Sader para o Portal da Transparência, conforme Art. 6º, § 1º, I da Lei Estadual nº 18.025/2013 e Resolução Normativa nº 013/2017 TCE-GO.",IMED,"IMED – Instituto de Medicina, Estudos e Desenvolvimento",Estado de Goiás / Secretaria de Estado da Saúde de Goiás (SES/GO),Secretaria de Estado da Saúde de Goiás (SES/GO),3,0,14,contrato_gestao_inicial,,,,,2019-08-25,,True
2025,C:\OSS-Goias\documentos\IMED\HETRIN\2025\05_Contrato_Gestao_Aditivos\COMPETENCIAS-PREVISTAS-NO-CONTRATO-DE-GESTAO-HETRIN-2.pdf,COMPETENCIAS-PREVISTAS-NO-CONTRATO-DE-GESTAO-HETRIN-2,2019-08-25,,,HETRIN,0,0,,037/2019,"Gestão do Hospital Estadual Trindade - Walda Ferreira dos Santos (HETRIN) pelo IMED, com execução de atividades e serviços de saúde conforme Edital de Chamamento e Proposta de Trabalho, incluindo cumprimento de metas pactuadas e obrigações previstas no Contrato de Gestão nº 037/2019-SES/GO e seus aditivos.","Documento de Portal da Transparência que apresenta competências extraídas do Contrato de Gestão nº 037/2019-SES/GO (assinado em 25/08/2019) e de seus cinco termos aditivos: 1º TA (13/10/2020), 2º TA (25/03/2021), 3º TA (21/07/2022), 4º TA (10/10/2023) e 5º TA (13/09/2024). Também inclui competências do Estatuto Social do IMED (constituído em 29/08/2013, última atualização em 23/08/2024, registrado em 22/11/2024). O documento não é o contrato original nem um termo aditivo isolado, mas uma compilação de competências previstas nesses instrumentos, publicada para fins de transparência conforme art. 6º, §1º, I da Lei Estadual nº 18.025/2013 e Resolução Normativa nº 013/2017 TCE-GO.",IMED,"IMED – Instituto de Medicina, Estudos e Desenvolvimento",Estado de Goiás / Secretaria de Estado da Saúde de Goiás (SES/GO),Secretaria de Estado da Saúde de Goiás (SES/GO),3,0,9,outro,,,,,2019-08-25,,False
2025,C:\OSS-Goias\documentos\IMED\PFRE\2025\05_Contrato_Gestao_Aditivos\COMPETENCIAS-PREVISTAS-NO-TERMO-DE-COLABORACAO-FORMOSA-03-04-25-assinado.pdf,COMPETENCIAS-PREVISTAS-NO-TERMO-DE-COLABORACAO-FORMOSA-03-04-25-assinado,2025-02-26,,,PFRE,0,0,1,88/2024,"Gestão da Policlínica Estadual da Região do Entorno - Unidade Formosa, com execução de atividades e serviços auxiliares descritos no Plano de Trabalho, zelando pela qualidade das ações e serviços ofertados, com cumprimento de metas e prazos previstos.","Documento trata-se de informações para o Portal da Transparência, contendo as competências previstas no Termo de Colaboração nº 88/2024 – SES/GO (assinado em 10/07/2024) e de seu Primeiro Termo Aditivo (assinado em 26/02/2025). Também inclui competências extraídas do Estatuto Social do IMED (constituído em 29/08/2013, última atualização em 23/08/2024). O documento foi assinado digitalmente por André Silva Sader, Diretor Financeiro do IMED. Não há valores financeiros explicitamente mencionados no documento.",IMED,"IMED – Instituto de Medicina, Estudos e Desenvolvimento (CNPJ 19.324.171/0001-02)",Estado de Goiás / Secretaria de Estado da Saúde de Goiás (SES/GO),Secretaria de Estado da Saúde de Goiás (SES/GO),3,0,10,termo_aditivo,,,,,2024-07-10,,False
2025,C:\OSS-Goias\documentos\IMED\PFRE\2025\05_Contrato_Gestao_Aditivos\COMPETENCIAS-PREVISTAS-NO-TERMO-DE-COLABORACAO-FORMOSA-07-07-25-assinado.pdf,COMPETENCIAS-PREVISTAS-NO-TERMO-DE-COLABORACAO-FORMOSA-07-07-25-assinado,2025-07-01,,,PFRE,0,0,,21/2025,"Gestão da Policlínica Estadual da Região do Entorno - Unidade Formosa, com execução de atividades e serviços auxiliares de saúde conforme Edital de Chamamento e Proposta de Trabalho","Documento é uma apresentação das competências previstas no Termo de Colaboração nº 21/2025 – SES/GO, assinado em 01/07/2025 (Processo nº 202400010038080), elaborado pelo IMED para fins do Portal da Transparência. Inclui também competências extraídas do Estatuto Social do IMED (constituição: 29/08/2013, última atualização: 23/08/2024, registrado em 22/11/2024). O documento apresenta apenas a Cláusula Terceira (obrigações do parceiro privado) e trechos do Estatuto Social, não contendo o texto integral do Termo de Colaboração. Valores financeiros, metas e vigência final não estão explicitados neste documento.",IMED,"IMED – Instituto de Medicina, Estudos e Desenvolvimento",Estado de Goiás - Secretaria de Estado da Saúde (SES/GO),Secretaria de Estado da Saúde de Goiás (SES/GO),4,0,17,contrato_gestao_inicial,,,,,2025-07-01,,False
2025,C:\OSS-Goias\documentos\IMED\PFRE\2025\05_Contrato_Gestao_Aditivos\COMPETENCIAS-PREVISTAS-NO-TERMO-DE-COLABORACAO-FORMOSA-1.pdf,COMPETENCIAS-PREVISTAS-NO-TERMO-DE-COLABORACAO-FORMOSA-1,2024-07-10,,,PFRE,0,0,,88/2024,"Gestão da Policlínica Estadual da Região do Entorno - Unidade Formosa, com execução de atividades e serviços auxiliares descritos e caracterizados no Plano de Trabalho, zelando pela boa qualidade das ações e serviços ofertados e primando pela eficiência, eficácia, efetividade e economicidade","Documento trata-se de compilação de competências/obrigações extraídas do Termo de Colaboração nº 88/2024 – SES/GO (assinado em 10/07/2024, Processo nº 202400010044543) e de seu Primeiro Termo Aditivo (assinado em 26/02/2025, Processo nº 202400010075872), bem como do Estatuto Social do IMED. O documento não é o contrato original nem o aditivo em si, mas sim resumo das competências para fins de Portal da Transparência. Fundamento legal: Art. 6º, § 1º, I da Lei Estadual nº 18.025/2013. IMED qualificado como OSS pelo Decreto Estadual nº 8.150, de 23/04/2014.",IMED,"IMED – Instituto de Medicina, Estudos e Desenvolvimento",Estado de Goiás / Secretaria de Estado da Saúde de Goiás (SES/GO),Secretaria de Estado da Saúde de Goiás (SES/GO),3,0,4,contrato_gestao_inicial,,,,,2024-07-10,,False
2025,C:\OSS-Goias\documentos\AGIR\HEJ\2025\05_Contrato_Gestao_Aditivos\Competências previstas no Contrato de Gestão HEJ TC 41.2025.pdf,Competências previstas no Contrato de Gestão HEJ TC 41.2025,,,,HEJ,0,0,,41/2025,"Gerenciamento, operacionalização e execução das ações, atividades e serviços de saúde do Hospital Estadual de Jataí Dr. Serafim de Carvalho - HEJ","Documento intitulado 'Competências previstas no Termo de Colaboração nº 41/2025-SES/GO', contendo apenas a Cláusula Terceira (obrigações e responsabilidades do Parceiro Privado). Não contém valores financeiros, metas físicas, indicadores de qualidade nem quadro de recursos humanos mínimos. Vigência iniciada em 01/09/2025. Atualizado em 17 de setembro de 2025. As demais cláusulas e especificidades constam no documento original do Termo de Colaboração nº 41/2025.",AGIR,"Associação de Gestão, Inovação e Resultados em Saúde – AGIR",Estado de Goiás / Secretaria de Estado de Saúde de Goiás (SES/GO),Secretaria de Estado de Saúde de Goiás (SES/GO),0,0,0,contrato_gestao_inicial,,,,,2025-09-01,,False
2025,C:\OSS-Goias\documentos\IMED\PFRE\2025\05_Contrato_Gestao_Aditivos\controlador.php-publicacao-PC-Formosa.pdf,controlador.php-publicacao-PC-Formosa,2025-02-25,2025-02-26,2850.10.302.1043.2516.03.15000100.50; 2850.10.302.1043.2516.03.16000232.50,PFRE,0,0,1,88/2024-SES/GO,"Prorrogação da vigência do Termo de Colaboração nº 88/2024-SES/GO (62338875), por mais 180 (cento e oitenta) dias, com início em 05 de janeiro de 2025 e término em 03 de julho de 2025, ou até a conclusão do chamamento público, o que ocorrer primeiro; Alterações das especificações técnicas, em concordância com o Anexo I; Adequação do valor de custeio, conforme Anexo IV.","Documento publicado no Diário Oficial do Estado de Goiás nº 24.482, edição de 26/02/2025. Processo nº 202400010075872, vinculado ao de nº 202400010044543. Signatários: Rasível dos Reis Santos Júnior - Secretário de Estado da Saúde; André Fonseca Leme - IMED.",IMED,"Instituto de Medicina, Estudo e Desenvolvimento - IMED",Estado de Goiás - Secretaria de Estado da Saúde,Secretaria de Estado da Saúde - SES/GO,0,0,0,termo_aditivo,,,14408070.78,2025-07-03,2025-01-05,6,False
2025,C:\OSS-Goias\documentos\IPGSE\HERSO\2025\05_Contrato_Gestao_Aditivos\doe-1o-termo-aditivo-herso-07-07-2025-27ff32dd7c.pdf,doe-1o-termo-aditivo-herso-07-07-2025-27ff32dd7c,,2025-06-09,2850.10.302.1043.2516.03.15000100.50 - 2850.10.302.1043.2516.03.16000232.50,HERSO,0,0,1,101/2024-SES/GO,"1. Revisão das metas estabelecidas no Termo de Colaboração nº 101/2024-SES/GO, de acordo com o Anexo I-SES/GEMOD. 2. Revisão do valor do repasse mensal para o custeio da Unidade, em consonância com o Anexo IV-SES/GEC e Anexo V-SES/GEC.",Processo nº: 202500010003401. Signatários: Rasível dos Reis Santos Júnior - Secretário de Estado da Saúde; Aluísio Parmezani Pancracio - IPGSE. O documento é um extrato publicado no DOE/GO nº 24.550.,IPGSE,Instituto de Planejamento e Gestão de Serviços Especializados - IPGSE,Estado de Goiás - Secretaria de Estado da Saúde,Secretaria de Estado da Saúde,0,0,0,termo_aditivo,,,26138882.29,2027-08-30,2025-03-21,,False
2025,C:\OSS-Goias\documentos\IPGSE\HERSO\2025\05_Contrato_Gestao_Aditivos\doe-2-termo-aditivo-herso-06-08-2025-449e8d1a6f.pdf,doe-2-termo-aditivo-herso-06-08-2025-449e8d1a6f,,2025-07-30,,HERSO,0,0,2,101/2024,"Modificação da forma de composição do Fundo de Provisão, mediante a alteração da Cláusula Oitava - Dos recursos financeiros, item 8.16, e inclusão dos itens 8.16.1, 8.16.2 e 8.16.2.1, do Termo original.","Do total repassado para custeio, 4,67% serão destinados a conta exclusiva do Fundo de Provisão, para cobrir encargos trabalhistas e judiciais dos colaboradores celetistas contratados pelo Parceiro Privado. Processo nº 202500010048752. Signatários: Rasivel dos Reis Santos Júnior - Secretário de Estado da Saúde; Aluisio Parmezani Pancracio - IPGSE. Publicado no DOE/GO nº 24.585 em 30/07/2025. Nota: o Termo de Colaboração nº 101/2024 refere-se a HERSO, não sendo um Contrato de Gestão.",IPGSE,Instituto de Planejamento e Gestão de Serviços Especializados - IPGSE,Estado de Goiás - Secretaria de Estado da Saúde,Secretaria de Estado da Saúde,0,0,0,termo_aditivo,,,,,,,False
2025,C:\OSS-Goias\documentos\IPGSE\HERSO\2025\05_Contrato_Gestao_Aditivos\execucao-orcamentaria-agosto-12-11-2025-b7895e72f4.pdf,execucao-orcamentaria-agosto-12-11-2025-b7895e72f4,,2024-08-30,Tesouro Estadual,HERSO,0,0,1,101/2024,"Relatório Resumido da Execução Orçamentária e Financeira por Contrato de Gestão referente ao Hospital Estadual de Santa Helena de Goiás Dr. Albanir Faleiros Machado - HERSO, período janeiro a agosto/2025, sob o Termo de Colaboração nº 101/2024-SES e 1º Termo Aditivo.","Previsão de repasse mensal custeio contrato original: R$ 6.097.982,84. 1º Termo Aditivo (vigência 21/03/2025 a 30/08/2027): custeio adicional de R$ 891.098,26/mês. Valor mensal estimado total (custeio): R$ 6.989.081,10. Servidor Cedido (caráter informativo, pago diretamente pelo GGP/SES): R$ 1.912.273,17/mês estimado. Total de pagamentos no período jan-ago/2025: R$ 54.700.826,29. Total de investimentos repassados no período: R$ 1.394.209,57. Documento assinado por Ludmilla Costa Xavier, Gestora de Contrato, em 16/10/2025.",IPGSE,Instituto de Planejamento e Gestão de Serviços Especializados - IPGSE (CNPJ: 18.176.322/0001-51),Secretaria de Estado da Saúde – SES/GO (CNPJ: 02.529.964/0001-57),Secretaria de Estado da Saúde – SES/GO,1,0,0,outro,,6989081.1,,2027-08-29,2024-09-01,36,False
2025,C:\OSS-Goias\documentos\IPGSE\HERSO\2025\05_Contrato_Gestao_Aditivos\execucao-orcamentaria-julho-12-11-2025-fb86790b10.pdf,execucao-orcamentaria-julho-12-11-2025-fb86790b10,,2024-08-30,Tesouro Estadual,HERSO,0,0,1,101/2024,"Relatório Resumido da Execução Orçamentária e Financeira por Contrato de Gestão referente ao Hospital Estadual de Santa Helena de Goiás Dr. Albanir Faleiros Machado - HERSO, gerido pelo IPGSE, período janeiro a julho/2025, sob o Termo de Colaboração nº 101/2024-SES e 1º Termo Aditivo.","1º Termo Aditivo vigência 21/03/2025 a 30/08/2027, acrescendo R$ 891.098,26/mês ao custeio. Valor mensal estimado total (custeio + aditivo): R$ 6.989.081,10. Servidor Cedido: R$ 1.912.273,17/mês (caráter informativo, pago diretamente pelo GGP/SES). Total de investimentos pagos no período jan-jul/2025: R$ 915.101,65. Total geral de pagamentos no período: R$ 47.032.637,27. Glosas totais: R$ 606.390,09. Documento SEI nº 78743977, processo nº 202300010061685.",IPGSE,Instituto de Planejamento e Gestão de Serviços Especializados - IPGSE,Secretaria de Estado da Saúde - SES/GO,Secretaria de Estado da Saúde - SES/GO,2,0,0,outro,,6097982.84,,2027-08-29,2024-09-01,36,False
2025,C:\OSS-Goias\documentos\Albert Einstein\HUGO\2025\05_Contrato_Gestao_Aditivos\Execucao-orcamentaria-mensal-e-acumulada-do-ano-novembro-2025.xlsx,Execucao-orcamentaria-mensal-e-acumulada-do-ano-novembro-2025,,,Tesouro Estadual,HUGO,0,0,,97/2024,"Relatório Resumido da Execução Orçamentária e Financeira por Contrato de Gestão - Termo de Colaboração nº 97/2024 - SES, referente à gestão do Hospital de Urgências de Goiás Dr. Valdemiro Cruz - HUGO, período Janeiro a Novembro/2025","Previsão de repasse mensal de custeio original: R$ 18.606.456,07. 1º Termo Aditivo - 1ª Fase: Custeio R$ 25.051.562,75; 2ª Fase R$ 25.594.867,92. Total empenhado no período (custeio): R$ 299.266.929,02. Total empenhado investimentos: R$ 31.627.610,29. Total liquidado custeio: R$ 247.879.177,25. Total pago custeio: R$ 271.615.600,35. Total pago investimentos: R$ 28.774.947,77. Total de pagamentos no período: R$ 299.680.523,67. Total de investimentos repassados (detalhamento): R$ 25.161.392,57. Glosas totais: R$ 4.998.056,20. Processo SEI nº 202400010023416. DEA (7º Apostilamento SEI nº 69624336): Piso Nacional de Enfermagem - referência dezembro/24.",Albert Einstein,Sociedade Beneficente Israelita Brasileira - Hospital Albert Einstein (CNPJ: 60.765.823/0001-30),Secretaria de Estado da Saúde – SES/GO (CNPJ: 02.529.964/0001-57),Secretaria de Estado da Saúde – SES/GO,7,0,7,outro,,18606456.07,300167124.17,2025-08-07,2024-08-07,12,False
2025,C:\OSS-Goias\documentos\IPGSE\HERSO\2025\05_Contrato_Gestao_Aditivos\extrato-termo-de-colaboracao-101-2024-ses-07-07-2025-040fc01d29.pdf,extrato-termo-de-colaboracao-101-2024-ses-07-07-2025-040fc01d29,,2024-08-30,2850.10.302.1043.2516.03.15000100.50 e 2850.10.302.1043.2516.03.16000232.50,HERSO,0,0,,101/2024-SES/GO,"Gerenciamento, operacionalização e execução das ações e serviços de saúde, em regime de 24 horas/dia, no Hospital Estadual de Santa Helena de Goiás Dr. Albanir Faleiros Machado - HERSO, localizado na Av. Uirapuru, s/n - Parque Res. Isaura, Santa Helena de Goiás - GO.","Processo nº 202300010023436. Signatários: Rasível dos Reis Santos Júnior - Secretário de Estado da Saúde; Aluísio Parmezani Pancrácio - IPGSE. Protocolo 484449. A vigência de 36 meses é contada a partir da publicação do extrato no DOE (30/08/2024), portanto data fim aproximada seria 30/08/2027.",IPGSE,Instituto de Planejamento e Gestão de Serviços Especializados - IPGSE,Estado de Goiás - Secretaria de Estado da Saúde,Secretaria de Estado da Saúde - SES,0,0,0,contrato_gestao_inicial,,,219527382.24,,2024-08-30,36,False
2025,C:\OSS-Goias\documentos\ISG\HDT\2025\05_Contrato_Gestao_Aditivos\HDT-Contrato-de-Gestao-no-091-2012-SES-GO-ago-25.xlsx,HDT-Contrato-de-Gestao-no-091-2012-SES-GO-ago-25,,,Tesouro Estadual,HDT,0,0,17,091/2012-SES/GO,"Gestão do Hospital Estadual de Doenças Tropicais Dr. Anuar Auad – HDT, com repasse de recursos para custeio e residência médica, conforme 17º Termo Aditivo ao Contrato de Gestão nº 091/2012-SES/GO","Relatório Resumido da Execução Orçamentária e Financeira referente ao período janeiro a agosto/2025. Contrato de Gestão nº 091/2012-SES/GO com 17º Termo Aditivo (SEI nº 76123695) vigência 24/06/2025 a 24/06/2027. Há também 8º Apostilamento (SEI nº 71381182) Ref. 01/2025, 9º Apostilamento Ref. 02/2025 (SEI nº 72189225) e 10º Apostilamento em curso. Valor mensal estimado 17º TA – Custeio: R$ 8.717.100,95; Residência (Gratificação e despesa de custeio diverso): R$ 66.393,50. Total estimado Jan-Ago/2025: R$ 80.269.174,48. Total empenhado custeio: R$ 103.103.422,31; investimentos: R$ 164.430,00. Total pago custeio: R$ 67.096.662,96. Investimento registrado: aquisição de 245 cadeiras de trabalho e 16 cadeiras giratórias (Processo 202400010075997), valor R$ 164.430,00. Pagamentos de DEA incluem Piso Nacional de Enfermagem referência dez/24 (R$ 180.223,62) e repasses de custeio e residência de exercício anterior.",ISG,Instituto Sócrates Guanaes – ISG (CNPJ: 03.969.808/0003-31),Secretaria de Estado da Saúde – SES/GO (CNPJ: 02.529.964/0001-57),Secretaria de Estado da Saúde – SES/GO,1,0,2,termo_aditivo,,8783494.45,,2027-06-24,2025-06-24,24,False
2025,C:\OSS-Goias\documentos\ISG\HDT\2025\05_Contrato_Gestao_Aditivos\HDT-Contrato-de-Gestao-no-091-2012-SES-GO-JUL-25.xlsx,HDT-Contrato-de-Gestao-no-091-2012-SES-GO-JUL-25,,,Tesouro Estadual,HDT,0,0,17,091/2012-SES/GO,"Gestão do Hospital Estadual de Doenças Tropicais Dr. Anuar Auad – HDT, com repasse mensal de custeio de R$ 8.717.100,95 e Residência (Gratificação e Despesa de custeio diverso) de R$ 66.393,50, conforme 17º Termo Aditivo (SEI nº 76123695)","Relatório Resumido da Execução Orçamentária e Financeira referente ao período janeiro a julho/2025. Contrato de Gestão nº 091/2012-SES/GO com 17º Termo Aditivo (SEI nº 76123695), 8º Apostilamento (SEI nº 71381182) Ref. 01/2025, 9º Apostilamento Ref. 02/2025 (SEI nº 72189225) e 10º Apostilamento. Vigência original: 28/06/2012 a 24/06/2025; 17º TA: 24/06/2025 a 24/06/2027. Total empenhado no período: R$ 85.607.956,79 (custeio) + R$ 164.430,00 (investimentos). Total pago no período: R$ 58.536.788,69. Investimento registrado: aquisição de 245 cadeiras de trabalho e 16 cadeiras giratórias (R$ 164.430,00). Valor mensal estimado composto por: Custeio (R$ 8.717.100,95) + Gratificação COREME (R$ 13.297,68) + outras gratificações + Servidor Cedido (~R$ 1.477.312,45) + Bolsa Residência + Apostilamentos.",ISG,Instituto Sócrates Guanaes – ISG (CNPJ: 03.969.808/0003-31),Secretaria de Estado da Saúde – SES/GO (CNPJ: 02.529.964/0001-57),Secretaria de Estado da Saúde – SES/GO,1,3,4,termo_aditivo,,8783494.45,,2027-06-24,2025-06-24,24,False
2025,C:\OSS-Goias\documentos\ISG\HDT\2025\05_Contrato_Gestao_Aditivos\HDT-JAN-AGO-2025-1.pdf,HDT-JAN-AGO-2025-1,,,Tesouro Estadual,HDT,0,0,17,091/2012-SES/GO,"Relatório Resumido da Execução Orçamentária e Financeira por Contrato de Gestão referente ao período de Janeiro a Agosto/2025 do Hospital Estadual de Doenças Tropicais Dr. Anuar Auad - HDT, gerido pelo Instituto Sócrates Guanaes - ISG.","Relatório de Execução nº 544/2025 SES/CGC/SUPECC-19837. Período: Janeiro a Agosto/2025. Vigência do Contrato de Gestão 091/2012-SES/GO: 28/06/2012 a 24/06/2028. 17º Termo Aditivo vigência: 24/06/2025 a 24/06/2028 (36 meses). Repasse mensal 17º TA: Custeio R$8.717.100,95 + Residência (Gratificação e Despesa de custeio diverso) R$66.393,50. Total pago no período (custeio): R$67.735.908,99. Investimento repassado: R$164.430,00 (aquisição de 245 cadeiras de trabalho e 16 cadeiras giratórias). Apostilamentos: 8º ao 15º Apostilamento referentes a 01/2025 a 08/2025. Servidores Cedidos pagos diretamente pelo GGP da SES/GO (caráter informativo). DEA: Piso Nacional de Enfermagem ref. dez/2024 R$180.223,62; Custeio ref. dez/2024 R$78.499,19; Residência ref. dez/2024 R$10.460,80.",ISG,"INSTITUTO SÓCRATES GUANAES - ISG, CNPJ: 03.969.808/0001-70","SECRETARIA DE ESTADO DA SAÚDE – SES/GO, CNPJ: 02.529.964/0001-57",SECRETARIA DE ESTADO DA SAÚDE – SES/GO,1,0,2,outro,,8717100.95,,2028-06-24,2012-06-28,36,False
2025,C:\OSS-Goias\documentos\ISG\HDT\2025\05_Contrato_Gestao_Aditivos\HDT-JAN-JUL-2025.pdf,HDT-JAN-JUL-2025,,,Tesouro Estadual,HDT,0,0,17,091/2012-SES/GO,"Relatório Resumido da Execução Orçamentária e Financeira por Contrato de Gestão referente ao período de Janeiro a Julho de 2025 do Hospital Estadual de Doenças Tropicais Dr. Anuar Auad - HDT, gerido pelo Instituto Sócrates Guanaes - ISG.","Relatório de Execução nº 430/2025 SES/CGC/SUPECC-19837. Contrato de Gestão nº 091/2012-SES/GO com 17º Termo Aditivo (vigência 24/06/2025 a 24/06/2028 - 36 meses) e múltiplos apostilamentos (8º ao 14º). Valor mensal estimado 17º TA Custeio: R$ 8.717.100,95; Residência (Gratificação e Despesa de custeio diverso): R$ 66.393,50. Total pago no período jan-jul/2025: R$ 58.536.788,69 (custeio) + R$ 164.430,00 (investimentos). Investimento: aquisição de 245 cadeiras de trabalho e 16 cadeiras giratórias (R$ 164.430,00, pago em 11/03/2025, processo 202400010075997). Servidores cedidos pagos diretamente pelo GGP da SES/GO. Glosas totais no período: R$ 725.088,61. Repasses de Restos a Pagar: R$ 202.344,18 (Dif. Custeio dez/2024) e R$ 3.288,24 (Dif. Residência dez/2024). DEA: 7º Apostilamento Piso Nacional de Enfermagem dez/2024 R$ 180.223,62; Custeio dez/2024 R$ 78.499,19; Residência dez/2024 R$ 10.460,80. Documento assinado por Ludmilla Costa Xavier (Gestor de Contrato) em 04/09/2025 e Wagner Assis Rodrigues (Superintendente) em 15/10/2025.",ISG,Instituto Sócrates Guanaes - ISG (CNPJ: 03.969.808/0001-70),Secretaria de Estado da Saúde – SES/GO (CNPJ: 02.529.964/0001-57),Secretaria de Estado da Saúde – SES/GO,2,0,2,outro,,8717100.95,,2028-06-24,2012-06-28,36,False
2025,C:\OSS-Goias\documentos\IPGSE\HERSO\2025\05_Contrato_Gestao_Aditivos\herso-contrato-101-setembro-2024-28-07-2025-6a0bfc5105.pdf,herso-contrato-101-setembro-2024-28-07-2025-6a0bfc5105,,,,HERSO,0,0,,101/2024,"Relatório Resumido da Execução Orçamentária e Financeira do Contrato de Gestão (Termo de Colaboração nº 101/2024 - SES) referente ao período de janeiro a setembro de 2024, para gestão do Hospital Estadual de Santa Helena de Goiás Dr. Albanir Faleiros Machado - HERSO.","Documento é um Relatório de Execução nº 493/2024 (SES/DIPPAG-06381), não um contrato ou aditivo. Refere-se ao 3º Termo Aditivo do Contrato de Gestão nº 88/2022 (renumerado como Termo de Colaboração nº 101/2024). Total empenhado no período: R$ 44.339.881,60 (custeio). Total pago no período: R$ 25.458.727,25 (custeio) e R$ 226.510,00 (investimentos). Investimentos repassados em setembro/2024: R$ 226.510,00 (aquisição de seladora, ventiladores pulmonares, mesas para refeição e macas fixas). Também foram realizados pagamentos referentes ao Piso Nacional de Enfermagem (PNE) de outubro, novembro e 13º de 2023 no valor total de R$ 15.203,24. Processo nº 202300010023436.",IPGSE,Instituto de Planejamento e Gestão de Serviços Especializados - IPGSE (CNPJ: 18.176.322/0002-32),Secretaria de Estado da Saúde – SES/GO (CNPJ: 02.529.964/0001-57),Secretaria de Estado da Saúde – SES/GO,3,0,0,outro,,6097982.84,,2027-08-29,2024-09-01,,False
2025,C:\OSS-Goias\documentos\IPGSE\HERSO\2025\05_Contrato_Gestao_Aditivos\herso-jan-a-abr-2025-ipgse-17-10-2025-99e4a6b662.pdf,herso-jan-a-abr-2025-ipgse-17-10-2025-99e4a6b662,,,Tesouro Estadual (Fonte 1500),HERSO,0,0,,101/2024,"Relatório Resumido da Execução Orçamentária e Financeira por Contrato de Gestão - Termo de Colaboração nº 101/2024 - SES, referente ao Hospital Estadual de Santa Helena de Goiás Dr. Albanir Faleiros Machado - HERSO, período janeiro a abril/2025","Relatório de Execução nº 267/2025 SES/CGC/SUPECC-19837. Valor Estimado no Contrato de Gestão = Custeio (R$ 6.097.982,84) + Servidor Cedido (R$ 1.912.273,17). Total mensal estimado R$ 8.010.256,01. 1º Termo Aditivo (73343754) com início em 21/03/2025 e término em 30/08/2027, aguardando publicação, mantendo o mesmo valor de custeio mensal. Investimentos repassados em março/2025 totalizaram R$ 490.708,97. Total de pagamentos no período jan-abr/2025: R$ 30.677.243,21. Servidores cedidos pagos diretamente pelo GGP da SES/GO. Referência: Processo nº 202300010061685 SEI 76767239.",IPGSE,Instituto de Planejamento e Gestão de Serviços Especializados - IPGSE (CNPJ: 18.176.322/0001-51),Secretaria de Estado da Saúde – SES/GO (CNPJ: 02.529.964/0001-57),Secretaria de Estado da Saúde – SES/GO,4,0,0,outro,,6097982.84,,2027-08-29,2024-09-01,36,False
2025,C:\OSS-Goias\documentos\IPGSE\HERSO\2025\05_Contrato_Gestao_Aditivos\herso-jan-a-jun-2025-ipgse-1-18-09-2025-24368ae8a0.pdf,herso-jan-a-jun-2025-ipgse-1-18-09-2025-24368ae8a0,,2024-08-30,Tesouro Estadual,HERSO,0,0,1,101/2024,"Relatório Resumido da Execução Orçamentária e Financeira do Termo de Colaboração nº 101/2024-SES referente ao Hospital Estadual de Santa Helena de Goiás Dr. Albanir Faleiros Machado - HERSO, período janeiro a junho/2025","Relatório de Execução nº 366/2025 SES/CGC/SUPECC-19837. Período jan a jun/2025. Previsão de repasse mensal custeio original: R$ 6.097.982,84. 1º Termo Aditivo (73343754) acresce R$ 891.098,26/mês, vigência 21/03/2025 a 30/08/2027. Valor estimado total custeio 01 a 06/2025: R$ 39.558.224,57. Valor total pago custeio 01 a 06/2025: R$ 39.278.224,57. Glosas aplicadas para ajuste posterior 01 a 06/2025: R$ 280.000,00. Investimentos repassados no período: R$ 538.358,25. Servidores cedidos pagos diretamente pelo GGP/SES/GO (caráter informativo). Processo SEI nº 202300010061685, SEI 78212666.",IPGSE,Instituto de Planejamento e Gestão de Serviços Especializados - IPGSE,Secretaria de Estado da Saúde – SES/GO,Secretaria de Estado da Saúde – SES/GO,2,0,0,outro,,6097982.84,,2027-08-29,2024-09-01,36,False
2025,C:\OSS-Goias\documentos\IPGSE\HERSO\2025\05_Contrato_Gestao_Aditivos\herso-jan-a-mai-2025-ipgse-17-10-2025-fac49e7c75.pdf,herso-jan-a-mai-2025-ipgse-17-10-2025-fac49e7c75,,2024-08-30,Tesouro Estadual (Fonte 1500 / 15000100),HERSO,0,0,1,101/2024,"Relatório Resumido da Execução Orçamentária e Financeira do Termo de Colaboração nº 101/2024-SES referente à gestão do Hospital Estadual de Santa Helena de Goiás Dr. Albanir Faleiros Machado - HERSO, período janeiro a maio/2025","Relatório de Execução nº 312/2025 SES/CGC/SUPECC-19837. Período: janeiro a maio/2025. Valor Mensal Estimado no Contrato de Gestão: Custeio R$6.097.982,84 + R$891.098,26 (1º Termo Aditivo, vigência 21/03/2025 a 30/08/2027) + Servidor Cedido R$1.912.273,17. Total estimado: R$8.901.354,27 (a partir de mar/25). Total empenhado no período: R$81.492.711,17; total liquidado: R$36.307.897,04; total pago: R$31.111.700,10. Investimentos repassados no período: R$525.165,86 (equipamentos e obras diversas para o HERSO). Anulação de empenho 2025.2850.068.00061.001 em 25/04/2025: R$5.346.589,56. Servidor Cedido pago diretamente pelo GGP/SES/GO.",IPGSE,INSTITUTO DE PLANEJAMENTO E GESTÃO DE SERVIÇOS ESPECIALIZADOS - IPGSE (CNPJ: 18.176.322/0001-51),SECRETARIA DE ESTADO DA SAÚDE – SES/GO (CNPJ: 02.529.964/0001-57),SECRETARIA DE ESTADO DA SAÚDE – SES/GO,1,0,0,outro,,6097982.84,,2027-08-29,2024-09-01,36,False
2025,C:\OSS-Goias\documentos\IPGSE\HERSO\2025\05_Contrato_Gestao_Aditivos\herso-jan-a-mar-2025-17-10-2025-dffaf83699.pdf,herso-jan-a-mar-2025-17-10-2025-dffaf83699,,2024-08-30,Tesouro Estadual,HERSO,0,0,,101/2024,"Relatório Resumido da Execução Orçamentária e Financeira por Contrato de Gestão referente aos meses de janeiro a março de 2025 do Hospital Estadual de Santa Helena de Goiás Dr. Albanir Faleiros Machado - HERSO, gerido pelo IPGSE sob o Termo de Colaboração nº 101/2024-SES.","Relatório de Execução nº 148/2025 SES/CGC/SUPECC-19837. Valor Estimado no Contrato de Gestão: Custeio (R$ 6.097.982,84) + Servidor Cedido (R$ 1.912.273,17). Total mensal estimado: R$ 8.010.256,01. Total de pagamentos no período (jan-mar/2025): R$ 24.336.529,63. Investimentos no período totalizaram R$ 490.708,97 referentes a aquisições de equipamentos (centrífugas, lavadoras, microscópio, gerador, mobiliário, etc.) e obra de fachada. Servidores Cedidos pagos diretamente pelo GGP da SES/GO (jan/25: R$ 2.190.664,02; fev/25: R$ 2.171.551,72; mar/25: R$ 2.231.419,48). Processo nº 202300010061685.",IPGSE,INSTITUTO DE PLANEJAMENTO E GESTÃO DE SERVIÇOS ESPECIALIZADOS - IPGSE (CNPJ: 18.176.322/0001-51),SECRETARIA DE ESTADO DA SAÚDE – SES/GO (CNPJ: 02.529.964/0001-57),Secretaria de Estado da Saúde de Goiás - SES/GO,3,0,0,outro,,6097982.84,,2027-08-29,2024-09-01,36,False
2025,C:\OSS-Goias\documentos\IPGSE\HERSO\2025\05_Contrato_Gestao_Aditivos\herso-novembro-2024-28-07-2025-050a233590.pdf,herso-novembro-2024-28-07-2025-050a233590,,,Tesouro Estadual,HERSO,0,0,3,101/2024,"Relatório Resumido da Execução Orçamentária e Financeira do Contrato de Gestão (Termo de Colaboração nº 101/2024 - SES) referente ao período de janeiro a novembro de 2024, para gestão do Hospital Estadual de Santa Helena de Goiás Dr. Albanir Faleiros Machado - HERSO.","Relatório de Execução nº 579/2024 SES/DIPPAG-06381. Total de pagamentos no período: R$ 19.008.482,67 (custeio) + R$ 682.546,52 (investimentos). Total de glosas aplicadas: R$ 236.898,36. Investimentos repassados no período jan-nov/2024: R$ 682.546,52, incluindo aquisição de equipamentos médicos e mobiliário hospitalar. Processo nº 202300010023436. Documento assinado em 07-08/01/2025.",IPGSE,Instituto de Planejamento e Gestão de Serviços Especializados - IPGSE (CNPJ: 18.176.322/0002-32),Secretaria de Estado da Saúde – SES/GO (CNPJ: 02.529.964/0001-57),Secretaria de Estado da Saúde – SES/GO,3,0,0,outro,,6097982.84,,2027-08-29,2024-09-01,36,False
2025,C:\OSS-Goias\documentos\IPGSE\HERSO\2025\05_Contrato_Gestao_Aditivos\herso-termo-de-colaboracao-no-101-2024-nbspses-28-07-2025-27041e2450.pdf,herso-termo-de-colaboracao-no-101-2024-nbspses-28-07-2025-27041e2450,,2024-08-30,Tesouro Estadual,HERSO,0,0,,101/2024,"Relatório Resumido da Execução Orçamentária e Financeira por Contrato de Gestão referente ao mês de janeiro/2025 do Hospital Estadual de Santa Helena de Goiás Dr. Albanir Faleiros Machado - HERSO, gerido pelo IPGSE, conforme Termo de Colaboração nº 101/2024 - SES.","Relatório de Execução nº 46/2025 - SES/CGC/SUPECC-19837. Valor Estimado no Contrato de Gestão: R$ 8.010.256,01 (Custeio R$ 6.097.982,84 + Servidor Cedido R$ 1.912.273,17). Empenhado no mês: R$ 39.819.025,68. Liquidado no mês: R$ 11.595.965,68. Glosa aplicada: R$ 350.000,00 (valor provisionado para ajuste posterior, natureza 3.3.50.85.02, processo 202300010023436). Montante pago no mês (jan/2025): R$ 5.747.982,84 (custeio). Total de pagamentos no mês: R$ 5.747.982,84. Servidor Cedido - Referência janeiro/2025: R$ 2.190.664,02. Processo SEI nº 202300010061685. Documento assinado por Ludmilla Costa Xavier (Gestor de Contrato) em 13/03/2025 e Wagner Assis Rodrigues (Superintendente) em 14/03/2025.",IPGSE,INSTITUTO DE PLANEJAMENTO E GESTÃO DE SERVIÇOS ESPECIALIZADOS - IPGSE - CNPJ: 18.176.322/0002-32,SECRETARIA DE ESTADO DA SAÚDE – SES/GO - CNPJ: 02.529.964/0001-57,Secretaria de Estado da Saúde - SES/GO,0,0,0,outro,,6097982.84,,2027-08-29,2024-09-01,36,False
2025,C:\OSS-Goias\documentos\IPGSE\HERSO\2025\05_Contrato_Gestao_Aditivos\herso-termo-de-colaboracao-no-101-2024-nbspses-xlsx-fev-28-07-2025-b7edd9a0b0.pdf,herso-termo-de-colaboracao-no-101-2024-nbspses-xlsx-fev-28-07-2025-b7edd9a0b0,,2024-08-30,Tesouro Estadual,HERSO,0,0,,101/2024,"Relatório Resumido da Execução Orçamentária e Financeira por Contrato de Gestão - Termo de Colaboração nº 101/2024 - SES, referente ao Hospital Estadual de Santa Helena de Goiás Dr. Albanir Faleiros Machado (HERSO), meses de janeiro e fevereiro/2025.","Valor Estimado no Contrato de Gestão = Custeio (R$ 6.097.982,84) + Servidor Cedido (R$ 1.912.273,17). Total estimado mensal: R$ 8.010.256,01. Glosas aplicadas: R$ 350.000,00 (jan/25) e R$ 250.000,00 (fev/25), totalizando R$ 600.000,00, provisionadas para ajuste posterior. Pagamentos restos a pagar referentes a dezembro/2024: R$ 13.086,19 (Fundo Rescisório) e R$ 163.533,85 (Dif. Custeio). Servidores cedidos pagos diretamente pelo GGP da SES/GO: jan/25 R$ 2.190.664,02; fev/25 R$ 2.171.551,72. Total de pagamentos no período: R$ 17.670.568,56. Documento assinado por Ludmilla Costa Xavier (Gestora de Contrato) e Wagner Assis Rodrigues (Superintendente) em 10/04/2025. Processo SEI nº 202300010061685.",IPGSE,INSTITUTO DE PLANEJAMENTO E GESTÃO DE SERVIÇOS ESPECIALIZADOS - IPGSE (CNPJ: 18.176.322/0001-51),SECRETARIA DE ESTADO DA SAÚDE – SES/GO (CNPJ: 02.529.964/0001-57),SECRETARIA DE ESTADO DA SAÚDE – SES/GO,0,0,0,outro,,6097982.84,,2027-08-29,2024-09-01,36,False
2025,C:\OSS-Goias\documentos\Albert Einstein\HUGO\2025\05_Contrato_Gestao_Aditivos\HUGO-JAN-A-ABR-2025.pdf,HUGO-JAN-A-ABR-2025,,,Tesouro Estadual,HUGO,0,0,,97/2024,"Relatório Resumido da Execução Orçamentária e Financeira por Contrato de Gestão referente ao período de Janeiro a Abril de 2025 do Hospital de Urgências de Goiás Dr. Valdemiro Cruz - HUGO, gerido pela Sociedade Beneficente Israelita - Hospital Albert Einstein, sob o Termo de Colaboração nº 97/2024-SES.","Relatório de Execução nº 271/2025 SES/CGC/SUPECC-19837. Período: Janeiro a Abril de 2025. Valor total estimado no contrato de gestão (4 meses): R$ 98.239.323,17. Valor mensal estimado custeio (4 meses): R$ 86.362.184,79. Total empenhado: R$ 244.950.805,63. Total liquidado: R$ 170.087.082,42. Total pago: R$ 128.602.935,72. Glosas totais: R$ 800.000,00. Investimentos repassados no período de fevereiro/2025: R$ 16.681.158,79 (equipamentos e obras diversas). Valor estimado inclui: Custeio (R$ 21.322.433,06) + Residência Médica (R$ 254.301,53) + Servidor Cedido (R$ 2.922.475,15) + Apostilamentos mensais. Processo nº 202300010023416. Documento assinado por Lisandra Marya Gusmao (Gestora de Contrato) em 01/08/2025, Wagner Assis Rodrigues (Superintendente) em 11/09/2025 e Thalles Paulino de Avila (Superintendente) em 15/09/2025.",Sociedade Beneficente Israelita - Hospital Albert Einstein,Sociedade Beneficente Israelita - Hospital Albert Einstein (Matriz: 60.765.823/0001-30 / Filial Goiânia: 60.765.823/0090-05),Secretaria de Estado da Saúde – SES/GO (CNPJ: 02.529.964/0001-57),Secretaria de Estado da Saúde – SES/GO,1,0,0,outro,,21322433.06,,2027-08-07,2024-08-07,36,False
2025,C:\OSS-Goias\documentos\Albert Einstein\HUGO\2025\05_Contrato_Gestao_Aditivos\HUGO-JAN-A-FEV-2025.pdf,HUGO-JAN-A-FEV-2025,,,Tesouro Estadual,HUGO,0,0,,97/2024,Relatório Resumido da Execução Orçamentária e Financeira por Contrato de Gestão referente ao período de Janeiro/Fevereiro/Março de 2025 - Termo de Colaboração nº 97/2024 - Hospital de Urgências de Goiás Dr. Valdemiro Cruz - HUGO,"Relatório de Execução nº 170/2025 SES/CGC/SUPECC-19837. Valor estimado no contrato inclui: Custeio (R$ 21.322.433,06) + Residência Médica (R$ 254.301,53) + Servidor Cedido (R$ 2.922.475,15) + Apostilamento. Total empenhado no período: R$ 139.908.818,08. Total pago no período: R$ 84.728.318,16. Demonstrativo de investimentos repassados em fevereiro/2025 inclui aquisição de equipamentos hospitalares diversos (tomógrafo por impedância elétrica, sistemas de videoendoscopia, equipamentos de cozinha, carros maca, microscópios cirúrgicos, ventilômetros, videolaringoscópios, entre outros). Documento assinado eletronicamente por Lisandra Marya Gusmao (Gestor de Contrato) em 24/06/2025, Wagner Assis Rodrigues (Superintendente) em 02/07/2025 e Thalles Paulino de Avila (Superintendente) em 19/09/2025.",Sociedade Beneficente Israelita - Hospital Albert Einstein,Sociedade Beneficente Israelita - Hospital Albert Einstein (Matriz: 60.765.823/0001-30 - Filial Goiânia: 60.765.823/0090-05),Secretaria de Estado da Saúde de Goiás - SES/GO (CNPJ: 02.529.964/0001-57),Secretaria de Estado da Saúde de Goiás - SES/GO,1,0,0,outro,,21322433.06,,2027-08-07,2024-08-07,36,False
2025,C:\OSS-Goias\documentos\Albert Einstein\HUGO\2025\05_Contrato_Gestao_Aditivos\HUGO-JAN-A-MAI-2025.pdf,HUGO-JAN-A-MAI-2025,,,Tesouro Estadual,HUGO,0,0,,97/2024,"Relatório Resumido da Execução Orçamentária e Financeira do Termo de Colaboração nº 97/2024 referente ao Hospital de Urgências de Goiás Dr. Valdemiro Cruz (HUGO), período de Janeiro a Maio/2025","Relatório de Execução nº 347/2025 SES/CGC/SUPECC-19837. Previsão de repasse mensal custeio original: R$ 18.606.456,07. Após 1º Termo Aditivo - 1ª Fase: custeio R$ 25.051.562,75. Total empenhado no período jan-mai/2025 (custeio): R$ 111.850.593,34. Total empenhado investimentos: R$ 22.335.840,17. Total liquidado custeio: R$ 277.592.629,67. Total de pagamentos no período: R$ 131.355.751,55. Investimentos repassados no período jan-mai/2025: R$ 18.544.564,97. Inclui repasses adicionais para ressarcimentos, mandados judiciais, regularização de despesas, encontro de contas. Servidor cedido, bolsa de residência médica e gratificação de servidores estatutários apresentados em caráter informativo conforme Despacho 2688/2024/SES/SUPECC. Processo SEI nº 202300010061685, SEI 78115240.",Hospital Albert Einstein (Sociedade Beneficente Israelita Brasileira),Sociedade Beneficente Israelita Brasileira - Hospital Albert Einstein,Secretaria de Estado da Saúde de Goiás – SES/GO,Secretaria de Estado da Saúde de Goiás – SES/GO,1,0,0,outro,,18606456.07,,2025-08-07,2024-08-07,12,False
2025,C:\OSS-Goias\documentos\Albert Einstein\HUGO\2025\05_Contrato_Gestao_Aditivos\HUGO-JAN-A-MAR-2025.pdf,HUGO-JAN-A-MAR-2025,,,Tesouro Estadual,HUGO,0,0,,97/2024,"Relatório Resumido da Execução Orçamentária e Financeira por Contrato de Gestão referente ao período de Janeiro/Fevereiro/Março de 2025 do Hospital de Urgências de Goiás Dr. Valdemiro Cruz - HUGO, sob Termo de Colaboração nº 97/2024 - SES","Relatório de Execução nº 170/2025 SES/CGC/SUPECC-19837. Previsão de repasse mensal de custeio: R$ 21.322.433,06. Valor estimado no contrato inclui: Custeio (R$ 21.322.433,06) + Residência Médica (R$ 254.301,53) + Servidor Cedido (R$ 2.922.475,15) + Apostilamento. Total de pagamentos no período: R$ 84.728.318,16. Foram realizados repasses de investimentos em fevereiro/2025 para aquisição de equipamentos hospitalares (tomógrafo, sistemas de videoendoscopia, equipamentos de cozinha, macacas, microscópios cirúrgicos, ventilômetros, videolaringoscópios, entre outros). Processo nº 202300010023416. Documento assinado eletronicamente por Lisandra Marya Gusmao (Gestora de Contrato) em 24/06/2025, Wagner Assis Rodrigues (Superintendente) em 02/07/2025 e Thalles Paulino de Avila (Superintendente) em 19/09/2025.",Sociedade Beneficente Israelita - Hospital Albert Einstein,Sociedade Beneficente Israelita - Hospital Albert Einstein (Matriz: 60.765.823/0001-30 - Filial Goiânia: 60.765.823/0090-05),Secretaria de Estado da Saúde – SES/GO (CNPJ: 02.529.964/0001-57),Secretaria de Estado da Saúde – SES/GO,1,0,0,outro,,21322433.06,,2027-08-07,2024-08-07,36,False
2025,C:\OSS-Goias\documentos\AGIR\HUGOL\2025\05_Contrato_Gestao_Aditivos\HUGOL.pdf,HUGOL,2025-05-24,2025-05-29,Assistência financeira complementar da União / Tesouro Estadual - Dotação orçamentária 2850.10.302.1043.2516.03.16050001.50,HUGOL,0,0,14,003/2014-SES/GO,"Repasse financeiro referente assistência financeira complementar da União para cumprimento do piso salarial nacional de enfermeiros, técnicos e auxiliares de enfermagem e parteiras no contexto das unidades de saúde geridas por organizações sociais de saúde ou fundações (Piso de Enfermagem)","14º Apostilamento ao Contrato de Gestão nº 003/2014-SES/GO. Parcela única de R$ 829.973,43 referente ao Piso de Enfermagem (Portaria GM/MS nº 6.893/2025). Nota de Empenho nº 00112 (74724933). Processo Administrativo nº 202500010026630, vinculado ao nº 201400010001769. Documento assinado eletronicamente por Rasivel dos Reis Santos Junior, Secretário de Estado, em 24/05/2025. Permanecem inalteradas as demais cláusulas do contrato original, seus aditivos e apostilas.",AGIR,"Associação de Gestão, Inovação e Resultados em Saúde - AGIR",Estado de Goiás - Secretaria de Estado da Saúde,Secretaria de Estado da Saúde de Goiás,0,0,0,termo_apostilamento,,,829973.43,,,,False
2025,C:\OSS-Goias\documentos\AGIR\HUGOL\2025\05_Contrato_Gestao_Aditivos\ilovepdf_merged (4).pdf,ilovepdf_merged (4),2025-04-29,2025-04-30,Assistência financeira complementar da União (Portaria GM/MS nº 6.807/2025) / Tesouro Estadual,HUGOL,0,0,13,003/2014-SES/GO,"Repasse financeiro referente à assistência financeira complementar da União para cumprimento do piso salarial nacional de enfermeiros, técnicos e auxiliares de enfermagem e parteiras (Piso de Enfermagem), no valor de 1 (uma) parcela de R$ 746.328,87","13º Apostilamento ao Contrato de Gestão nº 003/2014-SES/GO. Fundamento: Parecer Jurídico nº 717/2023-SES/PROCSET, Portaria GM/MS nº 6.807/2025, Despacho nº 574/2025-SES/GEMOD, Requisição de Despesa nº 136/2025-SES/GEMOD. Nota de Empenho nº 00097 (73510553), dotação orçamentária 2850.10.302.1043.2516.03.16050001.50. Processo Administrativo nº 202500010019985, vinculado ao nº 201400010001769. Demais cláusulas do contrato original, aditivos e apostilas permanecem inalteradas.",AGIR,"Associação de Gestão, Inovação e Resultados em Saúde - AGIR","Estado de Goiás, por intermédio da Secretaria de Estado da Saúde",Secretaria de Estado da Saúde de Goiás - SES/GO,0,0,0,termo_apostilamento,,,746328.87,,,,False
2025,C:\OSS-Goias\documentos\Hospital de Amor\CORA\2025\05_Contrato_Gestao_Aditivos\Membros dos conselhos de administração e fiscal última alteração - Janeiro - 2025.pdf,Membros dos conselhos de administração e fiscal última alteração - Janeiro - 2025,2025-01-02,,,CORA,0,0,,,"Qualificação dos membros dos Conselhos de Curadores, Consultivo/Fiscal e Diretoria da Fundação Pio XII (Hospital Barretos), com indicação de mandatos e dados de identificação dos conselheiros e diretores, referente à última alteração de janeiro de 2025.","Documento interno da Fundação Pio XII listando os membros qualificados dos Conselhos de Curadores, Consultivo/Fiscal e Diretoria. Membros do Conselho de Curadores incluem: Henrique Duarte Prata (Presidente Vitalício), Scylla Duarte Prata (Conselheira Emérita), Dom Milton Kenan Junior (Bispo Diocesano - Membro Nato), Padre Constante Gualdi (Membro Nato), Padre Deusmar Jesus da Silva (Membro Nato), Enio Melo Rodrigues (Membro Nato), Roberto Arutim (Membro Nato), Dr. Raphael Luiz Haikel Junior (mandato 04/11/2021 a 04/11/2025), Padre Túlio Aparecido Gambarato (mandato 18/12/2024 a 19/12/2028), Dr. José Elias Abrão Miziara (mandato 18/12/2024 a 19/12/2028). Membros do Conselho Consultivo/Fiscal: Henrique Duarte Prata e Scylla Duarte Prata. Conselho Consultivo/Fiscal - Secretário: Dr. Hélio Rubens Pereira Navarro (mandato 04/05/2024 a 04/05/2028). Membros da Diretoria: Dr. Ricardo dos Reis (Secretário Geral, mandato 28/07/2023 a 28/07/2025), Dr. Vinicius de Lima Vazquez (Secretário Administrativo, mandato 28/07/2023 a 28/07/2025), Dr. Carlos Roberto dos Santos (Secretário Financeiro, mandato 28/07/2023 a 28/07/2025). Documento assinado em Barretos, 02 de janeiro de 2025, com reconhecimento de firma em 18/02/2025.",Hospital de Amor (Fundação Pio XII),Fundação Pio XII - Hospital de Amor,,,0,0,0,outro,,,,,,,False
2025,C:\OSS-Goias\documentos\Hospital de Amor\CORA\2025\05_Contrato_Gestao_Aditivos\Membros dos conselhos de administração e fiscal última alteração - Setembro - 2025.pdf,Membros dos conselhos de administração e fiscal última alteração - Setembro - 2025,2025-09-15,,,CORA,0,0,,,"Qualificação dos membros dos Conselhos de Curadores, Consultivo/Fiscal e Diretoria da Fundação Pio XII (Hospital de Amor), com última alteração em setembro de 2025.","Documento interno da Fundação Pio XII listando os membros dos Conselhos: Conselho de Curadores (Henrique Duarte Prata - Presidente Vitalício; Dom Milton Kenan Junior - Bispo Diocesano/Membro Nato; Padre Constante Gualdi - Membro Nato; Padre Deusmar Jesus da Silva - Membro Nato; Enio Melo Rodrigues - Membro Nato; Roberto Arutim - Membro Nato; Dr. Raphael Luiz Haikel Junior - Membro; Padre Túlio Aparecido Gambarato - Membro; Dr. José Elias Abrão Miziara - Membro; Sr. Mauro Dos Reis Faustino - Membro); Conselho Consultivo/Fiscal (Henrique Duarte Prata - Presidente Vitalício; Dr. Henrique Moraes Prata - Membro; Dr. Hélio Rubens Pereira Navarro - Secretário); Diretoria (Dr. Alexandre Oliveira Cecin - Secretário Geral; Dr. Maurício Wagner Souto Ferraz - Secretário Administrativo; Dr. Caio Augusto Dantas Pereira - Secretário Financeiro). Emitido em Barretos/SP, 15 de setembro de 2025.",Hospital de Amor,Fundação Pio XII - Hospital de Amor,,,0,0,0,outro,,,,,,,False
2025,C:\OSS-Goias\documentos\Hospital de Amor\CORA\2025\05_Contrato_Gestao_Aditivos\Organograma CORA - Novembro-2025.pdf,Organograma CORA - Novembro-2025,2025-11-13,,,CORA,0,0,,,"Organograma institucional do Complexo Oncológico de Referência do Estado de Goiás (CORA) referente ao mês de novembro de 2025, apresentando a estrutura organizacional com diretorias, gerências e setores.","Documento trata-se de um organograma institucional do CORA, edição 003/2025, mês 11/2025, assinado digitalmente por Rafael Leandro de Mendonça em 13/11/2025. Não contém cláusulas contratuais, valores ou metas. Gerência Administrativa e Logística estão em processo de contratação.",Hospital de Amor,Hospital de Amor,Estado de Goiás / SES - Secretaria de Estado da Saúde,SES - Secretaria de Estado da Saúde,0,0,32,outro,,,,,,,False
2025,C:\OSS-Goias\documentos\Hospital de Amor\CORA\2025\05_Contrato_Gestao_Aditivos\Organograma CORA - Setembro-2025.pdf,Organograma CORA - Setembro-2025,2025-09-09,,,CORA,0,0,,,"Organograma institucional do Complexo Oncológico de Referência do Estado de Goiás (CORA) referente ao mês de setembro de 2025 (Ed. 002/2025), apresentando a estrutura organizacional com diretorias, gerências e setores operacionais.","Documento é um organograma institucional (Ed. 002/2025, mês 09/2025) assinado digitalmente por Mario Jose Aguiar de Paula em 09/09/2025. Não contém cláusulas contratuais, valores ou metas. Alguns cargos estão 'Em processo de contratação': Gerência Administrativa, Almoxarifado, Patrimônio, Logística, Recreação, Ouvidoria.",Hospital de Amor,Hospital de Amor,Estado de Goiás / Secretaria de Estado da Saúde (SES),Secretaria de Estado da Saúde de Goiás (SES),0,0,48,outro,,,,,,,False
2025,C:\OSS-Goias\documentos\Hospital de Amor\CORA\2025\05_Contrato_Gestao_Aditivos\Organograma_CORA_Maio-2025.pdf,Organograma_CORA_Maio-2025,,,,CORA,0,0,,,"Organograma institucional do Complexo Oncológico de Referência do Estado de Goiás (CORA), edição 001/2025, mês 05/2025, representando a estrutura organizacional com Colegiado de Diretoria, Diretoria Geral e diretorias subordinadas (Administrativa, Ensino e Pesquisa, Engenharia e Infraestrutura, Técnica, Multidisciplinar e de Enfermagem).","Documento é exclusivamente um organograma institucional (Ed. 001/2025, Mês 05/2025), sem conteúdo contratual, valores, metas ou cláusulas jurídicas. Estrutura: Presidente > Complexo Oncológico CORA Colegiado de Diretoria > Diretoria Geral > diretorias funcionais.",Hospital de Amor,Hospital de Amor,,SES - Secretaria de Estado da Saúde,0,0,28,outro,,,,,,,False
2025,C:\OSS-Goias\documentos\Hospital de Amor\CORA\2025\05_Contrato_Gestao_Aditivos\Organograma_Fundacao_Pio_XII_Janeiro-2025.pdf,Organograma_Fundacao_Pio_XII_Janeiro-2025,,,,CORA,0,0,,,"Organograma institucional da Fundação Pio XII (Hospital de Amor) - estrutura organizacional geral com unidades de gestão, hospitais, diretorias e áreas administrativas. Documento interno de referência organizacional, não constitui contrato de gestão.","Documento é um organograma institucional da Fundação Pio XII (Hospital de Amor), revisão 11, datado de 22-01-2026. Não contém informações contratuais, valores, metas ou vigência. Fonte: Estatuto Social art. 06 ao 34.",Hospital de Amor,Fundação Pio XII - Hospital de Amor,,,0,0,20,outro,,,,,,,False
2025,C:\OSS-Goias\documentos\Hospital de Amor\CORA\2025\05_Contrato_Gestao_Aditivos\Organograma_Fundacao_Pio_XII_Marco-2025.pdf,Organograma_Fundacao_Pio_XII_Marco-2025,,,,CORA,0,0,,,Organograma institucional da Fundação Pio XII (Hospital de Amor) - estrutura organizacional geral vigente em março de 2025,"Documento é um organograma institucional da Fundação Pio XII (Hospital de Amor), revisão 10, datado de 19/03/2025. Não se trata de contrato de gestão ou termo aditivo. Apresenta estrutura hierárquica com Conselho de Curadores, Diretoria Executiva, unidades hospitalares e administrativas. Presidente: Henrique Prata. Diretor Executivo: Dr. Raphael Haikel Junior.",Hospital de Amor,Fundação Pio XII - Hospital de Amor,,,0,0,27,outro,,,,,,,False
2025,C:\OSS-Goias\documentos\Hospital de Amor\CORA\2025\05_Contrato_Gestao_Aditivos\Organograma_Fundacao_Pio_XII_Novembro-2025.pdf,Organograma_Fundacao_Pio_XII_Novembro-2025,,,,CORA,0,0,,,"Organograma institucional da Fundação Pio XII (Hospital de Amor) - estrutura organizacional geral com unidades de gestão, hospitais, diretorias e setores administrativos, revisão 11, datado de 18/11/2025.","Documento é um organograma institucional da Fundação Pio XII (Hospital de Amor), ORG 00 / REV 11, datado de 18-11-2025. Não se trata de contrato de gestão ou termo aditivo. Apresenta estrutura hierárquica com Conselho de Curadores presidido por Henrique Prata, Diretoria Executiva (Dra. Amanda Gonçalves e Dr. Raphael Haikel Junior), e diversas unidades de gestão incluindo H.A Goiânia (Rafael Mendonça). Arquivo localizado na pasta de Contratos de Gestão e Aditivos do hospital CORA, ano 2025.",Hospital de Amor,Fundação Pio XII (Hospital de Amor),,,0,0,20,outro,,,,,,,False
2025,C:\OSS-Goias\documentos\IMED\PFRE\2025\05_Contrato_Gestao_Aditivos\PUBLICACAO-DOE-FORMOSA.pdf,PUBLICACAO-DOE-FORMOSA,,2025-07-30,,PFRE,0,0,1,21/2025,"Modificação da forma de composição do Fundo de Provisão, mediante a alteração da Cláusula Nona - Dos Recursos Financeiros, item 9.21, e inclusão dos itens 9.21.1, 9.21.2 e 9.21.2.1, ao Termo original. Em especial, do total repassado para custeio, 4,67% serão destinados a conta exclusiva do Fundo de Provisão, para cobrir encargos trabalhistas e judiciais dos colaboradores celetistas contratados pelo Parceiro Privado.","Processo nº 202500010048966. Signatários: Rasivel dos Reis Santos Júnior - Secretário de Estado da Saúde; André Fonseca Leme - IMED. Protocolo 553529. Publicado no Diário Oficial do Estado de Goiás, edição nº 24.585, de 30/07/2025. Refere-se à Policlínica de Formosa (PFRE).",IMED,"Instituto de Medicina, Estudos e Desenvolvimento - IMED",Estado de Goiás - Secretaria de Estado da Saúde,Secretaria de Estado da Saúde,0,0,0,termo_aditivo,,,,,,,False
2025,C:\OSS-Goias\documentos\IMED\HETRIN\2025\05_Contrato_Gestao_Aditivos\Publicacao_68796246_DOE_12_APOST_HETRIN.pdf,Publicacao_68796246_DOE_12_APOST_HETRIN,2024-12-12,2024-12-13,Assistência financeira complementar da União (Piso de Enfermagem),HETRIN,0,0,12,37/2019-SES/GO,Repasse referente assistência financeira complementar da União (Piso de Enfermagem).,Processo nº 202400010089503. Vinculado ao Contrato de Gestão nº 37/2019-SES/GO (HETRIN). Signatário: Rasível dos Reis Santos Júnior - Secretário de Estado da Saúde. Protocolo 505428.,IMED,"Instituto de Medicina, Estudos e Desenvolvimento - IMED",Estado de Goiás - Secretaria de Estado da Saúde,Secretaria de Estado da Saúde,0,0,0,termo_apostilamento,,,30855.72,,,,False
2025,C:\OSS-Goias\documentos\IMED\PFRE\2025\05_Contrato_Gestao_Aditivos\Publicacao_68802907_DOE_5_APOST_PC_FORMOSA.pdf,Publicacao_68802907_DOE_5_APOST_PC_FORMOSA,2024-12-12,2024-12-16,Assistência financeira complementar da União (Piso de Enfermagem),Policlínica de Formosa,0,0,5,88/2024-SES/GO,Repasse referente assistência financeira complementar da União (Piso de Enfermagem).,Processo nº 202400010088782. Signatário: Rasível dos Reis Santos Júnior - Secretário de Estado da Saúde. Protocolo 505616.,IMED,"Instituto de Medicina, Estudos e Desenvolvimento - IMED",Estado de Goiás - Secretaria de Estado da Saúde,Secretaria de Estado da Saúde,0,0,0,termo_apostilamento,,,53963.56,,,,False
2025,C:\OSS-Goias\documentos\IMED\HETRIN\2025\05_Contrato_Gestao_Aditivos\Publicacao_69903017_Publicacao_HETRIN_1.pdf,Publicacao_69903017_Publicacao_HETRIN_1,2025-01-24,2025-01-27,Assistência financeira complementar da União (Piso de Enfermagem),HETRIN,0,0,13,37/2019-SES/GO,Repasse referente assistência financeira complementar da União (Piso de Enfermagem).,13º Apostilamento ao Contrato de Gestão nº 37/2019-SES/GO (HETRIN). Processo nº: 202500010002550. Signatário: Rasível dos Reis Santos Júnior - Secretário de Estado da Saúde.,IMED,"Instituto de Medicina, Estudos e Desenvolvimento - IMED",Estado de Goiás - Secretaria de Estado da Saúde,,0,0,0,termo_apostilamento,,,15074.55,,,,False
2025,C:\OSS-Goias\documentos\IMED\HETRIN\2025\05_Contrato_Gestao_Aditivos\Publicacao_71378982_29__2_.pdf,Publicacao_71378982_29__2_,2025-02-24,2025-02-26,Tesouro Federal / União,HETRIN,0,0,,37/2019-SES/GO,"Repasse de assistência financeira da União para cumprimento do piso salarial nacional de enfermeiros, técnicos e auxiliares de enfermagem e parteiras no contexto das unidades de saúde geridas por organizações sociais de saúde ou fundações.","14º Apostilamento ao Contrato de Gestão Nº 37/2019-SES/GO. Processo nº 20250001001086, vinculado ao de nº 201900010008727. Dotação Orçamentária: 2850.10.302.1043.2516.03.16050001.50. Signatário: Rasível dos Reis Santos Júnior - Secretário de Estado da Saúde. Protocolo 520653.",IMED,"Instituto de Medicina, Estudos e Desenvolvimento - IMED",Estado de Goiás - Secretaria de Estado da Saúde,Secretaria de Estado da Saúde,0,0,0,termo_apostilamento,,,14721.24,,,,False
2025,C:\OSS-Goias\documentos\IMED\PFRE\2025\05_Contrato_Gestao_Aditivos\Publicacao_71711687_controlador.php_publicacao_6_apostila.pdf,Publicacao_71711687_controlador.php_publicacao_6_apostila,2025-03-06,2025-03-10,,HECAD,0,0,,20/2023/SES/GO,"Permissão de uso de Bens Móveis que passa a fazer parte integrante do Contrato de Gestão nº 20/2023/SES/GO, para atender as demandas do Hospital Estadual da Criança e do Adolescente (HECAD).","Documento é extrato de Termo de Permissão de Uso nº 08/2025-SES/GO, relativo a bens móveis vinculados ao Contrato de Gestão nº 20/2023/SES/GO para o HECAD. Signatários: Rasível dos Reis Santos Júnior (Secretário de Estado da Saúde) e Lucas Paula da Silva (AGIR). Publicado no Diário Oficial de Goiás nº 24.488 em 10/03/2025.",AGIR,"Associação de Gestão, Inovação e Resultados em Saúde - AGIR",Estado de Goiás / Secretaria de Estado da Saúde,Secretaria de Estado da Saúde - SES/GO,0,0,0,termo_apostilamento,,,,,,,False
2025,C:\OSS-Goias\documentos\IMED\HETRIN\2025\05_Contrato_Gestao_Aditivos\Publicacao_72709851_Publicacao_15__Apostilamento_HETRIN.pdf,Publicacao_72709851_Publicacao_15__Apostilamento_HETRIN,2025-03-26,2025-03-27,União (Piso Nacional da Enfermagem),HETRIN,0,0,15,37/2019-SES/GO,Repasse referente assistência financeira complementar da União (Piso de Enfermagem),Processo nº 202500010018731. Signatário: Rasível dos Reis Santos Júnior - Secretário de Estado da Saúde.,IMED,"Instituto de Medicina, Estudos e Desenvolvimento - IMED",Estado de Goiás - Secretaria de Estado da Saúde,,0,0,0,termo_apostilamento,,,3784.34,,,,False
2025,C:\OSS-Goias\documentos\IMED\PFRE\2025\05_Contrato_Gestao_Aditivos\Publicacao_72736442_controlador.php_publicacao_PC_Formosa.pdf,Publicacao_72736442_controlador.php_publicacao_PC_Formosa,2025-03-26,2025-03-27,União - Piso Nacional da Enfermagem,PFRE,0,0,7,88/2024-SES/GO,Repasse referente assistência financeira complementar da União (Piso de Enfermagem),"Extrato do 7º Apostilamento ao Termo de Colaboração nº 88/2024-SES/GO (Policlínica de Formosa). Processo nº 202500010018072. Publicado no Diário Oficial do Estado de Goiás nº 24.501, de 27/03/2025. Protocolo 526258.",IMED,"Instituto de Medicina, Estudos e Desenvolvimento - IMED",Estado de Goiás - Secretaria de Estado da Saúde,,0,0,0,termo_apostilamento,,,32502.23,,,,False
2025,C:\OSS-Goias\documentos\IMED\HETRIN\2025\05_Contrato_Gestao_Aditivos\Publicacao_74124136_Publicacao_16__Apostilamento_HETRI.pdf,Publicacao_74124136_Publicacao_16__Apostilamento_HETRI,2025-04-29,2025-04-30,União (Piso de Enfermagem),HETRIN,0,0,16,37/2019-SES/GO,Repasse referente assistência financeira complementar da União (Piso de Enfermagem),Protocolo 533127. Processo nº: 202500010026284.,IMED,"Instituto de Medicina, Estudos e Desenvolvimento - IMED",Estado de Goiás - Secretaria de Estado da Saúde,Secretaria de Estado da Saúde,0,0,0,termo_apostilamento,,,353.65,,,,False
2025,C:\OSS-Goias\documentos\IMED\PFRE\2025\05_Contrato_Gestao_Aditivos\Publicacao_75521863_publicacao.pdf,Publicacao_75521863_publicacao,2025-05-24,2025-05-29,União (Piso de Enfermagem),PFRE,0,0,10,94/2024-SES/GO,Repasse referente assistência financeira complementar da União (Piso de Enfermagem),"Processo nº 202500010035217. Signatário: Rasível dos Reis Santos Júnior - Secretário de Estado da Saúde. Protocolo 539507. Contrato identificado como POLICLÍNICA POSSE (documento refere-se à Policlínica Posse, não PFRE).",IMED,"Instituto de Medicina, Estudos e Desenvolvimento - IMED",Estado de Goiás - Secretaria de Estado da Saúde,,0,0,0,termo_apostilamento,,,39024.93,,,,False
2025,C:\OSS-Goias\documentos\IMED\HETRIN\2025\05_Contrato_Gestao_Aditivos\Publicacao_75585266_PUBLICACAO_DOE_4.pdf,Publicacao_75585266_PUBLICACAO_DOE_4,2025-05-24,2025-05-29,União (Piso de Enfermagem),HETRIN,0,0,17,37/2019-SES/GO,Repasse referente assistência financeira complementar da União (Piso de Enfermagem).,Processo nº 202500010035431. Signatário: Rasível dos Reis Santos Júnior - Secretário de Estado da Saúde. Protocolo 539510.,IMED,"Instituto de Medicina, Estudos e Desenvolvimento - IMED",Estado de Goiás - Secretaria de Estado da Saúde,Secretaria de Estado da Saúde,0,0,0,termo_apostilamento,,,353.65,,,,False
2025,C:\OSS-Goias\documentos\IMED\HETRIN\2025\05_Contrato_Gestao_Aditivos\Publicacao_76943771_PUBLICACAO_DOE___47.pdf,Publicacao_76943771_PUBLICACAO_DOE___47,2025-06-27,2025-07-03,Assistência financeira complementar da União (Piso de Enfermagem),HETRIN,0,0,18,37/2019-SES/GO,Repasse referente assistência financeira complementar da União (Piso de Enfermagem).,Processo nº 202500010045715. Signatário: Rasível dos Reis Santos Júnior - Secretário de Estado da Saúde. Protocolo 547374.,IMED,"Instituto de Medicina, Estudos e Desenvolvimento - IMED",Estado de Goiás - Secretaria de Estado da Saúde,Secretaria de Estado da Saúde,0,0,0,termo_apostilamento,,,353.65,,,,False
2025,C:\OSS-Goias\documentos\IMED\PFRE\2025\05_Contrato_Gestao_Aditivos\Publicacao_76950268_DOE___10__Apostilamento_P._Formosa.pdf,Publicacao_76950268_DOE___10__Apostilamento_P._Formosa,2025-06-27,2025-07-03,Assistência financeira complementar da União (Piso de Enfermagem),Policlínica de Formosa,0,0,10,88/2024-SES/GO,Repasse referente assistência financeira complementar da União (Piso de Enfermagem),Processo nº 202500010045176. Signatário: Rasível dos Reis Santos Júnior - Secretário de Estado da Saúde. Protocolo 547368.,IMED,"Instituto de Medicina, Estudos e Desenvolvimento - IMED",Estado de Goiás - Secretaria de Estado da Saúde,Secretaria de Estado da Saúde,0,0,0,termo_apostilamento,,,27831.78,,,,False
2025,C:\OSS-Goias\documentos\Albert Einstein\HUGO\2025\05_Contrato_Gestao_Aditivos\Relatorio-Resumido-da-Execucao-Orcamentaria-e-Financeira-por-Contrato-de-Gestao-97-2024-dezembro-2025.xlsx,Relatorio-Resumido-da-Execucao-Orcamentaria-e-Financeira-por-Contrato-de-Gestao-97-2024-dezembro-2025,,,Tesouro Estadual,HUGO,0,0,,97/2024,"Relatório Resumido da Execução Orçamentária e Financeira do Termo de Colaboração nº 97/2024 - SES, referente à gestão do Hospital de Urgências de Goiás Dr. Valdemiro Cruz (HUGO), período janeiro a dezembro de 2025","Previsão de repasse mensal de custeio original: R$ 18.606.456,07. 1º Termo Aditivo - 1ª Fase: Custeio R$ 25.051.562,75; 2ª Fase: R$ 25.594.867,92. Total empenhado custeio: R$ 195.124.950,31; investimentos: R$ 31.680.260,29. Total liquidado custeio: R$ 273.448.049,44; investimentos: R$ 31.618.737,90. Total glosas aplicadas: R$ 6.322.700,62 (valores provisionados para ajuste posterior relativos a energia elétrica, fundo rescisório, planisa e glosa de metas). Total de pagamentos no período: R$ 327.916.097,38. Demonstrativo de investimentos pagos no período: R$ 27.842.455,09, incluindo aquisição de equipamentos médico-hospitalares, obras de reforma (banheiros, telhas, UTI 5), tecnologia da informação e outros. Processo SEI nº 202400010023416. Fonte: Contratos de Gestão e Aditivos contidos no processo, Portal Transparência saude.go.gov.br e Sistema SIOFINET.",Sociedade Beneficente Israelita Brasileira - Hospital Albert Einstein,Sociedade Beneficente Israelita Brasileira - Hospital Albert Einstein (CNPJ: 60.765.823/0001-30),Secretaria de Estado da Saúde – SES/GO (CNPJ: 02.529.964/0001-57),Secretaria de Estado da Saúde – SES/GO,0,0,0,outro,,18606456.07,328696620.45,2025-08-07,2024-08-07,12,False
2025,C:\OSS-Goias\documentos\Albert Einstein\HUGO\2025\05_Contrato_Gestao_Aditivos\Relatorio-Resumido-da-Execucao-Orcamentaria-e-Financeira-por-Contrato-de-Gestao-972024-Abril-2025-2.xlsx,Relatorio-Resumido-da-Execucao-Orcamentaria-e-Financeira-por-Contrato-de-Gestao-972024-Abril-2025-2,,,Tesouro Estadual,HUGO,0,0,,97/2024,"Gestão do Hospital de Urgências de Goiás Dr. Valdemiro Cruz - HUGO, por meio de Termo de Colaboração nº 97/2024 - SES (63135683)","Relatório Resumido da Execução Orçamentária e Financeira referente ao período de Janeiro a Abril/2025. Valor estimado no contrato considera: Custeio (R$ 21.322.433,06) + Residência Médica (R$ 254.301,53) + Servidor Cedido (R$ 2.922.475,15) + Apostilamentos mensais. Total de pagamentos no período: R$ 128.602.935,72 (custeio). Total de investimentos pagos no período: R$ 16.681.158,79, incluindo aquisição de equipamentos médicos (tomógrafo, ventiladores, microscópios cirúrgicos, aparelho de RM, endoscópios, entre outros), obras de reforma e tecnologia da informação. Glosas provisionadas: R$ 800.000,00 (valores provisionados para ajuste posterior). Processo nº 202300010023416.",Albert Einstein,Sociedade Beneficente Israelita Brasileira - Hospital Albert Einstein (CNPJ: 60.765.823/0001-30),Secretaria de Estado da Saúde – SES/GO (CNPJ: 02.529.964/0001-57),Secretaria de Estado da Saúde – SES/GO,0,0,0,contrato_gestao_inicial,,18606456.07,,2025-08-07,2024-08-07,12,False
2025,C:\OSS-Goias\documentos\Albert Einstein\HUGO\2025\05_Contrato_Gestao_Aditivos\Relatorio-Resumido-da-Execucao-Orcamentaria-e-Financeira-por-Contrato-de-Gestao-972024-Agosto-2025.xlsx,Relatorio-Resumido-da-Execucao-Orcamentaria-e-Financeira-por-Contrato-de-Gestao-972024-Agosto-2025,,,Tesouro Estadual,HUGO,0,0,,97/2024,"Relatório Resumido da Execução Orçamentária e Financeira por Contrato de Gestão (Termo de Colaboração nº 97/2024 - SES) referente ao Hospital de Urgências de Goiás Dr. Valdemiro Cruz - HUGO, período Janeiro a Agosto/2025","Previsão de repasse mensal de Custeio: R$ 18.606.456,07. 1º Termo Aditivo: 1ª Fase Custeio R$ 25.051.562,75; 2ª Fase R$ 25.594.867,92. Processo nº 202300010023416. Total empenhado no período (jan-ago/2025): Custeio R$ 285.056.007,52; Investimentos R$ 28.303.547,77. Total liquidado: Custeio R$ 198.242.772,04; Investimentos R$ 27.849.547,77. Total de pagamentos no período: R$ 223.697.459,77. Glosas aplicadas total: R$ 1.800.000,00 (valores provisionados para ajuste posterior). Total de investimentos repassados (jan a ago/2025): R$ 24.229.872,57. Valor Estimado no Contrato de Gestão inclui Custeio (R$ 21.322.433,06) + Residência Médica + Servidor Cedido + Apostilamento. Repasses adicionais incluem ressarcimentos de rescisões trabalhistas, serviço hospitalar e ambulatorial, leitos extras, OPME, mandados judiciais, regularização de despesas e encontro de contas. DEA: 7º Apostilamento - Piso Nacional de Enfermagem referência dezembro/2024.",Sociedade Beneficente Israelita Brasileira - Hospital Albert Einstein,Sociedade Beneficente Israelita Brasileira - Hospital Albert Einstein (CNPJ: 60.765.823/0001-30),Secretaria de Estado da Saúde – SES/GO (CNPJ: 02.529.964/0001-57),Secretaria de Estado da Saúde – SES/GO,0,0,0,outro,,18606456.07,,2025-08-07,2024-08-07,12,False
2025,C:\OSS-Goias\documentos\Albert Einstein\HUGO\2025\05_Contrato_Gestao_Aditivos\Relatorio-Resumido-da-Execucao-Orcamentaria-e-Financeira-por-Contrato-de-Gestao-972024-Janeiro-a-Junho-2025.xls.pdf,Relatorio-Resumido-da-Execucao-Orcamentaria-e-Financeira-por-Contrato-de-Gestao-972024-Janeiro-a-Junho-2025.xls,,,Tesouro Estadual,HUGO,0,0,,97/2024,"Relatório Resumido da Execução Orçamentária e Financeira por Contrato de Gestão referente ao período de Janeiro a Junho/2025 do Hospital de Urgências de Goiás Dr. Valdemiro Cruz - HUGO, gerido pela Sociedade Beneficente Israelita Brasileira - Hospital Albert Einstein, conforme Termo de Colaboração nº 97/2024 - SES.","Relatório de Execução nº 420/2025 SES/CGC/SUPECC-19837. Previsão de repasse mensal de custeio: R$ 18.606.456,07. 1º Termo Aditivo - 1ª Fase: Custeio R$ 25.051.562,75. Total de pagamentos no período jan-jun/2025: R$ 156.051.137,38. Total empenhado no período: R$ 245.018.033,60. Total liquidado: R$ 146.084.080,99. Total de investimentos repassados no período de janeiro a junho/2025: R$ 18.553.558,37, incluindo aquisição de equipamentos (tomógrafo, ventiladores, microscópios cirúrgicos, aparelho de RM por R$ 5.866.000,00, entre outros), obras de reforma e contratação de projetos. Glosas aplicadas: R$ 600.000,00 (valores provisionados para ajuste posterior em mai/25 e jun/25). Valores de Servidores Cedidos, Auxílio Moradia, Bolsa de Residência Médica e Gratificação de Servidores Estatutários apresentados apenas em caráter informativo conforme Despacho 2688/2024/SES/SUPECC. Processo nº 202300010061685 / SEI 78607390.",Sociedade Beneficente Israelita Brasileira - Hospital Albert Einstein,Sociedade Beneficente Israelita Brasileira - Hospital Albert Einstein,Secretaria de Estado da Saúde – SES/GO,,0,0,0,outro,,18606456.07,,2025-08-07,2024-08-07,12,False
2025,C:\OSS-Goias\documentos\Albert Einstein\HUGO\2025\05_Contrato_Gestao_Aditivos\Relatorio-Resumido-da-Execucao-Orcamentaria-e-Financeira-por-Contrato-de-Gestao-972024-Julho-2025.xlsx,Relatorio-Resumido-da-Execucao-Orcamentaria-e-Financeira-por-Contrato-de-Gestao-972024-Julho-2025,,,Tesouro Estadual,HUGO,0,0,,97/2024,Relatório Resumido da Execução Orçamentária e Financeira por Contrato de Gestão - Termo de Colaboração nº 97/2024 - SES - Hospital de Urgências de Goiás Dr. Valdemiro Cruz (HUGO) - Período: Janeiro a Julho/2025,"Previsão de repasse mensal custeio: R$ 18.606.456,07. 1º Termo Aditivo - 1ª Fase: Custeio R$ 25.051.562,75. Valor Estimado no Contrato de Gestão: Custeio (21.322.433,06) + Residência Médica (254.301,53) + Servidor Cedido (2.922.475,15) + Apostilamentos. Total de pagamentos no período (jan-jul/2025): R$ 197.420.411,96 (custeio). Total investimentos repassados: R$ 24.227.676,57. Glosas aplicadas totais: R$ 1.200.000,00 (valores provisionados para ajuste posterior - natureza 3.3.50.85.02, Processo 202400010023416). DARE devolvidos: jan/25 R$ 123.999,92; mar/25 R$ 55,79; jun/25 R$ 286.302,31 e R$ 1.111.794,94. DEA (Piso Nacional de Enfermagem - ref. dez/24): R$ 467.737,63. Repasses adicionais (outros - programa doação de órgãos): R$ 38.493,97. Investimentos incluem equipamentos médico-hospitalares, obras de reforma, tecnologia da informação e mobiliário. Processo SEI Nº 202400010023416; Despacho 2688/2024/SES/SUPECC (SEI Nº 65101374), Processo SEI Nº 202400010067105.",Sociedade Beneficente Israelita Brasileira - Hospital Albert Einstein,Sociedade Beneficente Israelita Brasileira - Hospital Albert Einstein (CNPJ: 60.765.823/0001-30),Secretaria de Estado da Saúde – SES/GO (CNPJ: 02.529.964/0001-57),Secretaria de Estado da Saúde – SES/GO,0,0,0,outro,,18606456.07,,2025-08-07,2024-08-07,12,False
2025,C:\OSS-Goias\documentos\Albert Einstein\HUGO\2025\05_Contrato_Gestao_Aditivos\Relatorio-Resumido-da-Execucao-Orcamentaria-e-Financeira-por-Contrato-de-Gestao-972024-Maio-2025-2.xlsx,Relatorio-Resumido-da-Execucao-Orcamentaria-e-Financeira-por-Contrato-de-Gestao-972024-Maio-2025-2,,,Tesouro Estadual,HUGO,0,0,,97/2024,"Gestão do Hospital de Urgências de Goiás Dr. Valdemiro Cruz - HUGO, mediante Termo de Colaboração nº 97/2024 - SES (63135683), com repasse mensal de custeio e investimentos.","Relatório Resumido da Execução Orçamentária e Financeira por Contrato de Gestão - período Janeiro a Maio/2025. Previsão de repasse mensal de custeio original: R$ 18.606.456,07. Após 1º Termo Aditivo – 1ª Fase: Custeio R$ 25.051.562,75. Valor Estimado no Contrato de Gestão composto por: Custeio (R$ 21.322.433,06) + Residência Médica (R$ 254.301,53) + Servidor Cedido (R$ 2.922.475,15) + Apostilamentos mensais. Total pago no período (Jan-Mai/2025): R$ 131.355.751,55 (custeio). Total de investimentos pagos no período: R$ 18.544.564,97. Glosa aplicada em maio/2025: R$ 200.000,00 (valor provisionado para ajuste posterior, processo 202400010023416, natureza 3.3.50.85.02). Pagamentos de Restos a Pagar referentes à Residência Médica (agosto/2024). Pagamentos de DEA referentes ao 7º Apostilamento - Piso Nacional de Enfermagem (dezembro/2024).",Sociedade Beneficente Israelita Brasileira - Hospital Albert Einstein,Sociedade Beneficente Israelita Brasileira - Hospital Albert Einstein (CNPJ: 60.765.823/0001-30),Secretaria de Estado da Saúde – SES/GO (CNPJ: 02.529.964/0001-57),Secretaria de Estado da Saúde – SES/GO,0,0,0,contrato_gestao_inicial,,18606456.07,,2025-08-07,2024-08-07,12,False
2025,C:\OSS-Goias\documentos\Albert Einstein\HUGO\2025\05_Contrato_Gestao_Aditivos\Relatorio-Resumido-da-Execucao-Orcamentaria-e-Financeira-por-Contrato-de-Gestao-972024-Marco-2025-1.xlsx,Relatorio-Resumido-da-Execucao-Orcamentaria-e-Financeira-por-Contrato-de-Gestao-972024-Marco-2025-1,,,Tesouro Estadual,HUGO,0,0,,97/2024,Relatório Resumido da Execução Orçamentária e Financeira por Contrato de Gestão - Termo de Colaboração nº 97/2024 - SES - Hospital de Urgências de Goiás Dr. Valdemiro Cruz (HUGO) - Período: Janeiro/Fevereiro/Março 2025,"Previsão de repasse mensal de custeio: R$ 18.606.456,07. Processo nº 202300010023416. Valor Estimado Total (3 meses): R$ 73.707.715,14. Total empenhado custeio (3 meses): R$ 139.908.818,08. Total empenhado investimentos (3 meses): R$ 13.267.746,52. Total liquidado custeio: R$ 87.549.548,01. Total liquidado investimentos: R$ 19.982.470,73. Total pago custeio: R$ 84.018.186,17. Total pago investimentos: R$ 13.218.176,62. Glosas aplicadas total: R$ 1.500.000,00 (valores provisionados para ajuste posterior - Natureza 3.3.50.85.02 - Processo 202400010023416). Investimentos pagos em fevereiro/2025 incluem: Tomógrafo por impedância elétrica (R$ 204.600,00), Sistemas de videoendoscopia flexível (R$ 3.614.253,76), equipamentos de cozinha, microscópios cirúrgicos (R$ 2.067.300,00), carros maca avançada (R$ 1.992.511,86), tecnologia da informação (R$ 539.240,00), entre outros. Total investimentos fevereiro/2025: R$ 9.498.102,72. Pagamentos de Restos a Pagar (Residência Médica agosto/2024) e DEA (Piso Nacional de Enfermagem dezembro/2024 - 7º Apostilamento SEI nº 69624336). Valor Estimado inclui Custeio (R$ 21.322.433,06) + Residência Médica (R$ 254.301,53) + Servidor Cedido (R$ 2.922.475,15) + Apostilamentos mensais.",Albert Einstein,Sociedade Beneficente Israelita Brasileira - Hospital Albert Einstein (CNPJ: 60.765.823/0001-30),Secretaria de Estado da Saúde – SES/GO (CNPJ: 02.529.964/0001-57),Secretaria de Estado da Saúde – SES/GO,0,0,0,outro,,18606456.07,,2025-08-07,2024-08-07,12,False
2025,C:\OSS-Goias\documentos\Albert Einstein\HUGO\2025\05_Contrato_Gestao_Aditivos\Relatorio-Resumido-da-Execucao-Orcamentaria-e-Financeira-por-Contrato-de-Gestao-972024-Outubro-2025.pdf,Relatorio-Resumido-da-Execucao-Orcamentaria-e-Financeira-por-Contrato-de-Gestao-972024-Outubro-2025,,,Tesouro Estadual,HUGO,0,0,,97/2024,"Relatório Resumido da Execução Orçamentária e Financeira por Contrato de Gestão referente ao período de janeiro a outubro de 2025 do Hospital de Urgências de Goiás Dr. Valdemiro Cruz - HUGO, gerido pela Sociedade Beneficente Israelita Brasileira - Hospital Albert Einstein, sob o Termo de Colaboração nº 97/2024 - SES.","Documento é um Relatório Resumido de Execução Orçamentária e Financeira, não um contrato ou aditivo. Vigência do Termo de Colaboração nº 97/2024: 07/08/2024 a 07/08/2025. Previsão de repasse mensal de custeio original: R$ 18.606.456,07. 1º Termo Aditivo - 1ª Fase (maio/25): Custeio R$ 25.051.562,75; 2ª Fase (ago/25): Custeio R$ 25.594.867,92. Total geral de pagamentos no período (jan-out/2025): R$ 275.477.486,51. Total empenhado: R$ 288.558.653,27 (custeio) + R$ 28.946.547,77 (investimentos). Processo SEI nº 202300010023416. Relatório emitido em 30/12/2025 pela SUPECC/SGI/SES.",Sociedade Beneficente Israelita Brasileira - Hospital Albert Einstein,Sociedade Beneficente Israelita Brasileira - Hospital Albert Einstein,Secretaria de Estado da Saúde - SES/GO,Secretaria de Estado da Saúde - SES/GO,1,0,0,outro,,18606456.07,,2025-08-07,2024-08-07,12,False
2025,C:\OSS-Goias\documentos\ISG\HDT\2025\05_Contrato_Gestao_Aditivos\Relatorio-Resumido-da-Execucao-Orcamentaria-e-Financeira-por-Contrato-de-Gestao-Abril-2025-Excel.xlsx,Relatorio-Resumido-da-Execucao-Orcamentaria-e-Financeira-por-Contrato-de-Gestao-Abril-2025-Excel,,,Tesouro Estadual,HDT,0,0,16,091/2012-SES/GO,"Relatório Resumido da Execução Orçamentária e Financeira por Contrato de Gestão - Janeiro a Abril/2025 - Hospital Estadual de Doenças Tropicais Dr. Anuar Auad (HDT), gerido pelo Instituto Sócrates Guanaes (ISG)","Contrato de Gestão nº 091/2012-SES/GO (SEI nº 000026779439); 16º Termo Aditivo (SEI nº 64687320); 8º Apostilamento (SEI nº 71381182) Ref. 01/2025; 9º Apostilamento Ref. 02/2025 (SEI nº 72189225); 10º Apostilamento também referenciado. Previsão de repasse mensal: Custeio R$7.634.070,56 + Residência (Gratificação e Despesa de custeio diverso) R$64.842,00. Processo nº 201100010017260. Total de pagamentos no período jan-abr/2025: R$38.742.977,08. Investimentos no período: aquisição de 245 cadeiras de trabalho e 16 cadeiras giratórias (R$164.430,00), Processo 202400010075997. DEA: Piso Nacional de Enfermagem ref. dez/24 R$180.223,62; Fundo Rescisório ref. dez/24 R$78.499,19; Residência ref. dez/24 R$10.460,80. Servidores Cedidos jan/25: R$1.442.642,79; fev/25: R$1.367.087,15; mar/25: R$1.385.286,20; abr/25: R$1.366.752,20 (aprox.). Total de glosas no período: R$500.000,00.",ISG,Instituto Sócrates Guanaes – ISG (CNPJ: 03.969.808/0003-31),Secretaria de Estado da Saúde – SES/GO (CNPJ: 02.529.964/0001-57),Secretaria de Estado da Saúde – SES/GO,2,0,3,outro,,7634070.56,,2025-06-24,2012-06-28,,False
2025,C:\OSS-Goias\documentos\ISG\HDT\2025\05_Contrato_Gestao_Aditivos\Relatorio-Resumido-da-Execucao-Orcamentaria-e-Financeira-por-Contrato-de-Gestao-Abril-2025.pdf,Relatorio-Resumido-da-Execucao-Orcamentaria-e-Financeira-por-Contrato-de-Gestao-Abril-2025,,,Tesouro Estadual,HDT,0,0,16,091/2012-SES/GO,"Relatório Resumido da Execução Orçamentária e Financeira por Contrato de Gestão referente ao período de Janeiro a Abril/2025 - Hospital Estadual de Doenças Tropicais Dr. Anuar Auad (HDT), gerido pelo Instituto Sócrates Guanaes (ISG).","Documento é Relatório de Execução nº 350/2025 SES/CGC/SUPECC-19837, não um contrato ou aditivo. Contrato 091/2012-SES/GO com 16º Termo Aditivo (vigência 24/06/2023 a 24/06/2025). Apostilamentos: 8º (70855411) jan/2025, 9º (72189225) fev/2025, 10º (73587660) mar/2025. Repasse mensal custeio 16º TA: R$ 7.634.070,56 + Residência R$ 64.842,00. Total de pagamentos no período jan-abr/2025: R$ 38.742.977,08. Glosas totais: R$ 500.000,00. Servidores cedidos pagos diretamente pelo GGP/SES. Processo SEI nº 202300010061685.",ISG,Instituto Sócrates Guanaes – ISG (CNPJ: 03.969.808/0001-70),Secretaria de Estado da Saúde – SES/GO (CNPJ: 02.529.964/0001-57),Secretaria de Estado da Saúde – SES/GO,2,0,2,outro,,7634070.56,,2025-06-24,2012-06-28,,False
2025,C:\OSS-Goias\documentos\ISG\HDT\2025\05_Contrato_Gestao_Aditivos\Relatorio-Resumido-da-Execucao-Orcamentaria-e-Financeira-por-Contrato-de-Gestao-Dezembro-2025-Excel.xlsx,Relatorio-Resumido-da-Execucao-Orcamentaria-e-Financeira-por-Contrato-de-Gestao-Dezembro-2025-Excel,,,Tesouro Estadual,HDT,0,0,17,091/2012-SES/GO,"Gestão do Hospital Estadual de Doenças Tropicais Dr. Anuar Auad – HDT, com repasses mensais de custeio e investimentos conforme 17º Termo Aditivo (SEI nº 76123695)","Relatório Resumido da Execução Orçamentária e Financeira – Janeiro a Dezembro/2025. Valor mensal estimado custeio (17º TA): R$ 8.717.100,95 + Residência (Gratificação e Despesa de custeio diverso): R$ 66.393,50. Total empenhado custeio no período: R$ 104.841.345,02; Total investimentos: R$ 196.169,50. Total pago no período: R$ 103.519.981,40. Investimentos incluem aquisição de cadeiras de trabalho/giratórias (R$ 164.430,00), aparelhos de laserterapia e venoscópios (R$ 15.499,50) e dermatoscópios (R$ 16.240,00). Valores de servidores cedidos, bolsas de residência e gratificações pagos diretamente pela SES conforme Despacho 2688 (SEI nº 65101374). 8º Apostilamento (SEI nº 71381182) ref. 01/2025; 9º Apostilamento ref. 02/2025 (SEI nº 72189225); 10º Apostilamento também referenciado. Vigência do 17º TA: 24/06/2025 a 24/06/2027 (inferido do padrão de 2 anos; data fim truncada no documento original).",ISG,Instituto Sócrates Guanaes – ISG (CNPJ: 03.969.808/0003-31),Secretaria de Estado da Saúde – SES/GO (CNPJ: 02.529.964/0001-57),Secretaria de Estado da Saúde – SES/GO,1,0,0,termo_aditivo,,8783494.45,,2027-06-24,2025-06-24,24,False
2025,C:\OSS-Goias\documentos\ISG\HDT\2025\05_Contrato_Gestao_Aditivos\Relatorio-Resumido-da-Execucao-Orcamentaria-e-Financeira-por-Contrato-de-Gestao-Dezembro-2025.pdf,Relatorio-Resumido-da-Execucao-Orcamentaria-e-Financeira-por-Contrato-de-Gestao-Dezembro-2025,,,Tesouro Estadual,HDT,0,0,17,091/2012-SES/GO,Relatório Resumido da Execução Orçamentária e Financeira por Contrato de Gestão - Mês/Ano: Janeiro a Dezembro/2025 - Hospital Estadual de Doenças Tropicais Dr. Anuar Auad - HDT,"Relatório de Execução nº 62/2026 SES/CGC/SUPECC-19837. Contrato de Gestão nº 091/2012-SES/GO com 17º Termo Aditivo (vigência 24/06/2025 a 24/06/2028 - 36 meses). Apostilamentos de 8º a 19º no ano de 2025. Valor mensal estimado 17º TA Custeio: R$ 8.717.100,95 + Residência R$ 66.393,50. Total geral de pagamentos no período jan-dez/2025: R$ 103.519.981,40. Total investimentos repassados jan-mai/2025: R$ 196.169,50. Glosas totais: R$ 576.944,77. Servidores cedidos pagos diretamente pelo GGP da SES/GO. Documento assinado em 13/02/2026 por Ludmilla Costa Xavier (Gestor de Contrato), 18/02/2026 por Wagner Assis Rodrigues (Superintendente) e 19/02/2026 por Thalles Paulino de Avila (Superintendente).",ISG,Instituto Sócrates Guanaes - ISG (CNPJ: 03.969.808/0001-70),Secretaria de Estado da Saúde – SES/GO (CNPJ: 02.529.964/0001-57),Secretaria de Estado da Saúde – SES/GO,4,0,0,outro,,8717100.95,103519981.4,2028-06-24,2012-06-28,36,False
2025,C:\OSS-Goias\documentos\ISG\HDT\2025\05_Contrato_Gestao_Aditivos\Relatorio-Resumido-da-Execucao-Orcamentaria-e-Financeira-por-Contrato-de-Gestao-Janeiro-2025-Excel.xlsx,Relatorio-Resumido-da-Execucao-Orcamentaria-e-Financeira-por-Contrato-de-Gestao-Janeiro-2025-Excel,,,Tesouro Estadual,HDT,0,0,16,091/2012-SES/GO,"Gestão do Hospital Estadual de Doenças Tropicais Dr. Anuar Auad – HDT, com repasse mensal de custeio de R$ 7.634.070,56 e residência (gratificação e despesa de custeio diverso) de R$ 64.842,00, conforme 16º Termo Aditivo e 7º Apostilamento.","Relatório Resumido da Execução Orçamentária e Financeira – Janeiro/2025. Contrato de Gestão nº 091/2012-SES/GO (SEI nº 000026779439); 16º Termo Aditivo (SEI nº 64687320) e 7º Apostilamento (SEI nº 69811991) 01/2025. Vigência do contrato: início 28/06/2012, término 24/06/2025. Vigência do 16º TA: início 24/06/2023, término 24/06/2025. Valor mensal estimado no contrato: R$ 9.395.867,11. Custeio estimado: R$ 7.882.112,69. Empenhado no mês (custeio): R$ 44.582.320,03. Liquidado no mês (custeio): R$ 14.618.141,12. Montante pago no mês (custeio, ref. janeiro/2024): R$ 7.284.070,56. Pagamento de despesas de exercícios anteriores (custeio): R$ 180.223,62. Total de pagamentos no mês: R$ 7.464.294,18. Processo nº 201100010017260. Repasses adicionais contemplam ressarcimentos (rescisões trabalhistas, serviço hospitalar e ambulatorial, leitos extras, OPME e outros), mandados judiciais, regularização de despesas, encontro de contas final do contrato e outros.",ISG,Instituto Sócrates Guanaes – ISG (CNPJ: 03.969.808/0003-31),Secretaria de Estado da Saúde – SES/GO (CNPJ: 02.529.964/0001-57),Secretaria de Estado da Saúde – SES/GO,1,0,3,termo_aditivo,,7698912.56,,2025-06-24,2023-06-24,24,False
2025,C:\OSS-Goias\documentos\ISG\HDT\2025\05_Contrato_Gestao_Aditivos\Relatorio-Resumido-da-Execucao-Orcamentaria-e-Financeira-por-Contrato-de-Gestao-Janeiro-2025.pdf,Relatorio-Resumido-da-Execucao-Orcamentaria-e-Financeira-por-Contrato-de-Gestao-Janeiro-2025,,,Tesouro Estadual,HDT,0,0,16,091/2012-SES/GO,"Relatório Resumido da Execução Orçamentária e Financeira por Contrato de Gestão referente ao mês de janeiro/2025 - Hospital Estadual de Doenças Tropicais Dr. Anuar Auad (HDT), gerido pelo Instituto Sócrates Guanaes (ISG)","Relatório de Execução nº 52/2025 SES/CGC/SUPECC-19837. Valor estimado no contrato de gestão: R$ 9.398.843,62 (custeio R$ 7.634.070,56 + Residência Médica R$ 104.260,48 + Servidor Cedido R$ 1.477.312,45 + 8º Apostilamento R$ 183.200,13). Valor mensal estimado custeio: R$ 7.882.112,69. Empenhado no mês: R$ 44.582.320,03. Liquidado no mês: R$ 14.618.141,12. Glosa aplicada: R$ 350.000,00 (valor provisionado para ajuste posterior). Montante pago no mês (custeio): R$ 7.284.070,56. Pagamento DEA (7º Apostilamento - Piso Nacional de Enfermagem referência dez/24): R$ 180.223,62. Total de pagamentos no mês: R$ 7.464.294,48. Vigência do 16º Termo Aditivo: 24/06/2023 a 24/06/2025. 8º Apostilamento SEI nº 70855411. Servidor Cedido referência janeiro/2025: R$ 1.442.642,79. Bolsa de Residentes referência janeiro/2025: R$ 52.229,51. Gratificação de Servidor Estatutário referência janeiro/2025: R$ 7.726,30. Processo nº 202300010061685.",ISG,Instituto Sócrates Guanaes - ISG,Secretaria de Estado da Saúde de Goiás - SES/GO,Secretaria de Estado da Saúde de Goiás - SES/GO,0,0,2,outro,,7634070.56,,2025-06-24,2012-06-28,,False
2025,C:\OSS-Goias\documentos\ISG\HDT\2025\05_Contrato_Gestao_Aditivos\Relatorio-Resumido-da-Execucao-Orcamentaria-e-Financeira-por-Contrato-de-Gestao-Junho-2025-Excel-1.pdf,Relatorio-Resumido-da-Execucao-Orcamentaria-e-Financeira-por-Contrato-de-Gestao-Junho-2025-Excel-1,,,Tesouro Estadual,HDT,0,0,16,091/2012-SES/GO,"Relatório Resumido da Execução Orçamentária e Financeira por Contrato de Gestão referente ao período de Janeiro a Junho/2025 - Hospital Estadual de Doenças Tropicais Dr. Anuar Auad (HDT), gerido pelo Instituto Sócrates Guanaes (ISG)","Relatório de Execução nº 393/2025 SES/CGC/SUPECC-19837. Vigência do 16º Termo Aditivo: 24/06/2023 a 24/06/2025. Repasse mensal custeio 16º TA: R$ 7.634.070,56; Residência (Gratificação e Despesa de custeio diverso): R$ 64.842,00. Total pago custeio jan-jun/2025: R$ 44.854.491,61. Glosas aplicadas para ajuste posterior: R$ 400.000,00. Investimento pago: R$ 164.430,00 (aquisição de 245 cadeiras de trabalho e 16 cadeiras giratórias - processo 202400010075997, pago em 11/03/2025). Apostilamentos: 8º (SEI 70855411) jan/2025, 9º (SEI 72189225) fev/2025, 10º (SEI 73587660) mar/2025. Servidores cedidos pagos diretamente pelo GGP da SES/GO.",ISG,Instituto Sócrates Guanaes - ISG (CNPJ: 03.969.808/0001-70),Secretaria de Estado da Saúde – SES/GO (CNPJ: 02.529.964/0001-57),Secretaria de Estado da Saúde – SES/GO,2,0,3,outro,,7634070.56,45769167.76,2025-06-24,2012-06-28,,False
2025,C:\OSS-Goias\documentos\ISG\HDT\2025\05_Contrato_Gestao_Aditivos\Relatorio-Resumido-da-Execucao-Orcamentaria-e-Financeira-por-Contrato-de-Gestao-Junho-2025-Excel.xlsx,Relatorio-Resumido-da-Execucao-Orcamentaria-e-Financeira-por-Contrato-de-Gestao-Junho-2025-Excel,,,Tesouro Estadual,HDT,0,0,16,091/2012-SES/GO,"Relatório Resumido da Execução Orçamentária e Financeira por Contrato de Gestão - período Janeiro a Junho/2025 - Hospital Estadual de Doenças Tropicais Dr. Anuar Auad (HDT), gerido pelo Instituto Sócrates Guanaes (ISG)","Relatório de Execução nº 393/2025 SES/CGC/SUPECC-19837. 16º Termo Aditivo (SEI nº 64687320) vigência 24/06/2023 a 24/06/2025. 8º Apostilamento (SEI 70855411) 01/2025; 9º Apostilamento (SEI 72189225) 02/2025; 10º Apostilamento (SEI 73587660). Repasse mensal de custeio: R$ 7.634.070,56 + Residência (Gratificação e despesa de custeio diverso) R$ 64.842,00. Total estimado jan-jun/2025: R$ 56.396.377,45. Total liquidado jan-jun/2025 (custeio): R$ 54.839.924,13. Total pago no período: R$ 45.493.737,64. Investimento repassado: R$ 164.430,00 (aquisição de 245 cadeiras de trabalho e 16 cadeiras giratórias - processo 202400010075997). Restos a pagar pagos: R$ 205.632,42 (custeio). DEA pagos: R$ 269.183,21. Processo de referência: 202300010061685.",ISG,Instituto Sócrates Guanaes - ISG (CNPJ 03.969.808/0001-70),Secretaria de Estado da Saúde de Goiás - SES/GO (CNPJ 02.529.964/0001-57),Secretaria de Estado da Saúde de Goiás - SES/GO,2,0,0,outro,,7634070.56,56396377.45,2025-06-24,2012-06-28,,False
2025,C:\OSS-Goias\documentos\ISG\HDT\2025\05_Contrato_Gestao_Aditivos\Relatorio-Resumido-da-Execucao-Orcamentaria-e-Financeira-por-Contrato-de-Gestao-Maio-2025-Excel.xlsx,Relatorio-Resumido-da-Execucao-Orcamentaria-e-Financeira-por-Contrato-de-Gestao-Maio-2025-Excel,,,Tesouro Estadual,HDT,0,0,16,091/2012-SES/GO,"Relatório Resumido da Execução Orçamentária e Financeira por Contrato de Gestão referente ao período de janeiro a abril/maio de 2025 do Hospital Estadual de Doenças Tropicais Dr. Anuar Auad – HDT, gerido pelo Instituto Sócrates Guanaes (ISG).","16º Termo Aditivo (SEI nº 64687320) com vigência 24/06/2023 a 24/06/2025. 8º Apostilamento (SEI nº 71381182) Ref. 01/2025; 9º Apostilamento Ref. 02/2025 (SEI nº 72189225); 10º Apostilamento também referenciado. Previsão de repasse mensal custeio: R$ 7.634.070,56 + Residência (Gratificação e despesa de custeio diverso): R$ 64.842,00. Investimento repassado no período jan-mar/2025: R$ 164.430,00 referente à aquisição de 245 cadeiras de trabalho e 16 cadeiras giratórias (Processo 202400010075997). Total de pagamentos no período (jan-mai/2025): R$ 39.449.612,35 (custeio) + R$ 164.430,00 (investimentos). Servidores Cedidos, Bolsa de Residentes e Gratificações de Servidor Estatutário são pagos fora do repasse principal conforme Despacho 2688 (SEI nº 65101374).",ISG,Instituto Sócrates Guanaes – ISG (CNPJ: 03.969.808/0003-31),Secretaria de Estado da Saúde – SES/GO (CNPJ: 02.529.964/0001-57),Secretaria de Estado da Saúde – SES/GO,1,0,3,outro,,7698912.56,,2025-06-24,2012-06-28,,False
2025,C:\OSS-Goias\documentos\ISG\HDT\2025\05_Contrato_Gestao_Aditivos\Relatorio-Resumido-da-Execucao-Orcamentaria-e-Financeira-por-Contrato-de-Gestao-Maio-2025.pdf,Relatorio-Resumido-da-Execucao-Orcamentaria-e-Financeira-por-Contrato-de-Gestao-Maio-2025,,,Tesouro Estadual,HDT,0,0,16,091/2012-SES/GO,"Relatório Resumido da Execução Orçamentária e Financeira por Contrato de Gestão referente ao Hospital Estadual de Doenças Tropicais Dr. Anuar Auad - HDT, período janeiro a maio/2025","Relatório de Execução nº 352/2025 SES/CGC/SUPECC-19837. 16º Termo Aditivo vigência 24/06/2023 a 24/06/2025. Apostilamentos: 8º (70855411) jan/25, 9º (72189225) fev/25, 10º (73587660) mar/25. Repasse mensal custeio: R$7.634.070,56 + Residência R$64.842,00. Total pago no período jan-mai/2025: R$39.449.612,35. Investimento: aquisição de 245 cadeiras de trabalho e 16 cadeiras giratórias, valor R$164.430,00, pago em 11/03/2025, processo 202400010075997. Servidores cedidos pagos diretamente pelo GGP/SES/GO. Documento assinado por Ludmilla Costa Xavier (Gestor de Contrato) em 11/08/2025, Wagner Assis Rodrigues (Superintendente) em 11/09/2025 e Thalles Paulino de Avila (Superintendente) em 15/09/2025.",ISG,Instituto Sócrates Guanaes - ISG (CNPJ: 03.969.808/0001-70),Secretaria de Estado da Saúde – SES/GO (CNPJ: 02.529.964/0001-57),Secretaria de Estado da Saúde – SES/GO,1,0,2,outro,,7634070.56,,2025-06-24,2012-06-28,,False
2025,C:\OSS-Goias\documentos\ISG\HDT\2025\05_Contrato_Gestao_Aditivos\Relatorio-Resumido-da-Execucao-Orcamentaria-e-Financeira-por-Contrato-de-Gestao-Marco-2025-.pdf,Relatorio-Resumido-da-Execucao-Orcamentaria-e-Financeira-por-Contrato-de-Gestao-Marco-2025-,,,Tesouro Estadual,HDT,0,0,16,091/2012-SES/GO,"Relatório Resumido da Execução Orçamentária e Financeira por Contrato de Gestão referente aos meses de Janeiro e Março/2025 do Hospital Estadual de Doenças Tropicais Dr. Anuar Auad - HDT, gerido pelo Instituto Sócrates Guanaes - ISG.","Relatório de Execução nº 191/2025 SES/CGC/SUPECC-19837. Contrato de Gestão nº 091/2012-SES/GO com 16º Termo Aditivo (SEI 64687320), 8º Apostilamento (SEI 70855411) e 9º Apostilamento (SEI 72189225). Vigência do 16º TA: 24/06/2023 a 24/06/2025. Previsão de repasse mensal custeio: R$ 7.634.070,56; Residência (gratificação e despesa custeio diverso): R$ 64.842,00. Total de pagamentos no período (jan-mar/2025): R$ 30.696.570,97. Investimentos no período: R$ 164.430,00 (aquisição de 245 cadeiras de trabalho e 16 cadeiras giratórias - processo 202400010075997, pago em 11/03/2025). Servidores cedidos pagos diretamente pelo GGP da SES/GO. Processo nº 202300010061685.",ISG,Instituto Sócrates Guanaes - ISG (CNPJ: 03.969.808/0001-70),Secretaria de Estado da Saúde – SES/GO (CNPJ: 02.529.964/0001-57),Secretaria de Estado da Saúde – SES/GO,3,0,0,outro,,7634070.56,,2025-06-24,2012-06-28,,False
2025,C:\OSS-Goias\documentos\ISG\HDT\2025\05_Contrato_Gestao_Aditivos\Relatorio-Resumido-da-Execucao-Orcamentaria-e-Financeira-por-Contrato-de-Gestao-Marco-2025-Excel.xlsx,Relatorio-Resumido-da-Execucao-Orcamentaria-e-Financeira-por-Contrato-de-Gestao-Marco-2025-Excel,,,Tesouro Estadual,HDT,0,0,16,091/2012-SES/GO,"Relatório Resumido da Execução Orçamentária e Financeira referente ao Contrato de Gestão nº 091/2012-SES/GO - 16º Termo Aditivo - Hospital Estadual de Doenças Tropicais Dr. Anuar Auad (HDT), gerido pelo Instituto Sócrates Guanaes (ISG), competência janeiro a março/2025.","Relatório de Execução nº 191/2025 SES/CGC/SUPECC-19837. SEI nº 000026779439. 8º Apostilamento (SEI 70855411) ref. 01/2025; 9º Apostilamento (SEI 72189225) ref. 02/2025. Valor Estimado no Contrato de Gestão inclui Custeio R$7.634.070,56 + Residência R$104.260,48 + Servidor Cedido R$1.477.312,45 + Apostilamento Jan/25 R$183.200,13 e Fev/25 R$184.165,13. Total de pagamentos no período: R$30.696.570,97. Investimento: aquisição de 245 cadeiras de trabalho e 16 cadeiras giratórias (processo 202400010075997), valor R$164.430,00, pago em 03/11/2025. Repasse DEA: 7º Apostilamento SEI nº 71184256 - Piso Nacional de Enfermagem ref. dez/2024. Processo de referência: 202300010061685.",ISG,Instituto Sócrates Guanaes - ISG (CNPJ: 03.969.808/0001-70),Secretaria de Estado da Saúde – SES/GO (CNPJ: 02.529.964/0001-57),Secretaria de Estado da Saúde – SES/GO,3,0,0,termo_aditivo,,7634070.56,,2025-06-24,2023-06-24,24,False
2025,C:\OSS-Goias\documentos\ISG\HDT\2025\05_Contrato_Gestao_Aditivos\Relatorio-Resumido-da-Execucao-Orcamentaria-e-Financeira-por-Contrato-de-Gestao-Novembro-2025-1.pdf,Relatorio-Resumido-da-Execucao-Orcamentaria-e-Financeira-por-Contrato-de-Gestao-Novembro-2025-1,,,Tesouro Estadual,HDT,0,0,17,091/2012-SES/GO,"Relatório Resumido da Execução Orçamentária e Financeira por Contrato de Gestão - Mês/Ano: Janeiro a Novembro/2025 - Hospital Estadual de Doenças Tropicais Dr. Anuar Auad - HDT, gerido pelo Instituto Sócrates Guanaes - ISG","Relatório de Execução nº 651/2025 SES/CGC/SUPECC-19837. Vigência do 17º Termo Aditivo: 24/06/2025 a 24/06/2028 (36 meses). Previsão de repasse mensal 17º TA Custeio: R$ 8.717.100,95; Residência (gratificação e despesa de custeio diverso): R$ 66.393,50. Valor total empenhado no período jan-nov/2025: R$ 111.869.968,41 (custeio); total liquidado: R$ 95.262.897,42; total pago: R$ 94.416.031,32. Investimentos repassados: aquisição de 245 cadeiras de trabalho e 16 cadeiras giratórias (R$ 164.430,00) e 02 aparelhos de laserterapia e 05 venoscópios (R$ 15.499,50). Apostilamentos de 8º a 17º em 2025. Servidores cedidos e bolsas de residência pagos diretamente pelo GGP da SES/GO. Total de glosas no período: R$ 545.212,69.",ISG,Instituto Sócrates Guanaes - ISG (CNPJ: 03.969.808/0001-70),Secretaria de Estado da Saúde - SES/GO (CNPJ: 02.529.964/0001-57),Secretaria de Estado da Saúde - SES/GO,3,0,0,outro,,8717100.95,,2028-06-24,2012-06-28,,False
2025,C:\OSS-Goias\documentos\ISG\HDT\2025\05_Contrato_Gestao_Aditivos\Relatorio-Resumido-da-Execucao-Orcamentaria-e-Financeira-por-Contrato-de-Gestao-Novembro-2025.pdf,Relatorio-Resumido-da-Execucao-Orcamentaria-e-Financeira-por-Contrato-de-Gestao-Novembro-2025,,,Tesouro Estadual,HDT,0,0,17,091/2012-SES/GO,"Relatório Resumido da Execução Orçamentária e Financeira por Contrato de Gestão - Mês/Ano: Janeiro a Novembro/2025 - Hospital Estadual de Doenças Tropicais Dr. Anuar Auad (HDT), gerido pelo Instituto Sócrates Guanaes (ISG).","Relatório de Execução nº 651/2025 SES/CGC/SUPECC-19837. Vigência do 17º Termo Aditivo: 24/06/2025 a 24/06/2028 (36 meses). Valor Mensal Estimado 17ºTA Custeio: R$ 8.717.100,95 + Residência (Gratificação e Despesa de custeio diverso) R$ 66.393,50. Total de pagamentos no período jan-nov/2025: R$ 94.416.031,32. Investimentos repassados: aquisição de 245 cadeiras de trabalho e 16 cadeiras giratórias (R$ 164.430,00) e 02 aparelhos de laserterapia e 05 venoscópios (R$ 15.499,50). Servidores cedidos pagos diretamente pelo GGP da SES/GO. Documento assinado por Ludmilla Costa Xavier (Gestora de Contrato) em 23/12/2025 e por Wagner Assis Rodrigues e Thalles Paulino de Avila (Superintendentes) em 20/01/2026. Processo SEI nº 202500010099521.",ISG,Instituto Sócrates Guanaes - ISG,Secretaria de Estado da Saúde de Goiás - SES/GO,Secretaria de Estado da Saúde de Goiás - SES/GO,3,0,0,outro,,8717100.95,,2028-06-24,2012-06-28,,False
2025,C:\OSS-Goias\documentos\ISG\HDT\2025\05_Contrato_Gestao_Aditivos\Relatorio-Resumido-da-Execucao-Orcamentaria-e-Financeira-por-Contrato-de-Gestao-Outubro-2025-2.pdf,Relatorio-Resumido-da-Execucao-Orcamentaria-e-Financeira-por-Contrato-de-Gestao-Outubro-2025-2,,,Tesouro Estadual,HDT,0,0,17,091/2012-SES/GO,"Relatório Resumido da Execução Orçamentária e Financeira por Contrato de Gestão referente ao período de Janeiro a Outubro/2025 - Hospital Estadual de Doenças Tropicais Dr. Anuar Auad (HDT), gerido pelo Instituto Sócrates Guanaes (ISG).","Relatório de Execução nº 613/2025 SES/CGC/SUPECC-19837. Período: Janeiro a Outubro/2025. Vigência do 17º Termo Aditivo: 24/06/2025 a 24/06/2028 (36 meses). Repasse mensal 17º TA Custeio: R$ 8.717.100,95 + Residência (Gratificação e Despesa de custeio diverso): R$ 66.393,50. Total de pagamentos no período (custeio): R$ 85.840.639,14. Total estimado no contrato de gestão: R$ 101.217.307,76. Apostilamentos vigentes: 8º ao 17º (01/2025 a 10/2025). Servidores cedidos pagos diretamente pelo GGP/SES/GO. Investimento repassado: R$ 164.430,00 (aquisição de 245 cadeiras de trabalho e 16 cadeiras giratórias, processo 202400010075997, pago em 11/03/2025). Total glosas aplicadas: R$ 190.614,72.",ISG,"Instituto Sócrates Guanaes – ISG, CNPJ: 03.969.808/0001-70","Secretaria de Estado da Saúde – SES/GO, CNPJ: 02.529.964/0001-57",Secretaria de Estado da Saúde – SES/GO,2,0,2,outro,,8717100.95,,2028-06-24,2012-06-28,36,False
2025,C:\OSS-Goias\documentos\ISG\HDT\2025\05_Contrato_Gestao_Aditivos\Relatorio-Resumido-da-Execucao-Orcamentaria-e-Financeira-por-Contrato-de-Gestao-Outubro-2025-Excel.xlsx,Relatorio-Resumido-da-Execucao-Orcamentaria-e-Financeira-por-Contrato-de-Gestao-Outubro-2025-Excel,,,Tesouro Estadual,HDT,0,9,17,091/2012-SES/GO,"Relatório Resumido da Execução Orçamentária e Financeira por Contrato de Gestão - Janeiro a Outubro/2025 - Hospital Estadual de Doenças Tropicais Dr. Anuar Auad (HDT), gerido pelo Instituto Sócrates Guanaes (ISG)","17º Termo Aditivo (SEI nº 76123695) com vigência de 24/06/2025 a 24/06/2027. Previsão de repasse mensal (17º TA): Custeio R$ 8.717.100,95 + Residência (Gratificação e Despesa de custeio diverso) R$ 66.393,50. Investimentos: não constam nesta referência. Apostilamentos: 8º (SEI nº 71381182) Ref. 01/2025; 9º Ref. 02/2025 (SEI nº 72189225); 10º também mencionado. DEA paga em jan/2025: Piso Nacional de Enfermagem ref. dez/2024 R$ 180.223,62; Fundo Rescisório Custeio ref. dez/2024 R$ 78.499,19; Residência ref. dez/2024 R$ 10.460,80. Investimento repassado: aquisição de 245 cadeiras de trabalho e 16 cadeiras giratórias (Processo 202400010075997) R$ 164.430,00.",ISG,Instituto Sócrates Guanaes - ISG (CNPJ: 03.969.808/0003-31; Matriz: 03.969.808/0001-70),Secretaria de Estado da Saúde – SES/GO (CNPJ: 02.529.964/0001-57),Secretaria de Estado da Saúde – SES/GO,2,3,2,outro,,8783494.45,101217307.76,2027-06-24,2012-06-28,,False
2025,C:\OSS-Goias\documentos\ISG\HDT\2025\05_Contrato_Gestao_Aditivos\Relatorio-Resumido-da-Execucao-Orcamentaria-e-Financeira-por-Contrato-de-Gestao-Setembro-2025-Excel.xlsx,Relatorio-Resumido-da-Execucao-Orcamentaria-e-Financeira-por-Contrato-de-Gestao-Setembro-2025-Excel,,,Tesouro Estadual,HDT,0,0,17,091/2012-SES/GO,"Relatório Resumido da Execução Orçamentária e Financeira por Contrato de Gestão - Hospital Estadual de Doenças Tropicais Dr. Anuar Auad (HDT), referente ao período de janeiro a setembro de 2025, sob gestão do Instituto Sócrates Guanaes (ISG).","17º Termo Aditivo (SEI nº 76123695) vigência: 24/06/2025 a 24/06/2027. 8º Apostilamento (SEI nº 71381182) Ref. 01/2025. 9º Apostilamento Ref. 02/2025 (SEI nº 72189225). Valor mensal estimado 17º TA Custeio: R$ 8.717.100,95. Residência (Gratificação e Despesa de custeio diverso): R$ 66.393,50. Valor Estimado no Contrato de Gestão = Custeio (R$ 7.634.070,56) + Residência (R$ 104.260,48) + Servidor Cedido (R$ 1.477.312,45) + Apostilamentos. Total empenhado no período (custeio): R$ 103.287.095,80. Total liquidado (custeio): R$ 84.523.923,65. Total pago (custeio): R$ 75.895.360,94. Total de pagamentos no mês acumulado: R$ 76.534.606,97. Investimentos repassados: aquisição de 245 cadeiras de trabalho e 16 cadeiras giratórias (Processo 202400010075997, valor R$ 164.430,00). Glosa agosto/2025: R$ 475.088,61; glosa setembro/2025: R$ 102.076,48.",ISG,Instituto Sócrates Guanaes - ISG (CNPJ: 03.969.808/0003-31),Secretaria de Estado da Saúde – SES/GO (CNPJ: 02.529.964/0001-57),Secretaria de Estado da Saúde – SES/GO,1,0,3,outro,,8717100.95,76534606.97,2025-06-24,2012-06-28,,True
2025,C:\OSS-Goias\documentos\ISG\HDT\2025\05_Contrato_Gestao_Aditivos\Relatorio-Resumido-da-Execucao-Orcamentaria-e-Financeira-por-Contrato-de-Gestao-Setembro-2025.pdf,Relatorio-Resumido-da-Execucao-Orcamentaria-e-Financeira-por-Contrato-de-Gestao-Setembro-2025,,,Tesouro Estadual,HDT,0,0,17,091/2012-SES/GO,Relatório Resumido da Execução Orçamentária e Financeira por Contrato de Gestão - Mês/Ano: Janeiro a Setembro/2025 - Hospital Estadual de Doenças Tropicais Dr. Anuar Auad - HDT,"Relatório de Execução nº 561/2025 SES/CGC/SUPECC-19837. Vigência do 17º Termo Aditivo: 24/06/2025 a 24/06/2028 (36 meses). Valor mensal estimado 17º TA: Custeio R$8.717.100,95 + Residência (Gratificação e Despesa de custeio diverso) R$66.393,50. Total de pagamentos no período jan-set/2025: R$76.534.606,97. Investimento repassado: R$164.430,00 (aquisição de 245 cadeiras de trabalho e 16 cadeiras giratórias - ISG-HDT). Total de glosas: R$577.165,09. Servidores cedidos pagos diretamente pelo GGP da SES/GO (não compõem repasses à OSS). Documento assinado por Ludmilla Costa Xavier (Gestor de Contrato) em 05/11/2025 e Wagner Assis Rodrigues e Thalles Paulino de Avila (Superintendentes) em 01/12/2025.",ISG,INSTITUTO SÓCRATES GUANAES - ISG - CNPJ: 03.969.808/0001-70,SECRETARIA DE ESTADO DA SAÚDE – SES/GO - CNPJ: 02.529.964/0001-57,Secretaria de Estado da Saúde - SES/GO,2,0,2,outro,,8717100.95,,2028-06-24,2012-06-28,,False
2025,C:\OSS-Goias\documentos\ISG\HDT\2025\05_Contrato_Gestao_Aditivos\SEI-GOVERNADORIA-72444706-Relatorio-de-Execucao-1.pdf,SEI-GOVERNADORIA-72444706-Relatorio-de-Execucao-1,,,Tesouro Estadual,HDT,0,0,16,091/2012-SES/GO,Relatório Resumido da Execução Orçamentária e Financeira por Contrato de Gestão - Mês/Ano: Janeiro e Fevereiro/2025 - Hospital Estadual de Doenças Tropicais Dr. Anuar Auad (HDT),"Relatório de Execução nº 101/2025 SES/CGC/SUPECC-19837. Contrato de Gestão nº 091/2012-SES/GO com 16º Termo Aditivo (vigência 24/06/2023 a 24/06/2025) e 8º Apostilamento (ref. 01/2025) e 9º Apostilamento (ref. 02/2025). Valor mensal estimado custeio: R$ 7.634.070,56 + Residência R$ 64.842,00. Apostilamento jan/25: R$ 183.200,13; fev/25: R$ 184.165,13. Servidores cedidos pagos diretamente pelo GGP da SES/GO. Total de pagamentos no período: R$ 22.656.939,60. Repasse Restos a Pagar dez/2024: R$ 202.344,18. DEA: Piso Nacional de Enfermagem ref. dez/24 R$ 180.223,62; Custeio dez/24 R$ 78.499,19; Residência dez/24 R$ 10.460,80. Sem investimentos repassados no período.",ISG,INSTITUTO SÓCRATES GUANAES - ISG,SECRETARIA DE ESTADO DA SAÚDE – SES/GO,Secretaria de Estado da Saúde de Goiás,2,0,2,outro,,7634070.56,,2025-06-24,2012-06-28,,False
2025,C:\OSS-Goias\documentos\ISG\HDT\2025\05_Contrato_Gestao_Aditivos\SEI-GOVERNADORIA-72444706-Relatorio-de-Execucao.xlsx,SEI-GOVERNADORIA-72444706-Relatorio-de-Execucao,,,Tesouro Estadual,HDT,0,0,16,091/2012-SES/GO,"Relatório Resumido da Execução Orçamentária e Financeira por Contrato de Gestão referente ao Hospital Estadual de Doenças Tropicais Dr. Anuar Auad – HDT, período janeiro a fevereiro/2025","Contrato de Gestão nº 091/2012-SES/GO (SEI nº 000026779439); 16º Termo Aditivo (SEI nº 64687320) com vigência 24/06/2023 a 24/06/2025; 8º Apostilamento (SEI nº 71381182) Ref. 01/2025; 9º Apostilamento Ref. 02/2025 (SEI nº 72189225). Previsão repasse mensal custeio: R$ 7.634.070,56; Residência (Gratificação e Despesa): R$ 64.842,00. Total empenhado jan-fev/2025: R$ 45.065.520,16. Total liquidado: R$ 22.185.411,81. Total pago: R$ 22.656.939,60. Repasse Restos a Pagar referência dez/2024: R$ 202.344,18. DEA: 7º Apostilamento Piso Nacional de Enfermagem dez/24 R$ 180.223,62; Custeio dez/24 Fundo Rescisório R$ 78.499,19; Residência dez/24 R$ 10.460,80. Servidor Cedido jan/25: R$ 1.442.642,79; fev/25: R$ 1.367.087,15. Bolsa Residentes jan/25 e fev/25: R$ 52.229,51 cada.",ISG,Instituto Sócrates Guanaes - ISG (CNPJ: 03.969.808/0003-31),Secretaria de Estado da Saúde – SES/GO (CNPJ: 02.529.964/0001-57),Secretaria de Estado da Saúde – SES/GO,2,0,0,outro,,7698912.56,,2025-06-24,2012-06-28,,False
2025,C:\OSS-Goias\documentos\IMED\PFRE\2025\05_Contrato_Gestao_Aditivos\SEI_GOVERNADORIA-70842015-Aditivo.pdf,SEI_GOVERNADORIA-70842015-Aditivo,2025-02-25,,Tesouro Estadual e SUS (Transferências Fundo a Fundo de Recursos do SUS),Policlínica Estadual da Região do Entorno - Unidade Formosa,6,15,1,88/2024-SES/GO,"Prorrogação da vigência do Termo de Colaboração nº 88/2024-SES/GO por mais 180 dias (início em 05/01/2025 e término em 03/07/2025 ou até a conclusão do chamamento público), alterações das especificações técnicas e adequação do valor de custeio, para o gerenciamento, operacionalização e execução das ações e serviços de saúde na Policlínica Estadual da Região do Entorno - Unidade Formosa.","Primeiro Termo Aditivo ao Termo de Colaboração nº 88/2024-SES/GO (SEI nº 62338875). Prorrogação por 180 dias ou até a conclusão do chamamento público (processo SEI nº 202400010038080). Fundamento legal: Lei estadual nº 21.740/2022 e Lei Federal nº 13.019/2014. Notas de empenho: 00001 (R$ 713.749,50), 00002 (R$ 3.687.705,75) e 00074 (R$ 8.005.494,58), totalizando R$ 12.406.949,83 empenhados. Fonte de recursos: Recurso Não Vinculados de Impostos (15000100) e Transferências Fundo a Fundo do SUS (16000232). A unidade possui 09 poltronas de hemodiálise (8 cadeiras conforme Quadro 18). Documento assinado em 24/02/2025 pelo IMED e em 25/02/2025 pelo Secretário de Estado da Saúde.",IMED,"IMED - Instituto de Medicina, Estudos e Desenvolvimento","Estado de Goiás, por intermédio da Secretaria de Estado da Saúde - SES/GO",Secretaria de Estado da Saúde de Goiás - SES/GO,6,16,67,termo_aditivo,,2401345.13,14408070.78,2025-07-03,2025-01-05,6,False
2025,C:\OSS-Goias\documentos\IMED\PFRE\2025\05_Contrato_Gestao_Aditivos\SEI_GOVERNADORIA-76128526-Termo.pdf,SEI_GOVERNADORIA-76128526-Termo,2025-06-30,,Recursos não vinculados de impostos - Receitas Ordinárias (Fonte 25000100) – Fundo Estadual de Saúde,PFRE,6,16,,21/2025,"Gerenciamento, operacionalização e execução das ações e serviços de saúde, em regime de 12 horas/dia, na Policlínica Estadual da Região do Entorno – Unidade Formosa, localizada na Avenida Oeste - Quadras 04, 05 e 09 – Jardim Oliveira - Formosa - GO, bem como a promoção de todas as atividades constantes do Plano de Trabalho e Anexos Técnicos, parte integrante do Edital de Chamamento Público nº 10/2024.","Documento celebrado na forma da Lei federal nº 13.019/2014, Lei estadual nº 22.511/2023 e Decreto estadual nº 10.356/2023, com base no Edital de Chamamento Público nº 10/2024. O valor total estimado de R$ 86.520.465,03 inclui o custeio mensal de R$ 2.401.345,13 por 36 meses (R$ 86.448.424,68) acrescido da despesa pré-operacional de até R$ 72.040,35 (3% do custeio mensal). A unidade não possui servidores cedidos. Processo administrativo nº 202400010038080. Assinado eletronicamente: IMED em 27/06/2025 e Secretário de Estado em 30/06/2025. Inclui Termo de Permissão de Uso de Bens Móveis e Termo de Permissão de Uso de Bem Imóvel como Anexos VI e VII respectivamente. Do valor mensal, 90% está vinculado à avaliação dos indicadores de produção (sendo 70% parte fixa e 30% parte variável) e 10% vinculado aos indicadores de desempenho. Despesas administrativas limitadas a 3% do repasse mensal.",IMED,"Instituto de Medicina, Estudos e Desenvolvimento – IMED","Estado de Goiás, por intermédio da Secretaria de Estado da Saúde – SES/GO",Secretaria de Estado da Saúde de Goiás – SES/GO,7,17,68,contrato_gestao_inicial,,2401345.13,86520465.03,2028-06-30,2025-07-01,36,True
2025,C:\OSS-Goias\documentos\AGIR\HEJ\2025\05_Contrato_Gestao_Aditivos\Termo 41-2025 HEJ.pdf,Termo 41-2025 HEJ,2025-08-13,2025-08-14,Recursos não vinculados de impostos - receitas ordinárias (Fonte 15000100); Fundo Estadual de Saúde,HEJ,17,19,,41/2025,"Gerenciamento, operacionalização e execução das ações e serviços de saúde em regime de 24 horas/dia no Hospital Estadual de Jataí Dr. Serafim de Carvalho - HEJ, localizado na Rua Joaquim Caetano, 1876, Divino Espírito Santo, Jataí - GO, bem como a promoção de todas as atividades constantes do Plano de Trabalho e Anexos Técnicos, parte integrante do Edital de Chamamento Público nº 06/2024.","Documento é um Termo de Colaboração (parceria OSC - Lei 13.019/2014), não um Contrato de Gestão (OSS - Lei 9.637/1998). Processo nº 202300010051875. Anteriormente o HEJ era gerido pela FUNDAHC (Termo de Colaboração nº 01/2020-SES). Valor total inclui parcela única de despesas pré-operacionais de até R$ 297.605,27. Parte fixa: 90% do valor mensal (R$ 8.928.158,04/mês); Parte variável: 10% (R$ 992.017,56/mês) vinculada a indicadores de desempenho. O HEJ possui 128 leitos. Chamamento Público nº 06/2024. Assinado em 13/08/2025; vigência a partir de 01/09/2025. A unidade não possui servidores cedidos.",AGIR,"Associação de Gestão, Inovação e Resultados em Saúde - AGIR (CNPJ 05.029.600/0002-87)",Estado de Goiás - Secretaria de Estado da Saúde (SES/GO),Secretaria de Estado da Saúde de Goiás - SES/GO,8,14,38,contrato_gestao_inicial,,9920175.6,357126321.6,2028-08-31,2025-09-01,36,True
2025,C:\OSS-Goias\documentos\AGIR\HEJ\2025\05_Contrato_Gestao_Aditivos\Termo de Colaboração 41.2025.pdf,Termo de Colaboração 41.2025,2025-09-11,2025-09-15,,HEJ,0,0,1,41/2025,"Modificação da forma de composição do Fundo de Provisão, mediante a alteração da Cláusula Nona - Dos Recursos Financeiros, item 9.21, bem como a inclusão dos itens 9.21.1, 9.21.2 e 9.21.2.1, ao Termo original. Do total repassado para custeio, 4,67% serão destinados a conta exclusiva do Fundo de Provisão, para cobrir encargos trabalhistas e judiciais dos colaboradores celetistas contratados pelo Parceiro Privado.","O Parceiro Público deverá rever o percentual de 4,67% após 24 meses de composição do Fundo de Provisão. O Parceiro Privado poderá solicitar revisão do percentual em prazo inferior, desde que demonstrada a (in)suficiência do Fundo. Alterações devem ser formalizadas por Apostila ou Aditivo, conforme análise da SUPECC. Processo administrativo nº 202500010067616. SEI nº 79372195.",AGIR,"Associação de Gestão, Inovação, e Resultados em Saúde - AGIR",Estado de Goiás - Secretaria de Estado da Saúde - SES/GO,Secretaria de Estado da Saúde - SES/GO,0,0,0,termo_aditivo,,,,,,,False
2025,C:\OSS-Goias\documentos\IPGSE\HERSO\2025\05_Contrato_Gestao_Aditivos\termo-de-colaboracao-101-2024-ses-07-07-2025-454ee89a1c.pdf,termo-de-colaboracao-101-2024-ses-07-07-2025-454ee89a1c,2024-08-30,,Recursos não vinculados de impostos - receitas ordinárias (Tesouro Estadual); Fundo Estadual de Saúde,HERSO,14,15,,101/2024,"Gerenciamento, operacionalização e execução das ações e serviços de saúde, em regime de 24 horas/dia, no Hospital Estadual de Santa Helena de Goiás Dr. Albanir Faleiros Machado - HERSO, localizado na Av. Uirapuru, s/n - Parque Res. Isaura, Santa Helena de Goiás - GO, bem como a promoção de todas as atividades constantes do Plano de trabalho e Anexos Técnicos, parte integrante do Edital de Chamamento Público nº 04/2023.","O documento é um Termo de Colaboração (não contrato de gestão) celebrado com base na Lei federal nº 13.019/2014 e no Edital de Chamamento Público nº 04/2023. O custo mensal estimado total da unidade (incluindo servidores cedidos) é de R$ 8.010.256,01, totalizando R$ 288.369.216,36 para 36 meses. O custo estimado dos servidores cedidos é de R$ 1.912.273,17/mês (R$ 68.841.834,12 para 36 meses), pago diretamente pelo parceiro público e não repassado ao IPGSE. A parte variável do repasse corresponde a 10% (R$ 609.798,28/mês) vinculada aos indicadores de desempenho; a parte fixa corresponde a 90% (R$ 5.488.184,56/mês). O HERSO possui 69 leitos gerais, 18 leitos complementares e 4 leitos dia. O parceiro público pagou servidores cedidos (299 no total). O PARCEIRO PRIVADO deve utilizar no máximo 70% dos recursos com despesas de pessoal. Signatários: Rasível dos Reis Santos Júnior (SES/GO) e Aluisio Parmezani Pancracio (IPGSE), assinados eletronicamente em 30/08/2024.",IPGSE,Instituto de Planejamento e Gestão de Serviços Especializados - IPGSE,"Estado de Goiás, por meio da Secretaria de Estado da Saúde - SES/GO",Secretaria de Estado da Saúde de Goiás - SES/GO,7,14,31,contrato_gestao_inicial,73175794.08,6097982.84,219527382.24,,,36,True
2025,C:\OSS-Goias\documentos\IMED\PFRE\2025\05_Contrato_Gestao_Aditivos\TERMO-DE-PERMISSAO-DE-USO-BENS-IMOVEIS.pdf,TERMO-DE-PERMISSAO-DE-USO-BENS-IMOVEIS,2025-06-30,,,PFRE,0,0,,,"Cessão e permissão de uso do imóvel onde funciona a Policlínica Estadual da Região do Entorno – Unidade Formosa, para atendimento ao Sistema Único de Saúde – SUS, parte integrante do Termo de Colaboração nº 21/2025-SES/GO.","Termo de Permissão de Uso de Bem Imóvel é parte integrante do Termo de Colaboração nº 21/2025-SES/GO. Fundamentação legal: Lei estadual nº 21.740/2022. Processo administrativo nº 20240001003880. Benfeitorias realizadas pelo PERMISSIONÁRIO serão incorporadas ao imóvel sem direito a indenização ou retenção, salvo acordo formal em contrário. Permissão de uso a título gratuito. Foro: Goiânia-GO.",IMED,"Instituto de Medicina, Estudos e Desenvolvimento – IMED","Estado de Goiás, por intermédio da Secretaria de Estado da Saúde – SES/GO",Secretaria de Estado da Saúde – SES/GO,2,0,0,outro,,,,,,,True
2025,C:\OSS-Goias\documentos\IMED\PFRE\2025\05_Contrato_Gestao_Aditivos\TERMO-DE-PERMISSAO-DE-USO-BENS-MOVEIS.pdf,TERMO-DE-PERMISSAO-DE-USO-BENS-MOVEIS,,,,PFRE,0,0,,21/2025-SES/GO,"Cessão e permissão de uso gratuito de bens móveis para utilização nas dependências da Policlínica Estadual da Região do Entorno – Unidade Formosa, para atendimento aos usuários do SUS, conforme inventário de bens a ser anexado ao Termo de Colaboração nº 21/2025-SES/GO.","Documento é um Termo de Permissão de Uso de Bens Móveis, parte integrante do Termo de Colaboração nº 21/2025-SES/GO. Fundamentado na Lei Estadual 21.740/2022. Vigência vinculada à do Termo de Colaboração nº 21/2025-SES/GO. Processo administrativo nº 202400010038080.",IMED,"Instituto de Medicina, Estudos e Desenvolvimento – IMED","Estado de Goiás, por intermédio da Secretaria de Estado da Saúde – SES/GO",Secretaria de Estado da Saúde – SES/GO,2,0,0,outro,,,,,,,False
2026,C:\OSS-Goias\documentos\FUNEV\HEANA\2026\05_Contrato_Gestao_Aditivos\1770664747292-Apostila_85831200_28__Apostilamento___HEANA.pdf,1770664747292-Apostila_85831200_28__Apostilamento___HEANA,2026-01-30,,Assistência Financeira Complementar da União / Tesouro Estadual – dotação orçamentária 2026.2850.10.302.1043.2516.03.26050001-50,HEANA,0,0,28,66/2019-SES/GO,"Repasse de Assistência Financeira Complementar da União, visando ao cumprimento do piso salarial nacional de enfermeiros, técnicos e auxiliares de enfermagem e parteiras (Piso Nacional da Enfermagem), referente à parcela de Dezembro de 2025, à Fundação Universitária Evangélica – FUNEV, para gerenciamento, operacionalização e execução do Hospital Estadual de Anápolis Dr. Henrique Santillo – HEANA.",Vigésimo Oitavo Termo de Apostilamento. SEI nº 000010361058. Nota de Empenho nº 2026.2850.131.00001 (SEI nº 85614928). Processo Administrativo nº 202600010002885 vinculado ao nº 201900010008114. Fundamentado no Parecer Jurídico nº 717/2023-SES/PROCSET e Portaria GM/MS nº 9.624/2025.,FUNEV,Fundação Universitária Evangélica – FUNEV,Secretaria de Estado da Saúde – SES/GO,Secretaria de Estado da Saúde – SES/GO,0,0,0,termo_apostilamento,,740739.1,740739.1,,2026-01-30,,False
2026,C:\OSS-Goias\documentos\FUNEV\HEANA\2026\05_Contrato_Gestao_Aditivos\1772470642612-Apostila_86810329_29__Apostilamento____HEANA.pdf,1772470642612-Apostila_86810329_29__Apostilamento____HEANA,2026-02-23,,Assistência Financeira Complementar da União / Tesouro Estadual – dotação orçamentária 2026.2850.10.302.1043.2516.03.16050001-50,HEANA,0,0,29,66/2019-SES/GO,"Repasse de Assistência Financeira Complementar da União, visando ao cumprimento do piso salarial nacional de enfermeiros, técnicos e auxiliares de enfermagem e parteiras (Piso Nacional da Enfermagem), referente à parcela de janeiro de 2026, à Fundação Universitária Evangélica – FUNEV, para gerenciamento, operacionalização e execução do Hospital Estadual de Anápolis Dr. Henrique Santillo – HEANA.","Vigésimo Nono Termo de Apostilamento ao Contrato de Gestão nº 66/2019-SES/GO. SEI nº 000010361058. Nota de Empenho nº 2026.2850.057.00026 (SEI nº 86632984). Processo nº 202600010009694 vinculado ao de nº 201900010008114. Assinado por Rasivel dos Reis Santos Junior, Secretário (a) de Estado.",FUNEV,Fundação Universitária Evangélica – FUNEV,Secretaria de Estado da Saúde – SES/GO,Secretaria de Estado da Saúde – SES/GO,0,0,0,termo_apostilamento,,,738461.97,,2026-02-23,,False
2026,C:\OSS-Goias\documentos\FUNEV\HEANA\2026\05_Contrato_Gestao_Aditivos\1774542499194-Apostila_88152660_30__Apostilamento___HEANA.pdf,1774542499194-Apostila_88152660_30__Apostilamento___HEANA,2026-03-23,,Assistência Financeira Complementar da União (Piso Nacional da Enfermagem),HEANA,0,0,30,66/2019-SES/GO,"Repasse de Assistência Financeira Complementar da União, visando ao cumprimento do piso salarial nacional de enfermeiros, técnicos e auxiliares de enfermagem e parteiras (Piso Nacional da Enfermagem), referente à parcela de fevereiro de 2026, à Fundação Universitária Evangélica – FUNEV, para gerenciamento, operacionalização e execução do Hospital Estadual de Anápolis Dr. Henrique Santillo – HEANA.","Trigésimo Termo de Apostilamento. Dotação orçamentária: 2026.2850.10.302.1043.2516.03.16050001-50. Nota de Empenho nº 2026.2850.057.00046 (SEI nº 87907503). Processo nº 202600010017695, vinculado ao processo original nº 201900010008114. SEI nº 000010361058.",FUNEV,Fundação Universitária Evangélica – FUNEV,Secretaria de Estado da Saúde – SES/GO,Secretaria de Estado da Saúde – SES/GO,0,0,0,termo_apostilamento,,,724860.62,,,,False
2026,C:\OSS-Goias\documentos\FUNEV\HEANA\2026\05_Contrato_Gestao_Aditivos\1777484707356-Apostila_89534946_31__Apostilamento___HEANA.pdf,1777484707356-Apostila_89534946_31__Apostilamento___HEANA,2026-04-24,,"Assistência Financeira Complementar da União / Tesouro Estadual – dotação orçamentária 2026.2850.10.302.1043.2516.03.16050001-50, Nota de Empenho nº 2026.2850.057.00070",HEANA,0,0,31,66/2019-SES/GO,"Repasse de Assistência Financeira Complementar da União, visando ao cumprimento do piso salarial nacional de enfermeiros, técnicos e auxiliares de enfermagem e parteiras (Piso Nacional da Enfermagem), referente à parcela de março de 2026, à Fundação Universitária Evangélica – FUNEV, para gerenciamento, operacionalização e execução do Hospital Estadual de Anápolis Dr. Henrique Santillo – HEANA.","Trigésimo Primeiro Termo de Apostilamento. Processo nº 202600010029786, Processo Original nº 201900010008114. Fundamentado no Parecer Jurídico nº 717/2023-SES/PROCSET e Portaria GM/MS nº 10.414/2026. Documento assinado eletronicamente por Rasivel dos Reis Santos Junior, Secretário (a) de Estado, em 24/04/2026.",FUNEV,Fundação Universitária Evangélica – FUNEV,Secretaria de Estado da Saúde – SES/GO,Secretaria de Estado da Saúde – SES/GO,0,0,0,termo_apostilamento,,,728161.64,,2026-04-24,,False
2026,C:\OSS-Goias\documentos\AGIR\HUGOL\2026\05_Contrato_Gestao_Aditivos\24º Apostilamento HUGOL.pdf,24º Apostilamento HUGOL,2026-03-23,,Assistência Financeira Complementar da União / Tesouro Estadual – dotação orçamentária 2026.2850.10.302.1043.2516.03.16050001-50,HUGOL,0,0,24,003/2014-SES/GO,"Repasse financeiro de Assistência Financeira Complementar da União, visando ao cumprimento do piso salarial nacional de enfermeiros, técnicos e auxiliares de enfermagem e parteiras (Piso Nacional da Enfermagem), referente à parcela de fevereiro de 2026, à Associação de Gestão, Inovação e Resultados em Saúde - AGIR.","Vigésimo Quarto Termo de Apostilamento. Parcela única referente ao Piso Nacional da Enfermagem de fevereiro de 2026. Nota de Empenho nº 2026.2850.057.00051 (SEI nº 87947941). Processo Administrativo nº 202600010017736, vinculado ao nº 201400010001769. Fundamento no Parecer Jurídico nº 717/2023-SES/PROCSET e Portaria GM/MS nº 10.252/2026. Demais cláusulas do contrato original, aditivos e apostilas permanecem inalteradas.",AGIR,"Associação de Gestão, Inovação e Resultados em Saúde - AGIR",Secretaria de Estado da Saúde – SES/GO,Secretaria de Estado da Saúde – SES/GO,0,0,0,termo_apostilamento,,,899727.15,,2026-03-23,,False
2026,C:\OSS-Goias\documentos\AGIR\HUGOL\2026\05_Contrato_Gestao_Aditivos\25 º APOSTILAMENTO HUGOL.pdf,25 º APOSTILAMENTO HUGOL,2026-04-24,,Assistência Financeira Complementar da União / Dotação orçamentária 2026.2850.10.302.1043.2516.03.16050001.50,HUGOL,0,0,25,003/2014-SES/GO,"Repasse financeiro de Assistência Financeira Complementar da União visando ao cumprimento do piso salarial nacional de enfermeiros, técnicos e auxiliares de enfermagem e parteiras (Piso Nacional da Enfermagem), referente à parcela de março de 2026, à AGIR, no contexto do gerenciamento, operacionalização e execução do Hospital Estadual de Urgências Governador Otávio Lage de Siqueira - HUGOL.","Vigésimo Quinto Termo de Apostilamento. Nota de Empenho nº 2026.2850.057.00072 (SEI nº 89327868). Fundamentado no Parecer Jurídico nº 717/2023-SES/PROCSET e na Portaria GM/MS nº 10.414/2026. Processo Administrativo nº 202600010029783, vinculado ao nº 201400010001769.",AGIR,"Associação de Gestão, Inovação e Resultados em Saúde - AGIR",Secretaria de Estado da Saúde – SES/GO,Secretaria de Estado da Saúde – SES/GO,0,0,0,termo_apostilamento,,913269.39,913269.39,,2026-04-24,,False
2026,C:\OSS-Goias\documentos\IMED\HETRIN\2026\05_Contrato_Gestao_Aditivos\27-Apostilamento_88148533_SEI_87952953_Apostila_HETRIN.pdf,27-Apostilamento_88148533_SEI_87952953_Apostila_HETRIN,2026-03-23,,Assistência Financeira Complementar da União / Tesouro Estadual (dotação orçamentária 2026.2850.10.302.1043.2516.03.16050001.50),HETRIN,0,0,27,37/2019-SES/GO,"Repasse financeiro de Assistência Financeira Complementar da União visando ao cumprimento do piso salarial nacional de enfermeiros, técnicos e auxiliares de enfermagem e parteiras (Piso Nacional da Enfermagem), referente à parcela de fevereiro/2026, ao Instituto de Medicina, Estudos e Desenvolvimento - IMED, para o Hospital Estadual de Trindade Walda Ferreira dos Santos - HETRIN.","Vigésimo Sétimo Termo de Apostilamento. SEI nº 8939634 (contrato original). Nota de Empenho nº 2026.2850.057.00049 (SEI nº 87949179). Processo Administrativo nº 202600010018162, vinculado ao de nº 201900010008727. Fundamentado no Parecer Jurídico nº 717/2023-SES/PROCSET e na Portaria GM/MS nº 10.252/2026. Parcela única de R$ 459,32 referente a fevereiro/2026.",IMED,"Instituto de Medicina, Estudos e Desenvolvimento - IMED",Secretaria de Estado da Saúde – SES/GO,Secretaria de Estado da Saúde – SES/GO,0,0,0,termo_apostilamento,,,459.32,,2026-03-23,,False
2026,C:\OSS-Goias\documentos\AGIR\HEJ\2026\05_Contrato_Gestao_Aditivos\6º Apostilamento HEJ.pdf,6º Apostilamento HEJ,2026-03-23,,Tesouro Federal / União - dotação orçamentária 2026.2850.10.302.1043.2516.03.16050001.50,HEJ,0,0,6,41/2025-SES/GO,"Repasse de Assistência Financeira Complementar da União, visando ao cumprimento do piso salarial nacional de enfermeiros, técnicos e auxiliares de enfermagem e parteiras (Piso Nacional da Enfermagem), referente à parcela de Fevereiro de 2026, ao Hospital Estadual de Jataí Dr. Serafim de Carvalho - HEJ.","Sexto Termo de Apostilamento. Fundamento: Parecer Jurídico nº 717/2023-SES/PROCSET, Portaria GM/MS nº 10.252/2026 e Requisição de Despesa nº 102/2026-SES/GEMOD. Nota de Empenho nº 2026.2850.057.00048. Processo Administrativo nº 202600010018416, vinculado ao nº 202300010051875.",AGIR,"Associação de Gestão, Inovação, e Resultados em Saúde - AGIR",Secretaria de Estado da Saúde – SES/GO,Secretaria de Estado da Saúde – SES/GO,0,0,0,termo_apostilamento,,,257898.31,,2026-03-23,,False
2026,C:\OSS-Goias\documentos\IMED\HETRIN\2026\05_Contrato_Gestao_Aditivos\7o-Termo-Aditivo-HETRIN.pdf,7o-Termo-Aditivo-HETRIN,2026-02-19,,Recursos não vinculados de impostos - Receitas Ordinárias (Fundo Estadual de Saúde - FES),HETRIN,17,22,7,037/2019-SES/GO,"Aumento da capacidade instalada com a criação de novos leitos após a conclusão das Obras para ampliação e reforma, ajustes do plano de metas, ajustes inerentes ao Programa de Residência Médica e/ou Residência Multiprofissional, ajustes relacionados aos Servidores Cedidos, adequações de custeio e do sistema de repasse ao Contrato de Gestão nº 037/2019-SES/GO referente ao Hospital Estadual de Trindade Walda Ferreira dos Santos (HETRIN).","Sétimo Termo Aditivo ao Contrato de Gestão nº 037/2019-SES/GO. Vigência a partir de 16/03/2026, condicionada à publicação na imprensa oficial. Repasse em duas etapas: 1ª Etapa (16/03/2026 a 15/05/2026) - repasse mensal de R$ 9.035.343,37; 2ª Etapa (16/05/2026 a 24/08/2027) - repasse mensal de R$ 11.555.402,31. Valor total estimado do aditivo: R$ 94.593.597,86. Nota de empenho nº 2026.2850.050.00081 no valor de R$ 26.635.340,88 (29/01/2026). Efetivação do repasse de cada etapa condicionada à vistoria técnica pela SPAIS. Processo administrativo nº 202400010053312, vinculado ao processo original nº 201900010008727. Estrutura de leitos na 1ª etapa: UTI Adulto 10, Clínica Médica 44, Clínica Cirúrgica 51, Leito Dia 04; na 2ª etapa: UTI Adulto 20, Clínica Médica 56, Clínica Cirúrgica 39, Clínica Ortopédica 20, Clínica Obstétrica/ALCON 14, Leito Dia 04, PPP 03.",IMED,"IMED - Instituto de Medicina, Estudos e Desenvolvimento","Estado de Goiás, por intermédio da Secretaria de Estado da Saúde – SES/GO",Secretaria de Estado da Saúde de Goiás – SES/GO,6,11,27,termo_aditivo,,9035343.37,94593597.86,,2026-03-16,,False
2026,C:\OSS-Goias\documentos\AGIR\HEJ\2026\05_Contrato_Gestao_Aditivos\7º APOSTILAMENTO HEJ.pdf,7º APOSTILAMENTO HEJ,2026-04-24,,Assistência Financeira Complementar da União / Tesouro Estadual – dotação orçamentária 2026.2850.10.302.1043.2516.03.16050001.50,HEJ,0,0,7,41/2025-SES/GO,"Repasse de Assistência Financeira Complementar da União, visando ao cumprimento do piso salarial nacional de enfermeiros, técnicos e auxiliares de enfermagem e parteiras (Piso Nacional da Enfermagem), referente à parcela de março de 2026, ao Hospital Estadual de Jataí Dr. Serafim de Carvalho - HEJ.","Sétimo Termo de Apostilamento ao Termo de Colaboração nº 41/2025-SES/GO (SEI nº 78145084). Parcela única de R$ 263.338,65 referente ao Piso Nacional da Enfermagem – março/2026. Nota de Empenho nº 2026.2850.057.00055 (SEI nº 89247196). Processo Administrativo nº 202600010029849, vinculado ao nº 202300010051875. Fundamento: Parecer Jurídico nº 717/2023-SES/PROCSET e Portaria GM/MS nº 10.414/2026.",AGIR,"Associação de Gestão, Inovação, e Resultados em Saúde - AGIR",Secretaria de Estado da Saúde – SES/GO,,0,0,0,termo_apostilamento,,,263338.65,,2026-04-24,,False
2026,C:\OSS-Goias\documentos\IMED\PFRE\2026\05_Contrato_Gestao_Aditivos\Apostila_85832582_7__Apostilamento___PC_Formosa_pdf.pdf,Apostila_85832582_7__Apostilamento___PC_Formosa_pdf,2026-01-30,,Assistência Financeira Complementar da União / Dotação orçamentária 2026.2850.10.302.1043.2516.03.26050001-50,PFRE,0,0,7,21/2025-SES/GO,"Repasse de Assistência Financeira Complementar da União visando ao cumprimento do piso salarial nacional de enfermeiros, técnicos e auxiliares de enfermagem e parteiras (Piso Nacional da Enfermagem), referente à parcela de Dezembro de 2025, ao Instituto de Medicina, Estudos e Desenvolvimento (IMED), no contexto do gerenciamento, operacionalização e execução dos serviços de saúde da Policlínica Estadual da Região do Entorno - Formosa","Sétimo Termo de Apostilamento ao Termo de Colaboração nº 21/2025-SES/GO (SEI nº 76128526). Fundamentado no Parecer Jurídico nº 717/2023-SES/PROCSET e na Portaria GM/MS nº 9.624/2025. Nota de Empenho nº 2026.2850.131.00020 (SEI nº 85628597). Processo nº 202600010002919, vinculado ao processo original nº 202400010038080. Assinado eletronicamente por Rasivel dos Reis Santos Junior, Secretário de Estado.",IMED,"Instituto de Medicina, Estudos e Desenvolvimento (IMED)",Secretaria de Estado da Saúde – SES/GO,Secretaria de Estado da Saúde – SES/GO,0,0,0,termo_apostilamento,,30980.08,30980.08,,2026-01-30,,False
2026,C:\OSS-Goias\documentos\AGIR\HUGOL\2026\05_Contrato_Gestao_Aditivos\Apostila_86032371_SEI_85638004_Apostila.pdf,Apostila_86032371_SEI_85638004_Apostila,2026-01-30,,Assistência Financeira Complementar da União / Tesouro Estadual – dotação orçamentária 2026.2850.10.302.1043.2516.03.26050001.50,HUGOL,0,0,22,003/2014-SES/GO,"Repasse financeiro de Assistência Financeira Complementar da União visando ao cumprimento do piso salarial nacional de enfermeiros, técnicos e auxiliares de enfermagem e parteiras (Piso Nacional da Enfermagem), referente à parcela de Dezembro de 2025, à AGIR, no âmbito do gerenciamento, operacionalização e execução do HUGOL.","Vigésimo Segundo Termo de Apostilamento. Parcela única de R$ 880.734,82 referente ao Piso Nacional da Enfermagem de Dezembro de 2025. Nota de Empenho nº 2026.2850.131.00023 (SEI nº 85632191). Processo nº 202600010002828 vinculado ao processo original nº 201400010001769. Assinado eletronicamente por Rasivel dos Reis Santos Junior, Secretário de Estado, em 30/01/2026.",AGIR,"Associação de Gestão, Inovação e Resultados em Saúde - AGIR",Secretaria de Estado da Saúde – SES/GO,Secretaria de Estado da Saúde – SES/GO,0,0,0,termo_apostilamento,,,880734.82,,2026-01-30,,False
2026,C:\OSS-Goias\documentos\AGIR\HEJ\2026\05_Contrato_Gestao_Aditivos\Apostila_86055981_SEI_85652842_Apostila_HEJ.pdf,Apostila_86055981_SEI_85652842_Apostila_HEJ,2026-01-30,,Assistência Financeira Complementar da União / Tesouro Federal,HEJ,0,0,4,41/2025-SES/GO,"Repasse de Assistência Financeira Complementar da União visando ao cumprimento do piso salarial nacional de enfermeiros, técnicos e auxiliares de enfermagem e parteiras (Piso Nacional da Enfermagem), referente à parcela de Dezembro de 2025, ao Hospital Estadual de Jataí Dr. Serafim de Carvalho - HEJ","Quarto Termo de Apostilamento ao Termo de Colaboração nº 41/2025-SES/GO (SEI nº 78145084). Processo nº 202600010003138, vinculado ao processo original nº 202300010051875. Dotação orçamentária 2026.2850.10.302.1043.2516.03.26050001.50 e Nota de Empenho nº 2026.2850.131.00017 (SEI nº 85630321). Fundamento: Parecer Jurídico nº 717/2023-SES/PROCSET e Portaria GM/MS nº 9.624/2025.",AGIR,"Associação de Gestão, Inovação, e Resultados em Saúde - AGIR",Secretaria de Estado da Saúde – SES/GO,Secretaria de Estado da Saúde – SES/GO,0,0,0,termo_apostilamento,,,239785.29,,2026-01-30,,False
2026,C:\OSS-Goias\documentos\IMED\PFRE\2026\05_Contrato_Gestao_Aditivos\Apostila_86811173_8__Apostilamento___PC_Formosa.pdf,Apostila_86811173_8__Apostilamento___PC_Formosa,2026-02-23,,Assistência Financeira Complementar da União (Portaria GM/MS nº 10.173/2026),PFRE,0,0,8,21/2025-SES/GO,"Repasse de Assistência Financeira Complementar da União para cumprimento do piso salarial nacional de enfermeiros, técnicos e auxiliares de enfermagem e parteiras (Piso Nacional da Enfermagem), referente à parcela de Janeiro de 2026, ao Instituto de Medicina, Estudos e Desenvolvimento (IMED)","Oitavo Termo de Apostilamento ao Termo de Colaboração nº 21/2025-SES/GO. Processo nº 202600010009705, vinculado ao Processo Original nº 202400010038080. Dotação orçamentária 2026.2850.10.302.1043.2516.03.16050001-50, Nota de Empenho nº 2026.2850.057.00004 (SEI nº 86431129). Documento assinado eletronicamente por Rasivel dos Reis Santos Junior, Secretário (a) de Estado.",IMED,"Instituto de Medicina, Estudos e Desenvolvimento (IMED)",Secretaria de Estado da Saúde – SES/GO,Secretaria de Estado da Saúde – SES/GO,0,0,1,termo_apostilamento,,30980.08,30980.08,,2026-02-23,,False
2026,C:\OSS-Goias\documentos\IMED\PFRE\2026\05_Contrato_Gestao_Aditivos\Apostila_88153244_9__Apostilamento___PC_FORMOSA.pdf,Apostila_88153244_9__Apostilamento___PC_FORMOSA,2026-03-19,,Assistência Financeira Complementar da União (Piso Nacional da Enfermagem) – dotação orçamentária 2026.2850.10.302.1043.2516.03.16050001-50,PFRE,0,0,9,21/2025-SES/GO,"Repasse de Assistência Financeira Complementar da União visando ao cumprimento do piso salarial nacional de enfermeiros, técnicos e auxiliares de enfermagem e parteiras (Piso Nacional da Enfermagem), referente à parcela de fevereiro de 2026, ao Instituto de Medicina, Estudos e Desenvolvimento (IMED), no âmbito do gerenciamento, operacionalização e execução dos serviços de saúde da Policlínica Estadual da Região do Entorno - Formosa","Nono Termo de Apostilamento ao Termo de Colaboração nº 21/2025-SES/GO. Processo nº 202600010017721, vinculado ao processo original nº 202400010038080. Nota de Empenho nº 2026.2850.057.00028 (SEI nº 87784526). Parcela referente a fevereiro de 2026.",IMED,"Instituto de Medicina, Estudos e Desenvolvimento (IMED)",Secretaria de Estado da Saúde – SES/GO,Secretaria de Estado da Saúde – SES/GO,0,0,0,termo_apostilamento,,30980.08,30980.08,,2026-03-19,,False
2026,C:\OSS-Goias\documentos\IMED\PFRE\2026\05_Contrato_Gestao_Aditivos\Apostila_89536023_10__Apostilamento_PC_Formosa.pdf,Apostila_89536023_10__Apostilamento_PC_Formosa,2026-04-24,,Assistência Financeira Complementar da União / Tesouro Estadual - dotação orçamentária 2026.2850.10.302.1043.2516.03.16050001-50,PFRE,0,0,10,21/2025-SES/GO,"Repasse de Assistência Financeira Complementar da União visando ao cumprimento do piso salarial nacional de enfermeiros, técnicos e auxiliares de enfermagem e parteiras (Piso Nacional da Enfermagem), referente à parcela de março de 2026, ao Instituto de Medicina, Estudos e Desenvolvimento (IMED) - Gerenciamento, operacionalização e execução dos serviços de saúde da Policlínica Estadual da Região do Entorno - Formosa","Décimo Termo de Apostilamento ao Termo de Colaboração nº 21/2025-SES/GO (SEI nº 76128526). Processo nº 202600010029806, vinculado ao processo original nº 202400010038080. Nota de Empenho nº 2026.2850.057.00071 (SEI nº 89306449). Fundamento: Parecer Jurídico nº 717/2023-SES/PROCSET e Portaria GM/MS nº 10.414/2026. Assinado por Rasivel dos Reis Santos Junior, Secretário (a) de Estado.",IMED,"Instituto de Medicina, Estudos e Desenvolvimento (IMED)",Secretaria de Estado da Saúde – SES/GO,Secretaria de Estado da Saúde – SES/GO,0,0,0,termo_apostilamento,,27862.76,27862.76,,2026-04-24,,False
2026,C:\OSS-Goias\documentos\IMED\HETRIN\2026\05_Contrato_Gestao_Aditivos\Apostilamento_85946368_SEI_85647547_Apostila.pdf,Apostilamento_85946368_SEI_85647547_Apostila,2026-01-30,,Assistência Financeira Complementar da União; dotação orçamentária 2026.2850.10.302.1043.2516.03.26050001.50,HETRIN,0,0,25,37/2019-SES/GO,"Repasse financeiro de Assistência Financeira Complementar da União visando ao cumprimento do piso salarial nacional de enfermeiros, técnicos e auxiliares de enfermagem e parteiras (Piso Nacional da Enfermagem), referente à parcela de Dezembro/2025, ao Instituto de Medicina, Estudos e Desenvolvimento - IMED.","Vigésimo Quinto Termo de Apostilamento. Objeto original do contrato: Gerenciamento, operacionalização e execução do Hospital Estadual de Trindade Walda Ferreira dos Santos - HETRIN. Nota de Empenho nº 2026.2850.131.00004 (SEI nº 85618330). Processo nº 202600010003094, vinculado ao processo original nº 201900010008727. Assinado eletronicamente por Rasivel dos Reis Santos Junior, Secretário(a) de Estado.",IMED,"Instituto de Medicina, Estudos e Desenvolvimento - IMED",Secretaria de Estado da Saúde – SES/GO,Secretaria de Estado da Saúde – SES/GO,0,0,0,termo_apostilamento,,,229.66,,2026-01-30,,False
2026,C:\OSS-Goias\documentos\AGIR\HEJ\2026\05_Contrato_Gestao_Aditivos\Apostilamento_86825107_5__Apostilamento_Piso_de_Enfermagem___HEJ.pdf,Apostilamento_86825107_5__Apostilamento_Piso_de_Enfermagem___HEJ,2026-02-23,,Assistência Financeira Complementar da União / Tesouro Estadual (dotação orçamentária 2026.2850.10.302.1043.2516.03.16050001.50),HEJ,0,0,5,41/2025-SES/GO,"Repasse de Assistência Financeira Complementar da União visando ao cumprimento do piso salarial nacional de enfermeiros, técnicos e auxiliares de enfermagem e parteiras (Piso Nacional da Enfermagem), referente à parcela de Dezembro de 2026, ao Hospital Estadual de Jataí Dr. Serafim de Carvalho - HEJ","Quinto Termo de Apostilamento ao Termo de Colaboração nº 41/2025-SES/GO (SEI nº 78145084). Fundamentado no Parecer Jurídico nº 717/2023-SES/PROCSET e na Portaria GM/MS nº 10.173/2026. Nota de Empenho nº 2026.2850.057.00021 (SEI nº 86609315). Processo Administrativo nº 202600010010066, vinculado ao nº 202300010051875. Assinado eletronicamente por Rasivel dos Reis Santos Junior, Secretário(a) de Estado.",AGIR,"Associação de Gestão, Inovação, e Resultados em Saúde - AGIR",Secretaria de Estado da Saúde – SES/GO,,0,0,0,termo_apostilamento,,,246862.25,,2026-02-23,,False
2026,C:\OSS-Goias\documentos\IMED\HETRIN\2026\05_Contrato_Gestao_Aditivos\Apostilamento_86825918_26__Apostilamento_piso_de_enfermagem___HETRIN.pdf,Apostilamento_86825918_26__Apostilamento_piso_de_enfermagem___HETRIN,2026-02-23,,Assistência Financeira Complementar da União / Tesouro Estadual - dotação orçamentária 2026.2850.10.302.1043.2516.03.16050001.50,HETRIN,0,0,26,37/2019-SES/GO,"Repasse financeiro de Assistência Financeira Complementar da União, visando ao cumprimento do piso salarial nacional de enfermeiros, técnicos e auxiliares de enfermagem e parteiras (Piso Nacional da Enfermagem), referente à parcela de janeiro/2026, ao Instituto de Medicina, Estudos e Desenvolvimento - IMED, no contexto do gerenciamento, operacionalização e execução do Hospital Estadual de Trindade Walda Ferreira dos Santos - HETRIN.","Vigésimo Sexto Termo de Apostilamento. Parcela única de R$ 229,66 referente ao Piso Nacional da Enfermagem - janeiro/2026. Nota de Empenho nº 2026.2850.057.00024 (SEI nº 86614274). Processo Administrativo nº 202600010009953, vinculado ao de nº 201900010008727. Fundamentado no Parecer Jurídico nº 717/2023-SES/PROCSET e na Portaria GM/MS nº 10.173/2026.",IMED,"Instituto de Medicina, Estudos e Desenvolvimento - IMED",Secretaria de Estado da Saúde – SES/GO,Secretaria de Estado da Saúde – SES/GO,0,0,0,termo_apostilamento,,,229.66,,2026-02-23,,False
2026,C:\OSS-Goias\documentos\AGIR\HUGOL\2026\05_Contrato_Gestao_Aditivos\Apostilamento_86826330_23__Apostilamento_HUGOL.pdf,Apostilamento_86826330_23__Apostilamento_HUGOL,2026-02-23,,Assistência Financeira Complementar da União / Dotação orçamentária 2026.2850.10.302.1043.2516.03.16050001-50,HUGOL,0,0,23,003/2014-SES/GO,"Repasse financeiro de Assistência Financeira Complementar da União visando ao cumprimento do piso salarial nacional de enfermeiros, técnicos e auxiliares de enfermagem e parteiras (Piso Nacional da Enfermagem), referente à parcela de Janeiro de 2026, à AGIR, no contexto do gerenciamento, operacionalização e execução do HUGOL.","Vigésimo Terceiro Termo de Apostilamento. Nota de Empenho nº 2026.2850.057.00023 (SEI nº 86611331). Processo nº 202600010009742, vinculado ao Processo Original nº 201400010001769. Fundamentado no Parecer Jurídico nº 717/2023-SES/PROCSET e na Portaria GM/MS nº 10.173/2026. Permanecem inalteradas as demais cláusulas do contrato original.",AGIR,"Associação de Gestão, Inovação e Resultados em Saúde - AGIR",Secretaria de Estado da Saúde – SES/GO,,0,0,0,termo_apostilamento,,,892738.49,,2026-02-23,,False
2026,C:\OSS-Goias\documentos\IMED\HETRIN\2026\05_Contrato_Gestao_Aditivos\Apostilamento_89563382_SEI_89274432_Apostila_28_HETRIN.pdf,Apostilamento_89563382_SEI_89274432_Apostila_28_HETRIN,2026-04-24,,Assistência Financeira Complementar da União / Dotação orçamentária 2026.2850.10.302.1043.2516.03.16050001.50,HETRIN,0,0,28,37/2019-SES/GO,"Repasse financeiro de Assistência Financeira Complementar da União visando ao cumprimento do piso salarial nacional de enfermeiros, técnicos e auxiliares de enfermagem e parteiras (Piso Nacional da Enfermagem), referente à parcela de março/2026, ao Instituto de Medicina, Estudos e Desenvolvimento - IMED, no âmbito do Contrato de Gestão nº 37/2019-SES/GO para gerenciamento, operacionalização e execução do Hospital Estadual de Trindade Walda Ferreira dos Santos - HETRIN.","Vigésimo Oitavo Termo de Apostilamento. Parcela única de R$ 229,66 referente ao Piso Nacional da Enfermagem de março/2026. Nota de Empenho nº 2026.2850.057.00056 (SEI nº 89264134). Processo Administrativo nº 202600010029773 vinculado ao nº 201900010008727. Fundamentado no Parecer Jurídico nº 717/2023-SES/PROCSET e na Portaria GM/MS nº 10.414/2026.",IMED,"Instituto de Medicina, Estudos e Desenvolvimento - IMED",Secretaria de Estado da Saúde – SES/GO,Secretaria de Estado da Saúde – SES/GO,0,0,0,termo_apostilamento,,,229.66,,2026-04-24,,False
2026,C:\OSS-Goias\documentos\IPGSE\HERSO\2026\05_Contrato_Gestao_Aditivos\competencias-previstas-1-aditivo-herso-2026-09-02-2026-b99987614c.pdf,competencias-previstas-1-aditivo-herso-2026-09-02-2026-b99987614c,2026-02-09,,,HERSO,0,0,1,101/2024-SES/GO,"Gerenciamento, operacionalização e execução das ações e serviços de saúde do Hospital Estadual de Santa Helena de Goiás Dr. Albanir Faleiros Machado - HERSO, pelo IPGSE, conforme competências previstas no 1º Termo Aditivo ao Termo de Colaboração 101/2024-SES/GO.","Documento intitulado 'Competências Previstas - 1º Termo Aditivo ao Termo de Colaboração 101/2024-SES/GO', elaborado pelo IPGSE. Descreve cláusulas que permaneceram inalteradas no 1º Aditivo (Cláusula Terceira, Quinta e Décima Quarta). Termo de Colaboração original com início de vigência em 30/08/2024; 1º Aditivo com início de vigência em 09/06/2025. Documento assinado eletronicamente por Romero Leão Giovannetti, Superintendente Administrativo, em 09/02/2026.",IPGSE,Instituto de Planejamento e Gestão de Serviços Especializados - IPGSE,Estado de Goiás / Secretaria de Estado da Saúde de Goiás (SES/GO),Secretaria de Estado da Saúde de Goiás (SES/GO),2,0,0,termo_aditivo,,,,,2025-06-09,,False
2026,C:\OSS-Goias\documentos\IPGSE\HERSO\2026\05_Contrato_Gestao_Aditivos\competencias-previstas-2-aditivo-herso-2026-09-02-2026-c4211dd921.pdf,competencias-previstas-2-aditivo-herso-2026-09-02-2026-c4211dd921,2026-02-09,,,HERSO,0,0,2,101/2024-SES/GO,"Gerenciamento, operacionalização e execução das ações e serviços de saúde do Hospital Estadual de Santa Helena de Goiás Dr. Albanir Faleiros Machado - HERSO pelo IPGSE, conforme competências previstas no 2º Termo Aditivo ao Termo de Colaboração 101/2024-SES/GO","Documento intitulado 'Competências Previstas - 2º Termo Aditivo ao Termo de Colaboração 101/2024-SES/GO', publicado pelo IPGSE, elencando cláusulas inalteradas do ajuste (Cláusula Terceira, Quinta e Décima Quarta). Histórico de vigências: Termo original iniciou em 30/08/2024; 1º Aditivo em 09/06/2025; 2º Aditivo em 30/07/2025. Documento assinado eletronicamente por Romero Leão Giovannetti, Superintendente Administrativo, em 09/02/2026.",IPGSE,Instituto de Planejamento e Gestão de Serviços Especializados - IPGSE,Estado de Goiás / Secretaria de Estado da Saúde de Goiás (SES/GO),Secretaria de Estado da Saúde de Goiás (SES/GO),3,0,0,termo_aditivo,,,,,2025-07-30,,False
2026,C:\OSS-Goias\documentos\IMED\HETRIN\2026\05_Contrato_Gestao_Aditivos\COMPETENCIAS-PREVISTAS-NO-CONTRATO-DE-GESTAO-HETRIN-05-03-26.pdf,COMPETENCIAS-PREVISTAS-NO-CONTRATO-DE-GESTAO-HETRIN-05-03-26,,,,HETRIN,0,0,,037/2019,"Gestão do Hospital Estadual Trindade - Walda Ferreira dos Santos (HETRIN) pelo IMED, com execução de atividades e serviços de saúde descritos no Edital de Chamamento e Proposta de Trabalho, conforme competências previstas no Contrato de Gestão nº 037/2019-SES/GO e seus termos aditivos (1º ao 7º).","Documento de Portal da Transparência que consolida as competências do Contrato de Gestão nº 037/2019-SES/GO e de seu 1º ao 7º Termo Aditivo (assinados em 13/10/2020, 25/03/2021, 21/07/2022, 16/10/2023, 13/09/2024, 30/07/2025 e 23/02/2026 respectivamente), bem como do Estatuto Social do IMED (constituído em 29/08/2013, última alteração em 23/08/2024). Fundamento legal: Lei Estadual nº 18.025/2013. OSS qualificada pelo Decreto Estadual nº 8.150/2014. O documento não é o contrato original nem um termo aditivo, mas uma compilação de competências para o Portal da Transparência.",IMED,"IMED – Instituto de Medicina, Estudos e Desenvolvimento",Estado de Goiás,Secretaria de Estado da Saúde de Goiás (SES/GO),4,0,10,outro,,,,,,,False
2026,C:\OSS-Goias\documentos\IPGSE\HERSO\2026\05_Contrato_Gestao_Aditivos\competencias-previstas-termo-herso-2026-09-02-2026-6f69d8852e.pdf,competencias-previstas-termo-herso-2026-09-02-2026-6f69d8852e,,,,HERSO,0,0,,101/2024-SES/GO,"Gerenciamento, operacionalização e execução das ações e serviços de saúde do Hospital Estadual de Santa Helena de Goiás Dr. Albanir Faleiros Machado - HERSO pelo IPGSE, conforme obrigações e responsabilidades do Parceiro Privado descritas no Termo de Colaboração 101/2024-SES/GO.","Documento se refere ao resumo de competências previstas no Termo de Colaboração 101/2024-SES/GO, destacando apenas Cláusulas Terceira, Quinta e Décima Quarta. Não contém o contrato integral. Vigência informada apenas como início em 30/08/2024. Assinado eletronicamente por Romero Leão Giovannetti, Superintendente Administrativo do IPGSE, em 09/02/2026.",IPGSE,Instituto de Planejamento e Gestão de Serviços Especializados - IPGSE,Estado de Goiás / Secretaria de Estado da Saúde de Goiás (SES/GO),Secretaria de Estado da Saúde de Goiás (SES/GO),4,0,0,contrato_gestao_inicial,,,,,2024-08-30,,False
2026,C:\OSS-Goias\documentos\ISG\HDT\2026\05_Contrato_Gestao_Aditivos\HDT-8.pdf,HDT-8,,,Tesouro Estadual,HDT,0,0,17,091/2012-SES/GO,"Relatório de Execução Orçamentária e Financeira do Contrato de Gestão nº 091/2012-SES/GO - 17º Termo Aditivo, referente ao Hospital Estadual de Doenças Tropicais Dr. Anuar Auad (HDT), mês de janeiro/2026.","Vigência do Contrato de Gestão nº 091/2012-SES/GO: início 28/06/2012, término 24/06/2028. Vigência do 17º Termo Aditivo: 24/06/2025 a 24/06/2028 (36 meses). Previsão de repasse mensal: Custeio R$ 8.717.100,95 + Residência (Gratificação e Despesa de custeio diverso) R$ 66.393,50. Valor Estimado no Contrato de Gestão: Custeio (R$ 8.717.100,95) + Residência (R$ 142.985,05) + Servidor Cedido (R$ 1.423.715,45) + Apostilamento (Jan/26 - R$ 184.068,94). Servidor Cedido jan/26: R$ 1.519.254,62; Bolsa de Residentes jan/26: R$ 56.171,38; Gratificação do Supervisor COREME Estatutário jan/26: R$ 7.333,30. Total empenhado/liquidado jan/25: R$ 70.991.537,96. Montante pago jan/25: R$ 8.703.562,71. Glosa total: R$ 13.538,24 (Natureza 3.3.50.85.02, Processo 201100010017260). Relatório de Execução nº 124/2026 SES/CGC/SUPECC-19837, gerado em 11/03/2026.",ISG,"Instituto Sócrates Guanaes - ISG, CNPJ: 03.969.808/0001-70","Secretaria de Estado da Saúde - SES/GO, CNPJ: 02.529.964/0001-57",Secretaria de Estado da Saúde - SES/GO,1,0,0,termo_aditivo,,8717100.95,,2028-06-24,2025-06-24,36,False
2026,C:\OSS-Goias\documentos\ISG\HDT\2026\05_Contrato_Gestao_Aditivos\HDT-Contrato-de-Gestao-no-091-2012-SES-GO-JAN-26.xlsx,HDT-Contrato-de-Gestao-no-091-2012-SES-GO-JAN-26,,,Tesouro Estadual,HDT,0,0,17,091/2012-SES/GO,"Gestão do Hospital Estadual de Doenças Tropicais Dr. Anuar Auad – HDT pelo Instituto Sócrates Guanaes - ISG, com repasse de custeio mensal conforme 17º Termo Aditivo e 20º Apostilamento.","Contrato de Gestão nº 091/2012-SES/GO (SEI nº 000026779439); 17º Termo Aditivo (SEI nº 76123695) com vigência de 24/06/2025 a 24/06/2027; 20º Apostilamento 01/2026 (SEI nº 86489122). Valor mensal estimado total: Custeio R$8.717.100,95 + Residência R$142.985,05 + Servidor Cedido R$1.423.715,45 + Apostilamento Jan/26 R$184.068,94. Servidor Cedido jan/26: R$1.519.254,62; Bolsa de Residentes jan/26: R$56.171,38; Gratificação COREME Servidor Estatutário jan/26: R$7.333,30. Empenhado no mês (custeio): R$70.991.537,96; Liquidado no mês (custeio): R$17.592.983,94; Pago no mês (custeio): R$8.703.562,71.",ISG,Instituto Sócrates Guanaes - ISG (CNPJ: 03.969.808/0003-31),Secretaria de Estado da Saúde – SES/GO (CNPJ: 02.529.964/0001-57),Secretaria de Estado da Saúde – SES/GO,1,0,0,termo_aditivo,,8717100.95,,2027-06-24,2025-06-24,24,False
2026,C:\OSS-Goias\documentos\IPGSE\HERSO\2026\05_Contrato_Gestao_Aditivos\herso-termo-de-colaboracao-n-101-2024-nbsp-set-25-08-12-2025-7966f0a3b1-06-01-2026-04b8353e64.pdf,herso-termo-de-colaboracao-n-101-2024-nbsp-set-25-08-12-2025-7966f0a3b1-06-01-2026-04b8353e64,,2024-08-30,Tesouro Estadual,HERSO,0,0,1,101/2024,"Relatório Resumido da Execução Orçamentária e Financeira por Contrato de Gestão referente ao período de janeiro a setembro de 2025 do Termo de Colaboração nº 101/2024-SES, para gestão do Hospital Estadual de Santa Helena de Goiás Dr. Albanir Faleiros Machado - HERSO, incluindo repasses de custeio e investimentos.","Previsão de repasse mensal do Termo de Colaboração - Custeio: R$ 6.097.982,84. Previsão de repasse mensal do 1º Termo Aditivo - Custeio: R$ 891.098,26, vigência: 21/03/2025 a 30/08/2027. Valor Estimado no Contrato de Gestão = Custeio (R$ 6.097.982,84) + (R$ 891.098,26 - 1º Termo Aditivo) + Servidor Cedido (R$ 1.912.273,17). Total de pagamentos no período: R$ 61.612.606,62 (custeio) + investimentos R$ 1.411.549,57. Processo nº: 202300010023436. Servidores cedidos pagos diretamente pelo GGP da SES/GO, apenas caráter informativo.",IPGSE,"Instituto de Planejamento e Gestão de Serviços Especializados - IPGSE, CNPJ: 18.176.322/0001-51","Secretaria de Estado da Saúde – SES/GO, CNPJ: 02.529.964/0001-57",Secretaria de Estado da Saúde – SES/GO,2,0,0,termo_aditivo,,6989081.1,,2027-08-29,2024-09-01,36,False
2026,C:\OSS-Goias\documentos\Instituto Patris\HEL\2026\05_Contrato_Gestao_Aditivos\id4851_1.32. Apostilamento ao Contrato de Gestão nº 45_2022-SES_GO.pdf,id4851_1.32. Apostilamento ao Contrato de Gestão nº 45_2022-SES_GO,2026-04-24,,Assistência Financeira Complementar da União / Dotação orçamentária 2026.2850.10.302.1043.2516.03.16050001-50,HEL,0,0,32,45/2022-SES/GO,"Repasse de Assistência Financeira Complementar da União, visando ao cumprimento do piso salarial nacional de enfermeiros, técnicos e auxiliares de enfermagem e parteiras (Piso Nacional da Enfermagem), referente à parcela de março de 2026, ao Instituto Patris.","Trigésimo Segundo Termo de Apostilamento ao Contrato de Gestão nº 45/2022-SES/GO. Processo nº 202600010029771. Processo Original nº 202100010000417. Nota de Empenho nº 2026.2850.057.00073 (SEI nº 89328864). Documento assinado eletronicamente por Rasivel dos Reis Santos Junior, Secretário (a) de Estado, em 24/04/2026.",Instituto Patris,Instituto Patris,Secretaria de Estado da Saúde – SES/GO,Secretaria de Estado da Saúde – SES/GO,0,0,0,termo_apostilamento,,,271346.69,,2026-04-24,,False
2026,C:\OSS-Goias\documentos\IPGSE\HERSO\2026\05_Contrato_Gestao_Aditivos\janeiro-a-dezembro-herso-24-02-2026-b678d7621e.pdf,janeiro-a-dezembro-herso-24-02-2026-b678d7621e,,2024-08-30,Tesouro Estadual,HERSO,0,0,,101/2024,"Relatório Resumido da Execução Orçamentária e Financeira do Termo de Colaboração nº 101/2024-SES referente ao Hospital Estadual de Santa Helena de Goiás Dr. Albanir Faleiros Machado (HERSO), período janeiro a dezembro de 2025","Relatório de Execução nº 41/2026 SES/CGC/SUPECC-19837. Período: janeiro a dezembro/2025. Termo de Colaboração nº 101/2024-SES (SEI 64030939). Vigência: 01/09/2024 a 29/08/2027. Valor mensal custeio base: R$ 6.097.982,84. 1º Termo Aditivo (SEI 73343754): custeio adicional R$ 891.098,26, vigência 21/03/2025 a 30/08/2027. Total pago no período (custeio+investimentos+adicionais): R$ 85.363.605,74. Investimentos totais no período: R$ 1.449.109,46. Total de glosas: R$ 662.134,29. Ressarcimentos ao fundo rescisório HERSO: R$ 2.508.631,41 + R$ 381.884,32. Servidores cedidos pagos diretamente pelo GGP/SES, não incluídos nos repasses diretos à OSS. Processo SEI nº 202600010004291. Documento assinado por Ludmilla Costa Xavier (Gestora de Contrato) em 12/02/2026, Wagner Assis Rodrigues (Superintendente) em 18/02/2026 e Thalles Paulino de Avila (Superintendente) em 19/02/2026.",IPGSE,INSTITUTO DE PLANEJAMENTO E GESTÃO DE SERVIÇOS ESPECIALIZADOS - IPGSE,SECRETARIA DE ESTADO DA SAÚDE – SES/GO,SECRETARIA DE ESTADO DA SAÚDE – SES/GO,5,0,0,outro,,6097982.84,,2027-08-29,2024-09-01,36,False
2026,C:\OSS-Goias\documentos\IPGSE\HERSO\2026\05_Contrato_Gestao_Aditivos\janeiro-a-novembro-herso-06-02-2026-aedb697fd1.pdf,janeiro-a-novembro-herso-06-02-2026-aedb697fd1,,2024-08-30,Tesouro Estadual,HERSO,0,0,1,101/2024,"Relatório Resumido da Execução Orçamentária e Financeira do Termo de Colaboração nº 101/2024-SES para gestão do Hospital Estadual de Santa Helena de Goiás Dr. Albanir Faleiros Machado - HERSO, referente ao período de janeiro a novembro de 2025, incluindo repasses de custeio e investimentos.","Documento é Solicitação de Liquidação e Pagamento (relatório de execução orçamentária e financeira), não um contrato ou aditivo formal. O 1º Termo Aditivo acresceu R$ 891.098,26/mês ao custeio, com vigência de 21/03/2025 a 30/08/2027. Valor mensal estimado original: R$ 6.097.982,84. Valor mensal estimado com 1º Aditivo: R$ 6.989.081,10. Total de pagamentos no período (jan-nov/2025): R$ 78.556.106,37. Total de investimentos repassados: R$ 1.449.109,46. Ressarcimentos ao fundo rescisório: R$ 2.508.631,41 e R$ 381.884,32. Servidores cedidos pagos diretamente pelo GGP da SES/GO (não constam no custeio).",IPGSE,Instituto de Planejamento e Gestão de Serviços Especializados - IPGSE,Secretaria de Estado da Saúde – SES/GO,Secretaria de Estado da Saúde – SES/GO,1,0,0,termo_aditivo,,6989081.1,,2027-08-29,2024-09-01,36,False
2026,C:\OSS-Goias\documentos\IPGSE\HERSO\2026\05_Contrato_Gestao_Aditivos\janeiro-a-outubro-herso-06-01-2026-04bb2d70bf.pdf,janeiro-a-outubro-herso-06-01-2026-04bb2d70bf,,,Tesouro Estadual,HERSO,0,0,,101/2024,"Relatório Resumido da Execução Orçamentária e Financeira do Termo de Colaboração nº 101/2024-SES referente ao Hospital Estadual de Santa Helena de Goiás Dr. Albanir Faleiros Machado (HERSO), período janeiro a outubro/2025","Relatório de Execução nº 603/2025 SES/CGC/SUPECC-19837. Valor mensal custeio original: R$ 6.097.982,84. 1º Termo Aditivo (custeio adicional R$ 891.098,26) vigência 21/03/2025 a 30/08/2027. Valor mensal estimado total custeio (contrato + aditivo): R$ 6.989.081,10. Total pago no período (custeio): R$ 67.310.626,63. Total investimentos repassados: R$ 1.449.109,46. Total pagamentos: R$ 68.936.356,16. Glosas aplicadas totalizando R$ 501.030,86 (provisões para ajuste posterior). Servidor cedido pago diretamente pelo GGP/SES com valor estimado de R$ 1.912.273,17/mês.",IPGSE,INSTITUTO DE PLANEJAMENTO E GESTÃO DE SERVIÇOS ESPECIALIZADOS - IPGSE,SECRETARIA DE ESTADO DA SAÚDE – SES/GO,SECRETARIA DE ESTADO DA SAÚDE – SES/GO,0,0,0,outro,,6989081.1,,2027-08-29,2024-09-01,36,False
2026,C:\OSS-Goias\documentos\IPGSE\HERSO\2026\05_Contrato_Gestao_Aditivos\janeiro-herso-08-04-2026-4f7a9bb497.pdf,janeiro-herso-08-04-2026-4f7a9bb497,,2024-08-30,,HERSO,0,0,1,101/2024,"Gestão do Hospital Estadual de Santa Helena de Goiás Dr. Albanir Faleiros Machado - HERSO, com repasse mensal de custeio de R$ 6.097.982,84 acrescido de R$ 891.098,26 pelo 1º Termo Aditivo","Documento é Relatório de Execução nº 126/2026 referente ao mês de janeiro/2026. Valor estimado no contrato de gestão: Custeio R$ 6.097.982,84 + R$ 891.098,26 (1º Termo Aditivo, vigência 21/03/2025 a 30/08/2027) + Servidor Cedido R$ 1.912.273,17. Valor liquidado no mês: R$ 13.263.509,84 (custeio). Total pago no mês: R$ 6.631.754,92 (custeio). Servidor cedido janeiro/2026: R$ 2.464.757,43. Nenhum investimento repassado em janeiro/2026.",IPGSE,Instituto de Planejamento e Gestão de Serviços Especializados - IPGSE,Secretaria de Estado da Saúde de Goiás - SES/GO,Secretaria de Estado da Saúde de Goiás - SES/GO,1,0,0,termo_aditivo,,6989081.1,,2027-08-29,2024-09-01,36,False
2026,C:\OSS-Goias\documentos\Hospital de Amor\CORA\2026\05_Contrato_Gestao_Aditivos\Membros dos conselhos de administração e fiscal última alteração - Janeiro - 2026.xlsx,Membros dos conselhos de administração e fiscal última alteração - Janeiro - 2026,,,,CORA,0,0,,,"Relação de integrantes da Diretoria, membros dos Conselhos de Administração e Fiscal e demais ocupantes de cargos de gestão da Fundação Pio XII (Hospital de Amor), com última alteração em janeiro de 2026.","Documento de governança interna da Fundação Pio XII. Diretoria: Alexandre Oliveira Cecin (Secretário Geral), Maurício Wagner Souto Ferraz (Secretário Administrativo), Caio Augusto Dantas Pereira (Secretário Financeiro), todos com mandato de 28/07/2025 a 28/07/2027, eleitos pela Ata nº 42.413. Conselho de Curadores presidido por Henrique Duarte Prata (vitalício). Conselho Consultivo/Fiscal presidido por Henrique Duarte Prata (vitalício). Data de emissão do documento: 30/01/2026.",Hospital de Amor,Fundação Pio XII (Hospital de Amor),,,0,3,0,outro,,,,,,,False
2026,C:\OSS-Goias\documentos\Hospital de Amor\CORA\2026\05_Contrato_Gestao_Aditivos\Organograma CORA - Abril-2026.pdf,Organograma CORA - Abril-2026,2026-04-22,,,CORA,0,0,,,"Organograma institucional do Complexo Oncológico de Referência do Estado de Goiás (CORA), edição 002/2026, referente ao mês de abril de 2026, elaborado com base no Estatuto Social art. 06 ao 34.","Documento é um organograma institucional (Ed. 002/2026, Mês 04/2026), assinado digitalmente por Rafael Leandro de Mendonça em 22/04/2026. Não se trata de contrato de gestão ou termo aditivo, mas de documento de estrutura organizacional interna do CORA. Gerência Administrativa, Gerência Assistencial e NIR constam como 'Em processo de contratação'.",Hospital de Amor,Hospital de Amor,Estado de Goiás / Secretaria de Estado da Saúde (SES),Secretaria de Estado da Saúde (SES),0,0,29,outro,,,,,,,False
2026,C:\OSS-Goias\documentos\Hospital de Amor\CORA\2026\05_Contrato_Gestao_Aditivos\Organograma CORA - Março-2026.pdf,Organograma CORA - Março-2026,2026-03-13,,,CORA,0,0,,,"Organograma institucional do Complexo Oncológico de Referência do Estado de Goiás (CORA), edição 001/2026, mês março/2026, baseado no Estatuto Social art. 06 ao 34.","Documento trata-se de organograma institucional do CORA, edição 001/2026, mês 03/2026, assinado digitalmente por Rafael Leandro de Mendonça em 13/03/2026. Não é um contrato de gestão ou termo aditivo, mas sim um documento administrativo interno de estrutura organizacional.",Hospital de Amor,Hospital de Amor,Estado de Goiás / SES - Secretaria de Estado da Saúde,SES - Secretaria de Estado da Saúde de Goiás,0,0,30,outro,,,,,,,False
2026,C:\OSS-Goias\documentos\IMED\HETRIN\2026\05_Contrato_Gestao_Aditivos\Publicacao-Diario-Oficial-HETRIN.pdf,Publicacao-Diario-Oficial-HETRIN,,2026-02-23,Tesouro Estadual,HETRIN,0,0,7,037/2019-SES/GO,"Aumento da capacidade instalada com a criação de novos leitos após a conclusão das Obras para ampliação e reforma (Anexo I), ajustes do plano de metas (Anexo I), ajustes inerentes ao Programa de Residência Médica e/ou Residência Multiprofissional (Anexo II), ajustes relacionados aos Servidores Cedidos (Anexo III), adequações de custeio (Anexo IV) e do sistema de repasse (Anexo V).","Dotação Orçamentária: 2026.2850.10.302.1043.2516.04.15000100,90. Signatários: Rasível dos Reis Santos Júnior - Secretário de Estado da Saúde, André Fonseca Leme - IMED. Processo SEI nº 202500010034024, vinculado ao Processo nº 201900010008727. Valor original de R$ 414.471,66 corrigido em 24/11/2025 para R$ 520.401,62 em desacordo com o Contrato de Gestão vigente, conforme mencionado em extrato de tomada de contas especial.",IMED,"Instituto de Medicina, Estudos e Desenvolvimento - IMED",Estado de Goiás - Secretaria de Estado da Saúde,Secretaria de Estado da Saúde,0,0,0,termo_aditivo,,,94593597.86,,,,False
