_ano_pasta,_doc_path,_filename,frequencia,hospital,indicador,meta,oss_gestora,tipo_documento,unidade
2020,C:\OSS-Goias\documentos\IMED\HSLMB\2020\05_Contrato_Gestao_Aditivos\2020-11_Contrato-de-Gestao-no-50-2020.pdf,2020-11_Contrato-de-Gestao-no-50-2020,mensal,HSLMB,Pacientes-dia leitos críticos,274,IMED,contrato_gestao_inicial,pacientes-dia
2020,C:\OSS-Goias\documentos\IMED\HSLMB\2020\05_Contrato_Gestao_Aditivos\2020-11_Contrato-de-Gestao-no-50-2020.pdf,2020-11_Contrato-de-Gestao-no-50-2020,mensal,HSLMB,Pacientes-dia leitos semicríticos,1034,IMED,contrato_gestao_inicial,pacientes-dia
2020,C:\OSS-Goias\documentos\IMED\HSLMB\2020\05_Contrato_Gestao_Aditivos\2020-11_Contrato-de-Gestao-no-50-2020.pdf,2020-11_Contrato-de-Gestao-no-50-2020,mensal,HSLMB,Total pacientes-dia internações,1308,IMED,contrato_gestao_inicial,pacientes-dia
2020,C:\OSS-Goias\documentos\IMED\HSLMB\2020\05_Contrato_Gestao_Aditivos\2020-11_Contrato-de-Gestao-no-50-2020.pdf,2020-11_Contrato-de-Gestao-no-50-2020,,HSLMB,Leitos para pacientes críticos,10,IMED,contrato_gestao_inicial,leitos
2020,C:\OSS-Goias\documentos\IMED\HSLMB\2020\05_Contrato_Gestao_Aditivos\2020-11_Contrato-de-Gestao-no-50-2020.pdf,2020-11_Contrato-de-Gestao-no-50-2020,,HSLMB,Leitos para pacientes semicríticos,40,IMED,contrato_gestao_inicial,leitos
2021,C:\OSS-Goias\documentos\IMED\HSLMB\2021\05_Contrato_Gestao_Aditivos\2021-05_CONTRATO-DE-GESTAO-021-2021-ASSINADO.pdf,2021-05_CONTRATO-DE-GESTAO-021-2021-ASSINADO,mensal,HSLMB,"Saídas hospitalares (clínica, cirúrgica, obstétrica e pediátrica)",306,IMED,contrato_gestao_inicial,saídas/mês
2021,C:\OSS-Goias\documentos\IMED\HSLMB\2021\05_Contrato_Gestao_Aditivos\2021-05_CONTRATO-DE-GESTAO-021-2021-ASSINADO.pdf,2021-05_CONTRATO-DE-GESTAO-021-2021-ASSINADO,outro,HSLMB,Saídas hospitalares total no período,1836,IMED,contrato_gestao_inicial,saídas
2021,C:\OSS-Goias\documentos\IMED\HSLMB\2021\05_Contrato_Gestao_Aditivos\2021-05_CONTRATO-DE-GESTAO-021-2021-ASSINADO.pdf,2021-05_CONTRATO-DE-GESTAO-021-2021-ASSINADO,mensal,HSLMB,"Cirurgias programadas (Cirurgia Geral, Ginecologia, Ortopedia, Vascular/Flebotomia)",25,IMED,contrato_gestao_inicial,cirurgias/mês
2021,C:\OSS-Goias\documentos\IMED\HSLMB\2021\05_Contrato_Gestao_Aditivos\2021-05_CONTRATO-DE-GESTAO-021-2021-ASSINADO.pdf,2021-05_CONTRATO-DE-GESTAO-021-2021-ASSINADO,outro,HSLMB,Cirurgias programadas total no período,150,IMED,contrato_gestao_inicial,cirurgias
2021,C:\OSS-Goias\documentos\IMED\HSLMB\2021\05_Contrato_Gestao_Aditivos\2021-05_CONTRATO-DE-GESTAO-021-2021-ASSINADO.pdf,2021-05_CONTRATO-DE-GESTAO-021-2021-ASSINADO,mensal,HSLMB,Consultas médicas ambulatoriais,828,IMED,contrato_gestao_inicial,consultas/mês
2021,C:\OSS-Goias\documentos\IMED\HSLMB\2021\05_Contrato_Gestao_Aditivos\2021-05_CONTRATO-DE-GESTAO-021-2021-ASSINADO.pdf,2021-05_CONTRATO-DE-GESTAO-021-2021-ASSINADO,outro,HSLMB,Consultas médicas ambulatoriais total no período,4968,IMED,contrato_gestao_inicial,consultas
2021,C:\OSS-Goias\documentos\IMED\HSLMB\2021\05_Contrato_Gestao_Aditivos\2021-05_CONTRATO-DE-GESTAO-021-2021-ASSINADO.pdf,2021-05_CONTRATO-DE-GESTAO-021-2021-ASSINADO,mensal,HSLMB,Procedimentos de vascular ambulatorial,30,IMED,contrato_gestao_inicial,procedimentos/mês
2021,C:\OSS-Goias\documentos\IMED\HSLMB\2021\05_Contrato_Gestao_Aditivos\2021-05_CONTRATO-DE-GESTAO-021-2021-ASSINADO.pdf,2021-05_CONTRATO-DE-GESTAO-021-2021-ASSINADO,outro,HSLMB,Procedimentos de vascular total no período,180,IMED,contrato_gestao_inicial,procedimentos
2021,C:\OSS-Goias\documentos\IMED\HSLMB\2021\05_Contrato_Gestao_Aditivos\2021-05_CONTRATO-DE-GESTAO-021-2021-ASSINADO.pdf,2021-05_CONTRATO-DE-GESTAO-021-2021-ASSINADO,mensal,HSLMB,Pequenos procedimentos,60,IMED,contrato_gestao_inicial,procedimentos/mês
2021,C:\OSS-Goias\documentos\IMED\HSLMB\2021\05_Contrato_Gestao_Aditivos\2021-05_CONTRATO-DE-GESTAO-021-2021-ASSINADO.pdf,2021-05_CONTRATO-DE-GESTAO-021-2021-ASSINADO,outro,HSLMB,Pequenos procedimentos total no período,360,IMED,contrato_gestao_inicial,procedimentos
2021,C:\OSS-Goias\documentos\IMED\HSLMB\2021\05_Contrato_Gestao_Aditivos\2021-05_CONTRATO-DE-GESTAO-021-2021-ASSINADO.pdf,2021-05_CONTRATO-DE-GESTAO-021-2021-ASSINADO,mensal,HSLMB,"SADT Externo (Eletrocardiograma, Raio x, Tomografia, Ultrassom/doppler)",300,IMED,contrato_gestao_inicial,exames/mês
2021,C:\OSS-Goias\documentos\IMED\HSLMB\2021\05_Contrato_Gestao_Aditivos\2021-05_CONTRATO-DE-GESTAO-021-2021-ASSINADO.pdf,2021-05_CONTRATO-DE-GESTAO-021-2021-ASSINADO,outro,HSLMB,SADT Externo total no período,1800,IMED,contrato_gestao_inicial,exames
2021,C:\OSS-Goias\documentos\IMED\HSLMB\2021\05_Contrato_Gestao_Aditivos\2021-05_CONTRATO-DE-GESTAO-021-2021-ASSINADO.pdf,2021-05_CONTRATO-DE-GESTAO-021-2021-ASSINADO,outro,HSLMB,Leitos de internação total,50,IMED,contrato_gestao_inicial,leitos
2021,C:\OSS-Goias\documentos\IMED\HSLMB\2021\05_Contrato_Gestao_Aditivos\2021-05_CONTRATO-DE-GESTAO-021-2021-ASSINADO.pdf,2021-05_CONTRATO-DE-GESTAO-021-2021-ASSINADO,outro,HSLMB,Leitos Clínica Médica (geral e COVID-19),12,IMED,contrato_gestao_inicial,leitos
2021,C:\OSS-Goias\documentos\IMED\HSLMB\2021\05_Contrato_Gestao_Aditivos\2021-05_CONTRATO-DE-GESTAO-021-2021-ASSINADO.pdf,2021-05_CONTRATO-DE-GESTAO-021-2021-ASSINADO,outro,HSLMB,Leitos Cirúrgica,12,IMED,contrato_gestao_inicial,leitos
2021,C:\OSS-Goias\documentos\IMED\HSLMB\2021\05_Contrato_Gestao_Aditivos\2021-05_CONTRATO-DE-GESTAO-021-2021-ASSINADO.pdf,2021-05_CONTRATO-DE-GESTAO-021-2021-ASSINADO,outro,HSLMB,Leitos Obstetrícia,8,IMED,contrato_gestao_inicial,leitos
2021,C:\OSS-Goias\documentos\IMED\HSLMB\2021\05_Contrato_Gestao_Aditivos\2021-05_CONTRATO-DE-GESTAO-021-2021-ASSINADO.pdf,2021-05_CONTRATO-DE-GESTAO-021-2021-ASSINADO,outro,HSLMB,Leitos Pediatria,8,IMED,contrato_gestao_inicial,leitos
2021,C:\OSS-Goias\documentos\IMED\HSLMB\2021\05_Contrato_Gestao_Aditivos\2021-05_CONTRATO-DE-GESTAO-021-2021-ASSINADO.pdf,2021-05_CONTRATO-DE-GESTAO-021-2021-ASSINADO,outro,HSLMB,Leitos UTI,10,IMED,contrato_gestao_inicial,leitos
2021,C:\OSS-Goias\documentos\IMED\HSLMB\2021\05_Contrato_Gestao_Aditivos\2021-10_1-TERMO-ADITIVO-AO-CONTRATO-DE-GESTAO-EMERGENCIAL-N-46-2021.pdf,2021-10_1-TERMO-ADITIVO-AO-CONTRATO-DE-GESTAO-EMERGENCIAL-N-46-2021,,HSLMB,Enfermaria Covid (leitos),16,IMED,termo_aditivo,leitos
2021,C:\OSS-Goias\documentos\IMED\HSLMB\2021\05_Contrato_Gestao_Aditivos\2021-10_1-TERMO-ADITIVO-AO-CONTRATO-DE-GESTAO-EMERGENCIAL-N-46-2021.pdf,2021-10_1-TERMO-ADITIVO-AO-CONTRATO-DE-GESTAO-EMERGENCIAL-N-46-2021,,HSLMB,Enfermaria Cirúrgica (leitos),8,IMED,termo_aditivo,leitos
2021,C:\OSS-Goias\documentos\IMED\HSLMB\2021\05_Contrato_Gestao_Aditivos\2021-10_Contrato-GestOo-Emeregncia_046-2021.pdf,2021-10_Contrato-GestOo-Emeregncia_046-2021,mensal,HSLMB,Saídas hospitalares - Clínica Médica,78,IMED,contrato_gestao_inicial,saídas/mês
2021,C:\OSS-Goias\documentos\IMED\HSLMB\2021\05_Contrato_Gestao_Aditivos\2021-10_Contrato-GestOo-Emeregncia_046-2021.pdf,2021-10_Contrato-GestOo-Emeregncia_046-2021,mensal,HSLMB,Saídas hospitalares - Obstetrícia,52,IMED,contrato_gestao_inicial,saídas/mês
2021,C:\OSS-Goias\documentos\IMED\HSLMB\2021\05_Contrato_Gestao_Aditivos\2021-10_Contrato-GestOo-Emeregncia_046-2021.pdf,2021-10_Contrato-GestOo-Emeregncia_046-2021,mensal,HSLMB,Paciente-dia - Leitos de UTI,274,IMED,contrato_gestao_inicial,paciente-dia/mês
2021,C:\OSS-Goias\documentos\IMED\HSLMB\2021\05_Contrato_Gestao_Aditivos\2021-10_Contrato-GestOo-Emeregncia_046-2021.pdf,2021-10_Contrato-GestOo-Emeregncia_046-2021,mensal,HSLMB,Paciente-dia - Leitos de Enfermaria,620,IMED,contrato_gestao_inicial,paciente-dia/mês
2021,C:\OSS-Goias\documentos\IMED\HSLMB\2021\05_Contrato_Gestao_Aditivos\2021-10_Contrato-GestOo-Emeregncia_046-2021.pdf,2021-10_Contrato-GestOo-Emeregncia_046-2021,,HSLMB,Leitos UTI Adulto COVID,10,IMED,contrato_gestao_inicial,leitos
2021,C:\OSS-Goias\documentos\IMED\HSLMB\2021\05_Contrato_Gestao_Aditivos\2021-10_Contrato-GestOo-Emeregncia_046-2021.pdf,2021-10_Contrato-GestOo-Emeregncia_046-2021,,HSLMB,Leitos Enfermaria Adulto COVID,24,IMED,contrato_gestao_inicial,leitos
2021,C:\OSS-Goias\documentos\IMED\HSLMB\2021\05_Contrato_Gestao_Aditivos\2021-10_Contrato-GestOo-Emeregncia_046-2021.pdf,2021-10_Contrato-GestOo-Emeregncia_046-2021,,HSLMB,Leitos Clínico Adulto,12,IMED,contrato_gestao_inicial,leitos
2021,C:\OSS-Goias\documentos\IMED\HSLMB\2021\05_Contrato_Gestao_Aditivos\2021-10_Contrato-GestOo-Emeregncia_046-2021.pdf,2021-10_Contrato-GestOo-Emeregncia_046-2021,,HSLMB,Leitos Obstetrícia,4,IMED,contrato_gestao_inicial,leitos
2022,C:\OSS-Goias\documentos\IMED\HSLMB\2022\05_Contrato_Gestao_Aditivos\2022-05_Contrato-024-22.pdf,2022-05_Contrato-024-22,mensal,HSLMB,Saídas hospitalares - Clínica Médica,103,IMED,contrato_gestao_inicial,saídas/mês
2022,C:\OSS-Goias\documentos\IMED\HSLMB\2022\05_Contrato_Gestao_Aditivos\2022-05_Contrato-024-22.pdf,2022-05_Contrato-024-22,mensal,HSLMB,Saídas hospitalares - Cirúrgica,172,IMED,contrato_gestao_inicial,saídas/mês
2022,C:\OSS-Goias\documentos\IMED\HSLMB\2022\05_Contrato_Gestao_Aditivos\2022-05_Contrato-024-22.pdf,2022-05_Contrato-024-22,mensal,HSLMB,Saídas hospitalares - Obstétrica,51,IMED,contrato_gestao_inicial,saídas/mês
2022,C:\OSS-Goias\documentos\IMED\HSLMB\2022\05_Contrato_Gestao_Aditivos\2022-05_Contrato-024-22.pdf,2022-05_Contrato-024-22,mensal,HSLMB,Cirurgias Ambulatoriais,176,IMED,contrato_gestao_inicial,cirurgias/mês
2022,C:\OSS-Goias\documentos\IMED\HSLMB\2022\05_Contrato_Gestao_Aditivos\2022-05_Contrato-024-22.pdf,2022-05_Contrato-024-22,mensal,HSLMB,Consulta médica na atenção especializada,870,IMED,contrato_gestao_inicial,consultas/mês
2022,C:\OSS-Goias\documentos\IMED\HSLMB\2022\05_Contrato_Gestao_Aditivos\2022-05_Contrato-024-22.pdf,2022-05_Contrato-024-22,mensal,HSLMB,Consulta multiprofissional na atenção especializada,396,IMED,contrato_gestao_inicial,consultas/mês
2022,C:\OSS-Goias\documentos\IMED\HSLMB\2022\05_Contrato_Gestao_Aditivos\2022-05_Contrato-024-22.pdf,2022-05_Contrato-024-22,mensal,HSLMB,SADT Externo - Eletrocardiograma,20,IMED,contrato_gestao_inicial,exames/mês
2022,C:\OSS-Goias\documentos\IMED\HSLMB\2022\05_Contrato_Gestao_Aditivos\2022-05_Contrato-024-22.pdf,2022-05_Contrato-024-22,mensal,HSLMB,SADT Externo - Raio-x,2000,IMED,contrato_gestao_inicial,exames/mês
2022,C:\OSS-Goias\documentos\IMED\HSLMB\2022\05_Contrato_Gestao_Aditivos\2022-05_Contrato-024-22.pdf,2022-05_Contrato-024-22,mensal,HSLMB,SADT Externo - Tomografia Computadorizada,600,IMED,contrato_gestao_inicial,exames/mês
2022,C:\OSS-Goias\documentos\IMED\HSLMB\2022\05_Contrato_Gestao_Aditivos\2022-05_Contrato-024-22.pdf,2022-05_Contrato-024-22,mensal,HSLMB,SADT Externo - Ultrassonografia/Doppler,100,IMED,contrato_gestao_inicial,exames/mês
2022,C:\OSS-Goias\documentos\IMED\HSLMB\2022\05_Contrato_Gestao_Aditivos\2022-05_Contrato-024-22.pdf,2022-05_Contrato-024-22,mensal,HSLMB,SADT Externo - Ultrassonografia,400,IMED,contrato_gestao_inicial,exames/mês
2022,C:\OSS-Goias\documentos\IMED\HSLMB\2022\05_Contrato_Gestao_Aditivos\2022-05_Contrato-024-22.pdf,2022-05_Contrato-024-22,,HSLMB,Leitos - UTI Adulto,10,IMED,contrato_gestao_inicial,leitos
2022,C:\OSS-Goias\documentos\IMED\HSLMB\2022\05_Contrato_Gestao_Aditivos\2022-05_Contrato-024-22.pdf,2022-05_Contrato-024-22,,HSLMB,Leitos - Clínico Adulto,16,IMED,contrato_gestao_inicial,leitos
2022,C:\OSS-Goias\documentos\IMED\HSLMB\2022\05_Contrato_Gestao_Aditivos\2022-05_Contrato-024-22.pdf,2022-05_Contrato-024-22,,HSLMB,Leitos - Clínica Cirúrgica,20,IMED,contrato_gestao_inicial,leitos
2022,C:\OSS-Goias\documentos\IMED\HSLMB\2022\05_Contrato_Gestao_Aditivos\2022-05_Contrato-024-22.pdf,2022-05_Contrato-024-22,,HSLMB,Leitos - Obstetrícia,4,IMED,contrato_gestao_inicial,leitos
2022,C:\OSS-Goias\documentos\Instituto Patris\HEL\2022\05_Contrato_Gestao_Aditivos\id133_1. Contrato nº 45_2022 - SES (VIGENTE).pdf,id133_1. Contrato nº 45_2022 - SES (VIGENTE),mensal,HEL,Saídas Clínica Médica,200,Instituto Patris,contrato_gestao_inicial,saídas
2022,C:\OSS-Goias\documentos\Instituto Patris\HEL\2022\05_Contrato_Gestao_Aditivos\id133_1. Contrato nº 45_2022 - SES (VIGENTE).pdf,id133_1. Contrato nº 45_2022 - SES (VIGENTE),mensal,HEL,Saídas Obstetrícia,104,Instituto Patris,contrato_gestao_inicial,saídas
2022,C:\OSS-Goias\documentos\Instituto Patris\HEL\2022\05_Contrato_Gestao_Aditivos\id133_1. Contrato nº 45_2022 - SES (VIGENTE).pdf,id133_1. Contrato nº 45_2022 - SES (VIGENTE),mensal,HEL,Saídas Cirúrgica Programada,104,Instituto Patris,contrato_gestao_inicial,saídas
2022,C:\OSS-Goias\documentos\Instituto Patris\HEL\2022\05_Contrato_Gestao_Aditivos\id133_1. Contrato nº 45_2022 - SES (VIGENTE).pdf,id133_1. Contrato nº 45_2022 - SES (VIGENTE),mensal,HEL,Saídas Cirúrgicas,129,Instituto Patris,contrato_gestao_inicial,saídas
2022,C:\OSS-Goias\documentos\Instituto Patris\HEL\2022\05_Contrato_Gestao_Aditivos\id133_1. Contrato nº 45_2022 - SES (VIGENTE).pdf,id133_1. Contrato nº 45_2022 - SES (VIGENTE),mensal,HEL,Cirurgias Programadas,104,Instituto Patris,contrato_gestao_inicial,cirurgias
2022,C:\OSS-Goias\documentos\Instituto Patris\HEL\2022\05_Contrato_Gestao_Aditivos\id133_1. Contrato nº 45_2022 - SES (VIGENTE).pdf,id133_1. Contrato nº 45_2022 - SES (VIGENTE),mensal,HEL,Cirurgia ambulatorial,176,Instituto Patris,contrato_gestao_inicial,cirurgias
2022,C:\OSS-Goias\documentos\Instituto Patris\HEL\2022\05_Contrato_Gestao_Aditivos\id133_1. Contrato nº 45_2022 - SES (VIGENTE).pdf,id133_1. Contrato nº 45_2022 - SES (VIGENTE),mensal,HEL,Consulta médica na atenção especializada,1114,Instituto Patris,contrato_gestao_inicial,consultas
2022,C:\OSS-Goias\documentos\Instituto Patris\HEL\2022\05_Contrato_Gestao_Aditivos\id133_1. Contrato nº 45_2022 - SES (VIGENTE).pdf,id133_1. Contrato nº 45_2022 - SES (VIGENTE),mensal,HEL,Consulta de Multiprofissionais na atenção especializada,792,Instituto Patris,contrato_gestao_inicial,consultas
2022,C:\OSS-Goias\documentos\Instituto Patris\HEL\2022\05_Contrato_Gestao_Aditivos\id133_1. Contrato nº 45_2022 - SES (VIGENTE).pdf,id133_1. Contrato nº 45_2022 - SES (VIGENTE),mensal,HEL,Colonoscopia (SADT Externo),60,Instituto Patris,contrato_gestao_inicial,exames
2022,C:\OSS-Goias\documentos\Instituto Patris\HEL\2022\05_Contrato_Gestao_Aditivos\id133_1. Contrato nº 45_2022 - SES (VIGENTE).pdf,id133_1. Contrato nº 45_2022 - SES (VIGENTE),mensal,HEL,Ecocardiograma (SADT Externo),40,Instituto Patris,contrato_gestao_inicial,exames
2022,C:\OSS-Goias\documentos\Instituto Patris\HEL\2022\05_Contrato_Gestao_Aditivos\id133_1. Contrato nº 45_2022 - SES (VIGENTE).pdf,id133_1. Contrato nº 45_2022 - SES (VIGENTE),mensal,HEL,Eletrocardiograma (SADT Externo),80,Instituto Patris,contrato_gestao_inicial,exames
2022,C:\OSS-Goias\documentos\Instituto Patris\HEL\2022\05_Contrato_Gestao_Aditivos\id133_1. Contrato nº 45_2022 - SES (VIGENTE).pdf,id133_1. Contrato nº 45_2022 - SES (VIGENTE),mensal,HEL,Endoscopia (SADT Externo),50,Instituto Patris,contrato_gestao_inicial,exames
2022,C:\OSS-Goias\documentos\Instituto Patris\HEL\2022\05_Contrato_Gestao_Aditivos\id133_1. Contrato nº 45_2022 - SES (VIGENTE).pdf,id133_1. Contrato nº 45_2022 - SES (VIGENTE),mensal,HEL,Raio-x (SADT Externo),80,Instituto Patris,contrato_gestao_inicial,exames
2022,C:\OSS-Goias\documentos\Instituto Patris\HEL\2022\05_Contrato_Gestao_Aditivos\id133_1. Contrato nº 45_2022 - SES (VIGENTE).pdf,id133_1. Contrato nº 45_2022 - SES (VIGENTE),mensal,HEL,Tomografia Computadorizada (SADT Externo),600,Instituto Patris,contrato_gestao_inicial,exames
2022,C:\OSS-Goias\documentos\Instituto Patris\HEL\2022\05_Contrato_Gestao_Aditivos\id133_1. Contrato nº 45_2022 - SES (VIGENTE).pdf,id133_1. Contrato nº 45_2022 - SES (VIGENTE),mensal,HEL,Ultrassonografia/Doppler (SADT Externo),40,Instituto Patris,contrato_gestao_inicial,exames
2022,C:\OSS-Goias\documentos\Instituto Patris\HEL\2022\05_Contrato_Gestao_Aditivos\id133_1. Contrato nº 45_2022 - SES (VIGENTE).pdf,id133_1. Contrato nº 45_2022 - SES (VIGENTE),mensal,HEL,Ultrassonografia (SADT Externo),400,Instituto Patris,contrato_gestao_inicial,exames
2022,C:\OSS-Goias\documentos\Instituto Patris\HEL\2022\05_Contrato_Gestao_Aditivos\id133_1. Contrato nº 45_2022 - SES (VIGENTE).pdf,id133_1. Contrato nº 45_2022 - SES (VIGENTE),mensal,HEL,Hospital Dia - Atendimentos,176,Instituto Patris,contrato_gestao_inicial,atendimentos
2022,C:\OSS-Goias\documentos\Instituto Patris\HEL\2022\05_Contrato_Gestao_Aditivos\id3888_1.16.1 Primeiro Termo Aditivo ao Contrato de Gestão nº 45_2022-SES_GO.pdf,id3888_1.16.1 Primeiro Termo Aditivo ao Contrato de Gestão nº 45_2022-SES_GO,mensal,HEL,Saídas Clínicas,155,Instituto Patris,termo_aditivo,saídas
2022,C:\OSS-Goias\documentos\Instituto Patris\HEL\2022\05_Contrato_Gestao_Aditivos\id3888_1.16.1 Primeiro Termo Aditivo ao Contrato de Gestão nº 45_2022-SES_GO.pdf,id3888_1.16.1 Primeiro Termo Aditivo ao Contrato de Gestão nº 45_2022-SES_GO,mensal,HEL,Saídas Cirúrgicas,203,Instituto Patris,termo_aditivo,saídas
2022,C:\OSS-Goias\documentos\Instituto Patris\HEL\2022\05_Contrato_Gestao_Aditivos\id3888_1.16.1 Primeiro Termo Aditivo ao Contrato de Gestão nº 45_2022-SES_GO.pdf,id3888_1.16.1 Primeiro Termo Aditivo ao Contrato de Gestão nº 45_2022-SES_GO,mensal,HEL,Saídas Obstétricas,127,Instituto Patris,termo_aditivo,saídas
2022,C:\OSS-Goias\documentos\Instituto Patris\HEL\2022\05_Contrato_Gestao_Aditivos\id3888_1.16.1 Primeiro Termo Aditivo ao Contrato de Gestão nº 45_2022-SES_GO.pdf,id3888_1.16.1 Primeiro Termo Aditivo ao Contrato de Gestão nº 45_2022-SES_GO,mensal,HEL,Cirurgia eletiva hospitalar de alto giro,6,Instituto Patris,termo_aditivo,cirurgias
2022,C:\OSS-Goias\documentos\Instituto Patris\HEL\2022\05_Contrato_Gestao_Aditivos\id3888_1.16.1 Primeiro Termo Aditivo ao Contrato de Gestão nº 45_2022-SES_GO.pdf,id3888_1.16.1 Primeiro Termo Aditivo ao Contrato de Gestão nº 45_2022-SES_GO,mensal,HEL,Cirurgia eletiva hospitalar de alto custo,6,Instituto Patris,termo_aditivo,cirurgias
2022,C:\OSS-Goias\documentos\Instituto Patris\HEL\2022\05_Contrato_Gestao_Aditivos\id3888_1.16.1 Primeiro Termo Aditivo ao Contrato de Gestão nº 45_2022-SES_GO.pdf,id3888_1.16.1 Primeiro Termo Aditivo ao Contrato de Gestão nº 45_2022-SES_GO,mensal,HEL,Cirurgia eletiva hospitalar de média ou alta complexidade,49,Instituto Patris,termo_aditivo,cirurgias
2022,C:\OSS-Goias\documentos\Instituto Patris\HEL\2022\05_Contrato_Gestao_Aditivos\id3888_1.16.1 Primeiro Termo Aditivo ao Contrato de Gestão nº 45_2022-SES_GO.pdf,id3888_1.16.1 Primeiro Termo Aditivo ao Contrato de Gestão nº 45_2022-SES_GO,mensal,HEL,Consulta Médica na Atenção Especializada,1250,Instituto Patris,termo_aditivo,consultas
2022,C:\OSS-Goias\documentos\Instituto Patris\HEL\2022\05_Contrato_Gestao_Aditivos\id3888_1.16.1 Primeiro Termo Aditivo ao Contrato de Gestão nº 45_2022-SES_GO.pdf,id3888_1.16.1 Primeiro Termo Aditivo ao Contrato de Gestão nº 45_2022-SES_GO,mensal,HEL,Consulta Multiprofissionais,950,Instituto Patris,termo_aditivo,consultas
2022,C:\OSS-Goias\documentos\Instituto Patris\HEL\2022\05_Contrato_Gestao_Aditivos\id3888_1.16.1 Primeiro Termo Aditivo ao Contrato de Gestão nº 45_2022-SES_GO.pdf,id3888_1.16.1 Primeiro Termo Aditivo ao Contrato de Gestão nº 45_2022-SES_GO,mensal,HEL,Procedimentos Ambulatoriais,180,Instituto Patris,termo_aditivo,procedimentos
2022,C:\OSS-Goias\documentos\Instituto Patris\HEL\2022\05_Contrato_Gestao_Aditivos\id3888_1.16.1 Primeiro Termo Aditivo ao Contrato de Gestão nº 45_2022-SES_GO.pdf,id3888_1.16.1 Primeiro Termo Aditivo ao Contrato de Gestão nº 45_2022-SES_GO,mensal,HEL,Colonoscopia (SADT Externo),80,Instituto Patris,termo_aditivo,exames
2022,C:\OSS-Goias\documentos\Instituto Patris\HEL\2022\05_Contrato_Gestao_Aditivos\id3888_1.16.1 Primeiro Termo Aditivo ao Contrato de Gestão nº 45_2022-SES_GO.pdf,id3888_1.16.1 Primeiro Termo Aditivo ao Contrato de Gestão nº 45_2022-SES_GO,mensal,HEL,Ecocardiograma (SADT Externo),45,Instituto Patris,termo_aditivo,exames
2022,C:\OSS-Goias\documentos\Instituto Patris\HEL\2022\05_Contrato_Gestao_Aditivos\id3888_1.16.1 Primeiro Termo Aditivo ao Contrato de Gestão nº 45_2022-SES_GO.pdf,id3888_1.16.1 Primeiro Termo Aditivo ao Contrato de Gestão nº 45_2022-SES_GO,mensal,HEL,Eletrocardiograma (SADT Externo),10,Instituto Patris,termo_aditivo,exames
2022,C:\OSS-Goias\documentos\Instituto Patris\HEL\2022\05_Contrato_Gestao_Aditivos\id3888_1.16.1 Primeiro Termo Aditivo ao Contrato de Gestão nº 45_2022-SES_GO.pdf,id3888_1.16.1 Primeiro Termo Aditivo ao Contrato de Gestão nº 45_2022-SES_GO,mensal,HEL,Endoscopia (SADT Externo),70,Instituto Patris,termo_aditivo,exames
2022,C:\OSS-Goias\documentos\Instituto Patris\HEL\2022\05_Contrato_Gestao_Aditivos\id3888_1.16.1 Primeiro Termo Aditivo ao Contrato de Gestão nº 45_2022-SES_GO.pdf,id3888_1.16.1 Primeiro Termo Aditivo ao Contrato de Gestão nº 45_2022-SES_GO,mensal,HEL,Radiografia (SADT Externo),10,Instituto Patris,termo_aditivo,exames
2022,C:\OSS-Goias\documentos\Instituto Patris\HEL\2022\05_Contrato_Gestao_Aditivos\id3888_1.16.1 Primeiro Termo Aditivo ao Contrato de Gestão nº 45_2022-SES_GO.pdf,id3888_1.16.1 Primeiro Termo Aditivo ao Contrato de Gestão nº 45_2022-SES_GO,mensal,HEL,Tomografia Computadorizada (SADT Externo),200,Instituto Patris,termo_aditivo,exames
2022,C:\OSS-Goias\documentos\Instituto Patris\HEL\2022\05_Contrato_Gestao_Aditivos\id3888_1.16.1 Primeiro Termo Aditivo ao Contrato de Gestão nº 45_2022-SES_GO.pdf,id3888_1.16.1 Primeiro Termo Aditivo ao Contrato de Gestão nº 45_2022-SES_GO,mensal,HEL,Ultrassonografia/Doppler (SADT Externo),80,Instituto Patris,termo_aditivo,exames
2022,C:\OSS-Goias\documentos\Instituto Patris\HEL\2022\05_Contrato_Gestao_Aditivos\id3888_1.16.1 Primeiro Termo Aditivo ao Contrato de Gestão nº 45_2022-SES_GO.pdf,id3888_1.16.1 Primeiro Termo Aditivo ao Contrato de Gestão nº 45_2022-SES_GO,mensal,HEL,Ultrassonografia (SADT Externo),300,Instituto Patris,termo_aditivo,exames
2022,C:\OSS-Goias\documentos\Instituto Patris\HEL\2022\05_Contrato_Gestao_Aditivos\id3888_1.16.1 Primeiro Termo Aditivo ao Contrato de Gestão nº 45_2022-SES_GO.pdf,id3888_1.16.1 Primeiro Termo Aditivo ao Contrato de Gestão nº 45_2022-SES_GO,mensal,HEL,Disponibilidade do farmacêutico 24 horas durante todo o mês,100,Instituto Patris,termo_aditivo,%
2022,C:\OSS-Goias\documentos\Instituto Patris\HEL\2022\05_Contrato_Gestao_Aditivos\id3888_1.16.1 Primeiro Termo Aditivo ao Contrato de Gestão nº 45_2022-SES_GO.pdf,id3888_1.16.1 Primeiro Termo Aditivo ao Contrato de Gestão nº 45_2022-SES_GO,mensal,HEL,Prescrições analisadas por profissional farmacêutico por mês,100,Instituto Patris,termo_aditivo,%
2022,C:\OSS-Goias\documentos\Instituto Patris\HEL\2022\05_Contrato_Gestao_Aditivos\id3888_1.16.1 Primeiro Termo Aditivo ao Contrato de Gestão nº 45_2022-SES_GO.pdf,id3888_1.16.1 Primeiro Termo Aditivo ao Contrato de Gestão nº 45_2022-SES_GO,mensal,HEL,Notificações de eventos adversos envolvendo medicamentos tratadas pelo serviço de farmácia por mês,100,Instituto Patris,termo_aditivo,%
2023,C:\OSS-Goias\documentos\ISG\HDT\2023\05_Contrato_Gestao_Aditivos\16o-Termo-Aditivo-2023-ao-CG-n.o-091-2012-–-SES.GO_-2.pdf,16o-Termo-Aditivo-2023-ao-CG-n.o-091-2012-–-SES.GO_-2,mensal,HDT,Internação - Clínica Médica,201,ISG,termo_aditivo,saídas
2023,C:\OSS-Goias\documentos\ISG\HDT\2023\05_Contrato_Gestao_Aditivos\16o-Termo-Aditivo-2023-ao-CG-n.o-091-2012-–-SES.GO_-2.pdf,16o-Termo-Aditivo-2023-ao-CG-n.o-091-2012-–-SES.GO_-2,mensal,HDT,Internação - Clínica Pediátrica,34,ISG,termo_aditivo,saídas
2023,C:\OSS-Goias\documentos\ISG\HDT\2023\05_Contrato_Gestao_Aditivos\16o-Termo-Aditivo-2023-ao-CG-n.o-091-2012-–-SES.GO_-2.pdf,16o-Termo-Aditivo-2023-ao-CG-n.o-091-2012-–-SES.GO_-2,mensal,HDT,Internação - Cirúrgica,10,ISG,termo_aditivo,saídas
2023,C:\OSS-Goias\documentos\ISG\HDT\2023\05_Contrato_Gestao_Aditivos\16o-Termo-Aditivo-2023-ao-CG-n.o-091-2012-–-SES.GO_-2.pdf,16o-Termo-Aditivo-2023-ao-CG-n.o-091-2012-–-SES.GO_-2,mensal,HDT,Leito Dia - Atendimentos,330,ISG,termo_aditivo,atendimentos
2023,C:\OSS-Goias\documentos\ISG\HDT\2023\05_Contrato_Gestao_Aditivos\16o-Termo-Aditivo-2023-ao-CG-n.o-091-2012-–-SES.GO_-2.pdf,16o-Termo-Aditivo-2023-ao-CG-n.o-091-2012-–-SES.GO_-2,mensal,HDT,Consulta médica na Atenção Especializada,2900,ISG,termo_aditivo,consultas
2023,C:\OSS-Goias\documentos\ISG\HDT\2023\05_Contrato_Gestao_Aditivos\16o-Termo-Aditivo-2023-ao-CG-n.o-091-2012-–-SES.GO_-2.pdf,16o-Termo-Aditivo-2023-ao-CG-n.o-091-2012-–-SES.GO_-2,mensal,HDT,Consulta multiprofissional na Atenção Especializada,450,ISG,termo_aditivo,consultas
2023,C:\OSS-Goias\documentos\ISG\HDT\2023\05_Contrato_Gestao_Aditivos\16o-Termo-Aditivo-2023-ao-CG-n.o-091-2012-–-SES.GO_-2.pdf,16o-Termo-Aditivo-2023-ao-CG-n.o-091-2012-–-SES.GO_-2,mensal,HDT,Pequenos Procedimentos Ambulatoriais,250,ISG,termo_aditivo,procedimentos
2023,C:\OSS-Goias\documentos\ISG\HDT\2023\05_Contrato_Gestao_Aditivos\16o-Termo-Aditivo-2023-ao-CG-n.o-091-2012-–-SES.GO_-2.pdf,16o-Termo-Aditivo-2023-ao-CG-n.o-091-2012-–-SES.GO_-2,mensal,HDT,Cirurgia eletiva de alto giro,10,ISG,termo_aditivo,cirurgias
2023,C:\OSS-Goias\documentos\ISG\HDT\2023\05_Contrato_Gestao_Aditivos\16o-Termo-Aditivo-2023-ao-CG-n.o-091-2012-–-SES.GO_-2.pdf,16o-Termo-Aditivo-2023-ao-CG-n.o-091-2012-–-SES.GO_-2,mensal,HDT,SADT Externo - Análise Clínica,2000,ISG,termo_aditivo,exames
2023,C:\OSS-Goias\documentos\ISG\HDT\2023\05_Contrato_Gestao_Aditivos\16o-Termo-Aditivo-2023-ao-CG-n.o-091-2012-–-SES.GO_-2.pdf,16o-Termo-Aditivo-2023-ao-CG-n.o-091-2012-–-SES.GO_-2,mensal,HDT,SADT Externo - Broncoscopia,10,ISG,termo_aditivo,exames
2023,C:\OSS-Goias\documentos\ISG\HDT\2023\05_Contrato_Gestao_Aditivos\16o-Termo-Aditivo-2023-ao-CG-n.o-091-2012-–-SES.GO_-2.pdf,16o-Termo-Aditivo-2023-ao-CG-n.o-091-2012-–-SES.GO_-2,mensal,HDT,SADT Externo - Colonoscopia,35,ISG,termo_aditivo,exames
2023,C:\OSS-Goias\documentos\ISG\HDT\2023\05_Contrato_Gestao_Aditivos\16o-Termo-Aditivo-2023-ao-CG-n.o-091-2012-–-SES.GO_-2.pdf,16o-Termo-Aditivo-2023-ao-CG-n.o-091-2012-–-SES.GO_-2,mensal,HDT,SADT Externo - Ecocardiograma (transtorácico),50,ISG,termo_aditivo,exames
2023,C:\OSS-Goias\documentos\ISG\HDT\2023\05_Contrato_Gestao_Aditivos\16o-Termo-Aditivo-2023-ao-CG-n.o-091-2012-–-SES.GO_-2.pdf,16o-Termo-Aditivo-2023-ao-CG-n.o-091-2012-–-SES.GO_-2,mensal,HDT,SADT Externo - Elastografia,20,ISG,termo_aditivo,exames
2023,C:\OSS-Goias\documentos\ISG\HDT\2023\05_Contrato_Gestao_Aditivos\16o-Termo-Aditivo-2023-ao-CG-n.o-091-2012-–-SES.GO_-2.pdf,16o-Termo-Aditivo-2023-ao-CG-n.o-091-2012-–-SES.GO_-2,mensal,HDT,SADT Externo - Esofagogastroduodenoscopia,50,ISG,termo_aditivo,exames
2023,C:\OSS-Goias\documentos\ISG\HDT\2023\05_Contrato_Gestao_Aditivos\16o-Termo-Aditivo-2023-ao-CG-n.o-091-2012-–-SES.GO_-2.pdf,16o-Termo-Aditivo-2023-ao-CG-n.o-091-2012-–-SES.GO_-2,mensal,HDT,SADT Externo - Radiografia sem contraste,80,ISG,termo_aditivo,exames
2023,C:\OSS-Goias\documentos\ISG\HDT\2023\05_Contrato_Gestao_Aditivos\16o-Termo-Aditivo-2023-ao-CG-n.o-091-2012-–-SES.GO_-2.pdf,16o-Termo-Aditivo-2023-ao-CG-n.o-091-2012-–-SES.GO_-2,mensal,HDT,SADT Externo - Tomografia Computadorizada,150,ISG,termo_aditivo,exames
2023,C:\OSS-Goias\documentos\ISG\HDT\2023\05_Contrato_Gestao_Aditivos\16o-Termo-Aditivo-2023-ao-CG-n.o-091-2012-–-SES.GO_-2.pdf,16o-Termo-Aditivo-2023-ao-CG-n.o-091-2012-–-SES.GO_-2,mensal,HDT,SADT Externo - Ultrassom,50,ISG,termo_aditivo,exames
2023,C:\OSS-Goias\documentos\FUNEV\HEANA\2023\05_Contrato_Gestao_Aditivos\1700488721202-Competencias 1° termo aditivo.pdf,1700488721202-Competencias 1° termo aditivo,mensal,HEANA,Internações UTI Adulto (leitos críticos) - paciente dia projetado,547,FUNEV,termo_aditivo,paciente-dia/mês
2023,C:\OSS-Goias\documentos\FUNEV\HEANA\2023\05_Contrato_Gestao_Aditivos\1700488721202-Competencias 1° termo aditivo.pdf,1700488721202-Competencias 1° termo aditivo,mensal,HEANA,Leitos UTI Adulto (leitos críticos),18,FUNEV,termo_aditivo,leitos
2023,C:\OSS-Goias\documentos\FUNEV\HEANA\2023\05_Contrato_Gestao_Aditivos\1700501422686-Competencias 2° termo aditivo.pdf,1700501422686-Competencias 2° termo aditivo,mensal,HEANA,Paciente Dia Projetado - UTI Adulto (18 leitos críticos com perfil convencional),547,FUNEV,termo_aditivo,paciente-dia
2023,C:\OSS-Goias\documentos\FUNEV\HEANA\2023\05_Contrato_Gestao_Aditivos\1772651247549-4_Termo_Aditivo_ao_Contrato_de_Gestão_nº_662019.pdf,1772651247549-4_Termo_Aditivo_ao_Contrato_de_Gestão_nº_662019,anual,HEANA,Internação - Clínica Cirúrgica,4293,FUNEV,termo_aditivo,saídas
2023,C:\OSS-Goias\documentos\FUNEV\HEANA\2023\05_Contrato_Gestao_Aditivos\1772651247549-4_Termo_Aditivo_ao_Contrato_de_Gestão_nº_662019.pdf,1772651247549-4_Termo_Aditivo_ao_Contrato_de_Gestão_nº_662019,anual,HEANA,Internação - Clínica Médica,2172,FUNEV,termo_aditivo,saídas
2023,C:\OSS-Goias\documentos\FUNEV\HEANA\2023\05_Contrato_Gestao_Aditivos\1772651247549-4_Termo_Aditivo_ao_Contrato_de_Gestão_nº_662019.pdf,1772651247549-4_Termo_Aditivo_ao_Contrato_de_Gestão_nº_662019,anual,HEANA,Cirurgias Programadas de alto giro,1032,FUNEV,termo_aditivo,cirurgias
2023,C:\OSS-Goias\documentos\FUNEV\HEANA\2023\05_Contrato_Gestao_Aditivos\1772651247549-4_Termo_Aditivo_ao_Contrato_de_Gestão_nº_662019.pdf,1772651247549-4_Termo_Aditivo_ao_Contrato_de_Gestão_nº_662019,anual,HEANA,Cirurgias Programadas gerais,1341,FUNEV,termo_aditivo,cirurgias
2023,C:\OSS-Goias\documentos\FUNEV\HEANA\2023\05_Contrato_Gestao_Aditivos\1772651247549-4_Termo_Aditivo_ao_Contrato_de_Gestão_nº_662019.pdf,1772651247549-4_Termo_Aditivo_ao_Contrato_de_Gestão_nº_662019,anual,HEANA,Consulta médica na Atenção Especializada,14400,FUNEV,termo_aditivo,consultas
2023,C:\OSS-Goias\documentos\FUNEV\HEANA\2023\05_Contrato_Gestao_Aditivos\1772651247549-4_Termo_Aditivo_ao_Contrato_de_Gestão_nº_662019.pdf,1772651247549-4_Termo_Aditivo_ao_Contrato_de_Gestão_nº_662019,anual,HEANA,Consulta multiprofissional na Atenção Especializada,2400,FUNEV,termo_aditivo,consultas
2023,C:\OSS-Goias\documentos\FUNEV\HEANA\2023\05_Contrato_Gestao_Aditivos\1772651247549-4_Termo_Aditivo_ao_Contrato_de_Gestão_nº_662019.pdf,1772651247549-4_Termo_Aditivo_ao_Contrato_de_Gestão_nº_662019,anual,HEANA,Leito Dia - Atendimentos,1980,FUNEV,termo_aditivo,diárias
2023,C:\OSS-Goias\documentos\FUNEV\HEANA\2023\05_Contrato_Gestao_Aditivos\1772651247549-4_Termo_Aditivo_ao_Contrato_de_Gestão_nº_662019.pdf,1772651247549-4_Termo_Aditivo_ao_Contrato_de_Gestão_nº_662019,anual,HEANA,Procedimentos Programados (leito dia),1980,FUNEV,termo_aditivo,procedimentos
2023,C:\OSS-Goias\documentos\FUNEV\HEANA\2023\05_Contrato_Gestao_Aditivos\1772651247549-4_Termo_Aditivo_ao_Contrato_de_Gestão_nº_662019.pdf,1772651247549-4_Termo_Aditivo_ao_Contrato_de_Gestão_nº_662019,anual,HEANA,Atendimentos do Serviço de Atenção Domiciliar,1260,FUNEV,termo_aditivo,atendimentos
2023,C:\OSS-Goias\documentos\FUNEV\HEANA\2023\05_Contrato_Gestao_Aditivos\1772651247549-4_Termo_Aditivo_ao_Contrato_de_Gestão_nº_662019.pdf,1772651247549-4_Termo_Aditivo_ao_Contrato_de_Gestão_nº_662019,anual,HEANA,SADT Externo - Eletrocardiograma,2400,FUNEV,termo_aditivo,exames
2023,C:\OSS-Goias\documentos\FUNEV\HEANA\2023\05_Contrato_Gestao_Aditivos\1772651247549-4_Termo_Aditivo_ao_Contrato_de_Gestão_nº_662019.pdf,1772651247549-4_Termo_Aditivo_ao_Contrato_de_Gestão_nº_662019,anual,HEANA,SADT Externo - Raio x,4800,FUNEV,termo_aditivo,exames
2023,C:\OSS-Goias\documentos\FUNEV\HEANA\2023\05_Contrato_Gestao_Aditivos\1772651247549-4_Termo_Aditivo_ao_Contrato_de_Gestão_nº_662019.pdf,1772651247549-4_Termo_Aditivo_ao_Contrato_de_Gestão_nº_662019,anual,HEANA,SADT Externo - Tomografia Computadorizada,2400,FUNEV,termo_aditivo,exames
2023,C:\OSS-Goias\documentos\FUNEV\HEANA\2023\05_Contrato_Gestao_Aditivos\1772651247549-4_Termo_Aditivo_ao_Contrato_de_Gestão_nº_662019.pdf,1772651247549-4_Termo_Aditivo_ao_Contrato_de_Gestão_nº_662019,anual,HEANA,SADT Externo - Ultrassom,960,FUNEV,termo_aditivo,exames
2023,C:\OSS-Goias\documentos\IMED\HETRIN\2023\05_Contrato_Gestao_Aditivos\4o-TA-Hetrin_037-2019.pdf,4o-TA-Hetrin_037-2019,mensal,HETRIN,Saídas Cirúrgicas,222,IMED,termo_aditivo,saídas
2023,C:\OSS-Goias\documentos\IMED\HETRIN\2023\05_Contrato_Gestao_Aditivos\4o-TA-Hetrin_037-2019.pdf,4o-TA-Hetrin_037-2019,mensal,HETRIN,Saídas Clínicas,119,IMED,termo_aditivo,saídas
2023,C:\OSS-Goias\documentos\IMED\HETRIN\2023\05_Contrato_Gestao_Aditivos\4o-TA-Hetrin_037-2019.pdf,4o-TA-Hetrin_037-2019,mensal,HETRIN,Atendimentos Leito Dia,132,IMED,termo_aditivo,atendimentos
2023,C:\OSS-Goias\documentos\IMED\HETRIN\2023\05_Contrato_Gestao_Aditivos\4o-TA-Hetrin_037-2019.pdf,4o-TA-Hetrin_037-2019,mensal,HETRIN,Consulta Médica na Atenção Especializada,1100,IMED,termo_aditivo,consultas
2023,C:\OSS-Goias\documentos\IMED\HETRIN\2023\05_Contrato_Gestao_Aditivos\4o-TA-Hetrin_037-2019.pdf,4o-TA-Hetrin_037-2019,mensal,HETRIN,Consulta Multiprofissional na Atenção Especializada,800,IMED,termo_aditivo,consultas
2023,C:\OSS-Goias\documentos\IMED\HETRIN\2023\05_Contrato_Gestao_Aditivos\4o-TA-Hetrin_037-2019.pdf,4o-TA-Hetrin_037-2019,mensal,HETRIN,Pequenos Procedimentos Ambulatoriais,100,IMED,termo_aditivo,procedimentos
2023,C:\OSS-Goias\documentos\IMED\HETRIN\2023\05_Contrato_Gestao_Aditivos\4o-TA-Hetrin_037-2019.pdf,4o-TA-Hetrin_037-2019,mensal,HETRIN,Cirurgia eletiva hospitalar de alto giro,100,IMED,termo_aditivo,cirurgias
2023,C:\OSS-Goias\documentos\IMED\HETRIN\2023\05_Contrato_Gestao_Aditivos\4o-TA-Hetrin_037-2019.pdf,4o-TA-Hetrin_037-2019,mensal,HETRIN,Cirurgia eletiva hospitalar de média ou alta complexidade (sem alto custo),30,IMED,termo_aditivo,cirurgias
2023,C:\OSS-Goias\documentos\IMED\HETRIN\2023\05_Contrato_Gestao_Aditivos\4o-TA-Hetrin_037-2019.pdf,4o-TA-Hetrin_037-2019,mensal,HETRIN,"SADT Externo - Doppler (MMII, MMSS e carótida)",30,IMED,termo_aditivo,exames
2023,C:\OSS-Goias\documentos\IMED\HETRIN\2023\05_Contrato_Gestao_Aditivos\4o-TA-Hetrin_037-2019.pdf,4o-TA-Hetrin_037-2019,mensal,HETRIN,SADT Externo - Radiografia,10,IMED,termo_aditivo,exames
2023,C:\OSS-Goias\documentos\IMED\HETRIN\2023\05_Contrato_Gestao_Aditivos\4o-TA-Hetrin_037-2019.pdf,4o-TA-Hetrin_037-2019,mensal,HETRIN,SADT Externo - Tomografia Computadorizada,100,IMED,termo_aditivo,exames
2023,C:\OSS-Goias\documentos\IMED\HETRIN\2023\05_Contrato_Gestao_Aditivos\4o-TA-Hetrin_037-2019.pdf,4o-TA-Hetrin_037-2019,mensal,HETRIN,SADT Externo - Ultrassom,40,IMED,termo_aditivo,exames
2023,C:\OSS-Goias\documentos\AGIR\HUGOL\2023\05_Contrato_Gestao_Aditivos\Competências previstas no Contrato de Gestão HUGOL.pdf,Competências previstas no Contrato de Gestão HUGOL,mensal,HUGOL,Cumprimento de metas no primeiro mês (fase de reestruturação),40,AGIR,outro,%
2023,C:\OSS-Goias\documentos\AGIR\HUGOL\2023\05_Contrato_Gestao_Aditivos\Competências previstas no Contrato de Gestão HUGOL.pdf,Competências previstas no Contrato de Gestão HUGOL,mensal,HUGOL,Cumprimento de metas no segundo mês (fase de reestruturação),50,AGIR,outro,%
2023,C:\OSS-Goias\documentos\AGIR\HUGOL\2023\05_Contrato_Gestao_Aditivos\Competências previstas no Contrato de Gestão HUGOL.pdf,Competências previstas no Contrato de Gestão HUGOL,mensal,HUGOL,Cumprimento de metas no terceiro mês (fase de reestruturação),60,AGIR,outro,%
2023,C:\OSS-Goias\documentos\AGIR\HUGOL\2023\05_Contrato_Gestao_Aditivos\Competências previstas no Contrato de Gestão HUGOL.pdf,Competências previstas no Contrato de Gestão HUGOL,mensal,HUGOL,Cumprimento de metas no quarto mês (fase de reestruturação),70,AGIR,outro,%
2023,C:\OSS-Goias\documentos\AGIR\HUGOL\2023\05_Contrato_Gestao_Aditivos\Competências previstas no Contrato de Gestão HUGOL.pdf,Competências previstas no Contrato de Gestão HUGOL,mensal,HUGOL,Cumprimento de metas no quinto mês (fase de reestruturação),80,AGIR,outro,%
2023,C:\OSS-Goias\documentos\AGIR\HUGOL\2023\05_Contrato_Gestao_Aditivos\Competências previstas no Contrato de Gestão HUGOL.pdf,Competências previstas no Contrato de Gestão HUGOL,mensal,HUGOL,Cumprimento de metas a partir do sexto mês,90,AGIR,outro,%
2023,C:\OSS-Goias\documentos\IGH\HEAPA\2023\05_Contrato_Gestao_Aditivos\Contrato 002 - 1° Aditivo.pdf,Contrato 002 - 1° Aditivo,mensal,HUAPA,Cumprimento de metas no primeiro mês (fase de reestruturação),40,IGH,termo_aditivo,%
2023,C:\OSS-Goias\documentos\IGH\HEAPA\2023\05_Contrato_Gestao_Aditivos\Contrato 002 - 1° Aditivo.pdf,Contrato 002 - 1° Aditivo,mensal,HUAPA,Cumprimento de metas no segundo mês (fase de reestruturação),50,IGH,termo_aditivo,%
2023,C:\OSS-Goias\documentos\IGH\HEAPA\2023\05_Contrato_Gestao_Aditivos\Contrato 002 - 1° Aditivo.pdf,Contrato 002 - 1° Aditivo,mensal,HUAPA,Cumprimento de metas no terceiro mês (fase de reestruturação),60,IGH,termo_aditivo,%
2023,C:\OSS-Goias\documentos\IGH\HEAPA\2023\05_Contrato_Gestao_Aditivos\Contrato 002 - 1° Aditivo.pdf,Contrato 002 - 1° Aditivo,mensal,HUAPA,Cumprimento de metas no quarto mês (fase de reestruturação),70,IGH,termo_aditivo,%
2023,C:\OSS-Goias\documentos\IGH\HEAPA\2023\05_Contrato_Gestao_Aditivos\Contrato 002 - 1° Aditivo.pdf,Contrato 002 - 1° Aditivo,mensal,HUAPA,Cumprimento de metas no quinto mês (fase de reestruturação),80,IGH,termo_aditivo,%
2023,C:\OSS-Goias\documentos\IGH\HEAPA\2023\05_Contrato_Gestao_Aditivos\Contrato 002 - 1° Aditivo.pdf,Contrato 002 - 1° Aditivo,mensal,HUAPA,Cumprimento de metas a partir do sexto mês,90,IGH,termo_aditivo,%
2023,C:\OSS-Goias\documentos\IGH\HEAPA\2023\05_Contrato_Gestao_Aditivos\Contrato 002 - 2° Aditivo.pdf,Contrato 002 - 2° Aditivo,mensal,HUAPA,Cumprimento das metas no primeiro mês (fase de reestruturação),40,IGH,termo_aditivo,%
2023,C:\OSS-Goias\documentos\IGH\HEAPA\2023\05_Contrato_Gestao_Aditivos\Contrato 002 - 2° Aditivo.pdf,Contrato 002 - 2° Aditivo,mensal,HUAPA,Cumprimento das metas no segundo mês (fase de reestruturação),50,IGH,termo_aditivo,%
2023,C:\OSS-Goias\documentos\IGH\HEAPA\2023\05_Contrato_Gestao_Aditivos\Contrato 002 - 2° Aditivo.pdf,Contrato 002 - 2° Aditivo,mensal,HUAPA,Cumprimento das metas no terceiro mês (fase de reestruturação),60,IGH,termo_aditivo,%
2023,C:\OSS-Goias\documentos\IGH\HEAPA\2023\05_Contrato_Gestao_Aditivos\Contrato 002 - 2° Aditivo.pdf,Contrato 002 - 2° Aditivo,mensal,HUAPA,Cumprimento das metas no quarto mês (fase de reestruturação),70,IGH,termo_aditivo,%
2023,C:\OSS-Goias\documentos\IGH\HEAPA\2023\05_Contrato_Gestao_Aditivos\Contrato 002 - 2° Aditivo.pdf,Contrato 002 - 2° Aditivo,mensal,HUAPA,Cumprimento das metas no quinto mês (fase de reestruturação),80,IGH,termo_aditivo,%
2023,C:\OSS-Goias\documentos\IGH\HEAPA\2023\05_Contrato_Gestao_Aditivos\Contrato 002 - 2° Aditivo.pdf,Contrato 002 - 2° Aditivo,mensal,HUAPA,Cumprimento das metas a partir do sexto mês,90,IGH,termo_aditivo,%
2023,C:\OSS-Goias\documentos\IGH\HEAPA\2023\05_Contrato_Gestao_Aditivos\Contrato 002.pdf,Contrato 002,mensal,HUAPA,Cumprimento de metas no primeiro mês de reestruturação,40,IGH,contrato_gestao_inicial,%
2023,C:\OSS-Goias\documentos\IGH\HEAPA\2023\05_Contrato_Gestao_Aditivos\Contrato 002.pdf,Contrato 002,mensal,HUAPA,Cumprimento de metas no segundo mês de reestruturação,50,IGH,contrato_gestao_inicial,%
2023,C:\OSS-Goias\documentos\IGH\HEAPA\2023\05_Contrato_Gestao_Aditivos\Contrato 002.pdf,Contrato 002,mensal,HUAPA,Cumprimento de metas no terceiro mês de reestruturação,60,IGH,contrato_gestao_inicial,%
2023,C:\OSS-Goias\documentos\IGH\HEAPA\2023\05_Contrato_Gestao_Aditivos\Contrato 002.pdf,Contrato 002,mensal,HUAPA,Cumprimento de metas no quarto mês de reestruturação,70,IGH,contrato_gestao_inicial,%
2023,C:\OSS-Goias\documentos\IGH\HEAPA\2023\05_Contrato_Gestao_Aditivos\Contrato 002.pdf,Contrato 002,mensal,HUAPA,Cumprimento de metas no quinto mês de reestruturação,80,IGH,contrato_gestao_inicial,%
2023,C:\OSS-Goias\documentos\IGH\HEAPA\2023\05_Contrato_Gestao_Aditivos\Contrato 002.pdf,Contrato 002,mensal,HUAPA,Cumprimento de metas a partir do sexto mês,90,IGH,contrato_gestao_inicial,%
2023,C:\OSS-Goias\documentos\IGH\HEAPA\2023\05_Contrato_Gestao_Aditivos\Contrato 096 - 5° Aditivo.pdf,Contrato 096 - 5° Aditivo,mensal,HUAPA,Radiografias (produção mensal interna),2800,IGH,termo_aditivo,radiografias
2023,C:\OSS-Goias\documentos\IGH\HEAPA\2023\05_Contrato_Gestao_Aditivos\Contrato 096 - 5° Aditivo.pdf,Contrato 096 - 5° Aditivo,mensal,HUAPA,Ultrassonografias (produção mensal interna),200,IGH,termo_aditivo,ultrassonografias
2023,C:\OSS-Goias\documentos\IGH\HEAPA\2023\05_Contrato_Gestao_Aditivos\Contrato 096 - 5° Aditivo.pdf,Contrato 096 - 5° Aditivo,mensal,HUAPA,Tomografias Computadorizadas (produção mensal interna),1800,IGH,termo_aditivo,tomografias
2023,C:\OSS-Goias\documentos\IGH\HEAPA\2023\05_Contrato_Gestao_Aditivos\Contrato 096 - 5° Aditivo.pdf,Contrato 096 - 5° Aditivo,mensal,HUAPA,Tomografia Computadorizada - SADT externo (meta mensal mínima),100,IGH,termo_aditivo,exames
2023,C:\OSS-Goias\documentos\IGH\HEAPA\2023\05_Contrato_Gestao_Aditivos\Contrato 096.pdf,Contrato 096,mensal,HUAPA,Cumprimento de metas no primeiro mês (fase de reestruturação),40,IGH,contrato_gestao_inicial,%
2023,C:\OSS-Goias\documentos\IGH\HEAPA\2023\05_Contrato_Gestao_Aditivos\Contrato 096.pdf,Contrato 096,mensal,HUAPA,Cumprimento de metas no segundo mês (fase de reestruturação),50,IGH,contrato_gestao_inicial,%
2023,C:\OSS-Goias\documentos\IGH\HEAPA\2023\05_Contrato_Gestao_Aditivos\Contrato 096.pdf,Contrato 096,mensal,HUAPA,Cumprimento de metas no terceiro mês (fase de reestruturação),60,IGH,contrato_gestao_inicial,%
2023,C:\OSS-Goias\documentos\IGH\HEAPA\2023\05_Contrato_Gestao_Aditivos\Contrato 096.pdf,Contrato 096,mensal,HUAPA,Cumprimento de metas no quarto mês (fase de reestruturação),70,IGH,contrato_gestao_inicial,%
2023,C:\OSS-Goias\documentos\IGH\HEAPA\2023\05_Contrato_Gestao_Aditivos\Contrato 096.pdf,Contrato 096,mensal,HUAPA,Cumprimento de metas no quinto mês (fase de reestruturação),80,IGH,contrato_gestao_inicial,%
2023,C:\OSS-Goias\documentos\IGH\HEAPA\2023\05_Contrato_Gestao_Aditivos\Contrato 096.pdf,Contrato 096,mensal,HUAPA,Cumprimento de metas a partir do sexto mês,90,IGH,contrato_gestao_inicial,%
2024,C:\OSS-Goias\documentos\AGIR\HUGOL\2024\05_Contrato_Gestao_Aditivos\11° Aditivo ao Contrato de Gestão 003-14 HUGOL_2024.pdf,11° Aditivo ao Contrato de Gestão 003-14 HUGOL_2024,mensal,HUGOL,Internação - Clínica Cirúrgica (ortopedia/trauma),593,AGIR,termo_aditivo,saídas
2024,C:\OSS-Goias\documentos\AGIR\HUGOL\2024\05_Contrato_Gestao_Aditivos\11° Aditivo ao Contrato de Gestão 003-14 HUGOL_2024.pdf,11° Aditivo ao Contrato de Gestão 003-14 HUGOL_2024,mensal,HUGOL,Internação - Clínica Cirúrgica (geral),308,AGIR,termo_aditivo,saídas
2024,C:\OSS-Goias\documentos\AGIR\HUGOL\2024\05_Contrato_Gestao_Aditivos\11° Aditivo ao Contrato de Gestão 003-14 HUGOL_2024.pdf,11° Aditivo ao Contrato de Gestão 003-14 HUGOL_2024,mensal,HUGOL,Internação - Clínica Cirúrgica (especialidades),331,AGIR,termo_aditivo,saídas
2024,C:\OSS-Goias\documentos\AGIR\HUGOL\2024\05_Contrato_Gestao_Aditivos\11° Aditivo ao Contrato de Gestão 003-14 HUGOL_2024.pdf,11° Aditivo ao Contrato de Gestão 003-14 HUGOL_2024,mensal,HUGOL,Internação - Clínica Cirúrgica (cardiologia),189,AGIR,termo_aditivo,saídas
2024,C:\OSS-Goias\documentos\AGIR\HUGOL\2024\05_Contrato_Gestao_Aditivos\11° Aditivo ao Contrato de Gestão 003-14 HUGOL_2024.pdf,11° Aditivo ao Contrato de Gestão 003-14 HUGOL_2024,mensal,HUGOL,Internação - Clínica Médica,235,AGIR,termo_aditivo,saídas
2024,C:\OSS-Goias\documentos\AGIR\HUGOL\2024\05_Contrato_Gestao_Aditivos\11° Aditivo ao Contrato de Gestão 003-14 HUGOL_2024.pdf,11° Aditivo ao Contrato de Gestão 003-14 HUGOL_2024,mensal,HUGOL,Internação - Clínica Cardiologia,117,AGIR,termo_aditivo,saídas
2024,C:\OSS-Goias\documentos\AGIR\HUGOL\2024\05_Contrato_Gestao_Aditivos\11° Aditivo ao Contrato de Gestão 003-14 HUGOL_2024.pdf,11° Aditivo ao Contrato de Gestão 003-14 HUGOL_2024,mensal,HUGOL,Internação - Clínica Pediátrica,135,AGIR,termo_aditivo,saídas
2024,C:\OSS-Goias\documentos\AGIR\HUGOL\2024\05_Contrato_Gestao_Aditivos\11° Aditivo ao Contrato de Gestão 003-14 HUGOL_2024.pdf,11° Aditivo ao Contrato de Gestão 003-14 HUGOL_2024,mensal,HUGOL,Internação - Enfermaria Queimados,23,AGIR,termo_aditivo,saídas
2024,C:\OSS-Goias\documentos\AGIR\HUGOL\2024\05_Contrato_Gestao_Aditivos\11° Aditivo ao Contrato de Gestão 003-14 HUGOL_2024.pdf,11° Aditivo ao Contrato de Gestão 003-14 HUGOL_2024,mensal,HUGOL,Cirurgia Eletiva hospitalar de alto giro,80,AGIR,termo_aditivo,cirurgias
2024,C:\OSS-Goias\documentos\AGIR\HUGOL\2024\05_Contrato_Gestao_Aditivos\11° Aditivo ao Contrato de Gestão 003-14 HUGOL_2024.pdf,11° Aditivo ao Contrato de Gestão 003-14 HUGOL_2024,mensal,HUGOL,Cirurgia Eletiva hospitalar de média e alta complexidade cardíacas adulto (incluindo marcapasso),70,AGIR,termo_aditivo,cirurgias
2024,C:\OSS-Goias\documentos\AGIR\HUGOL\2024\05_Contrato_Gestao_Aditivos\11° Aditivo ao Contrato de Gestão 003-14 HUGOL_2024.pdf,11° Aditivo ao Contrato de Gestão 003-14 HUGOL_2024,mensal,HUGOL,Cirurgia Eletiva hospitalar de média e alta complexidade cardíacas neonatais e pediátricas,18,AGIR,termo_aditivo,cirurgias
2024,C:\OSS-Goias\documentos\AGIR\HUGOL\2024\05_Contrato_Gestao_Aditivos\11° Aditivo ao Contrato de Gestão 003-14 HUGOL_2024.pdf,11° Aditivo ao Contrato de Gestão 003-14 HUGOL_2024,mensal,HUGOL,Cirurgia Eletiva hospitalar de média e alta complexidade em neurocirurgia neonatais e pediátricas,5,AGIR,termo_aditivo,cirurgias
2024,C:\OSS-Goias\documentos\AGIR\HUGOL\2024\05_Contrato_Gestao_Aditivos\11° Aditivo ao Contrato de Gestão 003-14 HUGOL_2024.pdf,11° Aditivo ao Contrato de Gestão 003-14 HUGOL_2024,mensal,HUGOL,Hemodinâmica,345,AGIR,termo_aditivo,procedimentos
2024,C:\OSS-Goias\documentos\AGIR\HUGOL\2024\05_Contrato_Gestao_Aditivos\11° Aditivo ao Contrato de Gestão 003-14 HUGOL_2024.pdf,11° Aditivo ao Contrato de Gestão 003-14 HUGOL_2024,mensal,HUGOL,Pequenos Procedimentos Ambulatoriais,608,AGIR,termo_aditivo,procedimentos
2024,C:\OSS-Goias\documentos\AGIR\HUGOL\2024\05_Contrato_Gestao_Aditivos\11° Aditivo ao Contrato de Gestão 003-14 HUGOL_2024.pdf,11° Aditivo ao Contrato de Gestão 003-14 HUGOL_2024,mensal,HUGOL,Consulta médica na Atenção Especializada,2988,AGIR,termo_aditivo,consultas
2024,C:\OSS-Goias\documentos\AGIR\HUGOL\2024\05_Contrato_Gestao_Aditivos\11° Aditivo ao Contrato de Gestão 003-14 HUGOL_2024.pdf,11° Aditivo ao Contrato de Gestão 003-14 HUGOL_2024,mensal,HUGOL,Consulta multiprofissional na Atenção Especializada,2000,AGIR,termo_aditivo,consultas
2024,C:\OSS-Goias\documentos\AGIR\HUGOL\2024\05_Contrato_Gestao_Aditivos\11° Aditivo ao Contrato de Gestão 003-14 HUGOL_2024.pdf,11° Aditivo ao Contrato de Gestão 003-14 HUGOL_2024,mensal,HUGOL,Atendimentos do Serviço de Atenção Domiciliar,120,AGIR,termo_aditivo,atendimentos
2024,C:\OSS-Goias\documentos\AGIR\HUGOL\2024\05_Contrato_Gestao_Aditivos\11° Aditivo ao Contrato de Gestão 003-14 HUGOL_2024.pdf,11° Aditivo ao Contrato de Gestão 003-14 HUGOL_2024,mensal,HUGOL,SADT Externo - Colangiopancreatografia retrógrada endoscópica (CPRE),5,AGIR,termo_aditivo,exames
2024,C:\OSS-Goias\documentos\AGIR\HUGOL\2024\05_Contrato_Gestao_Aditivos\11° Aditivo ao Contrato de Gestão 003-14 HUGOL_2024.pdf,11° Aditivo ao Contrato de Gestão 003-14 HUGOL_2024,mensal,HUGOL,SADT Externo - Ecocardiograma Transtorácico,100,AGIR,termo_aditivo,exames
2024,C:\OSS-Goias\documentos\AGIR\HUGOL\2024\05_Contrato_Gestao_Aditivos\11° Aditivo ao Contrato de Gestão 003-14 HUGOL_2024.pdf,11° Aditivo ao Contrato de Gestão 003-14 HUGOL_2024,mensal,HUGOL,SADT Externo - Holter,80,AGIR,termo_aditivo,exames
2024,C:\OSS-Goias\documentos\AGIR\HUGOL\2024\05_Contrato_Gestao_Aditivos\11° Aditivo ao Contrato de Gestão 003-14 HUGOL_2024.pdf,11° Aditivo ao Contrato de Gestão 003-14 HUGOL_2024,mensal,HUGOL,SADT Externo - Mapa,50,AGIR,termo_aditivo,exames
2024,C:\OSS-Goias\documentos\AGIR\HUGOL\2024\05_Contrato_Gestao_Aditivos\11° Aditivo ao Contrato de Gestão 003-14 HUGOL_2024.pdf,11° Aditivo ao Contrato de Gestão 003-14 HUGOL_2024,mensal,HUGOL,SADT Externo - Ressonância Nuclear Magnética,400,AGIR,termo_aditivo,exames
2024,C:\OSS-Goias\documentos\AGIR\HUGOL\2024\05_Contrato_Gestao_Aditivos\11° Aditivo ao Contrato de Gestão 003-14 HUGOL_2024.pdf,11° Aditivo ao Contrato de Gestão 003-14 HUGOL_2024,mensal,HUGOL,SADT Externo - Teste ergométrico,100,AGIR,termo_aditivo,exames
2024,C:\OSS-Goias\documentos\AGIR\HUGOL\2024\05_Contrato_Gestao_Aditivos\11° Aditivo ao Contrato de Gestão 003-14 HUGOL_2024.pdf,11° Aditivo ao Contrato de Gestão 003-14 HUGOL_2024,mensal,HUGOL,SADT Externo - Tomografia Computadorizada,300,AGIR,termo_aditivo,exames
2024,C:\OSS-Goias\documentos\AGIR\HUGOL\2024\05_Contrato_Gestao_Aditivos\11° Aditivo ao Contrato de Gestão 003-14 HUGOL_2024.pdf,11° Aditivo ao Contrato de Gestão 003-14 HUGOL_2024,mensal,HUGOL,Serviço de Hemoterapia - Bolsas de sangue total coletadas,1000,AGIR,termo_aditivo,bolsas
2024,C:\OSS-Goias\documentos\AGIR\HUGOL\2024\05_Contrato_Gestao_Aditivos\11° Aditivo ao Contrato de Gestão 003-14 HUGOL_2024.pdf,11° Aditivo ao Contrato de Gestão 003-14 HUGOL_2024,mensal,HUGOL,Serviço de Hemoterapia - Coletas de plaquetas por aférese,18,AGIR,termo_aditivo,doadores
2024,C:\OSS-Goias\documentos\AGIR\HUGOL\2024\05_Contrato_Gestao_Aditivos\11° Aditivo ao Contrato de Gestão 003-14 HUGOL_2024.pdf,11° Aditivo ao Contrato de Gestão 003-14 HUGOL_2024,mensal,HUGOL,Serviço de Hemoterapia - Hemocomponentes produzidos,2100,AGIR,termo_aditivo,unidades
2024,C:\OSS-Goias\documentos\AGIR\HUGOL\2024\05_Contrato_Gestao_Aditivos\11° Aditivo ao Contrato de Gestão 003-14 HUGOL_2024.pdf,11° Aditivo ao Contrato de Gestão 003-14 HUGOL_2024,mensal,HUGOL,Serviço de Hemoterapia - Boletim de Produção Ambulatorial (BPA) apresentado,0,AGIR,termo_aditivo,100% dos procedimentos realizados
2024,C:\OSS-Goias\documentos\AGIR\HUGOL\2024\05_Contrato_Gestao_Aditivos\12° Aditivo ao Contrato de Gestão 003-14 HUGOL_2024.pdf,12° Aditivo ao Contrato de Gestão 003-14 HUGOL_2024,mensal,HUGOL,Clínica Cirúrgica (especialidades e geral) - saídas hospitalares,639,AGIR,termo_aditivo,saídas/mês
2024,C:\OSS-Goias\documentos\AGIR\HUGOL\2024\05_Contrato_Gestao_Aditivos\12° Aditivo ao Contrato de Gestão 003-14 HUGOL_2024.pdf,12° Aditivo ao Contrato de Gestão 003-14 HUGOL_2024,mensal,HUGOL,Clínica Cirúrgica (ortopedia/trauma) - saídas hospitalares,593,AGIR,termo_aditivo,saídas/mês
2024,C:\OSS-Goias\documentos\AGIR\HUGOL\2024\05_Contrato_Gestao_Aditivos\12° Aditivo ao Contrato de Gestão 003-14 HUGOL_2024.pdf,12° Aditivo ao Contrato de Gestão 003-14 HUGOL_2024,mensal,HUGOL,Clínica Cardiológica - saídas hospitalares,306,AGIR,termo_aditivo,saídas/mês
2024,C:\OSS-Goias\documentos\AGIR\HUGOL\2024\05_Contrato_Gestao_Aditivos\12° Aditivo ao Contrato de Gestão 003-14 HUGOL_2024.pdf,12° Aditivo ao Contrato de Gestão 003-14 HUGOL_2024,mensal,HUGOL,Clínica Médica - saídas hospitalares,235,AGIR,termo_aditivo,saídas/mês
2024,C:\OSS-Goias\documentos\AGIR\HUGOL\2024\05_Contrato_Gestao_Aditivos\12° Aditivo ao Contrato de Gestão 003-14 HUGOL_2024.pdf,12° Aditivo ao Contrato de Gestão 003-14 HUGOL_2024,mensal,HUGOL,Clínica Pediátrica - saídas hospitalares,135,AGIR,termo_aditivo,saídas/mês
2024,C:\OSS-Goias\documentos\AGIR\HUGOL\2024\05_Contrato_Gestao_Aditivos\12° Aditivo ao Contrato de Gestão 003-14 HUGOL_2024.pdf,12° Aditivo ao Contrato de Gestão 003-14 HUGOL_2024,mensal,HUGOL,Enfermaria Queimados - saídas hospitalares,24,AGIR,termo_aditivo,saídas/mês
2024,C:\OSS-Goias\documentos\AGIR\HUGOL\2024\05_Contrato_Gestao_Aditivos\12° Aditivo ao Contrato de Gestão 003-14 HUGOL_2024.pdf,12° Aditivo ao Contrato de Gestão 003-14 HUGOL_2024,mensal,HUGOL,Cirurgia eletiva hospitalar de alto giro,120,AGIR,termo_aditivo,cirurgias/mês
2024,C:\OSS-Goias\documentos\AGIR\HUGOL\2024\05_Contrato_Gestao_Aditivos\12° Aditivo ao Contrato de Gestão 003-14 HUGOL_2024.pdf,12° Aditivo ao Contrato de Gestão 003-14 HUGOL_2024,mensal,HUGOL,Cirurgia eletiva hospitalar de média ou alta complexidade (cardíacas adulto incluindo marcapasso),80,AGIR,termo_aditivo,cirurgias/mês
2024,C:\OSS-Goias\documentos\AGIR\HUGOL\2024\05_Contrato_Gestao_Aditivos\12° Aditivo ao Contrato de Gestão 003-14 HUGOL_2024.pdf,12° Aditivo ao Contrato de Gestão 003-14 HUGOL_2024,mensal,HUGOL,Cirurgia eletiva hospitalar de média e alta complexidade (cardíacas neonatais e pediátricas),10,AGIR,termo_aditivo,cirurgias/mês
2024,C:\OSS-Goias\documentos\AGIR\HUGOL\2024\05_Contrato_Gestao_Aditivos\12° Aditivo ao Contrato de Gestão 003-14 HUGOL_2024.pdf,12° Aditivo ao Contrato de Gestão 003-14 HUGOL_2024,mensal,HUGOL,"Cirurgia eletiva hospitalar de alto custo, com ou sem uso de OPME",40,AGIR,termo_aditivo,cirurgias/mês
2024,C:\OSS-Goias\documentos\AGIR\HUGOL\2024\05_Contrato_Gestao_Aditivos\12° Aditivo ao Contrato de Gestão 003-14 HUGOL_2024.pdf,12° Aditivo ao Contrato de Gestão 003-14 HUGOL_2024,mensal,HUGOL,Hemodinâmica - procedimentos,450,AGIR,termo_aditivo,procedimentos/mês
2024,C:\OSS-Goias\documentos\AGIR\HUGOL\2024\05_Contrato_Gestao_Aditivos\12° Aditivo ao Contrato de Gestão 003-14 HUGOL_2024.pdf,12° Aditivo ao Contrato de Gestão 003-14 HUGOL_2024,mensal,HUGOL,Pacientes em Atenção Domiciliar,120,AGIR,termo_aditivo,pacientes/mês
2024,C:\OSS-Goias\documentos\AGIR\HUGOL\2024\05_Contrato_Gestao_Aditivos\12° Aditivo ao Contrato de Gestão 003-14 HUGOL_2024.pdf,12° Aditivo ao Contrato de Gestão 003-14 HUGOL_2024,mensal,HUGOL,Consulta médica na atenção especializada,3115,AGIR,termo_aditivo,consultas/mês
2024,C:\OSS-Goias\documentos\AGIR\HUGOL\2024\05_Contrato_Gestao_Aditivos\12° Aditivo ao Contrato de Gestão 003-14 HUGOL_2024.pdf,12° Aditivo ao Contrato de Gestão 003-14 HUGOL_2024,mensal,HUGOL,Consulta não médica na atenção especializada,2175,AGIR,termo_aditivo,consultas/mês
2024,C:\OSS-Goias\documentos\AGIR\HUGOL\2024\05_Contrato_Gestao_Aditivos\12° Aditivo ao Contrato de Gestão 003-14 HUGOL_2024.pdf,12° Aditivo ao Contrato de Gestão 003-14 HUGOL_2024,mensal,HUGOL,Procedimentos Ambulatoriais,680,AGIR,termo_aditivo,procedimentos/mês
2024,C:\OSS-Goias\documentos\AGIR\HUGOL\2024\05_Contrato_Gestao_Aditivos\12° Aditivo ao Contrato de Gestão 003-14 HUGOL_2024.pdf,12° Aditivo ao Contrato de Gestão 003-14 HUGOL_2024,mensal,HUGOL,SADT Externo - Colangiopancreatografia retrógrada endoscópica (CPRE),3,AGIR,termo_aditivo,exames/mês
2024,C:\OSS-Goias\documentos\AGIR\HUGOL\2024\05_Contrato_Gestao_Aditivos\12° Aditivo ao Contrato de Gestão 003-14 HUGOL_2024.pdf,12° Aditivo ao Contrato de Gestão 003-14 HUGOL_2024,mensal,HUGOL,SADT Externo - Ecocardiograma Transtorácico e estresse,200,AGIR,termo_aditivo,exames/mês
2024,C:\OSS-Goias\documentos\AGIR\HUGOL\2024\05_Contrato_Gestao_Aditivos\12° Aditivo ao Contrato de Gestão 003-14 HUGOL_2024.pdf,12° Aditivo ao Contrato de Gestão 003-14 HUGOL_2024,mensal,HUGOL,SADT Externo - Holter,150,AGIR,termo_aditivo,exames/mês
2024,C:\OSS-Goias\documentos\AGIR\HUGOL\2024\05_Contrato_Gestao_Aditivos\12° Aditivo ao Contrato de Gestão 003-14 HUGOL_2024.pdf,12° Aditivo ao Contrato de Gestão 003-14 HUGOL_2024,mensal,HUGOL,SADT Externo - Mapa,100,AGIR,termo_aditivo,exames/mês
2024,C:\OSS-Goias\documentos\AGIR\HUGOL\2024\05_Contrato_Gestao_Aditivos\12° Aditivo ao Contrato de Gestão 003-14 HUGOL_2024.pdf,12° Aditivo ao Contrato de Gestão 003-14 HUGOL_2024,mensal,HUGOL,SADT Externo - Ressonância Nuclear Magnética,400,AGIR,termo_aditivo,exames/mês
2024,C:\OSS-Goias\documentos\AGIR\HUGOL\2024\05_Contrato_Gestao_Aditivos\12° Aditivo ao Contrato de Gestão 003-14 HUGOL_2024.pdf,12° Aditivo ao Contrato de Gestão 003-14 HUGOL_2024,mensal,HUGOL,SADT Externo - Teste ergométrico,100,AGIR,termo_aditivo,exames/mês
2024,C:\OSS-Goias\documentos\AGIR\HUGOL\2024\05_Contrato_Gestao_Aditivos\12° Aditivo ao Contrato de Gestão 003-14 HUGOL_2024.pdf,12° Aditivo ao Contrato de Gestão 003-14 HUGOL_2024,mensal,HUGOL,SADT Externo - Tomografia Computadorizada,300,AGIR,termo_aditivo,exames/mês
2024,C:\OSS-Goias\documentos\AGIR\HUGOL\2024\05_Contrato_Gestao_Aditivos\12° Aditivo ao Contrato de Gestão 003-14 HUGOL_2024.pdf,12° Aditivo ao Contrato de Gestão 003-14 HUGOL_2024,mensal,HUGOL,Serviço de Hemoterapia - Bolsas de sangue total coletadas (antes AT HECAD),800,AGIR,termo_aditivo,unidades/mês
2024,C:\OSS-Goias\documentos\AGIR\HUGOL\2024\05_Contrato_Gestao_Aditivos\12° Aditivo ao Contrato de Gestão 003-14 HUGOL_2024.pdf,12° Aditivo ao Contrato de Gestão 003-14 HUGOL_2024,mensal,HUGOL,Serviço de Hemoterapia - Bolsas de plaquetas por aférese produzidas (antes AT HECAD),25,AGIR,termo_aditivo,unidades/mês
2024,C:\OSS-Goias\documentos\AGIR\HUGOL\2024\05_Contrato_Gestao_Aditivos\12° Aditivo ao Contrato de Gestão 003-14 HUGOL_2024.pdf,12° Aditivo ao Contrato de Gestão 003-14 HUGOL_2024,mensal,HUGOL,Serviço de Hemoterapia - Hemocomponentes produzidos (antes AT HECAD),1840,AGIR,termo_aditivo,unidades/mês
2024,C:\OSS-Goias\documentos\FUNEV\HEANA\2024\05_Contrato_Gestao_Aditivos\17157233426175º Aditivo Contrato de Gestão.pdf,17157233426175º Aditivo Contrato de Gestão,mensal,HEANA,Internação - Clínica Cirúrgica,332,FUNEV,termo_aditivo,saídas
2024,C:\OSS-Goias\documentos\FUNEV\HEANA\2024\05_Contrato_Gestao_Aditivos\17157233426175º Aditivo Contrato de Gestão.pdf,17157233426175º Aditivo Contrato de Gestão,mensal,HEANA,Internação - Clínica Médica,164,FUNEV,termo_aditivo,saídas
2024,C:\OSS-Goias\documentos\FUNEV\HEANA\2024\05_Contrato_Gestao_Aditivos\17157233426175º Aditivo Contrato de Gestão.pdf,17157233426175º Aditivo Contrato de Gestão,mensal,HEANA,Cirurgia eletiva hospitalar de alto giro,30,FUNEV,termo_aditivo,cirurgias
2024,C:\OSS-Goias\documentos\FUNEV\HEANA\2024\05_Contrato_Gestao_Aditivos\17157233426175º Aditivo Contrato de Gestão.pdf,17157233426175º Aditivo Contrato de Gestão,mensal,HEANA,Cirurgia eletiva hospitalar de média ou alta complexidade,50,FUNEV,termo_aditivo,cirurgias
2024,C:\OSS-Goias\documentos\FUNEV\HEANA\2024\05_Contrato_Gestao_Aditivos\17157233426175º Aditivo Contrato de Gestão.pdf,17157233426175º Aditivo Contrato de Gestão,mensal,HEANA,Cirurgia eletiva hospitalar de alta complexidade e alto custo,20,FUNEV,termo_aditivo,cirurgias
2024,C:\OSS-Goias\documentos\FUNEV\HEANA\2024\05_Contrato_Gestao_Aditivos\17157233426175º Aditivo Contrato de Gestão.pdf,17157233426175º Aditivo Contrato de Gestão,mensal,HEANA,Consulta médica na Atenção Especializada,1000,FUNEV,termo_aditivo,consultas
2024,C:\OSS-Goias\documentos\FUNEV\HEANA\2024\05_Contrato_Gestao_Aditivos\17157233426175º Aditivo Contrato de Gestão.pdf,17157233426175º Aditivo Contrato de Gestão,mensal,HEANA,Consulta multiprofissional na Atenção Especializada,200,FUNEV,termo_aditivo,consultas
2024,C:\OSS-Goias\documentos\FUNEV\HEANA\2024\05_Contrato_Gestao_Aditivos\17157233426175º Aditivo Contrato de Gestão.pdf,17157233426175º Aditivo Contrato de Gestão,mensal,HEANA,Procedimentos Programados (leito dia),165,FUNEV,termo_aditivo,procedimentos
2024,C:\OSS-Goias\documentos\FUNEV\HEANA\2024\05_Contrato_Gestao_Aditivos\17157233426175º Aditivo Contrato de Gestão.pdf,17157233426175º Aditivo Contrato de Gestão,mensal,HEANA,Pacientes assistidos pelo Serviço de Atenção Domiciliar,120,FUNEV,termo_aditivo,pacientes
2024,C:\OSS-Goias\documentos\FUNEV\HEANA\2024\05_Contrato_Gestao_Aditivos\17157233426175º Aditivo Contrato de Gestão.pdf,17157233426175º Aditivo Contrato de Gestão,mensal,HEANA,SADT Externo - Radiografia,70,FUNEV,termo_aditivo,exames
2024,C:\OSS-Goias\documentos\FUNEV\HEANA\2024\05_Contrato_Gestao_Aditivos\17157233426175º Aditivo Contrato de Gestão.pdf,17157233426175º Aditivo Contrato de Gestão,mensal,HEANA,SADT Externo - Tomografia Computadorizada com e sem contraste,200,FUNEV,termo_aditivo,exames
2024,C:\OSS-Goias\documentos\FUNEV\HEANA\2024\05_Contrato_Gestao_Aditivos\17157233426175º Aditivo Contrato de Gestão.pdf,17157233426175º Aditivo Contrato de Gestão,mensal,HEANA,SADT Externo - Ultrassom,60,FUNEV,termo_aditivo,exames
2024,C:\OSS-Goias\documentos\FUNEV\HEANA\2024\05_Contrato_Gestao_Aditivos\17157233426175º Aditivo Contrato de Gestão.pdf,17157233426175º Aditivo Contrato de Gestão,mensal,HEANA,SADT Externo - Biopsia Guiada por Ultrassonografia,10,FUNEV,termo_aditivo,exames
2024,C:\OSS-Goias\documentos\FUNEV\HEANA\2024\05_Contrato_Gestao_Aditivos\17157233426175º Aditivo Contrato de Gestão.pdf,17157233426175º Aditivo Contrato de Gestão,mensal,HEANA,SADT Externo - Doppler,70,FUNEV,termo_aditivo,exames
2024,C:\OSS-Goias\documentos\FUNEV\HEANA\2024\05_Contrato_Gestao_Aditivos\17157233426175º Aditivo Contrato de Gestão.pdf,17157233426175º Aditivo Contrato de Gestão,mensal,HEANA,SADT Externo - Biópsia Guiada por Tomografia,10,FUNEV,termo_aditivo,exames
2024,C:\OSS-Goias\documentos\FUNEV\HEANA\2024\05_Contrato_Gestao_Aditivos\17157233426175º Aditivo Contrato de Gestão.pdf,17157233426175º Aditivo Contrato de Gestão,mensal,HEANA,SADT Externo - Colangiopancreatografia Retrógrada Endoscópica - CPRE (a partir de abril/2024),5,FUNEV,termo_aditivo,exames
2024,C:\OSS-Goias\documentos\Albert Einstein\HUGO\2024\05_Contrato_Gestao_Aditivos\1o-Termo-Aditivo-ao-Termo-de-Colaboracao-no-097-2024-1.pdf,1o-Termo-Aditivo-ao-Termo-de-Colaboracao-no-097-2024-1,mensal,HUGO,Internação - Clínica Cirúrgica (saídas),1118,Sociedade Beneficente Israelita Brasileira - Hospital Albert Einstein,termo_aditivo,saídas
2024,C:\OSS-Goias\documentos\Albert Einstein\HUGO\2024\05_Contrato_Gestao_Aditivos\1o-Termo-Aditivo-ao-Termo-de-Colaboracao-no-097-2024-1.pdf,1o-Termo-Aditivo-ao-Termo-de-Colaboracao-no-097-2024-1,mensal,HUGO,Internação - Clínica Médica (saídas),328,Sociedade Beneficente Israelita Brasileira - Hospital Albert Einstein,termo_aditivo,saídas
2024,C:\OSS-Goias\documentos\Albert Einstein\HUGO\2024\05_Contrato_Gestao_Aditivos\1o-Termo-Aditivo-ao-Termo-de-Colaboracao-no-097-2024-1.pdf,1o-Termo-Aditivo-ao-Termo-de-Colaboracao-no-097-2024-1,mensal,HUGO,Internação - Clínica Neurológica (saídas),46,Sociedade Beneficente Israelita Brasileira - Hospital Albert Einstein,termo_aditivo,saídas
2024,C:\OSS-Goias\documentos\Albert Einstein\HUGO\2024\05_Contrato_Gestao_Aditivos\1o-Termo-Aditivo-ao-Termo-de-Colaboracao-no-097-2024-1.pdf,1o-Termo-Aditivo-ao-Termo-de-Colaboracao-no-097-2024-1,mensal,HUGO,Atendimento Ambulatorial - Consultas médicas,3400,Sociedade Beneficente Israelita Brasileira - Hospital Albert Einstein,termo_aditivo,consultas
2024,C:\OSS-Goias\documentos\Albert Einstein\HUGO\2024\05_Contrato_Gestao_Aditivos\1o-Termo-Aditivo-ao-Termo-de-Colaboracao-no-097-2024-1.pdf,1o-Termo-Aditivo-ao-Termo-de-Colaboracao-no-097-2024-1,mensal,HUGO,Atendimento Ambulatorial - Consultas multiprofissionais,1700,Sociedade Beneficente Israelita Brasileira - Hospital Albert Einstein,termo_aditivo,consultas
2024,C:\OSS-Goias\documentos\Albert Einstein\HUGO\2024\05_Contrato_Gestao_Aditivos\1o-Termo-Aditivo-ao-Termo-de-Colaboracao-no-097-2024-1.pdf,1o-Termo-Aditivo-ao-Termo-de-Colaboracao-no-097-2024-1,mensal,HUGO,Atendimento Ambulatorial - Procedimento ambulatorial,285,Sociedade Beneficente Israelita Brasileira - Hospital Albert Einstein,termo_aditivo,procedimentos
2024,C:\OSS-Goias\documentos\Albert Einstein\HUGO\2024\05_Contrato_Gestao_Aditivos\1o-Termo-Aditivo-ao-Termo-de-Colaboracao-no-097-2024-1.pdf,1o-Termo-Aditivo-ao-Termo-de-Colaboracao-no-097-2024-1,mensal,HUGO,Hospital Dia - Atendimento leito dia,365,Sociedade Beneficente Israelita Brasileira - Hospital Albert Einstein,termo_aditivo,atendimentos
2024,C:\OSS-Goias\documentos\Albert Einstein\HUGO\2024\05_Contrato_Gestao_Aditivos\1o-Termo-Aditivo-ao-Termo-de-Colaboracao-no-097-2024-1.pdf,1o-Termo-Aditivo-ao-Termo-de-Colaboracao-no-097-2024-1,mensal,HUGO,SADT Externo - Colonoscopia,100,Sociedade Beneficente Israelita Brasileira - Hospital Albert Einstein,termo_aditivo,exames
2024,C:\OSS-Goias\documentos\Albert Einstein\HUGO\2024\05_Contrato_Gestao_Aditivos\1o-Termo-Aditivo-ao-Termo-de-Colaboracao-no-097-2024-1.pdf,1o-Termo-Aditivo-ao-Termo-de-Colaboracao-no-097-2024-1,mensal,HUGO,SADT Externo - Endoscopia Digestiva,80,Sociedade Beneficente Israelita Brasileira - Hospital Albert Einstein,termo_aditivo,exames
2024,C:\OSS-Goias\documentos\Albert Einstein\HUGO\2024\05_Contrato_Gestao_Aditivos\1o-Termo-Aditivo-ao-Termo-de-Colaboracao-no-097-2024-1.pdf,1o-Termo-Aditivo-ao-Termo-de-Colaboracao-no-097-2024-1,mensal,HUGO,SADT Externo - Endoscopia via urinária,20,Sociedade Beneficente Israelita Brasileira - Hospital Albert Einstein,termo_aditivo,exames
2024,C:\OSS-Goias\documentos\Albert Einstein\HUGO\2024\05_Contrato_Gestao_Aditivos\1o-Termo-Aditivo-ao-Termo-de-Colaboracao-no-097-2024-1.pdf,1o-Termo-Aditivo-ao-Termo-de-Colaboracao-no-097-2024-1,mensal,HUGO,SADT Externo - Tomografia Computadorizada (com e sem contraste),125,Sociedade Beneficente Israelita Brasileira - Hospital Albert Einstein,termo_aditivo,exames
2024,C:\OSS-Goias\documentos\Albert Einstein\HUGO\2024\05_Contrato_Gestao_Aditivos\1o-Termo-Aditivo-ao-Termo-de-Colaboracao-no-097-2024-1.pdf,1o-Termo-Aditivo-ao-Termo-de-Colaboracao-no-097-2024-1,mensal,HUGO,SADT Externo - Ultrassonografia,60,Sociedade Beneficente Israelita Brasileira - Hospital Albert Einstein,termo_aditivo,exames
2024,C:\OSS-Goias\documentos\Albert Einstein\HUGO\2024\05_Contrato_Gestao_Aditivos\1o-Termo-Aditivo-ao-Termo-de-Colaboracao-no-097-2024-1.pdf,1o-Termo-Aditivo-ao-Termo-de-Colaboracao-no-097-2024-1,mensal,HUGO,SADT Externo - Ultrassonografia/Doppler,80,Sociedade Beneficente Israelita Brasileira - Hospital Albert Einstein,termo_aditivo,exames
2024,C:\OSS-Goias\documentos\Albert Einstein\HUGO\2024\05_Contrato_Gestao_Aditivos\1o-Termo-Aditivo-ao-Termo-de-Colaboracao-no-097-2024-1.pdf,1o-Termo-Aditivo-ao-Termo-de-Colaboracao-no-097-2024-1,outro,HUGO,Leitos de internação - 1ª fase (Total),342,Sociedade Beneficente Israelita Brasileira - Hospital Albert Einstein,termo_aditivo,leitos
2024,C:\OSS-Goias\documentos\Albert Einstein\HUGO\2024\05_Contrato_Gestao_Aditivos\1o-Termo-Aditivo-ao-Termo-de-Colaboracao-no-097-2024-1.pdf,1o-Termo-Aditivo-ao-Termo-de-Colaboracao-no-097-2024-1,outro,HUGO,Leitos de internação - 2ª fase (Total),348,Sociedade Beneficente Israelita Brasileira - Hospital Albert Einstein,termo_aditivo,leitos
2024,C:\OSS-Goias\documentos\Albert Einstein\HUGO\2024\05_Contrato_Gestao_Aditivos\1o-Termo-Aditivo-ao-Termo-de-Colaboracao-no-097-2024-1.pdf,1o-Termo-Aditivo-ao-Termo-de-Colaboracao-no-097-2024-1,outro,HUGO,Leitos UTI Adulto - 1ª fase (Total),54,Sociedade Beneficente Israelita Brasileira - Hospital Albert Einstein,termo_aditivo,leitos
2024,C:\OSS-Goias\documentos\Albert Einstein\HUGO\2024\05_Contrato_Gestao_Aditivos\1o-Termo-Aditivo-ao-Termo-de-Colaboracao-no-097-2024-1.pdf,1o-Termo-Aditivo-ao-Termo-de-Colaboracao-no-097-2024-1,outro,HUGO,Leitos UTI Adulto - 2ª fase (Total),60,Sociedade Beneficente Israelita Brasileira - Hospital Albert Einstein,termo_aditivo,leitos
2024,C:\OSS-Goias\documentos\Albert Einstein\HUGO\2024\05_Contrato_Gestao_Aditivos\3o-Termo-Aditivo-ao-Termo-de-Colaboracao-No-097-2024-SESGO-VIGENTE.pdf,3o-Termo-Aditivo-ao-Termo-de-Colaboracao-No-097-2024-SESGO-VIGENTE,mensal,HUGO,"Número de gratificações de Supervisor, Coordenador, Preceptor e Tutor da COREME e COREMU para despesa de custeio diverso por Residente COREME/COREMU (Programas de Residência Médica e Multiprofissional no HUGO)",86,Sociedade Beneficente Israelita Brasileira - Hospital Albert Einstein,termo_aditivo,gratificações docentes
2024,C:\OSS-Goias\documentos\Albert Einstein\HUGO\2024\05_Contrato_Gestao_Aditivos\3o-Termo-Aditivo-ao-Termo-de-Colaboracao-No-097-2024-SESGO-VIGENTE.pdf,3o-Termo-Aditivo-ao-Termo-de-Colaboracao-No-097-2024-SESGO-VIGENTE,,HUGO,Número de Preceptores - Total COREME (Residência Médica),75,Sociedade Beneficente Israelita Brasileira - Hospital Albert Einstein,termo_aditivo,preceptores
2024,C:\OSS-Goias\documentos\Albert Einstein\HUGO\2024\05_Contrato_Gestao_Aditivos\3o-Termo-Aditivo-ao-Termo-de-Colaboracao-No-097-2024-SESGO-VIGENTE.pdf,3o-Termo-Aditivo-ao-Termo-de-Colaboracao-No-097-2024-SESGO-VIGENTE,,HUGO,Número de Residentes - Total COREME (Residência Médica),97,Sociedade Beneficente Israelita Brasileira - Hospital Albert Einstein,termo_aditivo,residentes
2024,C:\OSS-Goias\documentos\Albert Einstein\HUGO\2024\05_Contrato_Gestao_Aditivos\3o-Termo-Aditivo-ao-Termo-de-Colaboracao-No-097-2024-SESGO-VIGENTE.pdf,3o-Termo-Aditivo-ao-Termo-de-Colaboracao-No-097-2024-SESGO-VIGENTE,,HUGO,Número de Bolsas SES/GO - Residência Médica,20,Sociedade Beneficente Israelita Brasileira - Hospital Albert Einstein,termo_aditivo,bolsas
2024,C:\OSS-Goias\documentos\Albert Einstein\HUGO\2024\05_Contrato_Gestao_Aditivos\3o-Termo-Aditivo-ao-Termo-de-Colaboracao-No-097-2024-SESGO-VIGENTE.pdf,3o-Termo-Aditivo-ao-Termo-de-Colaboracao-No-097-2024-SESGO-VIGENTE,mensal,HUGO,"Gratificação do Supervisor, Coordenador, Preceptor e Tutor - COREME",86,Sociedade Beneficente Israelita Brasileira - Hospital Albert Einstein,termo_aditivo,gratificações
2024,C:\OSS-Goias\documentos\Albert Einstein\HUGO\2024\05_Contrato_Gestao_Aditivos\3o-Termo-Aditivo-ao-Termo-de-Colaboracao-No-097-2024-SESGO-VIGENTE.pdf,3o-Termo-Aditivo-ao-Termo-de-Colaboracao-No-097-2024-SESGO-VIGENTE,mensal,HUGO,"Gratificação do Supervisor, Coordenador, Preceptor e Tutor - COREMU",44,Sociedade Beneficente Israelita Brasileira - Hospital Albert Einstein,termo_aditivo,gratificações
2024,C:\OSS-Goias\documentos\Albert Einstein\HUGO\2024\05_Contrato_Gestao_Aditivos\3o-Termo-Aditivo-ao-Termo-de-Colaboracao-No-097-2024-SESGO-VIGENTE.pdf,3o-Termo-Aditivo-ao-Termo-de-Colaboracao-No-097-2024-SESGO-VIGENTE,mensal,HUGO,Despesa de custeio diversos por Residente COREME,97,Sociedade Beneficente Israelita Brasileira - Hospital Albert Einstein,termo_aditivo,residentes
2024,C:\OSS-Goias\documentos\Albert Einstein\HUGO\2024\05_Contrato_Gestao_Aditivos\3o-Termo-Aditivo-ao-Termo-de-Colaboracao-No-097-2024-SESGO-VIGENTE.pdf,3o-Termo-Aditivo-ao-Termo-de-Colaboracao-No-097-2024-SESGO-VIGENTE,mensal,HUGO,Despesa de custeio diversos por Residente COREMU,48,Sociedade Beneficente Israelita Brasileira - Hospital Albert Einstein,termo_aditivo,residentes
2024,C:\OSS-Goias\documentos\IMED\HETRIN\2024\05_Contrato_Gestao_Aditivos\Aditivo_65044097_SEI_64720498_Aditivo.pdf,Aditivo_65044097_SEI_64720498_Aditivo,outro,HETRIN,Cirurgia eletiva hospitalar de média complexidade,274,IMED,termo_aditivo,cirurgias
2024,C:\OSS-Goias\documentos\IMED\HETRIN\2024\05_Contrato_Gestao_Aditivos\Aditivo_65044097_SEI_64720498_Aditivo.pdf,Aditivo_65044097_SEI_64720498_Aditivo,outro,HETRIN,Consulta Médica na Atenção Especializada,822,IMED,termo_aditivo,consultas
2024,C:\OSS-Goias\documentos\IMED\HETRIN\2024\05_Contrato_Gestao_Aditivos\Aditivo_65044097_SEI_64720498_Aditivo.pdf,Aditivo_65044097_SEI_64720498_Aditivo,outro,HETRIN,Eletrocardiograma,274,IMED,termo_aditivo,exames
2024,C:\OSS-Goias\documentos\IMED\HETRIN\2024\05_Contrato_Gestao_Aditivos\Aditivo_65044097_SEI_64720498_Aditivo.pdf,Aditivo_65044097_SEI_64720498_Aditivo,outro,HETRIN,Laboratório de análises clínicas,2466,IMED,termo_aditivo,exames
2024,C:\OSS-Goias\documentos\IMED\HETRIN\2024\05_Contrato_Gestao_Aditivos\Aditivo_65044097_SEI_64720498_Aditivo.pdf,Aditivo_65044097_SEI_64720498_Aditivo,outro,HETRIN,Radiografia,274,IMED,termo_aditivo,exames
2024,C:\OSS-Goias\documentos\IMED\HETRIN\2024\05_Contrato_Gestao_Aditivos\Aditivo_65044097_SEI_64720498_Aditivo.pdf,Aditivo_65044097_SEI_64720498_Aditivo,outro,HETRIN,Ultrassonografia,143,IMED,termo_aditivo,exames
2024,C:\OSS-Goias\documentos\IMED\PFRE\2024\05_Contrato_Gestao_Aditivos\SEI_GOVERNADORIA-62338875-Termo-de-Colaboracao.pdf,SEI_GOVERNADORIA-62338875-Termo-de-Colaboracao,mensal,PFRE,Consultas Médicas Especializadas,2763,IMED,contrato_gestao_inicial,consultas
2024,C:\OSS-Goias\documentos\IMED\PFRE\2024\05_Contrato_Gestao_Aditivos\SEI_GOVERNADORIA-62338875-Termo-de-Colaboracao.pdf,SEI_GOVERNADORIA-62338875-Termo-de-Colaboracao,mensal,PFRE,Consultas da Equipe Multiprofissional,2674,IMED,contrato_gestao_inicial,consultas
2024,C:\OSS-Goias\documentos\IMED\PFRE\2024\05_Contrato_Gestao_Aditivos\SEI_GOVERNADORIA-62338875-Termo-de-Colaboracao.pdf,SEI_GOVERNADORIA-62338875-Termo-de-Colaboracao,mensal,PFRE,Consulta equipe multiprofissional - Interconsulta,802,IMED,contrato_gestao_inicial,consultas
2024,C:\OSS-Goias\documentos\IMED\PFRE\2024\05_Contrato_Gestao_Aditivos\SEI_GOVERNADORIA-62338875-Termo-de-Colaboracao.pdf,SEI_GOVERNADORIA-62338875-Termo-de-Colaboracao,mensal,PFRE,Consulta equipe multiprofissional - Retorno/Sessões,1872,IMED,contrato_gestao_inicial,consultas
2024,C:\OSS-Goias\documentos\IMED\PFRE\2024\05_Contrato_Gestao_Aditivos\SEI_GOVERNADORIA-62338875-Termo-de-Colaboracao.pdf,SEI_GOVERNADORIA-62338875-Termo-de-Colaboracao,mensal,PFRE,Procedimentos cirúrgicos ambulatoriais,34,IMED,contrato_gestao_inicial,procedimentos
2024,C:\OSS-Goias\documentos\IMED\PFRE\2024\05_Contrato_Gestao_Aditivos\SEI_GOVERNADORIA-62338875-Termo-de-Colaboracao.pdf,SEI_GOVERNADORIA-62338875-Termo-de-Colaboracao,mensal,PFRE,Consultas odontológicas - Primeira Consulta (CEO II),240,IMED,contrato_gestao_inicial,consultas
2024,C:\OSS-Goias\documentos\IMED\PFRE\2024\05_Contrato_Gestao_Aditivos\SEI_GOVERNADORIA-62338875-Termo-de-Colaboracao.pdf,SEI_GOVERNADORIA-62338875-Termo-de-Colaboracao,mensal,PFRE,Consultas odontológicas - Consultas Subsequentes (CEO II),360,IMED,contrato_gestao_inicial,consultas
2024,C:\OSS-Goias\documentos\IMED\PFRE\2024\05_Contrato_Gestao_Aditivos\SEI_GOVERNADORIA-62338875-Termo-de-Colaboracao.pdf,SEI_GOVERNADORIA-62338875-Termo-de-Colaboracao,mensal,PFRE,Consultas odontológicas Total (CEO II),600,IMED,contrato_gestao_inicial,consultas
2024,C:\OSS-Goias\documentos\IMED\PFRE\2024\05_Contrato_Gestao_Aditivos\SEI_GOVERNADORIA-62338875-Termo-de-Colaboracao.pdf,SEI_GOVERNADORIA-62338875-Termo-de-Colaboracao,mensal,PFRE,Procedimentos básicos odontológicos (CEO II),110,IMED,contrato_gestao_inicial,procedimentos
2024,C:\OSS-Goias\documentos\IMED\PFRE\2024\05_Contrato_Gestao_Aditivos\SEI_GOVERNADORIA-62338875-Termo-de-Colaboracao.pdf,SEI_GOVERNADORIA-62338875-Termo-de-Colaboracao,mensal,PFRE,Periodontia Especializada (CEO II),90,IMED,contrato_gestao_inicial,procedimentos
2024,C:\OSS-Goias\documentos\IMED\PFRE\2024\05_Contrato_Gestao_Aditivos\SEI_GOVERNADORIA-62338875-Termo-de-Colaboracao.pdf,SEI_GOVERNADORIA-62338875-Termo-de-Colaboracao,mensal,PFRE,Endodontia (CEO II),60,IMED,contrato_gestao_inicial,procedimentos
2024,C:\OSS-Goias\documentos\IMED\PFRE\2024\05_Contrato_Gestao_Aditivos\SEI_GOVERNADORIA-62338875-Termo-de-Colaboracao.pdf,SEI_GOVERNADORIA-62338875-Termo-de-Colaboracao,mensal,PFRE,Cirurgia Oral Menor (CEO II),90,IMED,contrato_gestao_inicial,procedimentos
2024,C:\OSS-Goias\documentos\IMED\PFRE\2024\05_Contrato_Gestao_Aditivos\SEI_GOVERNADORIA-62338875-Termo-de-Colaboracao.pdf,SEI_GOVERNADORIA-62338875-Termo-de-Colaboracao,mensal,PFRE,Sessões Hemodiálise (TRS),580,IMED,contrato_gestao_inicial,sessões
2024,C:\OSS-Goias\documentos\IMED\PFRE\2024\05_Contrato_Gestao_Aditivos\SEI_GOVERNADORIA-62338875-Termo-de-Colaboracao.pdf,SEI_GOVERNADORIA-62338875-Termo-de-Colaboracao,mensal,PFRE,Pacotes de Treinamento de Diálise Peritoneal,36,IMED,contrato_gestao_inicial,sessões
2024,C:\OSS-Goias\documentos\IMED\PFRE\2024\05_Contrato_Gestao_Aditivos\SEI_GOVERNADORIA-62338875-Termo-de-Colaboracao.pdf,SEI_GOVERNADORIA-62338875-Termo-de-Colaboracao,mensal,PFRE,Audiometria (SADT),10,IMED,contrato_gestao_inicial,exames
2024,C:\OSS-Goias\documentos\IMED\PFRE\2024\05_Contrato_Gestao_Aditivos\SEI_GOVERNADORIA-62338875-Termo-de-Colaboracao.pdf,SEI_GOVERNADORIA-62338875-Termo-de-Colaboracao,mensal,PFRE,Cistoscopia (SADT),10,IMED,contrato_gestao_inicial,exames
2024,C:\OSS-Goias\documentos\IMED\PFRE\2024\05_Contrato_Gestao_Aditivos\SEI_GOVERNADORIA-62338875-Termo-de-Colaboracao.pdf,SEI_GOVERNADORIA-62338875-Termo-de-Colaboracao,mensal,PFRE,Colonoscopia (SADT),39,IMED,contrato_gestao_inicial,exames
2024,C:\OSS-Goias\documentos\IMED\PFRE\2024\05_Contrato_Gestao_Aditivos\SEI_GOVERNADORIA-62338875-Termo-de-Colaboracao.pdf,SEI_GOVERNADORIA-62338875-Termo-de-Colaboracao,mensal,PFRE,Colposcopia (SADT),10,IMED,contrato_gestao_inicial,exames
2024,C:\OSS-Goias\documentos\IMED\PFRE\2024\05_Contrato_Gestao_Aditivos\SEI_GOVERNADORIA-62338875-Termo-de-Colaboracao.pdf,SEI_GOVERNADORIA-62338875-Termo-de-Colaboracao,mensal,PFRE,Densitometria Óssea (SADT),59,IMED,contrato_gestao_inicial,exames
2024,C:\OSS-Goias\documentos\IMED\PFRE\2024\05_Contrato_Gestao_Aditivos\SEI_GOVERNADORIA-62338875-Termo-de-Colaboracao.pdf,SEI_GOVERNADORIA-62338875-Termo-de-Colaboracao,mensal,PFRE,Doppler Vascular (SADT),85,IMED,contrato_gestao_inicial,exames
2024,C:\OSS-Goias\documentos\IMED\PFRE\2024\05_Contrato_Gestao_Aditivos\SEI_GOVERNADORIA-62338875-Termo-de-Colaboracao.pdf,SEI_GOVERNADORIA-62338875-Termo-de-Colaboracao,mensal,PFRE,Ecocardiografia (SADT),75,IMED,contrato_gestao_inicial,exames
2024,C:\OSS-Goias\documentos\IMED\PFRE\2024\05_Contrato_Gestao_Aditivos\SEI_GOVERNADORIA-62338875-Termo-de-Colaboracao.pdf,SEI_GOVERNADORIA-62338875-Termo-de-Colaboracao,mensal,PFRE,Eletrocardiografia (SADT),114,IMED,contrato_gestao_inicial,exames
2024,C:\OSS-Goias\documentos\IMED\PFRE\2024\05_Contrato_Gestao_Aditivos\SEI_GOVERNADORIA-62338875-Termo-de-Colaboracao.pdf,SEI_GOVERNADORIA-62338875-Termo-de-Colaboracao,mensal,PFRE,Eletroencefalografia (SADT),12,IMED,contrato_gestao_inicial,exames
2024,C:\OSS-Goias\documentos\IMED\PFRE\2024\05_Contrato_Gestao_Aditivos\SEI_GOVERNADORIA-62338875-Termo-de-Colaboracao.pdf,SEI_GOVERNADORIA-62338875-Termo-de-Colaboracao,mensal,PFRE,Eletroneuromiografia (SADT),9,IMED,contrato_gestao_inicial,exames
2024,C:\OSS-Goias\documentos\IMED\PFRE\2024\05_Contrato_Gestao_Aditivos\SEI_GOVERNADORIA-62338875-Termo-de-Colaboracao.pdf,SEI_GOVERNADORIA-62338875-Termo-de-Colaboracao,mensal,PFRE,Emissões Otoacústica (SADT),10,IMED,contrato_gestao_inicial,exames
2024,C:\OSS-Goias\documentos\IMED\PFRE\2024\05_Contrato_Gestao_Aditivos\SEI_GOVERNADORIA-62338875-Termo-de-Colaboracao.pdf,SEI_GOVERNADORIA-62338875-Termo-de-Colaboracao,mensal,PFRE,Endoscopia (SADT),46,IMED,contrato_gestao_inicial,exames
2024,C:\OSS-Goias\documentos\IMED\PFRE\2024\05_Contrato_Gestao_Aditivos\SEI_GOVERNADORIA-62338875-Termo-de-Colaboracao.pdf,SEI_GOVERNADORIA-62338875-Termo-de-Colaboracao,mensal,PFRE,Espirometria (SADT),10,IMED,contrato_gestao_inicial,exames
2024,C:\OSS-Goias\documentos\IMED\PFRE\2024\05_Contrato_Gestao_Aditivos\SEI_GOVERNADORIA-62338875-Termo-de-Colaboracao.pdf,SEI_GOVERNADORIA-62338875-Termo-de-Colaboracao,mensal,PFRE,Holter (SADT),47,IMED,contrato_gestao_inicial,exames
2024,C:\OSS-Goias\documentos\IMED\PFRE\2024\05_Contrato_Gestao_Aditivos\SEI_GOVERNADORIA-62338875-Termo-de-Colaboracao.pdf,SEI_GOVERNADORIA-62338875-Termo-de-Colaboracao,mensal,PFRE,Mamografia (SADT),75,IMED,contrato_gestao_inicial,exames
2024,C:\OSS-Goias\documentos\IMED\PFRE\2024\05_Contrato_Gestao_Aditivos\SEI_GOVERNADORIA-62338875-Termo-de-Colaboracao.pdf,SEI_GOVERNADORIA-62338875-Termo-de-Colaboracao,mensal,PFRE,MAPA (SADT),42,IMED,contrato_gestao_inicial,exames
2024,C:\OSS-Goias\documentos\IMED\PFRE\2024\05_Contrato_Gestao_Aditivos\SEI_GOVERNADORIA-62338875-Termo-de-Colaboracao.pdf,SEI_GOVERNADORIA-62338875-Termo-de-Colaboracao,mensal,PFRE,Nasofibroscopia (SADT),10,IMED,contrato_gestao_inicial,exames
2024,C:\OSS-Goias\documentos\IMED\PFRE\2024\05_Contrato_Gestao_Aditivos\SEI_GOVERNADORIA-62338875-Termo-de-Colaboracao.pdf,SEI_GOVERNADORIA-62338875-Termo-de-Colaboracao,mensal,PFRE,Punção aspirativa por agulha fina PAAF (SADT),10,IMED,contrato_gestao_inicial,exames
2024,C:\OSS-Goias\documentos\IMED\PFRE\2024\05_Contrato_Gestao_Aditivos\SEI_GOVERNADORIA-62338875-Termo-de-Colaboracao.pdf,SEI_GOVERNADORIA-62338875-Termo-de-Colaboracao,mensal,PFRE,Punção aspirativa por agulha grossa (SADT),10,IMED,contrato_gestao_inicial,exames
2024,C:\OSS-Goias\documentos\IMED\PFRE\2024\05_Contrato_Gestao_Aditivos\SEI_GOVERNADORIA-62338875-Termo-de-Colaboracao.pdf,SEI_GOVERNADORIA-62338875-Termo-de-Colaboracao,mensal,PFRE,Radiologia (SADT),336,IMED,contrato_gestao_inicial,exames
2024,C:\OSS-Goias\documentos\IMED\PFRE\2024\05_Contrato_Gestao_Aditivos\SEI_GOVERNADORIA-62338875-Termo-de-Colaboracao.pdf,SEI_GOVERNADORIA-62338875-Termo-de-Colaboracao,mensal,PFRE,Teste Ergométrico (SADT),48,IMED,contrato_gestao_inicial,exames
2024,C:\OSS-Goias\documentos\IMED\PFRE\2024\05_Contrato_Gestao_Aditivos\SEI_GOVERNADORIA-62338875-Termo-de-Colaboracao.pdf,SEI_GOVERNADORIA-62338875-Termo-de-Colaboracao,mensal,PFRE,Tomografia (SADT),307,IMED,contrato_gestao_inicial,exames
2024,C:\OSS-Goias\documentos\IMED\PFRE\2024\05_Contrato_Gestao_Aditivos\SEI_GOVERNADORIA-62338875-Termo-de-Colaboracao.pdf,SEI_GOVERNADORIA-62338875-Termo-de-Colaboracao,mensal,PFRE,Ultrassonografia (SADT),486,IMED,contrato_gestao_inicial,exames
2024,C:\OSS-Goias\documentos\IMED\PFRE\2024\05_Contrato_Gestao_Aditivos\SEI_GOVERNADORIA-62338875-Termo-de-Colaboracao.pdf,SEI_GOVERNADORIA-62338875-Termo-de-Colaboracao,mensal,PFRE,Urodinâmica (SADT),10,IMED,contrato_gestao_inicial,exames
2024,C:\OSS-Goias\documentos\IMED\PFRE\2024\05_Contrato_Gestao_Aditivos\SEI_GOVERNADORIA-62338875-Termo-de-Colaboracao.pdf,SEI_GOVERNADORIA-62338875-Termo-de-Colaboracao,mensal,PFRE,Videolaringoscopia (SADT),10,IMED,contrato_gestao_inicial,exames
2024,C:\OSS-Goias\documentos\IMED\PFRE\2024\05_Contrato_Gestao_Aditivos\SEI_GOVERNADORIA-62338875-Termo-de-Colaboracao.pdf,SEI_GOVERNADORIA-62338875-Termo-de-Colaboracao,mensal,PFRE,Transporte - Ônibus (distância média mensal),12000,IMED,contrato_gestao_inicial,km
2024,C:\OSS-Goias\documentos\IMED\PFRE\2024\05_Contrato_Gestao_Aditivos\SEI_GOVERNADORIA-62338875-Termo-de-Colaboracao.pdf,SEI_GOVERNADORIA-62338875-Termo-de-Colaboracao,mensal,PFRE,Transporte - VAN (distância média mensal),12000,IMED,contrato_gestao_inicial,km
2024,C:\OSS-Goias\documentos\IMED\PFRE\2024\05_Contrato_Gestao_Aditivos\SEI_GOVERNADORIA-62338875-Termo-de-Colaboracao.pdf,SEI_GOVERNADORIA-62338875-Termo-de-Colaboracao,mensal,PFRE,Produção mínima equipe transexualizador - Total,50,IMED,contrato_gestao_inicial,consultas
2024,C:\OSS-Goias\documentos\IMED\PFRE\2024\05_Contrato_Gestao_Aditivos\SEI_GOVERNADORIA-62338875-Termo-de-Colaboracao.pdf,SEI_GOVERNADORIA-62338875-Termo-de-Colaboracao,mensal,PFRE,Consultas Farmacêuticas (CEAF),0,IMED,contrato_gestao_inicial,consultas (≥5% dos processos atendidos no mês)
2024,C:\OSS-Goias\documentos\IMED\PFRE\2024\05_Contrato_Gestao_Aditivos\SEI_GOVERNADORIA-62338875-Termo-de-Colaboracao.pdf,SEI_GOVERNADORIA-62338875-Termo-de-Colaboracao,mensal,PFRE,Dispensação de medicamentos CEAF,0,IMED,contrato_gestao_inicial,processos (≥50% dos cadastrados na unidade)
2024,C:\OSS-Goias\documentos\Albert Einstein\HUGO\2024\05_Contrato_Gestao_Aditivos\Termo-de-Colaboracao-no-97.2024-SES-V.pdf,Termo-de-Colaboracao-no-97.2024-SES-V,mensal,HUGO,Internação - Clínica Cirúrgica,1119,Hospital Albert Einstein (Sociedade Beneficente Israelita Brasileira),contrato_gestao_inicial,saídas
2024,C:\OSS-Goias\documentos\Albert Einstein\HUGO\2024\05_Contrato_Gestao_Aditivos\Termo-de-Colaboracao-no-97.2024-SES-V.pdf,Termo-de-Colaboracao-no-97.2024-SES-V,mensal,HUGO,Internação - Clínica Médica,328,Hospital Albert Einstein (Sociedade Beneficente Israelita Brasileira),contrato_gestao_inicial,saídas
2024,C:\OSS-Goias\documentos\Albert Einstein\HUGO\2024\05_Contrato_Gestao_Aditivos\Termo-de-Colaboracao-no-97.2024-SES-V.pdf,Termo-de-Colaboracao-no-97.2024-SES-V,mensal,HUGO,Internação - Clínica Neurológica,46,Hospital Albert Einstein (Sociedade Beneficente Israelita Brasileira),contrato_gestao_inicial,saídas
2024,C:\OSS-Goias\documentos\Albert Einstein\HUGO\2024\05_Contrato_Gestao_Aditivos\Termo-de-Colaboracao-no-97.2024-SES-V.pdf,Termo-de-Colaboracao-no-97.2024-SES-V,mensal,HUGO,Cirurgia eletiva hospitalar de alto giro,200,Hospital Albert Einstein (Sociedade Beneficente Israelita Brasileira),contrato_gestao_inicial,cirurgias
2024,C:\OSS-Goias\documentos\Albert Einstein\HUGO\2024\05_Contrato_Gestao_Aditivos\Termo-de-Colaboracao-no-97.2024-SES-V.pdf,Termo-de-Colaboracao-no-97.2024-SES-V,mensal,HUGO,Cirurgia eletiva hospitalar de média ou alta complexidade (sem alto custo),150,Hospital Albert Einstein (Sociedade Beneficente Israelita Brasileira),contrato_gestao_inicial,cirurgias
2024,C:\OSS-Goias\documentos\Albert Einstein\HUGO\2024\05_Contrato_Gestao_Aditivos\Termo-de-Colaboracao-no-97.2024-SES-V.pdf,Termo-de-Colaboracao-no-97.2024-SES-V,mensal,HUGO,Cirurgia eletiva hospitalar de alto custo (com ou sem OPME),70,Hospital Albert Einstein (Sociedade Beneficente Israelita Brasileira),contrato_gestao_inicial,cirurgias
2024,C:\OSS-Goias\documentos\Albert Einstein\HUGO\2024\05_Contrato_Gestao_Aditivos\Termo-de-Colaboracao-no-97.2024-SES-V.pdf,Termo-de-Colaboracao-no-97.2024-SES-V,mensal,HUGO,Cirurgia eletiva hospitalar de alto custo porte maior (com ou sem OPME),30,Hospital Albert Einstein (Sociedade Beneficente Israelita Brasileira),contrato_gestao_inicial,cirurgias
2024,C:\OSS-Goias\documentos\Albert Einstein\HUGO\2024\05_Contrato_Gestao_Aditivos\Termo-de-Colaboracao-no-97.2024-SES-V.pdf,Termo-de-Colaboracao-no-97.2024-SES-V,mensal,HUGO,Consultas médicas na Atenção Especializada,4000,Hospital Albert Einstein (Sociedade Beneficente Israelita Brasileira),contrato_gestao_inicial,consultas
2024,C:\OSS-Goias\documentos\Albert Einstein\HUGO\2024\05_Contrato_Gestao_Aditivos\Termo-de-Colaboracao-no-97.2024-SES-V.pdf,Termo-de-Colaboracao-no-97.2024-SES-V,mensal,HUGO,Consultas multiprofissionais na Atenção Especializada,1000,Hospital Albert Einstein (Sociedade Beneficente Israelita Brasileira),contrato_gestao_inicial,consultas
2024,C:\OSS-Goias\documentos\Albert Einstein\HUGO\2024\05_Contrato_Gestao_Aditivos\Termo-de-Colaboracao-no-97.2024-SES-V.pdf,Termo-de-Colaboracao-no-97.2024-SES-V,mensal,HUGO,Pequeno procedimento ambulatorial (faturamento via BPA),405,Hospital Albert Einstein (Sociedade Beneficente Israelita Brasileira),contrato_gestao_inicial,procedimentos
2024,C:\OSS-Goias\documentos\Albert Einstein\HUGO\2024\05_Contrato_Gestao_Aditivos\Termo-de-Colaboracao-no-97.2024-SES-V.pdf,Termo-de-Colaboracao-no-97.2024-SES-V,mensal,HUGO,Pequeno procedimento ambulatorial (faturamento via APAC),200,Hospital Albert Einstein (Sociedade Beneficente Israelita Brasileira),contrato_gestao_inicial,procedimentos
2024,C:\OSS-Goias\documentos\Albert Einstein\HUGO\2024\05_Contrato_Gestao_Aditivos\Termo-de-Colaboracao-no-97.2024-SES-V.pdf,Termo-de-Colaboracao-no-97.2024-SES-V,mensal,HUGO,Hospital Dia,456,Hospital Albert Einstein (Sociedade Beneficente Israelita Brasileira),contrato_gestao_inicial,atendimentos
2024,C:\OSS-Goias\documentos\Albert Einstein\HUGO\2024\05_Contrato_Gestao_Aditivos\Termo-de-Colaboracao-no-97.2024-SES-V.pdf,Termo-de-Colaboracao-no-97.2024-SES-V,mensal,HUGO,SADT Externo - Colonoscopia,100,Hospital Albert Einstein (Sociedade Beneficente Israelita Brasileira),contrato_gestao_inicial,exames
2024,C:\OSS-Goias\documentos\Albert Einstein\HUGO\2024\05_Contrato_Gestao_Aditivos\Termo-de-Colaboracao-no-97.2024-SES-V.pdf,Termo-de-Colaboracao-no-97.2024-SES-V,mensal,HUGO,SADT Externo - Eletrocardiograma,300,Hospital Albert Einstein (Sociedade Beneficente Israelita Brasileira),contrato_gestao_inicial,exames
2024,C:\OSS-Goias\documentos\Albert Einstein\HUGO\2024\05_Contrato_Gestao_Aditivos\Termo-de-Colaboracao-no-97.2024-SES-V.pdf,Termo-de-Colaboracao-no-97.2024-SES-V,mensal,HUGO,SADT Externo - Endoscopia Digestiva,130,Hospital Albert Einstein (Sociedade Beneficente Israelita Brasileira),contrato_gestao_inicial,exames
2024,C:\OSS-Goias\documentos\Albert Einstein\HUGO\2024\05_Contrato_Gestao_Aditivos\Termo-de-Colaboracao-no-97.2024-SES-V.pdf,Termo-de-Colaboracao-no-97.2024-SES-V,mensal,HUGO,SADT Externo - Radiografia,600,Hospital Albert Einstein (Sociedade Beneficente Israelita Brasileira),contrato_gestao_inicial,exames
2024,C:\OSS-Goias\documentos\Albert Einstein\HUGO\2024\05_Contrato_Gestao_Aditivos\Termo-de-Colaboracao-no-97.2024-SES-V.pdf,Termo-de-Colaboracao-no-97.2024-SES-V,mensal,HUGO,SADT Externo - Radiografia com contraste,100,Hospital Albert Einstein (Sociedade Beneficente Israelita Brasileira),contrato_gestao_inicial,exames
2024,C:\OSS-Goias\documentos\Albert Einstein\HUGO\2024\05_Contrato_Gestao_Aditivos\Termo-de-Colaboracao-no-97.2024-SES-V.pdf,Termo-de-Colaboracao-no-97.2024-SES-V,mensal,HUGO,SADT Externo - Endoscopia via urinária,30,Hospital Albert Einstein (Sociedade Beneficente Israelita Brasileira),contrato_gestao_inicial,exames
2024,C:\OSS-Goias\documentos\Albert Einstein\HUGO\2024\05_Contrato_Gestao_Aditivos\Termo-de-Colaboracao-no-97.2024-SES-V.pdf,Termo-de-Colaboracao-no-97.2024-SES-V,mensal,HUGO,SADT Externo - Tomografia Computadorizada (com e sem contraste),250,Hospital Albert Einstein (Sociedade Beneficente Israelita Brasileira),contrato_gestao_inicial,exames
2024,C:\OSS-Goias\documentos\Albert Einstein\HUGO\2024\05_Contrato_Gestao_Aditivos\Termo-de-Colaboracao-no-97.2024-SES-V.pdf,Termo-de-Colaboracao-no-97.2024-SES-V,mensal,HUGO,SADT Externo - Ultrassonografia,100,Hospital Albert Einstein (Sociedade Beneficente Israelita Brasileira),contrato_gestao_inicial,exames
2024,C:\OSS-Goias\documentos\Albert Einstein\HUGO\2024\05_Contrato_Gestao_Aditivos\Termo-de-Colaboracao-no-97.2024-SES-V.pdf,Termo-de-Colaboracao-no-97.2024-SES-V,mensal,HUGO,SADT Externo - Ultrassonografia/Doppler,180,Hospital Albert Einstein (Sociedade Beneficente Israelita Brasileira),contrato_gestao_inicial,exames
2025,C:\OSS-Goias\documentos\FUNEV\HEANA\2025\05_Contrato_Gestao_Aditivos\1758281865375-ilovepdf_merged.pdf,1758281865375-ilovepdf_merged,mensal,HEANA,Internação - Clínica Cirúrgica,352,FUNEV,termo_aditivo,saídas/mês
2025,C:\OSS-Goias\documentos\FUNEV\HEANA\2025\05_Contrato_Gestao_Aditivos\1758281865375-ilovepdf_merged.pdf,1758281865375-ilovepdf_merged,mensal,HEANA,Internação - Clínica Médica (1ª Etapa),213,FUNEV,termo_aditivo,saídas/mês
2025,C:\OSS-Goias\documentos\FUNEV\HEANA\2025\05_Contrato_Gestao_Aditivos\1758281865375-ilovepdf_merged.pdf,1758281865375-ilovepdf_merged,mensal,HEANA,Internação - Clínica Médica (2ª Etapa),382,FUNEV,termo_aditivo,saídas/mês
2025,C:\OSS-Goias\documentos\FUNEV\HEANA\2025\05_Contrato_Gestao_Aditivos\1758281865375-ilovepdf_merged.pdf,1758281865375-ilovepdf_merged,mensal,HEANA,Hospital Dia - Atendimentos,165,FUNEV,termo_aditivo,atendimentos/mês
2025,C:\OSS-Goias\documentos\FUNEV\HEANA\2025\05_Contrato_Gestao_Aditivos\1758281865375-ilovepdf_merged.pdf,1758281865375-ilovepdf_merged,mensal,HEANA,Serviço de Atenção Domiciliar - Pacientes assistidos,120,FUNEV,termo_aditivo,pacientes/mês
2025,C:\OSS-Goias\documentos\FUNEV\HEANA\2025\05_Contrato_Gestao_Aditivos\1758281865375-ilovepdf_merged.pdf,1758281865375-ilovepdf_merged,mensal,HEANA,SADT Externo - Biópsia de Tireóide ou Paratireóide (PAAF),8,FUNEV,termo_aditivo,exames/mês
2025,C:\OSS-Goias\documentos\FUNEV\HEANA\2025\05_Contrato_Gestao_Aditivos\1758281865375-ilovepdf_merged.pdf,1758281865375-ilovepdf_merged,mensal,HEANA,SADT Externo - Biópsia de Pele e Partes Moles,2,FUNEV,termo_aditivo,exames/mês
2025,C:\OSS-Goias\documentos\FUNEV\HEANA\2025\05_Contrato_Gestao_Aditivos\1758281865375-ilovepdf_merged.pdf,1758281865375-ilovepdf_merged,mensal,HEANA,SADT Externo - Biópsia de Próstata,2,FUNEV,termo_aditivo,exames/mês
2025,C:\OSS-Goias\documentos\FUNEV\HEANA\2025\05_Contrato_Gestao_Aditivos\1758281865375-ilovepdf_merged.pdf,1758281865375-ilovepdf_merged,mensal,HEANA,SADT Externo - Biópsia Percutânea orientada por tomografia,2,FUNEV,termo_aditivo,exames/mês
2025,C:\OSS-Goias\documentos\FUNEV\HEANA\2025\05_Contrato_Gestao_Aditivos\1758281865375-ilovepdf_merged.pdf,1758281865375-ilovepdf_merged,mensal,HEANA,SADT Externo - Doppler Colorido de Vasos,70,FUNEV,termo_aditivo,exames/mês
2025,C:\OSS-Goias\documentos\FUNEV\HEANA\2025\05_Contrato_Gestao_Aditivos\1758281865375-ilovepdf_merged.pdf,1758281865375-ilovepdf_merged,mensal,HEANA,"SADT Externo - Ecocardiograma (Estresse, Transesofágico e Transtorácico)",50,FUNEV,termo_aditivo,exames/mês
2025,C:\OSS-Goias\documentos\FUNEV\HEANA\2025\05_Contrato_Gestao_Aditivos\1758281865375-ilovepdf_merged.pdf,1758281865375-ilovepdf_merged,mensal,HEANA,SADT Externo - Radiografia,70,FUNEV,termo_aditivo,exames/mês
2025,C:\OSS-Goias\documentos\FUNEV\HEANA\2025\05_Contrato_Gestao_Aditivos\1758281865375-ilovepdf_merged.pdf,1758281865375-ilovepdf_merged,mensal,HEANA,SADT Externo - Ultrassonografia,60,FUNEV,termo_aditivo,exames/mês
2025,C:\OSS-Goias\documentos\FUNEV\HEANA\2025\05_Contrato_Gestao_Aditivos\1758281865375-ilovepdf_merged.pdf,1758281865375-ilovepdf_merged,mensal,HEANA,Atendimento Ambulatorial - Consulta Médica na Atenção Especializada,1500,FUNEV,termo_aditivo,consultas/mês
2025,C:\OSS-Goias\documentos\FUNEV\HEANA\2025\05_Contrato_Gestao_Aditivos\1758281865375-ilovepdf_merged.pdf,1758281865375-ilovepdf_merged,mensal,HEANA,Atendimento Ambulatorial - Consulta Não Médica na Atenção Especializada,200,FUNEV,termo_aditivo,consultas/mês
2025,C:\OSS-Goias\documentos\IPGSE\HERSO\2025\05_Contrato_Gestao_Aditivos\1o-termo-aditivo-herso-07-07-2025-f1307269b9.pdf,1o-termo-aditivo-herso-07-07-2025-f1307269b9,mensal,HERSO,Internação - Clínica Cirúrgica,381,IPGSE,termo_aditivo,saídas hospitalares
2025,C:\OSS-Goias\documentos\IPGSE\HERSO\2025\05_Contrato_Gestao_Aditivos\1o-termo-aditivo-herso-07-07-2025-f1307269b9.pdf,1o-termo-aditivo-herso-07-07-2025-f1307269b9,mensal,HERSO,Internação - Clínica Médica,82,IPGSE,termo_aditivo,saídas hospitalares
2025,C:\OSS-Goias\documentos\IPGSE\HERSO\2025\05_Contrato_Gestao_Aditivos\1o-termo-aditivo-herso-07-07-2025-f1307269b9.pdf,1o-termo-aditivo-herso-07-07-2025-f1307269b9,mensal,HERSO,Cirurgia Eletiva de Alto Giro,100,IPGSE,termo_aditivo,cirurgias
2025,C:\OSS-Goias\documentos\IPGSE\HERSO\2025\05_Contrato_Gestao_Aditivos\1o-termo-aditivo-herso-07-07-2025-f1307269b9.pdf,1o-termo-aditivo-herso-07-07-2025-f1307269b9,mensal,HERSO,Cirurgia Eletiva de Média ou Alta Complexidade,90,IPGSE,termo_aditivo,cirurgias
2025,C:\OSS-Goias\documentos\IPGSE\HERSO\2025\05_Contrato_Gestao_Aditivos\1o-termo-aditivo-herso-07-07-2025-f1307269b9.pdf,1o-termo-aditivo-herso-07-07-2025-f1307269b9,mensal,HERSO,Cirurgia Eletiva de Alto Custo,20,IPGSE,termo_aditivo,cirurgias
2025,C:\OSS-Goias\documentos\IPGSE\HERSO\2025\05_Contrato_Gestao_Aditivos\1o-termo-aditivo-herso-07-07-2025-f1307269b9.pdf,1o-termo-aditivo-herso-07-07-2025-f1307269b9,mensal,HERSO,Consultas Médicas na Atenção Especializada,1350,IPGSE,termo_aditivo,consultas
2025,C:\OSS-Goias\documentos\IPGSE\HERSO\2025\05_Contrato_Gestao_Aditivos\1o-termo-aditivo-herso-07-07-2025-f1307269b9.pdf,1o-termo-aditivo-herso-07-07-2025-f1307269b9,mensal,HERSO,Consultas Multiprofissionais na Atenção Especializada,1550,IPGSE,termo_aditivo,consultas
2025,C:\OSS-Goias\documentos\IPGSE\HERSO\2025\05_Contrato_Gestao_Aditivos\1o-termo-aditivo-herso-07-07-2025-f1307269b9.pdf,1o-termo-aditivo-herso-07-07-2025-f1307269b9,mensal,HERSO,Procedimentos Ambulatoriais,40,IPGSE,termo_aditivo,procedimentos
2025,C:\OSS-Goias\documentos\IPGSE\HERSO\2025\05_Contrato_Gestao_Aditivos\1o-termo-aditivo-herso-07-07-2025-f1307269b9.pdf,1o-termo-aditivo-herso-07-07-2025-f1307269b9,mensal,HERSO,Hospital Dia - Atendimento Leito dia,88,IPGSE,termo_aditivo,atendimentos
2025,C:\OSS-Goias\documentos\IPGSE\HERSO\2025\05_Contrato_Gestao_Aditivos\1o-termo-aditivo-herso-07-07-2025-f1307269b9.pdf,1o-termo-aditivo-herso-07-07-2025-f1307269b9,mensal,HERSO,SADT Externo - Colangiopancreatografia Retrógrada Endoscópica (CPRE),3,IPGSE,termo_aditivo,exames
2025,C:\OSS-Goias\documentos\IPGSE\HERSO\2025\05_Contrato_Gestao_Aditivos\1o-termo-aditivo-herso-07-07-2025-f1307269b9.pdf,1o-termo-aditivo-herso-07-07-2025-f1307269b9,mensal,HERSO,SADT Externo - Tomografia Computadorizada,50,IPGSE,termo_aditivo,exames
2025,C:\OSS-Goias\documentos\IMED\PFRE\2025\05_Contrato_Gestao_Aditivos\Apostila_71711672_SEI_GOVERNADORIA___71345409___Apostila_6.pdf,Apostila_71711672_SEI_GOVERNADORIA___71345409___Apostila_6,mensal,PFRE,Sessões de Hemodiálise (3 turnos e 3 sessões semanais por paciente),624,IMED,termo_apostilamento,sessões/mês
2025,C:\OSS-Goias\documentos\IMED\PFRE\2025\05_Contrato_Gestao_Aditivos\Apostila_71711672_SEI_GOVERNADORIA___71345409___Apostila_6.pdf,Apostila_71711672_SEI_GOVERNADORIA___71345409___Apostila_6,mensal,PFRE,"Pacotes de Manutenção Mensal de Diálise Peritoneal (considerando 10 dias de treinamento para cada paciente, 6 pacientes)",40,IMED,termo_apostilamento,sessões/mês
2025,C:\OSS-Goias\documentos\ISG\HDT\2025\05_Contrato_Gestao_Aditivos\Relatorio-Resumido-da-Execucao-Orcamentaria-e-Financeira-por-Contrato-de-Gestao-Outubro-2025-Excel.xlsx,Relatorio-Resumido-da-Execucao-Orcamentaria-e-Financeira-por-Contrato-de-Gestao-Outubro-2025-Excel,anual,HDT,Total Empenhado (Custeio),104287361.01,ISG,outro,R$
2025,C:\OSS-Goias\documentos\ISG\HDT\2025\05_Contrato_Gestao_Aditivos\Relatorio-Resumido-da-Execucao-Orcamentaria-e-Financeira-por-Contrato-de-Gestao-Outubro-2025-Excel.xlsx,Relatorio-Resumido-da-Execucao-Orcamentaria-e-Financeira-por-Contrato-de-Gestao-Outubro-2025-Excel,anual,HDT,Total Liquidado (Custeio),85201393.11,ISG,outro,R$
2025,C:\OSS-Goias\documentos\ISG\HDT\2025\05_Contrato_Gestao_Aditivos\Relatorio-Resumido-da-Execucao-Orcamentaria-e-Financeira-por-Contrato-de-Gestao-Outubro-2025-Excel.xlsx,Relatorio-Resumido-da-Execucao-Orcamentaria-e-Financeira-por-Contrato-de-Gestao-Outubro-2025-Excel,anual,HDT,Total Pago (Custeio),85201393.11,ISG,outro,R$
2025,C:\OSS-Goias\documentos\ISG\HDT\2025\05_Contrato_Gestao_Aditivos\Relatorio-Resumido-da-Execucao-Orcamentaria-e-Financeira-por-Contrato-de-Gestao-Outubro-2025-Excel.xlsx,Relatorio-Resumido-da-Execucao-Orcamentaria-e-Financeira-por-Contrato-de-Gestao-Outubro-2025-Excel,anual,HDT,Total Empenhado (Investimentos),179929.5,ISG,outro,R$
2025,C:\OSS-Goias\documentos\ISG\HDT\2025\05_Contrato_Gestao_Aditivos\Relatorio-Resumido-da-Execucao-Orcamentaria-e-Financeira-por-Contrato-de-Gestao-Outubro-2025-Excel.xlsx,Relatorio-Resumido-da-Execucao-Orcamentaria-e-Financeira-por-Contrato-de-Gestao-Outubro-2025-Excel,anual,HDT,Total Liquidado (Investimentos),164430.0,ISG,outro,R$
2025,C:\OSS-Goias\documentos\ISG\HDT\2025\05_Contrato_Gestao_Aditivos\Relatorio-Resumido-da-Execucao-Orcamentaria-e-Financeira-por-Contrato-de-Gestao-Outubro-2025-Excel.xlsx,Relatorio-Resumido-da-Execucao-Orcamentaria-e-Financeira-por-Contrato-de-Gestao-Outubro-2025-Excel,anual,HDT,Glosas Aplicadas (Custeio),190614.72,ISG,outro,R$
2025,C:\OSS-Goias\documentos\ISG\HDT\2025\05_Contrato_Gestao_Aditivos\Relatorio-Resumido-da-Execucao-Orcamentaria-e-Financeira-por-Contrato-de-Gestao-Outubro-2025-Excel.xlsx,Relatorio-Resumido-da-Execucao-Orcamentaria-e-Financeira-por-Contrato-de-Gestao-Outubro-2025-Excel,anual,HDT,Total de Pagamentos (Guias de Receita - Custeio),205632.42,ISG,outro,R$
2025,C:\OSS-Goias\documentos\ISG\HDT\2025\05_Contrato_Gestao_Aditivos\Relatorio-Resumido-da-Execucao-Orcamentaria-e-Financeira-por-Contrato-de-Gestao-Outubro-2025-Excel.xlsx,Relatorio-Resumido-da-Execucao-Orcamentaria-e-Financeira-por-Contrato-de-Gestao-Outubro-2025-Excel,anual,HDT,Pagamentos Restos a Pagar (Custeio),269183.61,ISG,outro,R$
2025,C:\OSS-Goias\documentos\ISG\HDT\2025\05_Contrato_Gestao_Aditivos\Relatorio-Resumido-da-Execucao-Orcamentaria-e-Financeira-por-Contrato-de-Gestao-Outubro-2025-Excel.xlsx,Relatorio-Resumido-da-Execucao-Orcamentaria-e-Financeira-por-Contrato-de-Gestao-Outubro-2025-Excel,anual,HDT,Total de Pagamentos no período,85840639.14,ISG,outro,R$
2025,C:\OSS-Goias\documentos\IMED\PFRE\2025\05_Contrato_Gestao_Aditivos\SEI_GOVERNADORIA-70842015-Aditivo.pdf,SEI_GOVERNADORIA-70842015-Aditivo,mensal,Policlínica Estadual da Região do Entorno - Unidade Formosa,Consultas Médicas Especializadas,3000,IMED,termo_aditivo,consultas
2025,C:\OSS-Goias\documentos\IMED\PFRE\2025\05_Contrato_Gestao_Aditivos\SEI_GOVERNADORIA-70842015-Aditivo.pdf,SEI_GOVERNADORIA-70842015-Aditivo,mensal,Policlínica Estadual da Região do Entorno - Unidade Formosa,Consultas da Equipe Multiprofissional e Processos Terapêuticos de Média Duração,4000,IMED,termo_aditivo,consultas/sessões
2025,C:\OSS-Goias\documentos\IMED\PFRE\2025\05_Contrato_Gestao_Aditivos\SEI_GOVERNADORIA-70842015-Aditivo.pdf,SEI_GOVERNADORIA-70842015-Aditivo,mensal,Policlínica Estadual da Região do Entorno - Unidade Formosa,SADT Externo Total,1260,IMED,termo_aditivo,exames
2025,C:\OSS-Goias\documentos\IMED\PFRE\2025\05_Contrato_Gestao_Aditivos\SEI_GOVERNADORIA-70842015-Aditivo.pdf,SEI_GOVERNADORIA-70842015-Aditivo,mensal,Policlínica Estadual da Região do Entorno - Unidade Formosa,Sessões de Hemodiálise,624,IMED,termo_aditivo,sessões
2025,C:\OSS-Goias\documentos\IMED\PFRE\2025\05_Contrato_Gestao_Aditivos\SEI_GOVERNADORIA-70842015-Aditivo.pdf,SEI_GOVERNADORIA-70842015-Aditivo,mensal,Policlínica Estadual da Região do Entorno - Unidade Formosa,Pacotes de Treinamento de Diálise Peritoneal,40,IMED,termo_aditivo,sessões
2025,C:\OSS-Goias\documentos\IMED\PFRE\2025\05_Contrato_Gestao_Aditivos\SEI_GOVERNADORIA-70842015-Aditivo.pdf,SEI_GOVERNADORIA-70842015-Aditivo,mensal,Policlínica Estadual da Região do Entorno - Unidade Formosa,Consultas Odontológicas (CEO I),450,IMED,termo_aditivo,consultas
2025,C:\OSS-Goias\documentos\IMED\PFRE\2025\05_Contrato_Gestao_Aditivos\SEI_GOVERNADORIA-70842015-Aditivo.pdf,SEI_GOVERNADORIA-70842015-Aditivo,mensal,Policlínica Estadual da Região do Entorno - Unidade Formosa,Procedimentos Básicos CEO I,80,IMED,termo_aditivo,procedimentos
2025,C:\OSS-Goias\documentos\IMED\PFRE\2025\05_Contrato_Gestao_Aditivos\SEI_GOVERNADORIA-70842015-Aditivo.pdf,SEI_GOVERNADORIA-70842015-Aditivo,mensal,Policlínica Estadual da Região do Entorno - Unidade Formosa,Periodontia CEO I,60,IMED,termo_aditivo,procedimentos
2025,C:\OSS-Goias\documentos\IMED\PFRE\2025\05_Contrato_Gestao_Aditivos\SEI_GOVERNADORIA-70842015-Aditivo.pdf,SEI_GOVERNADORIA-70842015-Aditivo,mensal,Policlínica Estadual da Região do Entorno - Unidade Formosa,Endodontia CEO I,35,IMED,termo_aditivo,procedimentos
2025,C:\OSS-Goias\documentos\IMED\PFRE\2025\05_Contrato_Gestao_Aditivos\SEI_GOVERNADORIA-70842015-Aditivo.pdf,SEI_GOVERNADORIA-70842015-Aditivo,mensal,Policlínica Estadual da Região do Entorno - Unidade Formosa,Cirurgia Oral CEO I,80,IMED,termo_aditivo,procedimentos
2025,C:\OSS-Goias\documentos\IMED\PFRE\2025\05_Contrato_Gestao_Aditivos\SEI_GOVERNADORIA-70842015-Aditivo.pdf,SEI_GOVERNADORIA-70842015-Aditivo,mensal,Policlínica Estadual da Região do Entorno - Unidade Formosa,Procedimentos Cirúrgicos Ambulatoriais,52,IMED,termo_aditivo,procedimentos
2025,C:\OSS-Goias\documentos\IMED\PFRE\2025\05_Contrato_Gestao_Aditivos\SEI_GOVERNADORIA-70842015-Aditivo.pdf,SEI_GOVERNADORIA-70842015-Aditivo,mensal,Policlínica Estadual da Região do Entorno - Unidade Formosa,Processo Transexualizador - produção mínima médica,15,IMED,termo_aditivo,consultas
2025,C:\OSS-Goias\documentos\IMED\PFRE\2025\05_Contrato_Gestao_Aditivos\SEI_GOVERNADORIA-70842015-Aditivo.pdf,SEI_GOVERNADORIA-70842015-Aditivo,mensal,Policlínica Estadual da Região do Entorno - Unidade Formosa,Processo Transexualizador - produção mínima multiprofissional,35,IMED,termo_aditivo,consultas
2025,C:\OSS-Goias\documentos\IMED\PFRE\2025\05_Contrato_Gestao_Aditivos\SEI_GOVERNADORIA-70842015-Aditivo.pdf,SEI_GOVERNADORIA-70842015-Aditivo,mensal,Policlínica Estadual da Região do Entorno - Unidade Formosa,Transporte de pacientes para hemodiálise - VANs,3,IMED,termo_aditivo,veículos
2025,C:\OSS-Goias\documentos\IMED\PFRE\2025\05_Contrato_Gestao_Aditivos\SEI_GOVERNADORIA-70842015-Aditivo.pdf,SEI_GOVERNADORIA-70842015-Aditivo,mensal,Policlínica Estadual da Região do Entorno - Unidade Formosa,Transporte - média mensal de distância percorrida,15000,IMED,termo_aditivo,km
2025,C:\OSS-Goias\documentos\IMED\PFRE\2025\05_Contrato_Gestao_Aditivos\SEI_GOVERNADORIA-76128526-Termo.pdf,SEI_GOVERNADORIA-76128526-Termo,mensal,PFRE,Consultas Médicas Especializadas,3000,IMED,contrato_gestao_inicial,consultas
2025,C:\OSS-Goias\documentos\IMED\PFRE\2025\05_Contrato_Gestao_Aditivos\SEI_GOVERNADORIA-76128526-Termo.pdf,SEI_GOVERNADORIA-76128526-Termo,mensal,PFRE,Consultas da Equipe Multiprofissional e Processos Terapêuticos de Média Duração,4000,IMED,contrato_gestao_inicial,consultas
2025,C:\OSS-Goias\documentos\IMED\PFRE\2025\05_Contrato_Gestao_Aditivos\SEI_GOVERNADORIA-76128526-Termo.pdf,SEI_GOVERNADORIA-76128526-Termo,mensal,PFRE,Consultas Farmacêuticas para pacientes do CEAF,0,IMED,contrato_gestao_inicial,consultas
2025,C:\OSS-Goias\documentos\IMED\PFRE\2025\05_Contrato_Gestao_Aditivos\SEI_GOVERNADORIA-76128526-Termo.pdf,SEI_GOVERNADORIA-76128526-Termo,mensal,PFRE,Dispensação de medicamentos do CEAF,0,IMED,contrato_gestao_inicial,processos
2025,C:\OSS-Goias\documentos\IMED\PFRE\2025\05_Contrato_Gestao_Aditivos\SEI_GOVERNADORIA-76128526-Termo.pdf,SEI_GOVERNADORIA-76128526-Termo,mensal,PFRE,SADT Externo - Total,1260,IMED,contrato_gestao_inicial,exames
2025,C:\OSS-Goias\documentos\IMED\PFRE\2025\05_Contrato_Gestao_Aditivos\SEI_GOVERNADORIA-76128526-Termo.pdf,SEI_GOVERNADORIA-76128526-Termo,mensal,PFRE,Sessões de Hemodiálise,624,IMED,contrato_gestao_inicial,sessões
2025,C:\OSS-Goias\documentos\IMED\PFRE\2025\05_Contrato_Gestao_Aditivos\SEI_GOVERNADORIA-76128526-Termo.pdf,SEI_GOVERNADORIA-76128526-Termo,mensal,PFRE,Pacotes de Treinamento de Diálise Peritoneal,40,IMED,contrato_gestao_inicial,pacotes
2025,C:\OSS-Goias\documentos\IMED\PFRE\2025\05_Contrato_Gestao_Aditivos\SEI_GOVERNADORIA-76128526-Termo.pdf,SEI_GOVERNADORIA-76128526-Termo,mensal,PFRE,Consultas Odontológicas – CEO I,450,IMED,contrato_gestao_inicial,consultas
2025,C:\OSS-Goias\documentos\IMED\PFRE\2025\05_Contrato_Gestao_Aditivos\SEI_GOVERNADORIA-76128526-Termo.pdf,SEI_GOVERNADORIA-76128526-Termo,mensal,PFRE,Procedimentos Básicos Odontológicos,80,IMED,contrato_gestao_inicial,procedimentos
2025,C:\OSS-Goias\documentos\IMED\PFRE\2025\05_Contrato_Gestao_Aditivos\SEI_GOVERNADORIA-76128526-Termo.pdf,SEI_GOVERNADORIA-76128526-Termo,mensal,PFRE,Periodontia,60,IMED,contrato_gestao_inicial,procedimentos
2025,C:\OSS-Goias\documentos\IMED\PFRE\2025\05_Contrato_Gestao_Aditivos\SEI_GOVERNADORIA-76128526-Termo.pdf,SEI_GOVERNADORIA-76128526-Termo,mensal,PFRE,Endodontia,35,IMED,contrato_gestao_inicial,procedimentos
2025,C:\OSS-Goias\documentos\IMED\PFRE\2025\05_Contrato_Gestao_Aditivos\SEI_GOVERNADORIA-76128526-Termo.pdf,SEI_GOVERNADORIA-76128526-Termo,mensal,PFRE,Cirurgia Oral,80,IMED,contrato_gestao_inicial,procedimentos
2025,C:\OSS-Goias\documentos\IMED\PFRE\2025\05_Contrato_Gestao_Aditivos\SEI_GOVERNADORIA-76128526-Termo.pdf,SEI_GOVERNADORIA-76128526-Termo,mensal,PFRE,Produção mínima equipe processo transexualizador – médica,15,IMED,contrato_gestao_inicial,consultas
2025,C:\OSS-Goias\documentos\IMED\PFRE\2025\05_Contrato_Gestao_Aditivos\SEI_GOVERNADORIA-76128526-Termo.pdf,SEI_GOVERNADORIA-76128526-Termo,mensal,PFRE,Produção mínima equipe processo transexualizador – multiprofissional,35,IMED,contrato_gestao_inicial,consultas
2025,C:\OSS-Goias\documentos\IMED\PFRE\2025\05_Contrato_Gestao_Aditivos\SEI_GOVERNADORIA-76128526-Termo.pdf,SEI_GOVERNADORIA-76128526-Termo,mensal,PFRE,Procedimentos Cirúrgicos Ambulatoriais,52,IMED,contrato_gestao_inicial,procedimentos
2025,C:\OSS-Goias\documentos\IMED\PFRE\2025\05_Contrato_Gestao_Aditivos\SEI_GOVERNADORIA-76128526-Termo.pdf,SEI_GOVERNADORIA-76128526-Termo,mensal,PFRE,Transporte de pacientes para hemodiálise – VANs,3,IMED,contrato_gestao_inicial,veículos
2025,C:\OSS-Goias\documentos\AGIR\HEJ\2025\05_Contrato_Gestao_Aditivos\Termo 41-2025 HEJ.pdf,Termo 41-2025 HEJ,mensal,HEJ,Saídas Clínicas,186,AGIR,contrato_gestao_inicial,saídas/mês
2025,C:\OSS-Goias\documentos\AGIR\HEJ\2025\05_Contrato_Gestao_Aditivos\Termo 41-2025 HEJ.pdf,Termo 41-2025 HEJ,mensal,HEJ,Saídas Cirúrgicas,353,AGIR,contrato_gestao_inicial,saídas/mês
2025,C:\OSS-Goias\documentos\AGIR\HEJ\2025\05_Contrato_Gestao_Aditivos\Termo 41-2025 HEJ.pdf,Termo 41-2025 HEJ,mensal,HEJ,Saídas Pediátricas,52,AGIR,contrato_gestao_inicial,saídas/mês
2025,C:\OSS-Goias\documentos\AGIR\HEJ\2025\05_Contrato_Gestao_Aditivos\Termo 41-2025 HEJ.pdf,Termo 41-2025 HEJ,mensal,HEJ,Saídas Cirúrgicas Pediátricas,10,AGIR,contrato_gestao_inicial,saídas/mês
2025,C:\OSS-Goias\documentos\AGIR\HEJ\2025\05_Contrato_Gestao_Aditivos\Termo 41-2025 HEJ.pdf,Termo 41-2025 HEJ,mensal,HEJ,Saídas Obstétricas,114,AGIR,contrato_gestao_inicial,saídas/mês
2025,C:\OSS-Goias\documentos\AGIR\HEJ\2025\05_Contrato_Gestao_Aditivos\Termo 41-2025 HEJ.pdf,Termo 41-2025 HEJ,mensal,HEJ,Saídas Saúde Mental,17,AGIR,contrato_gestao_inicial,saídas/mês
2025,C:\OSS-Goias\documentos\AGIR\HEJ\2025\05_Contrato_Gestao_Aditivos\Termo 41-2025 HEJ.pdf,Termo 41-2025 HEJ,mensal,HEJ,Cirurgias oftalmológicas que não necessitem de internação (Cirurgia Eletiva Ambulatorial),258,AGIR,contrato_gestao_inicial,procedimentos/mês
2025,C:\OSS-Goias\documentos\AGIR\HEJ\2025\05_Contrato_Gestao_Aditivos\Termo 41-2025 HEJ.pdf,Termo 41-2025 HEJ,mensal,HEJ,Cirurgia eletiva hospitalar de alto giro,96,AGIR,contrato_gestao_inicial,cirurgias/mês
2025,C:\OSS-Goias\documentos\AGIR\HEJ\2025\05_Contrato_Gestao_Aditivos\Termo 41-2025 HEJ.pdf,Termo 41-2025 HEJ,mensal,HEJ,Cirurgia eletiva hospitalar de média ou alta complexidade (sem alto custo),48,AGIR,contrato_gestao_inicial,cirurgias/mês
2025,C:\OSS-Goias\documentos\AGIR\HEJ\2025\05_Contrato_Gestao_Aditivos\Termo 41-2025 HEJ.pdf,Termo 41-2025 HEJ,mensal,HEJ,Cirurgia eletiva hospitalar de alta complexidade e alto custo,32,AGIR,contrato_gestao_inicial,cirurgias/mês
2025,C:\OSS-Goias\documentos\AGIR\HEJ\2025\05_Contrato_Gestao_Aditivos\Termo 41-2025 HEJ.pdf,Termo 41-2025 HEJ,mensal,HEJ,Consulta Médica na Atenção Especializada,1700,AGIR,contrato_gestao_inicial,consultas/mês
2025,C:\OSS-Goias\documentos\AGIR\HEJ\2025\05_Contrato_Gestao_Aditivos\Termo 41-2025 HEJ.pdf,Termo 41-2025 HEJ,mensal,HEJ,Consulta Multiprofissional na Atenção Especializada,1300,AGIR,contrato_gestao_inicial,consultas/mês
2025,C:\OSS-Goias\documentos\AGIR\HEJ\2025\05_Contrato_Gestao_Aditivos\Termo 41-2025 HEJ.pdf,Termo 41-2025 HEJ,mensal,HEJ,Procedimentos Cirúrgicos Ambulatoriais,72,AGIR,contrato_gestao_inicial,procedimentos/mês
2025,C:\OSS-Goias\documentos\AGIR\HEJ\2025\05_Contrato_Gestao_Aditivos\Termo 41-2025 HEJ.pdf,Termo 41-2025 HEJ,mensal,HEJ,Biópsia de tireoide (PAAF) - SADT Externo,25,AGIR,contrato_gestao_inicial,exames/mês
2025,C:\OSS-Goias\documentos\AGIR\HEJ\2025\05_Contrato_Gestao_Aditivos\Termo 41-2025 HEJ.pdf,Termo 41-2025 HEJ,mensal,HEJ,Colonoscopia - SADT Externo,50,AGIR,contrato_gestao_inicial,exames/mês
2025,C:\OSS-Goias\documentos\AGIR\HEJ\2025\05_Contrato_Gestao_Aditivos\Termo 41-2025 HEJ.pdf,Termo 41-2025 HEJ,mensal,HEJ,Endoscopia Digestiva Alta - SADT Externo,100,AGIR,contrato_gestao_inicial,exames/mês
2025,C:\OSS-Goias\documentos\AGIR\HEJ\2025\05_Contrato_Gestao_Aditivos\Termo 41-2025 HEJ.pdf,Termo 41-2025 HEJ,mensal,HEJ,Tomografia Computadorizada com e sem contraste - SADT Externo,20,AGIR,contrato_gestao_inicial,exames/mês
2025,C:\OSS-Goias\documentos\AGIR\HEJ\2025\05_Contrato_Gestao_Aditivos\Termo 41-2025 HEJ.pdf,Termo 41-2025 HEJ,mensal,HEJ,Ultrassonografia Convencional - SADT Externo,30,AGIR,contrato_gestao_inicial,exames/mês
2025,C:\OSS-Goias\documentos\AGIR\HEJ\2025\05_Contrato_Gestao_Aditivos\Termo 41-2025 HEJ.pdf,Termo 41-2025 HEJ,mensal,HEJ,Ultrassonografia Doppler - SADT Externo,45,AGIR,contrato_gestao_inicial,exames/mês
2025,C:\OSS-Goias\documentos\IPGSE\HERSO\2025\05_Contrato_Gestao_Aditivos\termo-de-colaboracao-101-2024-ses-07-07-2025-454ee89a1c.pdf,termo-de-colaboracao-101-2024-ses-07-07-2025-454ee89a1c,mensal,HERSO,Internação - Clínica Cirúrgica,381,IPGSE,contrato_gestao_inicial,saídas
2025,C:\OSS-Goias\documentos\IPGSE\HERSO\2025\05_Contrato_Gestao_Aditivos\termo-de-colaboracao-101-2024-ses-07-07-2025-454ee89a1c.pdf,termo-de-colaboracao-101-2024-ses-07-07-2025-454ee89a1c,mensal,HERSO,Internação - Clínica Médica,55,IPGSE,contrato_gestao_inicial,saídas
2025,C:\OSS-Goias\documentos\IPGSE\HERSO\2025\05_Contrato_Gestao_Aditivos\termo-de-colaboracao-101-2024-ses-07-07-2025-454ee89a1c.pdf,termo-de-colaboracao-101-2024-ses-07-07-2025-454ee89a1c,mensal,HERSO,Internação - Clínica Pediátrica Cirúrgica,36,IPGSE,contrato_gestao_inicial,saídas
2025,C:\OSS-Goias\documentos\IPGSE\HERSO\2025\05_Contrato_Gestao_Aditivos\termo-de-colaboracao-101-2024-ses-07-07-2025-454ee89a1c.pdf,termo-de-colaboracao-101-2024-ses-07-07-2025-454ee89a1c,mensal,HERSO,Internação - Clínica Pediátrica,44,IPGSE,contrato_gestao_inicial,saídas
2025,C:\OSS-Goias\documentos\IPGSE\HERSO\2025\05_Contrato_Gestao_Aditivos\termo-de-colaboracao-101-2024-ses-07-07-2025-454ee89a1c.pdf,termo-de-colaboracao-101-2024-ses-07-07-2025-454ee89a1c,mensal,HERSO,Cirurgia Eletiva de Alto Giro,100,IPGSE,contrato_gestao_inicial,cirurgias
2025,C:\OSS-Goias\documentos\IPGSE\HERSO\2025\05_Contrato_Gestao_Aditivos\termo-de-colaboracao-101-2024-ses-07-07-2025-454ee89a1c.pdf,termo-de-colaboracao-101-2024-ses-07-07-2025-454ee89a1c,mensal,HERSO,Cirurgia Eletiva de Média ou Alta Complexidade,80,IPGSE,contrato_gestao_inicial,cirurgias
2025,C:\OSS-Goias\documentos\IPGSE\HERSO\2025\05_Contrato_Gestao_Aditivos\termo-de-colaboracao-101-2024-ses-07-07-2025-454ee89a1c.pdf,termo-de-colaboracao-101-2024-ses-07-07-2025-454ee89a1c,mensal,HERSO,Cirurgia Eletiva de Alto Custo,30,IPGSE,contrato_gestao_inicial,cirurgias
2025,C:\OSS-Goias\documentos\IPGSE\HERSO\2025\05_Contrato_Gestao_Aditivos\termo-de-colaboracao-101-2024-ses-07-07-2025-454ee89a1c.pdf,termo-de-colaboracao-101-2024-ses-07-07-2025-454ee89a1c,mensal,HERSO,Consultas Médicas na Atenção Especializada,800,IPGSE,contrato_gestao_inicial,consultas
2025,C:\OSS-Goias\documentos\IPGSE\HERSO\2025\05_Contrato_Gestao_Aditivos\termo-de-colaboracao-101-2024-ses-07-07-2025-454ee89a1c.pdf,termo-de-colaboracao-101-2024-ses-07-07-2025-454ee89a1c,mensal,HERSO,Consultas Multiprofissionais na Atenção Especializada,900,IPGSE,contrato_gestao_inicial,consultas
2025,C:\OSS-Goias\documentos\IPGSE\HERSO\2025\05_Contrato_Gestao_Aditivos\termo-de-colaboracao-101-2024-ses-07-07-2025-454ee89a1c.pdf,termo-de-colaboracao-101-2024-ses-07-07-2025-454ee89a1c,mensal,HERSO,Pequenos Procedimentos Ambulatoriais,40,IPGSE,contrato_gestao_inicial,procedimentos
2025,C:\OSS-Goias\documentos\IPGSE\HERSO\2025\05_Contrato_Gestao_Aditivos\termo-de-colaboracao-101-2024-ses-07-07-2025-454ee89a1c.pdf,termo-de-colaboracao-101-2024-ses-07-07-2025-454ee89a1c,mensal,HERSO,SADT Externo - Eletrocardiograma,20,IPGSE,contrato_gestao_inicial,exames
2025,C:\OSS-Goias\documentos\IPGSE\HERSO\2025\05_Contrato_Gestao_Aditivos\termo-de-colaboracao-101-2024-ses-07-07-2025-454ee89a1c.pdf,termo-de-colaboracao-101-2024-ses-07-07-2025-454ee89a1c,mensal,HERSO,SADT Externo - Raio X,30,IPGSE,contrato_gestao_inicial,exames
2025,C:\OSS-Goias\documentos\IPGSE\HERSO\2025\05_Contrato_Gestao_Aditivos\termo-de-colaboracao-101-2024-ses-07-07-2025-454ee89a1c.pdf,termo-de-colaboracao-101-2024-ses-07-07-2025-454ee89a1c,mensal,HERSO,SADT Externo - Tomografia Computadorizada,50,IPGSE,contrato_gestao_inicial,exames
2025,C:\OSS-Goias\documentos\IPGSE\HERSO\2025\05_Contrato_Gestao_Aditivos\termo-de-colaboracao-101-2024-ses-07-07-2025-454ee89a1c.pdf,termo-de-colaboracao-101-2024-ses-07-07-2025-454ee89a1c,mensal,HERSO,SADT Externo - Colangiopancreatografia Retrógrada Endoscópica (CPRE),15,IPGSE,contrato_gestao_inicial,exames
2025,C:\OSS-Goias\documentos\IPGSE\HERSO\2025\05_Contrato_Gestao_Aditivos\termo-de-colaboracao-101-2024-ses-07-07-2025-454ee89a1c.pdf,termo-de-colaboracao-101-2024-ses-07-07-2025-454ee89a1c,mensal,HERSO,Hospital Dia - Atendimentos,88,IPGSE,contrato_gestao_inicial,atendimentos
2026,C:\OSS-Goias\documentos\IMED\HETRIN\2026\05_Contrato_Gestao_Aditivos\7o-Termo-Aditivo-HETRIN.pdf,7o-Termo-Aditivo-HETRIN,mensal,HETRIN,Saídas Cirúrgicas,458,IMED,termo_aditivo,saídas/mês
2026,C:\OSS-Goias\documentos\IMED\HETRIN\2026\05_Contrato_Gestao_Aditivos\7o-Termo-Aditivo-HETRIN.pdf,7o-Termo-Aditivo-HETRIN,mensal,HETRIN,Saídas Clínica Médica,227,IMED,termo_aditivo,saídas/mês
2026,C:\OSS-Goias\documentos\IMED\HETRIN\2026\05_Contrato_Gestao_Aditivos\7o-Termo-Aditivo-HETRIN.pdf,7o-Termo-Aditivo-HETRIN,mensal,HETRIN,Saídas Ortopédicas,0,IMED,termo_aditivo,saídas/mês
2026,C:\OSS-Goias\documentos\IMED\HETRIN\2026\05_Contrato_Gestao_Aditivos\7o-Termo-Aditivo-HETRIN.pdf,7o-Termo-Aditivo-HETRIN,mensal,HETRIN,Saídas Obstétricas/ALCON,0,IMED,termo_aditivo,saídas/mês
2026,C:\OSS-Goias\documentos\IMED\HETRIN\2026\05_Contrato_Gestao_Aditivos\7o-Termo-Aditivo-HETRIN.pdf,7o-Termo-Aditivo-HETRIN,mensal,HETRIN,Atendimentos leito dia (Hospital Dia),132,IMED,termo_aditivo,atendimentos/mês
2026,C:\OSS-Goias\documentos\IMED\HETRIN\2026\05_Contrato_Gestao_Aditivos\7o-Termo-Aditivo-HETRIN.pdf,7o-Termo-Aditivo-HETRIN,mensal,HETRIN,Consulta Médica na Atenção Especializada,1500,IMED,termo_aditivo,consultas/mês
2026,C:\OSS-Goias\documentos\IMED\HETRIN\2026\05_Contrato_Gestao_Aditivos\7o-Termo-Aditivo-HETRIN.pdf,7o-Termo-Aditivo-HETRIN,mensal,HETRIN,Consulta Multiprofissional na Atenção Especializada,1000,IMED,termo_aditivo,consultas/mês
2026,C:\OSS-Goias\documentos\IMED\HETRIN\2026\05_Contrato_Gestao_Aditivos\7o-Termo-Aditivo-HETRIN.pdf,7o-Termo-Aditivo-HETRIN,mensal,HETRIN,Pequenos Procedimentos,235,IMED,termo_aditivo,procedimentos/mês
2026,C:\OSS-Goias\documentos\IMED\HETRIN\2026\05_Contrato_Gestao_Aditivos\7o-Termo-Aditivo-HETRIN.pdf,7o-Termo-Aditivo-HETRIN,mensal,HETRIN,Cirurgia eletiva hospitalar de alto giro,180,IMED,termo_aditivo,cirurgias/mês
2026,C:\OSS-Goias\documentos\IMED\HETRIN\2026\05_Contrato_Gestao_Aditivos\7o-Termo-Aditivo-HETRIN.pdf,7o-Termo-Aditivo-HETRIN,mensal,HETRIN,Cirurgia eletiva hospitalar de média ou alta complexidade (sem alto custo),50,IMED,termo_aditivo,cirurgias/mês
2026,C:\OSS-Goias\documentos\IMED\HETRIN\2026\05_Contrato_Gestao_Aditivos\7o-Termo-Aditivo-HETRIN.pdf,7o-Termo-Aditivo-HETRIN,mensal,HETRIN,"Ecocardiograma (Estresse, Transesofágico e Transtorácico) - SADT Externo",50,IMED,termo_aditivo,exames/mês
2026,C:\OSS-Goias\documentos\IMED\HETRIN\2026\05_Contrato_Gestao_Aditivos\7o-Termo-Aditivo-HETRIN.pdf,7o-Termo-Aditivo-HETRIN,mensal,HETRIN,Doppler Colorido de Vasos - SADT Externo,60,IMED,termo_aditivo,exames/mês
2026,C:\OSS-Goias\documentos\IMED\HETRIN\2026\05_Contrato_Gestao_Aditivos\7o-Termo-Aditivo-HETRIN.pdf,7o-Termo-Aditivo-HETRIN,mensal,HETRIN,Tomografia Computadorizada - SADT Externo,80,IMED,termo_aditivo,exames/mês
2026,C:\OSS-Goias\documentos\IMED\HETRIN\2026\05_Contrato_Gestao_Aditivos\7o-Termo-Aditivo-HETRIN.pdf,7o-Termo-Aditivo-HETRIN,mensal,HETRIN,Ultrassonografia - SADT Externo,40,IMED,termo_aditivo,exames/mês
2026,C:\OSS-Goias\documentos\IMED\HETRIN\2026\05_Contrato_Gestao_Aditivos\7o-Termo-Aditivo-HETRIN.pdf,7o-Termo-Aditivo-HETRIN,mensal,HETRIN,Saídas Cirúrgicas (2ª etapa),349,IMED,termo_aditivo,saídas/mês
2026,C:\OSS-Goias\documentos\IMED\HETRIN\2026\05_Contrato_Gestao_Aditivos\7o-Termo-Aditivo-HETRIN.pdf,7o-Termo-Aditivo-HETRIN,mensal,HETRIN,Saídas Clínica Médica (2ª etapa),290,IMED,termo_aditivo,saídas/mês
2026,C:\OSS-Goias\documentos\IMED\HETRIN\2026\05_Contrato_Gestao_Aditivos\7o-Termo-Aditivo-HETRIN.pdf,7o-Termo-Aditivo-HETRIN,mensal,HETRIN,Saídas Ortopédicas (2ª etapa),127,IMED,termo_aditivo,saídas/mês
2026,C:\OSS-Goias\documentos\IMED\HETRIN\2026\05_Contrato_Gestao_Aditivos\7o-Termo-Aditivo-HETRIN.pdf,7o-Termo-Aditivo-HETRIN,mensal,HETRIN,Saídas Obstétricas/ALCON (2ª etapa),145,IMED,termo_aditivo,saídas/mês
2026,C:\OSS-Goias\documentos\IMED\HETRIN\2026\05_Contrato_Gestao_Aditivos\7o-Termo-Aditivo-HETRIN.pdf,7o-Termo-Aditivo-HETRIN,mensal,HETRIN,Consulta Médica na Atenção Especializada (2ª etapa),1650,IMED,termo_aditivo,consultas/mês
2026,C:\OSS-Goias\documentos\IMED\HETRIN\2026\05_Contrato_Gestao_Aditivos\7o-Termo-Aditivo-HETRIN.pdf,7o-Termo-Aditivo-HETRIN,mensal,HETRIN,Consulta Multiprofissional na Atenção Especializada (2ª etapa),1100,IMED,termo_aditivo,consultas/mês
2026,C:\OSS-Goias\documentos\IMED\HETRIN\2026\05_Contrato_Gestao_Aditivos\7o-Termo-Aditivo-HETRIN.pdf,7o-Termo-Aditivo-HETRIN,mensal,HETRIN,Cirurgia eletiva hospitalar de alto giro (2ª etapa),210,IMED,termo_aditivo,cirurgias/mês
2026,C:\OSS-Goias\documentos\IMED\HETRIN\2026\05_Contrato_Gestao_Aditivos\7o-Termo-Aditivo-HETRIN.pdf,7o-Termo-Aditivo-HETRIN,mensal,HETRIN,Cirurgia eletiva hospitalar de média ou alta complexidade sem alto custo (2ª etapa),65,IMED,termo_aditivo,cirurgias/mês
