_ano_pasta,_doc_path,_filename,descricao,fonte_dados,hospital,meta,nome,oss_gestora,peso,tipo_documento
2020,C:\OSS-Goias\documentos\IMED\HSLMB\2020\05_Contrato_Gestao_Aditivos\2020-11_Contrato-de-Gestao-no-50-2020.pdf,2020-11_Contrato-de-Gestao-no-50-2020,Relação percentual entre o número de pacientes-dia em determinado período e o número de leitos-dia no mesmo período. Taxa abaixo de 75% pode indicar inadequação.,SIH/SIA,HSLMB,100%,Taxa de Ocupação Hospitalar,IMED,0,contrato_gestao_inicial
2020,C:\OSS-Goias\documentos\IMED\HSLMB\2020\05_Contrato_Gestao_Aditivos\2020-11_Contrato-de-Gestao-no-50-2020.pdf,2020-11_Contrato-de-Gestao-no-50-2020,"Relação entre o total de pacientes-dia no período e o total de pacientes egressos do hospital (altas, transferências externas e óbitos).",SIH,HSLMB,,Média de Permanência Hospitalar (Dias),IMED,0,contrato_gestao_inicial
2020,C:\OSS-Goias\documentos\IMED\HSLMB\2020\05_Contrato_Gestao_Aditivos\2020-11_Contrato-de-Gestao-no-50-2020.pdf,2020-11_Contrato-de-Gestao-no-50-2020,"Monitora e avalia reações adversas a medicamentos (leve, moderada, grave) pelo farmacêutico. Fórmula: [Nº de pacientes que apresentaram RAM / Nº total de pacientes atendidos com medicação prescrita] x 100",Registro hospitalar,HSLMB,,Farmacovigilância: Avaliar reações adversas a medicamentos – RAM quanto à gravidade,IMED,0,contrato_gestao_inicial
2021,C:\OSS-Goias\documentos\IMED\HSLMB\2021\05_Contrato_Gestao_Aditivos\2021-05_CONTRATO-DE-GESTAO-021-2021-ASSINADO.pdf,2021-05_CONTRATO-DE-GESTAO-021-2021-ASSINADO,Relação percentual entre o número de pacientes-dia e o número de leitos-dia no período.,SIH/DATASUS,HSLMB,> 85%,Taxa de Ocupação Hospitalar,IMED,0,contrato_gestao_inicial
2021,C:\OSS-Goias\documentos\IMED\HSLMB\2021\05_Contrato_Gestao_Aditivos\2021-05_CONTRATO-DE-GESTAO-021-2021-ASSINADO.pdf,2021-05_CONTRATO-DE-GESTAO-021-2021-ASSINADO,Relação entre o total de pacientes-dia e o total de pacientes egressos no período.,SIH/DATASUS,HSLMB,< 5 dias,Média de Permanência Hospitalar (dias),IMED,0,contrato_gestao_inicial
2021,C:\OSS-Goias\documentos\IMED\HSLMB\2021\05_Contrato_Gestao_Aditivos\2021-05_CONTRATO-DE-GESTAO-021-2021-ASSINADO.pdf,2021-05_CONTRATO-DE-GESTAO-021-2021-ASSINADO,Tempo médio em que um leito permanece desocupado entre a saída de um paciente e a admissão de outro.,SIH/DATASUS,HSLMB,"< 0,88",Índice de intervalo de substituição (dias),IMED,0,contrato_gestao_inicial
2021,C:\OSS-Goias\documentos\IMED\HSLMB\2021\05_Contrato_Gestao_Aditivos\2021-05_CONTRATO-DE-GESTAO-021-2021-ASSINADO.pdf,2021-05_CONTRATO-DE-GESTAO-021-2021-ASSINADO,Taxa de pessoas que retornaram ao hospital em até 29 dias desde a última alta.,SIH/DATASUS,HSLMB,< 20%,Taxa de readmissão hospitalar (em até 29 dias),IMED,0,contrato_gestao_inicial
2021,C:\OSS-Goias\documentos\IMED\HSLMB\2021\05_Contrato_Gestao_Aditivos\2021-05_CONTRATO-DE-GESTAO-021-2021-ASSINADO.pdf,2021-05_CONTRATO-DE-GESTAO-021-2021-ASSINADO,Relação de procedimentos rejeitados no SIH em relação ao total de procedimentos apresentados.,SIH/DATASUS,HSLMB,< 1%,Percentual de Ocorrência de Glosas no SIH - DATASUS,IMED,0,contrato_gestao_inicial
2021,C:\OSS-Goias\documentos\IMED\HSLMB\2021\05_Contrato_Gestao_Aditivos\2021-05_CONTRATO-DE-GESTAO-021-2021-ASSINADO.pdf,2021-05_CONTRATO-DE-GESTAO-021-2021-ASSINADO,Total de cirurgias programadas suspensas em relação ao total de cirurgias agendadas.,Mapa cirúrgico,HSLMB,< 5%,Percentual de suspensão de cirurgia programada por condições especiais,IMED,0,contrato_gestao_inicial
2021,C:\OSS-Goias\documentos\IMED\HSLMB\2021\05_Contrato_Gestao_Aditivos\2021-05_CONTRATO-DE-GESTAO-021-2021-ASSINADO.pdf,2021-05_CONTRATO-DE-GESTAO-021-2021-ASSINADO,"Quantidade de cirurgias cesáreas no primeiro parto em relação ao número total de partos em primíparas. Não contabilizado para efeito de glosa, apenas monitoramento.",SIH/DATASUS,HSLMB,< 15%,Taxa de cesariana em primíparas,IMED,0,contrato_gestao_inicial
2021,C:\OSS-Goias\documentos\IMED\HSLMB\2021\05_Contrato_Gestao_Aditivos\2021-05_CONTRATO-DE-GESTAO-021-2021-ASSINADO.pdf,2021-05_CONTRATO-DE-GESTAO-021-2021-ASSINADO,"Valores registrados na escala de APGAR ao 5º minuto. Não contabilizado para efeito de glosa, apenas monitoramento.",Prontuário hospitalar,HSLMB,> 7,Índice de APGAR de recém-nascidos vivos,IMED,0,contrato_gestao_inicial
2021,C:\OSS-Goias\documentos\IMED\HSLMB\2021\05_Contrato_Gestao_Aditivos\2021-10_Contrato-GestOo-Emeregncia_046-2021.pdf,2021-10_Contrato-GestOo-Emeregncia_046-2021,Relação percentual entre o número de pacientes-dia e o número de leitos-dia no período.,SIH/SUS - DATASUS,HSLMB,≥85%,Taxa de Ocupação Hospitalar,IMED,0,contrato_gestao_inicial
2021,C:\OSS-Goias\documentos\IMED\HSLMB\2021\05_Contrato_Gestao_Aditivos\2021-10_Contrato-GestOo-Emeregncia_046-2021.pdf,2021-10_Contrato-GestOo-Emeregncia_046-2021,Relação entre o total de pacientes-dia e o total de pacientes egressos no período.,SIH/SUS,HSLMB,≤7 dias,Média de Permanência Hospitalar,IMED,0,contrato_gestao_inicial
2021,C:\OSS-Goias\documentos\IMED\HSLMB\2021\05_Contrato_Gestao_Aditivos\2021-10_Contrato-GestOo-Emeregncia_046-2021.pdf,2021-10_Contrato-GestOo-Emeregncia_046-2021,Mede a relação de procedimentos rejeitados no SIH em relação ao total de procedimentos apresentados.,SIH - DATASUS,HSLMB,≤1%,Percentual de Ocorrência de Glosas no SIH - DATASUS,IMED,0,contrato_gestao_inicial
2021,C:\OSS-Goias\documentos\IMED\HSLMB\2021\05_Contrato_Gestao_Aditivos\2021-10_Contrato-GestOo-Emeregncia_046-2021.pdf,2021-10_Contrato-GestOo-Emeregncia_046-2021,Mede o total de cirurgias programadas suspensas por motivos relacionados à organização da Unidade.,Mapas cirúrgicos,HSLMB,≤1%,Percentual de Suspensão de Cirurgias Programadas por condições operacionais (causas relacionadas à organização da Unidade),IMED,0,contrato_gestao_inicial
2021,C:\OSS-Goias\documentos\IMED\HSLMB\2021\05_Contrato_Gestao_Aditivos\2021-10_Contrato-GestOo-Emeregncia_046-2021.pdf,2021-10_Contrato-GestOo-Emeregncia_046-2021,Mede o total de cirurgias programadas suspensas por motivos relacionados ao paciente.,Mapas cirúrgicos,HSLMB,≤5%,Percentual de Suspensão de Cirurgias Programadas por condições operacionais (causas relacionadas ao paciente),IMED,0,contrato_gestao_inicial
2021,C:\OSS-Goias\documentos\IMED\HSLMB\2021\05_Contrato_Gestao_Aditivos\2021-10_Contrato-GestOo-Emeregncia_046-2021.pdf,2021-10_Contrato-GestOo-Emeregncia_046-2021,Mede o percentual de cirurgias cesáreas realizadas em relação ao número total de partos.,SIH/SUS,HSLMB,≤15%,Percentual de partos cesáreos,IMED,0,contrato_gestao_inicial
2021,C:\OSS-Goias\documentos\IMED\HSLMB\2021\05_Contrato_Gestao_Aditivos\2021-10_Contrato-GestOo-Emeregncia_046-2021.pdf,2021-10_Contrato-GestOo-Emeregncia_046-2021,Instrumento para identificação de grupos de mulheres clinicamente relevantes com diferenças nas taxas de cesárea.,Registros hospitalares,HSLMB,100%,Taxa de Aplicação da Classificação de Robson nas parturientes submetidas à cesárea,IMED,0,contrato_gestao_inicial
2021,C:\OSS-Goias\documentos\IMED\HSLMB\2021\05_Contrato_Gestao_Aditivos\2021-10_Contrato-GestOo-Emeregncia_046-2021.pdf,2021-10_Contrato-GestOo-Emeregncia_046-2021,Monitora e avalia reações adversas a medicamentos quanto à gravidade pelo farmacêutico.,Registros de farmacovigilância,HSLMB,≥95%,Percentual de investigação da gravidade de reações adversas a medicamentos (Farmacovigilância),IMED,0,contrato_gestao_inicial
2021,C:\OSS-Goias\documentos\IMED\HSLMB\2021\05_Contrato_Gestao_Aditivos\2021-10_Contrato-GestOo-Emeregncia_046-2021.pdf,2021-10_Contrato-GestOo-Emeregncia_046-2021,Analisa a satisfação dos usuários do SUS em relação ao atendimento prestado pela unidade hospitalar.,Sistema de Ouvidoria do SUS,HSLMB,<5%,Percentual de manifestações queixosas recebidas no sistema de ouvidoria do SUS,IMED,0,contrato_gestao_inicial
2022,C:\OSS-Goias\documentos\IMED\HSLMB\2022\05_Contrato_Gestao_Aditivos\2022-05_Contrato-024-22.pdf,2022-05_Contrato-024-22,Relação percentual entre o número de pacientes-dia e o número de leitos-dia no mesmo período,SIH/DATASUS,HSLMB,≥85%,Taxa de Ocupação Hospitalar,IMED,0,contrato_gestao_inicial
2022,C:\OSS-Goias\documentos\IMED\HSLMB\2022\05_Contrato_Gestao_Aditivos\2022-05_Contrato-024-22.pdf,2022-05_Contrato-024-22,Relação entre o total de pacientes-dia e o total de pacientes egressos do hospital no mesmo período,SIH/DATASUS,HSLMB,≤5 dias,Média de Permanência Hospitalar,IMED,0,contrato_gestao_inicial
2022,C:\OSS-Goias\documentos\IMED\HSLMB\2022\05_Contrato_Gestao_Aditivos\2022-05_Contrato-024-22.pdf,2022-05_Contrato-024-22,Mede a relação de procedimentos rejeitados no SIH em relação ao total de procedimentos apresentados,SIH/DATASUS,HSLMB,≤1%,Percentual de Ocorrência de Glosas no SIH - DATASUS,IMED,0,contrato_gestao_inicial
2022,C:\OSS-Goias\documentos\IMED\HSLMB\2022\05_Contrato_Gestao_Aditivos\2022-05_Contrato-024-22.pdf,2022-05_Contrato-024-22,Mede o total de cirurgias programadas suspensas por motivos relacionados à organização da Unidade em relação ao total de cirurgias agendadas,Mapas cirúrgicos,HSLMB,≤1%,Percentual de Suspensão de Cirurgias Programadas por condições operacionais (causas relacionadas à organização da Unidade),IMED,0,contrato_gestao_inicial
2022,C:\OSS-Goias\documentos\IMED\HSLMB\2022\05_Contrato_Gestao_Aditivos\2022-05_Contrato-024-22.pdf,2022-05_Contrato-024-22,Mede o total de cirurgias programadas suspensas por motivos relacionados ao paciente em relação ao total de cirurgias agendadas,Mapas cirúrgicos,HSLMB,≤5%,Percentual de Suspensão de Cirurgias Programadas por condições operacionais (causas relacionadas ao paciente),IMED,0,contrato_gestao_inicial
2022,C:\OSS-Goias\documentos\IMED\HSLMB\2022\05_Contrato_Gestao_Aditivos\2022-05_Contrato-024-22.pdf,2022-05_Contrato-024-22,Mede o percentual de cirurgias cesáreas realizadas em relação ao número total de partos,Registros hospitalares,HSLMB,≤15%,Percentual de partos cesáreos,IMED,0,contrato_gestao_inicial
2022,C:\OSS-Goias\documentos\IMED\HSLMB\2022\05_Contrato_Gestao_Aditivos\2022-05_Contrato-024-22.pdf,2022-05_Contrato-024-22,Instrumento para identificação de grupos de mulheres clinicamente relevantes com diferenças nas taxas de cesárea,Registros hospitalares,HSLMB,100%,Taxa de Aplicação da Classificação de Robson nas parturientes submetidas à cesárea,IMED,0,contrato_gestao_inicial
2022,C:\OSS-Goias\documentos\IMED\HSLMB\2022\05_Contrato_Gestao_Aditivos\2022-05_Contrato-024-22.pdf,2022-05_Contrato-024-22,Monitora e avalia reações adversas a medicamentos quanto à gravidade pelo farmacêutico,Registros de farmacovigilância,HSLMB,≥95%,Percentual de investigação da gravidade de reações adversas a medicamentos (Farmacovigilância),IMED,0,contrato_gestao_inicial
2022,C:\OSS-Goias\documentos\IMED\HSLMB\2022\05_Contrato_Gestao_Aditivos\2022-05_Contrato-024-22.pdf,2022-05_Contrato-024-22,Analisa a satisfação dos usuários do SUS em relação ao atendimento prestado pela unidade hospitalar,Sistema de ouvidoria do SUS,HSLMB,<5%,Percentual de manifestações queixosas recebidas no sistema de ouvidoria do SUS,IMED,0,contrato_gestao_inicial
2022,C:\OSS-Goias\documentos\Instituto Patris\HEL\2022\05_Contrato_Gestao_Aditivos\id133_1. Contrato nº 45_2022 - SES (VIGENTE).pdf,id133_1. Contrato nº 45_2022 - SES (VIGENTE),Relação percentual entre o número de pacientes-dia e o número de leitos-dia no período,Sistema de informação hospitalar,HEL,≥85%,Taxa de Ocupação Hospitalar,Instituto Patris,0,contrato_gestao_inicial
2022,C:\OSS-Goias\documentos\Instituto Patris\HEL\2022\05_Contrato_Gestao_Aditivos\id133_1. Contrato nº 45_2022 - SES (VIGENTE).pdf,id133_1. Contrato nº 45_2022 - SES (VIGENTE),Relação entre o total de pacientes-dia e o total de pacientes egressos do hospital no período,Sistema de informação hospitalar,HEL,≤ 4 dias,Média de Permanência Hospitalar,Instituto Patris,0,contrato_gestao_inicial
2022,C:\OSS-Goias\documentos\Instituto Patris\HEL\2022\05_Contrato_Gestao_Aditivos\id133_1. Contrato nº 45_2022 - SES (VIGENTE).pdf,id133_1. Contrato nº 45_2022 - SES (VIGENTE),Tempo médio em que um leito permanece desocupado entre a saída de um paciente e a admissão de outro,Sistema de informação hospitalar,HEL,≤ 17,Índice de Intervalo de Substituição (horas),Instituto Patris,0,contrato_gestao_inicial
2022,C:\OSS-Goias\documentos\Instituto Patris\HEL\2022\05_Contrato_Gestao_Aditivos\id133_1. Contrato nº 45_2022 - SES (VIGENTE).pdf,id133_1. Contrato nº 45_2022 - SES (VIGENTE),Taxa de pacientes que retornaram à UTI em até 48 horas,Sistema de informação hospitalar,HEL,< 5%,Taxa de Readmissão em UTI (48 horas),Instituto Patris,0,contrato_gestao_inicial
2022,C:\OSS-Goias\documentos\Instituto Patris\HEL\2022\05_Contrato_Gestao_Aditivos\id133_1. Contrato nº 45_2022 - SES (VIGENTE).pdf,id133_1. Contrato nº 45_2022 - SES (VIGENTE),Taxa de pessoas que retornaram ao hospital em até 29 dias,Sistema de informação hospitalar,HEL,≤20%,Taxa de Readmissão Hospitalar (29 dias),Instituto Patris,0,contrato_gestao_inicial
2022,C:\OSS-Goias\documentos\Instituto Patris\HEL\2022\05_Contrato_Gestao_Aditivos\id133_1. Contrato nº 45_2022 - SES (VIGENTE).pdf,id133_1. Contrato nº 45_2022 - SES (VIGENTE),Relação de procedimentos rejeitados no SIH em relação ao total apresentado,SIH/DATASUS,HEL,≤ 1%,Percentual de Ocorrência de Glosas no SIH - DATASUS,Instituto Patris,0,contrato_gestao_inicial
2022,C:\OSS-Goias\documentos\Instituto Patris\HEL\2022\05_Contrato_Gestao_Aditivos\id133_1. Contrato nº 45_2022 - SES (VIGENTE).pdf,id133_1. Contrato nº 45_2022 - SES (VIGENTE),Total de cirurgias programadas suspensas por motivos relacionados à organização da Unidade,Mapas cirúrgicos,HEL,≤ 1%,Percentual de Suspensão de Cirurgias Programadas por condições operacionais (causas relacionadas à organização da Unidade),Instituto Patris,0,contrato_gestao_inicial
2022,C:\OSS-Goias\documentos\Instituto Patris\HEL\2022\05_Contrato_Gestao_Aditivos\id133_1. Contrato nº 45_2022 - SES (VIGENTE).pdf,id133_1. Contrato nº 45_2022 - SES (VIGENTE),Total de cirurgias programadas suspensas por motivos relacionados ao paciente,Mapas cirúrgicos,HEL,≤ 5%,Percentual de Suspensão de Cirurgias Programadas por condições operacionais (causas relacionadas ao paciente),Instituto Patris,0,contrato_gestao_inicial
2022,C:\OSS-Goias\documentos\Instituto Patris\HEL\2022\05_Contrato_Gestao_Aditivos\id133_1. Contrato nº 45_2022 - SES (VIGENTE).pdf,id133_1. Contrato nº 45_2022 - SES (VIGENTE),Percentual de cirurgias cesáreas realizadas em relação ao número total de partos,Sistema de informação hospitalar,HEL,≤ 15%,Percentual de partos cesáreos,Instituto Patris,0,contrato_gestao_inicial
2022,C:\OSS-Goias\documentos\Instituto Patris\HEL\2022\05_Contrato_Gestao_Aditivos\id133_1. Contrato nº 45_2022 - SES (VIGENTE).pdf,id133_1. Contrato nº 45_2022 - SES (VIGENTE),Instrumento para identificação de grupos de mulheres clinicamente relevantes com diferenças nas taxas de cesárea,Sistema de informação hospitalar,HEL,100%,Taxa de Aplicação da Classificação de Robson nas parturientes submetidas à cesárea,Instituto Patris,0,contrato_gestao_inicial
2022,C:\OSS-Goias\documentos\Instituto Patris\HEL\2022\05_Contrato_Gestao_Aditivos\id133_1. Contrato nº 45_2022 - SES (VIGENTE).pdf,id133_1. Contrato nº 45_2022 - SES (VIGENTE),Monitora e avalia reações adversas a medicamentos (RAM),Sistema de informação hospitalar,HEL,≥ 95%,Percentual de investigação da gravidade de reações adversas a medicamentos (Farmacovigilância),Instituto Patris,0,contrato_gestao_inicial
2022,C:\OSS-Goias\documentos\Instituto Patris\HEL\2022\05_Contrato_Gestao_Aditivos\id133_1. Contrato nº 45_2022 - SES (VIGENTE).pdf,id133_1. Contrato nº 45_2022 - SES (VIGENTE),Nº de consultas ofertadas em relação ao número de consultas propostas nas metas,BPA/SIA-SUS,HEL,1,Razão do Quantitativo de Consultas Ofertadas,Instituto Patris,0,contrato_gestao_inicial
2022,C:\OSS-Goias\documentos\Instituto Patris\HEL\2022\05_Contrato_Gestao_Aditivos\id133_1. Contrato nº 45_2022 - SES (VIGENTE).pdf,id133_1. Contrato nº 45_2022 - SES (VIGENTE),Proporção de exames de imagem com resultado liberado em até 10 dias,Sistema de informação hospitalar,HEL,≥ 70%,Percentual de Exames de Imagem com resultado disponibilizado em até 10 dias,Instituto Patris,0,contrato_gestao_inicial
2022,C:\OSS-Goias\documentos\Instituto Patris\HEL\2022\05_Contrato_Gestao_Aditivos\id133_1. Contrato nº 45_2022 - SES (VIGENTE).pdf,id133_1. Contrato nº 45_2022 - SES (VIGENTE),Analisa a satisfação dos usuários do SUS em relação ao atendimento prestado pela unidade hospitalar,Sistema de Ouvidoria do SUS,HEL,< 5%,Percentual de manifestações queixosas recebidas no sistema de ouvidoria do SUS,Instituto Patris,0,contrato_gestao_inicial
2022,C:\OSS-Goias\documentos\Instituto Patris\HEL\2022\05_Contrato_Gestao_Aditivos\id3888_1.16.1 Primeiro Termo Aditivo ao Contrato de Gestão nº 45_2022-SES_GO.pdf,id3888_1.16.1 Primeiro Termo Aditivo ao Contrato de Gestão nº 45_2022-SES_GO,"Relação percentual entre o número de pacientes-dia, em determinado período, e o número de leitos-dia no mesmo período.",SIGUS/SGH,HEL,≥85%,Taxa de Ocupação Hospitalar (TOH),Instituto Patris,0,termo_aditivo
2022,C:\OSS-Goias\documentos\Instituto Patris\HEL\2022\05_Contrato_Gestao_Aditivos\id3888_1.16.1 Primeiro Termo Aditivo ao Contrato de Gestão nº 45_2022-SES_GO.pdf,id3888_1.16.1 Primeiro Termo Aditivo ao Contrato de Gestão nº 45_2022-SES_GO,Relação entre o total de pacientes-dia no período e o total de pacientes egressos do hospital no mesmo período.,SIGUS/SGH,HEL,≤ 4 dias,Taxa Média/Tempo Médio de Permanência Hospitalar (TMP),Instituto Patris,0,termo_aditivo
2022,C:\OSS-Goias\documentos\Instituto Patris\HEL\2022\05_Contrato_Gestao_Aditivos\id3888_1.16.1 Primeiro Termo Aditivo ao Contrato de Gestão nº 45_2022-SES_GO.pdf,id3888_1.16.1 Primeiro Termo Aditivo ao Contrato de Gestão nº 45_2022-SES_GO,"Tempo médio em que um leito permanece desocupado, entre a saída de um paciente e a admissão de outro.",SIGUS/SGH,HEL,≤ 24 h,Índice de Intervalo de Substituição (horas),Instituto Patris,0,termo_aditivo
2022,C:\OSS-Goias\documentos\Instituto Patris\HEL\2022\05_Contrato_Gestao_Aditivos\id3888_1.16.1 Primeiro Termo Aditivo ao Contrato de Gestão nº 45_2022-SES_GO.pdf,id3888_1.16.1 Primeiro Termo Aditivo ao Contrato de Gestão nº 45_2022-SES_GO,Taxa de pacientes que retornaram à UTI do mesmo hospital em até 48 horas desde a última vez que deixaram a UTI.,SIGUS/SGH,HEL,< 5%,Taxa de Readmissão em UTI (48 horas),Instituto Patris,0,termo_aditivo
2022,C:\OSS-Goias\documentos\Instituto Patris\HEL\2022\05_Contrato_Gestao_Aditivos\id3888_1.16.1 Primeiro Termo Aditivo ao Contrato de Gestão nº 45_2022-SES_GO.pdf,id3888_1.16.1 Primeiro Termo Aditivo ao Contrato de Gestão nº 45_2022-SES_GO,Taxa de pessoas que retornaram ao hospital em até 29 dias desde a última vez que deixaram a unidade hospitalar.,SIGUS/SGH,HEL,< 20%,Taxa de Readmissão Hospitalar (29 dias),Instituto Patris,0,termo_aditivo
2022,C:\OSS-Goias\documentos\Instituto Patris\HEL\2022\05_Contrato_Gestao_Aditivos\id3888_1.16.1 Primeiro Termo Aditivo ao Contrato de Gestão nº 45_2022-SES_GO.pdf,id3888_1.16.1 Primeiro Termo Aditivo ao Contrato de Gestão nº 45_2022-SES_GO,"Relação de procedimentos rejeitados no SIH/SUS em relação ao total de procedimentos hospitalares apresentados, exceto por motivo de habilitação e capacidade instalada.",SIH/DATASUS,HEL,≤ 7%,Percentual de Ocorrência de Glosas no SIH - DATASUS,Instituto Patris,0,termo_aditivo
2022,C:\OSS-Goias\documentos\Instituto Patris\HEL\2022\05_Contrato_Gestao_Aditivos\id3888_1.16.1 Primeiro Termo Aditivo ao Contrato de Gestão nº 45_2022-SES_GO.pdf,id3888_1.16.1 Primeiro Termo Aditivo ao Contrato de Gestão nº 45_2022-SES_GO,Total de cirurgias eletivas suspensas por motivos relacionados à organização da Unidade em relação ao total de cirurgias agendadas.,Mapas cirúrgicos/SIGUS,HEL,≤ 5%,Percentual de Suspensão de Cirurgias Eletivas por Condições Operacionais,Instituto Patris,0,termo_aditivo
2022,C:\OSS-Goias\documentos\Instituto Patris\HEL\2022\05_Contrato_Gestao_Aditivos\id3888_1.16.1 Primeiro Termo Aditivo ao Contrato de Gestão nº 45_2022-SES_GO.pdf,id3888_1.16.1 Primeiro Termo Aditivo ao Contrato de Gestão nº 45_2022-SES_GO,Indicador que sinaliza se as cirurgias eletivas realizadas na unidade estão tendendo a respeitar um tempo de espera máximo clinicamente aceitável (SWALIS).,Sistema de Regulação Estadual,HEL,< 25%,Percentual de cirurgias eletivas realizadas com TMAT expirado (1º ano),Instituto Patris,0,termo_aditivo
2022,C:\OSS-Goias\documentos\Instituto Patris\HEL\2022\05_Contrato_Gestao_Aditivos\id3888_1.16.1 Primeiro Termo Aditivo ao Contrato de Gestão nº 45_2022-SES_GO.pdf,id3888_1.16.1 Primeiro Termo Aditivo ao Contrato de Gestão nº 45_2022-SES_GO,Indicador que sinaliza se as cirurgias eletivas realizadas na unidade estão tendendo a respeitar um tempo de espera máximo clinicamente aceitável (SWALIS).,Sistema de Regulação Estadual,HEL,< 10%,Percentual de cirurgias eletivas realizadas com TMAT expirado (2º ano),Instituto Patris,0,termo_aditivo
2022,C:\OSS-Goias\documentos\Instituto Patris\HEL\2022\05_Contrato_Gestao_Aditivos\id3888_1.16.1 Primeiro Termo Aditivo ao Contrato de Gestão nº 45_2022-SES_GO.pdf,id3888_1.16.1 Primeiro Termo Aditivo ao Contrato de Gestão nº 45_2022-SES_GO,Mede o percentual de cirurgias cesáreas realizadas em relação ao número total de partos.,SIGUS/SGH,HEL,≤ 15%,Percentual de partos cesáreos,Instituto Patris,0,termo_aditivo
2022,C:\OSS-Goias\documentos\Instituto Patris\HEL\2022\05_Contrato_Gestao_Aditivos\id3888_1.16.1 Primeiro Termo Aditivo ao Contrato de Gestão nº 45_2022-SES_GO.pdf,id3888_1.16.1 Primeiro Termo Aditivo ao Contrato de Gestão nº 45_2022-SES_GO,Instrumento para identificação de grupos de mulheres clinicamente relevantes nos quais haja diferenças nas taxas de cesárea.,SIGUS/SGH,HEL,100%,Taxa de Aplicação da Classificação de Robson nas parturientes submetidas à cesárea,Instituto Patris,0,termo_aditivo
2022,C:\OSS-Goias\documentos\Instituto Patris\HEL\2022\05_Contrato_Gestao_Aditivos\id3888_1.16.1 Primeiro Termo Aditivo ao Contrato de Gestão nº 45_2022-SES_GO.pdf,id3888_1.16.1 Primeiro Termo Aditivo ao Contrato de Gestão nº 45_2022-SES_GO,Proporção de exames de imagem com resultado liberado em até 72 horas.,SIGUS/SGH,HEL,≥ 70%,Percentual de Exames de Imagem com resultado liberado em até 72 horas,Instituto Patris,0,termo_aditivo
2022,C:\OSS-Goias\documentos\Instituto Patris\HEL\2022\05_Contrato_Gestao_Aditivos\id3888_1.16.1 Primeiro Termo Aditivo ao Contrato de Gestão nº 45_2022-SES_GO.pdf,id3888_1.16.1 Primeiro Termo Aditivo ao Contrato de Gestão nº 45_2022-SES_GO,Avaliar a capacidade de detecção de DAEI nas unidades de saúde por meio da digitação oportuna (≤ 7 dias) nos sistemas de informações oficiais.,SINAN-NET/SINAN-ONLINE/SIVEP-Gripe/e-SUS,HEL,≥ 80%,Percentual de Casos de DAEI Digitadas Oportunamente - até 7 dias,Instituto Patris,0,termo_aditivo
2022,C:\OSS-Goias\documentos\Instituto Patris\HEL\2022\05_Contrato_Gestao_Aditivos\id3888_1.16.1 Primeiro Termo Aditivo ao Contrato de Gestão nº 45_2022-SES_GO.pdf,id3888_1.16.1 Primeiro Termo Aditivo ao Contrato de Gestão nº 45_2022-SES_GO,Avaliar a capacidade de detecção e investigação das DAEI investigadas oportunamente (≤ 48 horas da data de notificação).,SINAN-NET/SINAN-ONLINE/SIVEP-Gripe/e-SUS,HEL,≥ 80%,Percentual de Casos de DAEI Investigadas Oportunamente - até 48 horas,Instituto Patris,0,termo_aditivo
2022,C:\OSS-Goias\documentos\Instituto Patris\HEL\2022\05_Contrato_Gestao_Aditivos\id3888_1.16.1 Primeiro Termo Aditivo ao Contrato de Gestão nº 45_2022-SES_GO.pdf,id3888_1.16.1 Primeiro Termo Aditivo ao Contrato de Gestão nº 45_2022-SES_GO,Monitorar a exatidão do estoque de medicamentos hospitalar geridos pela Farmácia.,Sistema de gestão de estoque,HEL,≥95%,Taxa de acurácia do estoque,Instituto Patris,0,termo_aditivo
2022,C:\OSS-Goias\documentos\Instituto Patris\HEL\2022\05_Contrato_Gestao_Aditivos\id3888_1.16.1 Primeiro Termo Aditivo ao Contrato de Gestão nº 45_2022-SES_GO.pdf,id3888_1.16.1 Primeiro Termo Aditivo ao Contrato de Gestão nº 45_2022-SES_GO,Mensurar o valor financeiro atribuído aos medicamentos vencidos na unidade de saúde.,Sistema de gestão de estoque,HEL,≤ 2%,Taxa de perda financeira por vencimento de medicamentos,Instituto Patris,0,termo_aditivo
2022,C:\OSS-Goias\documentos\Instituto Patris\HEL\2022\05_Contrato_Gestao_Aditivos\id3888_1.16.1 Primeiro Termo Aditivo ao Contrato de Gestão nº 45_2022-SES_GO.pdf,id3888_1.16.1 Primeiro Termo Aditivo ao Contrato de Gestão nº 45_2022-SES_GO,Avaliar o desempenho do serviço de farmácia clínica e a importância desse serviço para a segurança do paciente.,SIGUS/SGH,HEL,≥ 90%,Taxa de aceitabilidade das intervenções farmacêuticas,Instituto Patris,0,termo_aditivo
2023,C:\OSS-Goias\documentos\IDTech\HGG\2023\05_Contrato_Gestao_Aditivos\16. Compêtencias previstas no Contrato de Gestão - 16º Termo Aditivo.pdf,16. Compêtencias previstas no Contrato de Gestão - 16º Termo Aditivo,"Realização quadrimestral de Pesquisa de Satisfação do Usuário/Acompanhante por meio da metodologia Net Promoter Score (NPS), com envio de resultados à SES/GO",,HGG,,Pesquisa de Satisfação do Usuário/Acompanhante (NPS),IDTECH,0,termo_aditivo
2023,C:\OSS-Goias\documentos\IDTech\HGG\2023\05_Contrato_Gestao_Aditivos\16. Compêtencias previstas no Contrato de Gestão - 16º Termo Aditivo.pdf,16. Compêtencias previstas no Contrato de Gestão - 16º Termo Aditivo,Mensuração mensal da taxa de absenteísmo dos colaboradores da Unidade Hospitalar de forma global e segmentada por vínculo (estatutário e celetista),,HGG,,Taxa de Absenteísmo,IDTECH,0,termo_aditivo
2023,C:\OSS-Goias\documentos\ISG\HDT\2023\05_Contrato_Gestao_Aditivos\16o-Termo-Aditivo-2023-ao-CG-n.o-091-2012-–-SES.GO_-2.pdf,16o-Termo-Aditivo-2023-ao-CG-n.o-091-2012-–-SES.GO_-2,Relação percentual entre o número de pacientes-dia e o número de leitos-dia no período,SIGUS/Sistema de Gestão Hospitalar,HDT,≥ 85%,Taxa de Ocupação Hospitalar (TOH),ISG,0,termo_aditivo
2023,C:\OSS-Goias\documentos\ISG\HDT\2023\05_Contrato_Gestao_Aditivos\16o-Termo-Aditivo-2023-ao-CG-n.o-091-2012-–-SES.GO_-2.pdf,16o-Termo-Aditivo-2023-ao-CG-n.o-091-2012-–-SES.GO_-2,Relação entre total de pacientes-dia e total de pacientes egressos no período,SIGUS/Sistema de Gestão Hospitalar,HDT,≤ 9 dias,Taxa Média/Tempo Médio de Permanência Hospitalar (TMP),ISG,0,termo_aditivo
2023,C:\OSS-Goias\documentos\ISG\HDT\2023\05_Contrato_Gestao_Aditivos\16o-Termo-Aditivo-2023-ao-CG-n.o-091-2012-–-SES.GO_-2.pdf,16o-Termo-Aditivo-2023-ao-CG-n.o-091-2012-–-SES.GO_-2,Tempo médio em que um leito permanece desocupado entre a saída de um paciente e a admissão de outro,SIGUS/Sistema de Gestão Hospitalar,HDT,≤ 34,Índice de Intervalo de Substituição (horas),ISG,0,termo_aditivo
2023,C:\OSS-Goias\documentos\ISG\HDT\2023\05_Contrato_Gestao_Aditivos\16o-Termo-Aditivo-2023-ao-CG-n.o-091-2012-–-SES.GO_-2.pdf,16o-Termo-Aditivo-2023-ao-CG-n.o-091-2012-–-SES.GO_-2,Taxa de pacientes que retornaram ao hospital em até 29 dias desde a última alta,SIGUS/Sistema de Gestão Hospitalar,HDT,< 8%,Taxa de Readmissão Hospitalar (29 dias),ISG,0,termo_aditivo
2023,C:\OSS-Goias\documentos\ISG\HDT\2023\05_Contrato_Gestao_Aditivos\16o-Termo-Aditivo-2023-ao-CG-n.o-091-2012-–-SES.GO_-2.pdf,16o-Termo-Aditivo-2023-ao-CG-n.o-091-2012-–-SES.GO_-2,Taxa de pacientes que retornaram à UTI em até 48 horas desde a última saída da UTI,SIGUS/Sistema de Gestão Hospitalar,HDT,< 5%,Taxa de Readmissão em UTI (48 horas),ISG,0,termo_aditivo
2023,C:\OSS-Goias\documentos\ISG\HDT\2023\05_Contrato_Gestao_Aditivos\16o-Termo-Aditivo-2023-ao-CG-n.o-091-2012-–-SES.GO_-2.pdf,16o-Termo-Aditivo-2023-ao-CG-n.o-091-2012-–-SES.GO_-2,"Relação de procedimentos rejeitados no SIH/SUS em relação ao total apresentado, exceto por motivo de habilitação e capacidade instalada",SIH/DATASUS,HDT,≤ 7%,Percentual de Ocorrência de Glosas no SIH - DATASUS,ISG,0,termo_aditivo
2023,C:\OSS-Goias\documentos\ISG\HDT\2023\05_Contrato_Gestao_Aditivos\16o-Termo-Aditivo-2023-ao-CG-n.o-091-2012-–-SES.GO_-2.pdf,16o-Termo-Aditivo-2023-ao-CG-n.o-091-2012-–-SES.GO_-2,Total de cirurgias eletivas suspensas por motivos organizacionais em relação ao total agendado,Mapas cirúrgicos,HDT,≤ 5%,Percentual de Suspensão de Cirurgias Eletivas por Condições Operacionais,ISG,0,termo_aditivo
2023,C:\OSS-Goias\documentos\ISG\HDT\2023\05_Contrato_Gestao_Aditivos\16o-Termo-Aditivo-2023-ao-CG-n.o-091-2012-–-SES.GO_-2.pdf,16o-Termo-Aditivo-2023-ao-CG-n.o-091-2012-–-SES.GO_-2,Cirurgias eletivas realizadas com tempo máximo aceitável para tratamento expirado - primeiro ano,Sistema Estadual de Regulação de Cirurgias Eletivas,HDT,< 50%,Percentual de cirurgias eletivas realizadas com TMAT expirado (1º ano),ISG,0,termo_aditivo
2023,C:\OSS-Goias\documentos\ISG\HDT\2023\05_Contrato_Gestao_Aditivos\16o-Termo-Aditivo-2023-ao-CG-n.o-091-2012-–-SES.GO_-2.pdf,16o-Termo-Aditivo-2023-ao-CG-n.o-091-2012-–-SES.GO_-2,Cirurgias eletivas realizadas com tempo máximo aceitável para tratamento expirado - segundo ano,Sistema Estadual de Regulação de Cirurgias Eletivas,HDT,< 25%,Percentual de cirurgias eletivas realizadas com TMAT expirado (2º ano),ISG,0,termo_aditivo
2023,C:\OSS-Goias\documentos\ISG\HDT\2023\05_Contrato_Gestao_Aditivos\16o-Termo-Aditivo-2023-ao-CG-n.o-091-2012-–-SES.GO_-2.pdf,16o-Termo-Aditivo-2023-ao-CG-n.o-091-2012-–-SES.GO_-2,Número de consultas ofertadas em relação ao número de consultas propostas nas metas da unidade,Sistema de regulação estadual,HDT,1,Razão do Quantitativo de Consultas Ofertadas,ISG,0,termo_aditivo
2023,C:\OSS-Goias\documentos\ISG\HDT\2023\05_Contrato_Gestao_Aditivos\16o-Termo-Aditivo-2023-ao-CG-n.o-091-2012-–-SES.GO_-2.pdf,16o-Termo-Aditivo-2023-ao-CG-n.o-091-2012-–-SES.GO_-2,Proporção de exames de imagem externos com resultado liberado em até 10 dias,Sistema de Gestão Hospitalar,HDT,≥ 70%,Percentual de Exames de Imagem com resultado disponibilizado em até 10 dias,ISG,0,termo_aditivo
2023,C:\OSS-Goias\documentos\ISG\HDT\2023\05_Contrato_Gestao_Aditivos\16o-Termo-Aditivo-2023-ao-CG-n.o-091-2012-–-SES.GO_-2.pdf,16o-Termo-Aditivo-2023-ao-CG-n.o-091-2012-–-SES.GO_-2,Casos de doenças/agravos/eventos de notificação compulsória imediata digitados oportunamente em até 7 dias,SINAN-NET/SINAN-ONLINE/SIVEP-Gripe/e-SUS,HDT,≥ 80%,Percentual de Casos de DAEI Digitadas Oportunamente - até 7 dias,ISG,0,termo_aditivo
2023,C:\OSS-Goias\documentos\ISG\HDT\2023\05_Contrato_Gestao_Aditivos\16o-Termo-Aditivo-2023-ao-CG-n.o-091-2012-–-SES.GO_-2.pdf,16o-Termo-Aditivo-2023-ao-CG-n.o-091-2012-–-SES.GO_-2,Casos de doenças/agravos/eventos de notificação compulsória imediata investigados oportunamente em até 48 horas da notificação,SINAN-NET/SINAN-ONLINE/SIVEP-Gripe/e-SUS,HDT,≥ 80%,Percentual de Casos de DAEI Investigadas Oportunamente - até 48 horas,ISG,0,termo_aditivo
2023,C:\OSS-Goias\documentos\ISG\HDT\2023\05_Contrato_Gestao_Aditivos\16o-Termo-Aditivo-2023-ao-CG-n.o-091-2012-–-SES.GO_-2.pdf,16o-Termo-Aditivo-2023-ao-CG-n.o-091-2012-–-SES.GO_-2,Monitoramento da perda financeira por expiração do prazo de validade dos medicamentos,Sistema de farmácia/CAF hospitalar,HDT,≤ 2%,Percentual de perda de medicamentos por prazo de validade expirado,ISG,0,termo_aditivo
2023,C:\OSS-Goias\documentos\FUNEV\HEANA\2023\05_Contrato_Gestao_Aditivos\1700488721202-Competencias 1° termo aditivo.pdf,1700488721202-Competencias 1° termo aditivo,Monitoramento de óbitos por morte encefálica no âmbito hospitalar,Sistema Estadual de Transplantes de Goiás,HEANA,,Óbitos por Morte Encefálica - Nº de óbitos por morte encefálica,FUNEV,0,termo_aditivo
2023,C:\OSS-Goias\documentos\FUNEV\HEANA\2023\05_Contrato_Gestao_Aditivos\1700488721202-Competencias 1° termo aditivo.pdf,1700488721202-Competencias 1° termo aditivo,Monitoramento de notificações de óbitos por morte encefálica,Sistema Estadual de Transplantes de Goiás,HEANA,,Óbitos por Morte Encefálica - Nº de notificações de óbitos por morte encefálica,FUNEV,0,termo_aditivo
2023,C:\OSS-Goias\documentos\FUNEV\HEANA\2023\05_Contrato_Gestao_Aditivos\1700488721202-Competencias 1° termo aditivo.pdf,1700488721202-Competencias 1° termo aditivo,Monitoramento de doações efetivas de múltiplos órgãos,Sistema Estadual de Transplantes de Goiás,HEANA,,Óbitos por Morte Encefálica - Nº de doações efetivas de múltiplos órgãos,FUNEV,0,termo_aditivo
2023,C:\OSS-Goias\documentos\FUNEV\HEANA\2023\05_Contrato_Gestao_Aditivos\1700488721202-Competencias 1° termo aditivo.pdf,1700488721202-Competencias 1° termo aditivo,Monitoramento de óbitos exceto morte encefálica,Sistema Estadual de Transplantes de Goiás,HEANA,,Óbitos (exceto Morte Encefálica) - Nº de óbitos,FUNEV,0,termo_aditivo
2023,C:\OSS-Goias\documentos\FUNEV\HEANA\2023\05_Contrato_Gestao_Aditivos\1700488721202-Competencias 1° termo aditivo.pdf,1700488721202-Competencias 1° termo aditivo,Monitoramento de notificações de óbitos exceto morte encefálica,Sistema Estadual de Transplantes de Goiás,HEANA,,Óbitos (exceto Morte Encefálica) - Nº de notificações de óbitos,FUNEV,0,termo_aditivo
2023,C:\OSS-Goias\documentos\FUNEV\HEANA\2023\05_Contrato_Gestao_Aditivos\1700488721202-Competencias 1° termo aditivo.pdf,1700488721202-Competencias 1° termo aditivo,Monitoramento de doações efetivas de tecidos,Sistema Estadual de Transplantes de Goiás,HEANA,,Óbitos (exceto Morte Encefálica) - Nº de doações efetivas de tecidos,FUNEV,0,termo_aditivo
2023,C:\OSS-Goias\documentos\FUNEV\HEANA\2023\05_Contrato_Gestao_Aditivos\1700488721202-Competencias 1° termo aditivo.pdf,1700488721202-Competencias 1° termo aditivo,Monitoramento de óbitos com contraindicações absolutas para doação de tecidos,Sistema Estadual de Transplantes de Goiás,HEANA,,Óbitos (exceto Morte Encefálica) - Nº de óbitos com contraindicações absolutas para doação de tecidos,FUNEV,0,termo_aditivo
2023,C:\OSS-Goias\documentos\FUNEV\HEANA\2023\05_Contrato_Gestao_Aditivos\1700488721202-Competencias 1° termo aditivo.pdf,1700488721202-Competencias 1° termo aditivo,Pesquisa quadrimestral de satisfação por metodologia Net Promoter Score,Secretaria de Estado da Saúde de Goiás,HEANA,,Pesquisa de Satisfação do Usuário/acompanhante (NPS),FUNEV,0,termo_aditivo
2023,C:\OSS-Goias\documentos\FUNEV\HEANA\2023\05_Contrato_Gestao_Aditivos\1700488721202-Competencias 1° termo aditivo.pdf,1700488721202-Competencias 1° termo aditivo,Mensuração mensal da taxa de absenteísmo dos colaboradores do Parceiro Público,,HEANA,,Taxa de absenteísmo dos colaboradores do Parceiro Público,FUNEV,0,termo_aditivo
2023,C:\OSS-Goias\documentos\FUNEV\HEANA\2023\05_Contrato_Gestao_Aditivos\1700501422686-Competencias 2° termo aditivo.pdf,1700501422686-Competencias 2° termo aditivo,"Nº de óbitos por morte encefálica, Nº de notificações de óbitos por morte encefálica, Nº de doações efetivas de Múltiplos órgãos",Sistema Estadual de Transplantes de Goiás,HEANA,,Óbitos por Morte Encefálica,FUNEV,0,termo_aditivo
2023,C:\OSS-Goias\documentos\FUNEV\HEANA\2023\05_Contrato_Gestao_Aditivos\1700501422686-Competencias 2° termo aditivo.pdf,1700501422686-Competencias 2° termo aditivo,"Nº de óbitos, Nº de notificações de óbitos, Nº de doações efetivas de tecidos, Nº de óbitos com contraindicações absolutas para doação de tecidos",Sistema Estadual de Transplantes de Goiás,HEANA,,Óbitos exceto Morte Encefálica,FUNEV,0,termo_aditivo
2023,C:\OSS-Goias\documentos\FUNEV\HEANA\2023\05_Contrato_Gestao_Aditivos\1772651247549-4_Termo_Aditivo_ao_Contrato_de_Gestão_nº_662019.pdf,1772651247549-4_Termo_Aditivo_ao_Contrato_de_Gestão_nº_662019,Relação percentual entre o número de pacientes-dia e o número de leitos-dia no mesmo período,Sistema de informação hospitalar,HEANA,≥85%,Taxa de Ocupação Hospitalar,FUNEV,0,termo_aditivo
2023,C:\OSS-Goias\documentos\FUNEV\HEANA\2023\05_Contrato_Gestao_Aditivos\1772651247549-4_Termo_Aditivo_ao_Contrato_de_Gestão_nº_662019.pdf,1772651247549-4_Termo_Aditivo_ao_Contrato_de_Gestão_nº_662019,Relação entre o total de pacientes-dia e o total de pacientes egressos do hospital no período,Sistema de informação hospitalar,HEANA,≤6 dias,Média de Permanência Hospitalar,FUNEV,0,termo_aditivo
2023,C:\OSS-Goias\documentos\FUNEV\HEANA\2023\05_Contrato_Gestao_Aditivos\1772651247549-4_Termo_Aditivo_ao_Contrato_de_Gestão_nº_662019.pdf,1772651247549-4_Termo_Aditivo_ao_Contrato_de_Gestão_nº_662019,Tempo médio em que um leito permanece desocupado entre a saída de um paciente e a admissão de outro,Sistema de informação hospitalar,HEANA,≤12,Índice de Intervalo de Substituição (horas),FUNEV,0,termo_aditivo
2023,C:\OSS-Goias\documentos\FUNEV\HEANA\2023\05_Contrato_Gestao_Aditivos\1772651247549-4_Termo_Aditivo_ao_Contrato_de_Gestão_nº_662019.pdf,1772651247549-4_Termo_Aditivo_ao_Contrato_de_Gestão_nº_662019,Taxa de pacientes que retornaram à UTI em até 48 horas desde a última saída,Sistema de informação hospitalar,HEANA,≤5%,Taxa de Readmissão em UTI (48 horas),FUNEV,0,termo_aditivo
2023,C:\OSS-Goias\documentos\FUNEV\HEANA\2023\05_Contrato_Gestao_Aditivos\1772651247549-4_Termo_Aditivo_ao_Contrato_de_Gestão_nº_662019.pdf,1772651247549-4_Termo_Aditivo_ao_Contrato_de_Gestão_nº_662019,Taxa de pessoas que retornaram ao hospital em até 29 dias desde a última alta,Sistema de informação hospitalar,HEANA,≤20%,Taxa de Readmissão Hospitalar (29 dias),FUNEV,0,termo_aditivo
2023,C:\OSS-Goias\documentos\FUNEV\HEANA\2023\05_Contrato_Gestao_Aditivos\1772651247549-4_Termo_Aditivo_ao_Contrato_de_Gestão_nº_662019.pdf,1772651247549-4_Termo_Aditivo_ao_Contrato_de_Gestão_nº_662019,Relação de procedimentos rejeitados no SIH em relação ao total de procedimentos apresentados,SIH/DATASUS,HEANA,≤1%,Percentual de Ocorrência de Glosas no SIH - DATASUS,FUNEV,0,termo_aditivo
2023,C:\OSS-Goias\documentos\FUNEV\HEANA\2023\05_Contrato_Gestao_Aditivos\1772651247549-4_Termo_Aditivo_ao_Contrato_de_Gestão_nº_662019.pdf,1772651247549-4_Termo_Aditivo_ao_Contrato_de_Gestão_nº_662019,Total de cirurgias programadas suspensas por motivos relacionados à organização da Unidade em relação ao total de cirurgias agendadas,Mapas cirúrgicos,HEANA,≤1%,Percentual de Suspensão de Cirurgias Programadas por condições operacionais (causas relacionadas à organização da Unidade),FUNEV,0,termo_aditivo
2023,C:\OSS-Goias\documentos\FUNEV\HEANA\2023\05_Contrato_Gestao_Aditivos\1772651247549-4_Termo_Aditivo_ao_Contrato_de_Gestão_nº_662019.pdf,1772651247549-4_Termo_Aditivo_ao_Contrato_de_Gestão_nº_662019,Total de cirurgias programadas suspensas por motivos relacionados ao paciente em relação ao total de cirurgias agendadas,Mapas cirúrgicos,HEANA,≤5%,Percentual de Suspensão de Cirurgias Programadas por condições operacionais (causas relacionadas ao paciente),FUNEV,0,termo_aditivo
2023,C:\OSS-Goias\documentos\FUNEV\HEANA\2023\05_Contrato_Gestao_Aditivos\1772651247549-4_Termo_Aditivo_ao_Contrato_de_Gestão_nº_662019.pdf,1772651247549-4_Termo_Aditivo_ao_Contrato_de_Gestão_nº_662019,Monitora e avalia reações adversas a medicamentos quanto à gravidade pelo farmacêutico,Registro hospitalar,HEANA,≥95%,Percentual de investigação da gravidade de reações adversas a medicamentos (Farmacovigilância),FUNEV,0,termo_aditivo
2023,C:\OSS-Goias\documentos\FUNEV\HEANA\2023\05_Contrato_Gestao_Aditivos\1772651247549-4_Termo_Aditivo_ao_Contrato_de_Gestão_nº_662019.pdf,1772651247549-4_Termo_Aditivo_ao_Contrato_de_Gestão_nº_662019,Número de consultas ofertadas em relação ao número de consultas propostas nas metas da unidade por mês,BPA/SIA-SUS,HEANA,1,Razão do Quantitativo de Consultas Ofertadas,FUNEV,0,termo_aditivo
2023,C:\OSS-Goias\documentos\FUNEV\HEANA\2023\05_Contrato_Gestao_Aditivos\1772651247549-4_Termo_Aditivo_ao_Contrato_de_Gestão_nº_662019.pdf,1772651247549-4_Termo_Aditivo_ao_Contrato_de_Gestão_nº_662019,Proporção de exames de imagem com resultado liberado em até 10 dias,Sistema de informação hospitalar,HEANA,≥70%,Percentual de Exames de Imagem com resultado disponibilizado em até 10 dias,FUNEV,0,termo_aditivo
2023,C:\OSS-Goias\documentos\FUNEV\HEANA\2023\05_Contrato_Gestao_Aditivos\1772651247549-4_Termo_Aditivo_ao_Contrato_de_Gestão_nº_662019.pdf,1772651247549-4_Termo_Aditivo_ao_Contrato_de_Gestão_nº_662019,Analisa a satisfação dos usuários do SUS em relação ao atendimento prestado,Sistema de ouvidoria do SUS,HEANA,<5%,Percentual de manifestações queixosas recebidas no sistema de ouvidoria do SUS,FUNEV,0,termo_aditivo
2023,C:\OSS-Goias\documentos\IMED\HETRIN\2023\05_Contrato_Gestao_Aditivos\4o-TA-Hetrin_037-2019.pdf,4o-TA-Hetrin_037-2019,Relação percentual entre o número de pacientes-dia e o número de leitos-dia no mesmo período.,SIGUS,HETRIN,≥85%,Taxa de Ocupação Hospitalar (TOH),IMED,0,termo_aditivo
2023,C:\OSS-Goias\documentos\IMED\HETRIN\2023\05_Contrato_Gestao_Aditivos\4o-TA-Hetrin_037-2019.pdf,4o-TA-Hetrin_037-2019,Relação entre o total de pacientes-dia e o total de pacientes egressos do hospital no período.,SIGUS,HETRIN,≤5 dias,Taxa Média/Tempo Médio de Permanência Hospitalar (TMP),IMED,0,termo_aditivo
2023,C:\OSS-Goias\documentos\IMED\HETRIN\2023\05_Contrato_Gestao_Aditivos\4o-TA-Hetrin_037-2019.pdf,4o-TA-Hetrin_037-2019,Tempo médio em que um leito permanece desocupado entre a saída de um paciente e a admissão de outro.,SIGUS,HETRIN,≤24,Índice de Intervalo de Substituição (horas),IMED,0,termo_aditivo
2023,C:\OSS-Goias\documentos\IMED\HETRIN\2023\05_Contrato_Gestao_Aditivos\4o-TA-Hetrin_037-2019.pdf,4o-TA-Hetrin_037-2019,Taxa de pessoas que retornaram ao hospital em até 29 dias desde a última alta hospitalar.,SIGUS,HETRIN,<8%,Taxa de Readmissão Hospitalar pelo mesmo CID (29 dias),IMED,0,termo_aditivo
2023,C:\OSS-Goias\documentos\IMED\HETRIN\2023\05_Contrato_Gestao_Aditivos\4o-TA-Hetrin_037-2019.pdf,4o-TA-Hetrin_037-2019,Taxa de pacientes que retornaram à UTI do mesmo hospital em até 48 horas desde a última alta da UTI.,SIGUS,HETRIN,<5%,Taxa de Readmissão em UTI (48 horas),IMED,0,termo_aditivo
2023,C:\OSS-Goias\documentos\IMED\HETRIN\2023\05_Contrato_Gestao_Aditivos\4o-TA-Hetrin_037-2019.pdf,4o-TA-Hetrin_037-2019,"Relação de procedimentos rejeitados no SIH/SUS em relação ao total de procedimentos hospitalares apresentados, exceto por motivo de habilitação e capacidade instalada.",SIH/DATASUS,HETRIN,≤7%,Percentual de Ocorrência de Glosas no SIH - DATASUS,IMED,0,termo_aditivo
2023,C:\OSS-Goias\documentos\IMED\HETRIN\2023\05_Contrato_Gestao_Aditivos\4o-TA-Hetrin_037-2019.pdf,4o-TA-Hetrin_037-2019,Total de cirurgias eletivas suspensas por motivos relacionados à organização da unidade em relação ao total de cirurgias agendadas.,Mapas cirúrgicos,HETRIN,≤5%,Percentual de Suspensão de Cirurgias Eletivas por Condições Operacionais,IMED,0,termo_aditivo
2023,C:\OSS-Goias\documentos\IMED\HETRIN\2023\05_Contrato_Gestao_Aditivos\4o-TA-Hetrin_037-2019.pdf,4o-TA-Hetrin_037-2019,Indicador que sinaliza se as cirurgias eletivas realizadas respeitam o tempo de espera máximo clinicamente aceitável conforme critério SWALIS - primeiro ano.,Sistema de regulação estadual,HETRIN,<50%,Percentual de cirurgias eletivas realizadas com TMAT expirado (1º ano),IMED,0,termo_aditivo
2023,C:\OSS-Goias\documentos\IMED\HETRIN\2023\05_Contrato_Gestao_Aditivos\4o-TA-Hetrin_037-2019.pdf,4o-TA-Hetrin_037-2019,Indicador que sinaliza se as cirurgias eletivas realizadas respeitam o tempo de espera máximo clinicamente aceitável conforme critério SWALIS - segundo ano.,Sistema de regulação estadual,HETRIN,<25%,Percentual de cirurgias eletivas realizadas com TMAT expirado (2º ano),IMED,0,termo_aditivo
2023,C:\OSS-Goias\documentos\IMED\HETRIN\2023\05_Contrato_Gestao_Aditivos\4o-TA-Hetrin_037-2019.pdf,4o-TA-Hetrin_037-2019,Número de consultas ofertadas em relação ao número de consultas propostas nas metas da unidade por um dado período.,Sistema de regulação estadual,HETRIN,1,Razão do Quantitativo de Consultas Ofertadas,IMED,0,termo_aditivo
2023,C:\OSS-Goias\documentos\IMED\HETRIN\2023\05_Contrato_Gestao_Aditivos\4o-TA-Hetrin_037-2019.pdf,4o-TA-Hetrin_037-2019,Proporção de exames de imagem externos com resultado liberado em até 10 dias.,SIGUS,HETRIN,≥70%,Percentual de Exames de Imagem com resultado disponibilizado em até 10 dias,IMED,0,termo_aditivo
2023,C:\OSS-Goias\documentos\IMED\HETRIN\2023\05_Contrato_Gestao_Aditivos\4o-TA-Hetrin_037-2019.pdf,4o-TA-Hetrin_037-2019,Avaliar a capacidade de detecção de DAEI nas unidades de saúde por meio da digitação oportuna (≤7 dias) nos sistemas de informações de saúde oficiais.,SINAN-NET/SINAN-ONLINE/SIVEP-Gripe/e-SUS,HETRIN,≥80%,Percentual de Casos de DAEI Digitadas Oportunamente (até 7 dias),IMED,0,termo_aditivo
2023,C:\OSS-Goias\documentos\IMED\HETRIN\2023\05_Contrato_Gestao_Aditivos\4o-TA-Hetrin_037-2019.pdf,4o-TA-Hetrin_037-2019,Avaliar a capacidade de detecção e investigação das DAEI investigadas oportunamente (≤48 horas da data de notificação).,SINAN-NET/SINAN-ONLINE/SIVEP-Gripe/e-SUS,HETRIN,≥80%,Percentual de Casos de DAEI Investigadas Oportunamente (até 48 horas da notificação),IMED,0,termo_aditivo
2023,C:\OSS-Goias\documentos\IMED\HETRIN\2023\05_Contrato_Gestao_Aditivos\4o-TA-Hetrin_037-2019.pdf,4o-TA-Hetrin_037-2019,Monitorar a perda de medicamentos por expiração do prazo de validade em todas as unidades de saúde da rede estadual.,CAF hospitalar,HETRIN,≤2%,Percentual de perda de medicamentos por prazo de validade expirado,IMED,0,termo_aditivo
2023,C:\OSS-Goias\documentos\FUNEV\HEANA\2023\05_Contrato_Gestao_Aditivos\competencias 3° termo aditivo.pdf,competencias 3° termo aditivo,Número de óbitos por morte encefálica registrados no hospital,Área responsável pelo de Transplantes da SES/GO,HEANA,,Óbitos por Morte Encefálica - Nº de óbitos por morte encefálica,FUNEV,0,termo_aditivo
2023,C:\OSS-Goias\documentos\FUNEV\HEANA\2023\05_Contrato_Gestao_Aditivos\competencias 3° termo aditivo.pdf,competencias 3° termo aditivo,Número de notificações de óbitos por morte encefálica,Área responsável pelo de Transplantes da SES/GO,HEANA,,Óbitos por Morte Encefálica - Nº de notificações de óbitos por morte encefálica,FUNEV,0,termo_aditivo
2023,C:\OSS-Goias\documentos\FUNEV\HEANA\2023\05_Contrato_Gestao_Aditivos\competencias 3° termo aditivo.pdf,competencias 3° termo aditivo,Número de doações efetivas de múltiplos órgãos,Área responsável pelo de Transplantes da SES/GO,HEANA,,Óbitos por Morte Encefálica - Nº de doações efetivas de Múltiplos órgãos,FUNEV,0,termo_aditivo
2023,C:\OSS-Goias\documentos\FUNEV\HEANA\2023\05_Contrato_Gestao_Aditivos\competencias 3° termo aditivo.pdf,competencias 3° termo aditivo,Número de óbitos exceto morte encefálica,Área responsável pelo de Transplantes da SES/GO,HEANA,,Óbitos (exceto Morte encefálica) - Nº de óbitos,FUNEV,0,termo_aditivo
2023,C:\OSS-Goias\documentos\FUNEV\HEANA\2023\05_Contrato_Gestao_Aditivos\competencias 3° termo aditivo.pdf,competencias 3° termo aditivo,Número de notificações de óbitos exceto morte encefálica,Área responsável pelo de Transplantes da SES/GO,HEANA,,Óbitos (exceto Morte encefálica) - Nº de notificações de óbitos,FUNEV,0,termo_aditivo
2023,C:\OSS-Goias\documentos\FUNEV\HEANA\2023\05_Contrato_Gestao_Aditivos\competencias 3° termo aditivo.pdf,competencias 3° termo aditivo,Número de doações efetivas de tecidos,Área responsável pelo de Transplantes da SES/GO,HEANA,,Óbitos (exceto Morte encefálica) - Nº de doações efetivas de tecidos,FUNEV,0,termo_aditivo
2023,C:\OSS-Goias\documentos\FUNEV\HEANA\2023\05_Contrato_Gestao_Aditivos\competencias 3° termo aditivo.pdf,competencias 3° termo aditivo,Número de óbitos com contraindicações absolutas para doação de tecidos,Área responsável pelo de Transplantes da SES/GO,HEANA,,Óbitos (exceto Morte encefálica) - Nº de óbitos com contra indicações absolutas para doação de tecidos,FUNEV,0,termo_aditivo
2023,C:\OSS-Goias\documentos\FUNEV\HEANA\2023\05_Contrato_Gestao_Aditivos\Competencias Contrato de gestão.pdf,Competencias Contrato de gestão,Número de óbitos por morte encefálica registrados,Sistema Estadual de Transplantes de Goiás,HEANA,,Óbitos por Morte Encefálica - Nº de óbitos por morte encefálica,FUNEV,0,outro
2023,C:\OSS-Goias\documentos\FUNEV\HEANA\2023\05_Contrato_Gestao_Aditivos\Competencias Contrato de gestão.pdf,Competencias Contrato de gestão,Número de notificações de óbitos por morte encefálica,Sistema Estadual de Transplantes de Goiás,HEANA,,Óbitos por Morte Encefálica - Nº de notificações de óbitos por morte encefálica,FUNEV,0,outro
2023,C:\OSS-Goias\documentos\FUNEV\HEANA\2023\05_Contrato_Gestao_Aditivos\Competencias Contrato de gestão.pdf,Competencias Contrato de gestão,Número de doações efetivas de múltiplos órgãos,Sistema Estadual de Transplantes de Goiás,HEANA,,Óbitos por Morte Encefálica - Nº de doações efetivas de múltiplos órgãos,FUNEV,0,outro
2023,C:\OSS-Goias\documentos\FUNEV\HEANA\2023\05_Contrato_Gestao_Aditivos\Competencias Contrato de gestão.pdf,Competencias Contrato de gestão,Número de óbitos exceto morte encefálica,Sistema Estadual de Transplantes de Goiás,HEANA,,Óbitos (exceto Morte Encefálica) - Nº de óbitos,FUNEV,0,outro
2023,C:\OSS-Goias\documentos\FUNEV\HEANA\2023\05_Contrato_Gestao_Aditivos\Competencias Contrato de gestão.pdf,Competencias Contrato de gestão,Número de notificações de óbitos exceto morte encefálica,Sistema Estadual de Transplantes de Goiás,HEANA,,Óbitos (exceto Morte Encefálica) - Nº de notificações de óbitos,FUNEV,0,outro
2023,C:\OSS-Goias\documentos\FUNEV\HEANA\2023\05_Contrato_Gestao_Aditivos\Competencias Contrato de gestão.pdf,Competencias Contrato de gestão,Número de doações efetivas de tecidos,Sistema Estadual de Transplantes de Goiás,HEANA,,Óbitos (exceto Morte Encefálica) - Nº de doações efetivas de tecidos,FUNEV,0,outro
2023,C:\OSS-Goias\documentos\FUNEV\HEANA\2023\05_Contrato_Gestao_Aditivos\Competencias Contrato de gestão.pdf,Competencias Contrato de gestão,Número de óbitos com contraindicações absolutas para doação de tecidos,Sistema Estadual de Transplantes de Goiás,HEANA,,Óbitos (exceto Morte Encefálica) - Nº de óbitos com contra indicações absolutas para doação de tecidos,FUNEV,0,outro
2023,C:\OSS-Goias\documentos\AGIR\HUGOL\2023\05_Contrato_Gestao_Aditivos\Competências previstas no Contrato de Gestão HUGOL.pdf,Competências previstas no Contrato de Gestão HUGOL,Gestão hospitalar baseada em Sistema de Metas medidas por Indicadores de Desempenho e Qualidade conforme Resoluções Normativas do TCE-GO,TCE-GO / SES/GO,HUGOL,,Indicadores de Desempenho e Qualidade,AGIR,0,outro
2023,C:\OSS-Goias\documentos\AGIR\HUGOL\2023\05_Contrato_Gestao_Aditivos\Competências previstas no Contrato de Gestão HUGOL.pdf,Competências previstas no Contrato de Gestão HUGOL,Alcançar elevados índices de satisfação conforme indicadores de qualidade dos serviços; Pesquisa de Satisfação na alta hospitalar,,HUGOL,,Índice de satisfação dos usuários,AGIR,0,outro
2023,C:\OSS-Goias\documentos\AGIR\HUGOL\2023\05_Contrato_Gestao_Aditivos\Competências previstas no Contrato de Gestão HUGOL_10º Aditivo.pdf,Competências previstas no Contrato de Gestão HUGOL_10º Aditivo,"Número de óbitos por morte encefálica, número de notificações de óbitos por morte encefálica, número de doações efetivas de múltiplos órgãos",Gerência de Transplantes da SES,HUGOL,,Óbitos por Morte Encefálica,AGIR,0,outro
2023,C:\OSS-Goias\documentos\AGIR\HUGOL\2023\05_Contrato_Gestao_Aditivos\Competências previstas no Contrato de Gestão HUGOL_10º Aditivo.pdf,Competências previstas no Contrato de Gestão HUGOL_10º Aditivo,"Número de óbitos, número de notificações de óbitos, número de doações efetivas de tecidos, número de óbitos com contraindicações absolutas para doação de tecidos",Gerência de Transplantes da SES,HUGOL,,Óbitos (exceto Morte Encefálica),AGIR,0,outro
2023,C:\OSS-Goias\documentos\AGIR\HUGOL\2023\05_Contrato_Gestao_Aditivos\Competências previstas no Contrato de Gestão HUGOL_10º Aditivo.pdf,Competências previstas no Contrato de Gestão HUGOL_10º Aditivo,Mensuração mensal da taxa de absenteísmo dos colaboradores da Unidade Hospitalar de forma global e segmentada por vínculo (estatutário e celetista),Sistema interno do Parceiro Privado,HUGOL,,Taxa de Absenteísmo,AGIR,0,outro
2023,C:\OSS-Goias\documentos\AGIR\HUGOL\2023\05_Contrato_Gestao_Aditivos\Competências previstas no Contrato de Gestão HUGOL_10º Aditivo.pdf,Competências previstas no Contrato de Gestão HUGOL_10º Aditivo,"Realização quadrimestral de Pesquisa de Satisfação do Usuário/Acompanhante por meio da metodologia Net Promoter Score (NPS), com envio de resultados à SES/GO",Relatório NPS enviado à SES/GO,HUGOL,,Pesquisa de Satisfação do Usuário/Acompanhante (NPS),AGIR,0,outro
2023,C:\OSS-Goias\documentos\IGH\HEAPA\2023\05_Contrato_Gestao_Aditivos\Contrato 002 - 1° Aditivo.pdf,Contrato 002 - 1° Aditivo,"Observar os Indicadores de Desempenho suficientes e adequados para medir o cumprimento das metas, de acordo com as Resoluções Normativas do TCE-GO",TCE-GO,HUAPA,,Indicadores de Desempenho,IGH,0,termo_aditivo
2023,C:\OSS-Goias\documentos\IGH\HEAPA\2023\05_Contrato_Gestao_Aditivos\Contrato 002 - 2° Aditivo.pdf,Contrato 002 - 2° Aditivo,"Observar os Indicadores de Desempenho suficientes e adequados para medir o cumprimento das metas, de acordo com as Resoluções Normativas do TCE-GO e suas eventuais alterações.",TCE-GO,HUAPA,,Indicadores de Desempenho,IGH,0,termo_aditivo
2023,C:\OSS-Goias\documentos\IGH\HEAPA\2023\05_Contrato_Gestao_Aditivos\Contrato 002.pdf,Contrato 002,"Indicadores suficientes e adequados para medir o cumprimento das metas, de acordo com as Resoluções Normativas do TCE-GO e suas eventuais alterações",TCE-GO,HUAPA,,Indicadores de Desempenho,IGH,0,contrato_gestao_inicial
2023,C:\OSS-Goias\documentos\IGH\HEAPA\2023\05_Contrato_Gestao_Aditivos\Contrato 002.pdf,Contrato 002,Alcançar elevados índices de satisfação conforme indicadores de qualidade dos serviços,,HUAPA,,Indicadores de qualidade dos serviços,IGH,0,contrato_gestao_inicial
2023,C:\OSS-Goias\documentos\IGH\HEAPA\2023\05_Contrato_Gestao_Aditivos\Contrato 096 - 3° Aditivo.pdf,Contrato 096 - 3° Aditivo,"Nº de óbitos por morte encefálica, Nº de notificações de óbitos por morte encefálica, Nº de doações efetivas de Múltiplos órgãos",Gerência de Transplantes da SES,HUAPA,,Óbitos por Morte Encefálica,IGH,0,termo_aditivo
2023,C:\OSS-Goias\documentos\IGH\HEAPA\2023\05_Contrato_Gestao_Aditivos\Contrato 096 - 3° Aditivo.pdf,Contrato 096 - 3° Aditivo,"Nº de óbitos, Nº de notificações de óbitos, Nº de doações efetivas de tecidos, Nº de óbitos com contra indicações absolutas para doação de tecidos",Gerência de Transplantes da SES,HUAPA,,Óbitos (exceto Morte Encefálica),IGH,0,termo_aditivo
2023,C:\OSS-Goias\documentos\IGH\HEAPA\2023\05_Contrato_Gestao_Aditivos\Contrato 096 - 6° Aditivo.pdf,Contrato 096 - 6° Aditivo,Número de óbitos por morte encefálica registrados na unidade,Gerência de Transplantes da SES/GO,HUAPA,,Óbitos por morte encefálica - Nº de óbitos por morte encefálica,IGH,0,termo_aditivo
2023,C:\OSS-Goias\documentos\IGH\HEAPA\2023\05_Contrato_Gestao_Aditivos\Contrato 096 - 6° Aditivo.pdf,Contrato 096 - 6° Aditivo,Número de notificações de óbitos por morte encefálica,Gerência de Transplantes da SES/GO,HUAPA,,Óbitos por morte encefálica - Nº de notificações de óbitos por morte encefálica,IGH,0,termo_aditivo
2023,C:\OSS-Goias\documentos\IGH\HEAPA\2023\05_Contrato_Gestao_Aditivos\Contrato 096 - 6° Aditivo.pdf,Contrato 096 - 6° Aditivo,Número de doações efetivas de múltiplos órgãos,Gerência de Transplantes da SES/GO,HUAPA,,Óbitos por morte encefálica - Nº de doações efetivas de múltiplos órgãos,IGH,0,termo_aditivo
2023,C:\OSS-Goias\documentos\IGH\HEAPA\2023\05_Contrato_Gestao_Aditivos\Contrato 096 - 6° Aditivo.pdf,Contrato 096 - 6° Aditivo,Número de óbitos exceto morte encefálica,Gerência de Transplantes da SES/GO,HUAPA,,Óbitos (exceto morte encefálica) - Nº de óbitos,IGH,0,termo_aditivo
2023,C:\OSS-Goias\documentos\IGH\HEAPA\2023\05_Contrato_Gestao_Aditivos\Contrato 096 - 6° Aditivo.pdf,Contrato 096 - 6° Aditivo,Número de notificações de óbitos exceto morte encefálica,Gerência de Transplantes da SES/GO,HUAPA,,Óbitos (exceto morte encefálica) - Nº de notificações de óbitos,IGH,0,termo_aditivo
2023,C:\OSS-Goias\documentos\IGH\HEAPA\2023\05_Contrato_Gestao_Aditivos\Contrato 096 - 6° Aditivo.pdf,Contrato 096 - 6° Aditivo,Número de doações efetivas de tecidos,Gerência de Transplantes da SES/GO,HUAPA,,Óbitos (exceto morte encefálica) - Nº de doações efetivas de tecidos,IGH,0,termo_aditivo
2023,C:\OSS-Goias\documentos\IGH\HEAPA\2023\05_Contrato_Gestao_Aditivos\Contrato 096 - 6° Aditivo.pdf,Contrato 096 - 6° Aditivo,Número de óbitos com contraindicações absolutas para doação de tecidos,Gerência de Transplantes da SES/GO,HUAPA,,Óbitos (exceto morte encefálica) - Nº de óbitos com contra indicações absolutas para doação de tecidos,IGH,0,termo_aditivo
2023,C:\OSS-Goias\documentos\IGH\HEAPA\2023\05_Contrato_Gestao_Aditivos\Contrato 096 - 6° Aditivo.pdf,Contrato 096 - 6° Aditivo,"Taxa de absenteísmo dos colaboradores da unidade hospitalar, de forma global e segmentada por vínculo (estatutário e celetista)",Relatório mensal da unidade,HUAPA,,Taxa de Absenteísmo,IGH,0,termo_aditivo
2023,C:\OSS-Goias\documentos\IGH\HEAPA\2023\05_Contrato_Gestao_Aditivos\Contrato 096 - 6° Aditivo.pdf,Contrato 096 - 6° Aditivo,Pesquisa de satisfação realizada quadrimestralmente por meio da metodologia Net Promoter Score,Relatório quadrimestral enviado à SES/GO,HUAPA,,Pesquisa de Satisfação do Usuário/Acompanhante (NPS),IGH,0,termo_aditivo
2023,C:\OSS-Goias\documentos\IGH\HEAPA\2023\05_Contrato_Gestao_Aditivos\Contrato 096.pdf,Contrato 096,"Gestão hospitalar baseada em Sistema de Metas e medidas por Indicadores de Desempenho e Qualidade, conforme Resoluções Normativas do TCE-GO",TCE-GO / CONTRATANTE,HUAPA,,Indicadores de Desempenho e Qualidade,IGH,0,contrato_gestao_inicial
2023,C:\OSS-Goias\documentos\FUNEV\HEANA\2023\05_Contrato_Gestao_Aditivos\f30f01e6-2b47-401f-92ed-40a280a1175f.pdf,f30f01e6-2b47-401f-92ed-40a280a1175f,Número de óbitos por morte encefálica registrados no hospital,Sistema Estadual de Transplantes de Goiás,HEANA,,Óbitos por Morte Encefálica - Nº de óbitos por morte encefálica,FUNEV,0,outro
2023,C:\OSS-Goias\documentos\FUNEV\HEANA\2023\05_Contrato_Gestao_Aditivos\f30f01e6-2b47-401f-92ed-40a280a1175f.pdf,f30f01e6-2b47-401f-92ed-40a280a1175f,Número de notificações de óbitos por morte encefálica,Sistema Estadual de Transplantes de Goiás,HEANA,,Óbitos por Morte Encefálica - Nº de notificações,FUNEV,0,outro
2023,C:\OSS-Goias\documentos\FUNEV\HEANA\2023\05_Contrato_Gestao_Aditivos\f30f01e6-2b47-401f-92ed-40a280a1175f.pdf,f30f01e6-2b47-401f-92ed-40a280a1175f,Número de doações efetivas de múltiplos órgãos,Sistema Estadual de Transplantes de Goiás,HEANA,,Óbitos por Morte Encefálica - Nº de doações efetivas de múltiplos órgãos,FUNEV,0,outro
2023,C:\OSS-Goias\documentos\FUNEV\HEANA\2023\05_Contrato_Gestao_Aditivos\f30f01e6-2b47-401f-92ed-40a280a1175f.pdf,f30f01e6-2b47-401f-92ed-40a280a1175f,Número de óbitos exceto morte encefálica,Sistema Estadual de Transplantes de Goiás,HEANA,,Óbitos (exceto Morte Encefálica) - Nº de óbitos,FUNEV,0,outro
2023,C:\OSS-Goias\documentos\FUNEV\HEANA\2023\05_Contrato_Gestao_Aditivos\f30f01e6-2b47-401f-92ed-40a280a1175f.pdf,f30f01e6-2b47-401f-92ed-40a280a1175f,Número de notificações de óbitos exceto morte encefálica,Sistema Estadual de Transplantes de Goiás,HEANA,,Óbitos (exceto Morte Encefálica) - Nº de notificações de óbitos,FUNEV,0,outro
2023,C:\OSS-Goias\documentos\FUNEV\HEANA\2023\05_Contrato_Gestao_Aditivos\f30f01e6-2b47-401f-92ed-40a280a1175f.pdf,f30f01e6-2b47-401f-92ed-40a280a1175f,Número de doações efetivas de tecidos,Sistema Estadual de Transplantes de Goiás,HEANA,,Óbitos (exceto Morte Encefálica) - Nº de doações efetivas de tecidos,FUNEV,0,outro
2023,C:\OSS-Goias\documentos\FUNEV\HEANA\2023\05_Contrato_Gestao_Aditivos\f30f01e6-2b47-401f-92ed-40a280a1175f.pdf,f30f01e6-2b47-401f-92ed-40a280a1175f,Número de óbitos com contraindicações absolutas para doação de tecidos,Sistema Estadual de Transplantes de Goiás,HEANA,,Óbitos (exceto Morte Encefálica) - Nº de óbitos com contraindicações absolutas para doação de tecidos,FUNEV,0,outro
2024,C:\OSS-Goias\documentos\AGIR\HUGOL\2024\05_Contrato_Gestao_Aditivos\11° Aditivo ao Contrato de Gestão 003-14 HUGOL_2024.pdf,11° Aditivo ao Contrato de Gestão 003-14 HUGOL_2024,Relação percentual entre o número de pacientes-dia e o número de leitos-dia no mesmo período.,SIGUS,HUGOL,≥ 90%,Taxa de Ocupação Hospitalar (TOH),AGIR,0,termo_aditivo
2024,C:\OSS-Goias\documentos\AGIR\HUGOL\2024\05_Contrato_Gestao_Aditivos\11° Aditivo ao Contrato de Gestão 003-14 HUGOL_2024.pdf,11° Aditivo ao Contrato de Gestão 003-14 HUGOL_2024,Relação entre o total de pacientes-dia e o total de pacientes egressos do hospital no período.,SIGUS,HUGOL,≤ 7 dias,Taxa Média/Tempo Médio de Permanência Hospitalar (TMP),AGIR,0,termo_aditivo
2024,C:\OSS-Goias\documentos\AGIR\HUGOL\2024\05_Contrato_Gestao_Aditivos\11° Aditivo ao Contrato de Gestão 003-14 HUGOL_2024.pdf,11° Aditivo ao Contrato de Gestão 003-14 HUGOL_2024,Tempo médio em que um leito permanece desocupado entre a saída de um paciente e a admissão de outro.,SIGUS,HUGOL,≤ 30,Índice de Intervalo de Substituição (horas),AGIR,0,termo_aditivo
2024,C:\OSS-Goias\documentos\AGIR\HUGOL\2024\05_Contrato_Gestao_Aditivos\11° Aditivo ao Contrato de Gestão 003-14 HUGOL_2024.pdf,11° Aditivo ao Contrato de Gestão 003-14 HUGOL_2024,Taxa de pessoas que retornaram ao hospital em até 29 dias desde a última alta hospitalar.,SIGUS,HUGOL,< 8%,Taxa de Readmissão Hospitalar (29 dias),AGIR,0,termo_aditivo
2024,C:\OSS-Goias\documentos\AGIR\HUGOL\2024\05_Contrato_Gestao_Aditivos\11° Aditivo ao Contrato de Gestão 003-14 HUGOL_2024.pdf,11° Aditivo ao Contrato de Gestão 003-14 HUGOL_2024,Taxa de pacientes que retornaram à UTI em até 48 horas desde a última saída.,SIGUS,HUGOL,< 5%,Taxa de Readmissão em UTI (48 horas),AGIR,0,termo_aditivo
2024,C:\OSS-Goias\documentos\AGIR\HUGOL\2024\05_Contrato_Gestao_Aditivos\11° Aditivo ao Contrato de Gestão 003-14 HUGOL_2024.pdf,11° Aditivo ao Contrato de Gestão 003-14 HUGOL_2024,"Relação de procedimentos rejeitados no SIH/SUS em relação ao total de procedimentos hospitalares apresentados, exceto por motivo de habilitação e capacidade instalada.",SIH/DATASUS,HUGOL,≤ 7%,Percentual de Ocorrência de Glosas no SIH - DATASUS,AGIR,0,termo_aditivo
2024,C:\OSS-Goias\documentos\AGIR\HUGOL\2024\05_Contrato_Gestao_Aditivos\11° Aditivo ao Contrato de Gestão 003-14 HUGOL_2024.pdf,11° Aditivo ao Contrato de Gestão 003-14 HUGOL_2024,Total de cirurgias eletivas suspensas por motivos operacionais em relação ao total de cirurgias agendadas.,Mapas cirúrgicos,HUGOL,≤ 5%,Percentual de Suspensão de Cirurgias Eletivas por Condições Operacionais,AGIR,0,termo_aditivo
2024,C:\OSS-Goias\documentos\AGIR\HUGOL\2024\05_Contrato_Gestao_Aditivos\11° Aditivo ao Contrato de Gestão 003-14 HUGOL_2024.pdf,11° Aditivo ao Contrato de Gestão 003-14 HUGOL_2024,"Cirurgias eletivas realizadas com tempo máximo aceitável para tratamento expirado, para o primeiro ano.",Sistema de regulação,HUGOL,< 50%,Percentual de cirurgias eletivas realizadas com TMAT expirado (1º ano),AGIR,0,termo_aditivo
2024,C:\OSS-Goias\documentos\AGIR\HUGOL\2024\05_Contrato_Gestao_Aditivos\11° Aditivo ao Contrato de Gestão 003-14 HUGOL_2024.pdf,11° Aditivo ao Contrato de Gestão 003-14 HUGOL_2024,"Cirurgias eletivas realizadas com tempo máximo aceitável para tratamento expirado, para o segundo ano.",Sistema de regulação,HUGOL,< 25%,Percentual de cirurgias eletivas realizadas com TMAT expirado (2º ano),AGIR,0,termo_aditivo
2024,C:\OSS-Goias\documentos\AGIR\HUGOL\2024\05_Contrato_Gestao_Aditivos\11° Aditivo ao Contrato de Gestão 003-14 HUGOL_2024.pdf,11° Aditivo ao Contrato de Gestão 003-14 HUGOL_2024,Número de consultas ofertadas em relação ao número de consultas propostas nas metas da unidade por mês.,Sistema de regulação estadual,HUGOL,1,Razão do Quantitativo de Consultas Ofertadas,AGIR,0,termo_aditivo
2024,C:\OSS-Goias\documentos\AGIR\HUGOL\2024\05_Contrato_Gestao_Aditivos\11° Aditivo ao Contrato de Gestão 003-14 HUGOL_2024.pdf,11° Aditivo ao Contrato de Gestão 003-14 HUGOL_2024,Proporção de exames de imagem externos com resultado liberado em até 10 dias.,Sistema de gestão hospitalar,HUGOL,≥ 70%,Percentual de Exames de Imagem com resultado disponibilizado em até 10 dias,AGIR,0,termo_aditivo
2024,C:\OSS-Goias\documentos\AGIR\HUGOL\2024\05_Contrato_Gestao_Aditivos\11° Aditivo ao Contrato de Gestão 003-14 HUGOL_2024.pdf,11° Aditivo ao Contrato de Gestão 003-14 HUGOL_2024,Percentual de casos de doenças/agravos/eventos de notificação compulsória imediata digitados oportunamente em até 7 dias.,SINAN-NET/SINAN-ONLINE/SIVEP-Gripe/e-SUS,HUGOL,≥ 80%,Percentual de Casos de DAEI Digitadas Oportunamente (até 7 dias),AGIR,0,termo_aditivo
2024,C:\OSS-Goias\documentos\AGIR\HUGOL\2024\05_Contrato_Gestao_Aditivos\11° Aditivo ao Contrato de Gestão 003-14 HUGOL_2024.pdf,11° Aditivo ao Contrato de Gestão 003-14 HUGOL_2024,Percentual de casos de doenças/agravos/eventos de notificação compulsória imediata investigados oportunamente em até 48 horas da notificação.,SINAN-NET/SINAN-ONLINE/SIVEP-Gripe/e-SUS,HUGOL,≥ 80%,Percentual de Casos de DAEI Investigadas Oportunamente (até 48 horas),AGIR,0,termo_aditivo
2024,C:\OSS-Goias\documentos\AGIR\HUGOL\2024\05_Contrato_Gestao_Aditivos\11° Aditivo ao Contrato de Gestão 003-14 HUGOL_2024.pdf,11° Aditivo ao Contrato de Gestão 003-14 HUGOL_2024,Monitoramento da perda financeira de medicamentos por expiração do prazo de validade.,CAF/Sistema de gestão hospitalar,HUGOL,≤ 2%,Percentual de perda de medicamentos por prazo de validade expirado,AGIR,0,termo_aditivo
2024,C:\OSS-Goias\documentos\AGIR\HUGOL\2024\05_Contrato_Gestao_Aditivos\11° Aditivo ao Contrato de Gestão 003-14 HUGOL_2024.pdf,11° Aditivo ao Contrato de Gestão 003-14 HUGOL_2024,Percentual de conformidade para cada parâmetro verificado nos Concentrados de Hemácias produzidos pela UCT.,UCT HUGOL,HUGOL,≥ 90% de conformidade para cada parâmetro verificado,Qualidade dos hemocomponentes - Concentrado de Hemácias (mensal),AGIR,0,termo_aditivo
2024,C:\OSS-Goias\documentos\AGIR\HUGOL\2024\05_Contrato_Gestao_Aditivos\11° Aditivo ao Contrato de Gestão 003-14 HUGOL_2024.pdf,11° Aditivo ao Contrato de Gestão 003-14 HUGOL_2024,Percentual de conformidade para cada parâmetro verificado nos Concentrados de Hemácias Desleucocitadas produzidos pela UCT.,UCT HUGOL,HUGOL,≥ 90% de conformidade para cada parâmetro verificado,Qualidade dos hemocomponentes - Concentrado de Hemácias Desleucocitadas (mensal),AGIR,0,termo_aditivo
2024,C:\OSS-Goias\documentos\AGIR\HUGOL\2024\05_Contrato_Gestao_Aditivos\11° Aditivo ao Contrato de Gestão 003-14 HUGOL_2024.pdf,11° Aditivo ao Contrato de Gestão 003-14 HUGOL_2024,Percentual de conformidade para cada parâmetro verificado nos Concentrados de Plaquetas Randômicas produzidos pela UCT.,UCT HUGOL,HUGOL,≥ 90% de conformidade para cada parâmetro verificado,Qualidade dos hemocomponentes - Concentrado de Plaquetas randômicas (mensal),AGIR,0,termo_aditivo
2024,C:\OSS-Goias\documentos\AGIR\HUGOL\2024\05_Contrato_Gestao_Aditivos\11° Aditivo ao Contrato de Gestão 003-14 HUGOL_2024.pdf,11° Aditivo ao Contrato de Gestão 003-14 HUGOL_2024,Percentual de conformidade para cada parâmetro verificado nos Concentrados de Plaquetas por Aférese produzidos pela UCT.,UCT HUGOL,HUGOL,≥ 90% de conformidade para cada parâmetro verificado,Qualidade dos hemocomponentes - Concentrado de Plaquetas por aférese (mensal),AGIR,0,termo_aditivo
2024,C:\OSS-Goias\documentos\AGIR\HUGOL\2024\05_Contrato_Gestao_Aditivos\11° Aditivo ao Contrato de Gestão 003-14 HUGOL_2024.pdf,11° Aditivo ao Contrato de Gestão 003-14 HUGOL_2024,Percentual de conformidade para cada parâmetro verificado no Plasma Fresco Congelado produzido pela UCT.,UCT HUGOL,HUGOL,≥ 90% de conformidade para cada parâmetro verificado,Qualidade dos hemocomponentes - Plasma Fresco Congelado (semestral),AGIR,0,termo_aditivo
2024,C:\OSS-Goias\documentos\AGIR\HUGOL\2024\05_Contrato_Gestao_Aditivos\11° Aditivo ao Contrato de Gestão 003-14 HUGOL_2024.pdf,11° Aditivo ao Contrato de Gestão 003-14 HUGOL_2024,Percentual de conformidade para cada parâmetro verificado no Crioprecipitado produzido pela UCT.,UCT HUGOL,HUGOL,≥ 90% de conformidade para cada parâmetro verificado,Qualidade dos hemocomponentes - Crioprecipitado (semestral),AGIR,0,termo_aditivo
2024,C:\OSS-Goias\documentos\AGIR\HUGOL\2024\05_Contrato_Gestao_Aditivos\12° Aditivo ao Contrato de Gestão 003-14 HUGOL_2024.pdf,12° Aditivo ao Contrato de Gestão 003-14 HUGOL_2024,Relação percentual entre o número de pacientes-dia e o número de leitos-dia no mesmo período.,SIGUS/SGH,HUGOL,≥90%,Taxa de Ocupação Hospitalar (TOH),AGIR,0,termo_aditivo
2024,C:\OSS-Goias\documentos\AGIR\HUGOL\2024\05_Contrato_Gestao_Aditivos\12° Aditivo ao Contrato de Gestão 003-14 HUGOL_2024.pdf,12° Aditivo ao Contrato de Gestão 003-14 HUGOL_2024,Relação entre o total de pacientes-dia e o total de pacientes egressos do hospital no período.,SIGUS/SGH,HUGOL,≤7 dias,Taxa Média/Tempo Médio de Permanência Hospitalar (TMP),AGIR,0,termo_aditivo
2024,C:\OSS-Goias\documentos\AGIR\HUGOL\2024\05_Contrato_Gestao_Aditivos\12° Aditivo ao Contrato de Gestão 003-14 HUGOL_2024.pdf,12° Aditivo ao Contrato de Gestão 003-14 HUGOL_2024,Tempo médio em que um leito permanece desocupado entre a saída de um paciente e a admissão de outro.,SIGUS/SGH,HUGOL,≤30,Índice de Intervalo de Substituição (horas),AGIR,0,termo_aditivo
2024,C:\OSS-Goias\documentos\AGIR\HUGOL\2024\05_Contrato_Gestao_Aditivos\12° Aditivo ao Contrato de Gestão 003-14 HUGOL_2024.pdf,12° Aditivo ao Contrato de Gestão 003-14 HUGOL_2024,Taxa de pessoas que retornaram ao hospital em até 29 dias desde a última alta.,SIGUS/SGH,HUGOL,<8%,Taxa de Readmissão Hospitalar (29 dias),AGIR,0,termo_aditivo
2024,C:\OSS-Goias\documentos\AGIR\HUGOL\2024\05_Contrato_Gestao_Aditivos\12° Aditivo ao Contrato de Gestão 003-14 HUGOL_2024.pdf,12° Aditivo ao Contrato de Gestão 003-14 HUGOL_2024,Taxa de pacientes que retornaram à UTI em até 48 horas desde a última saída da UTI.,SIGUS/SGH,HUGOL,<5%,Taxa de Readmissão em UTI (48 horas),AGIR,0,termo_aditivo
2024,C:\OSS-Goias\documentos\AGIR\HUGOL\2024\05_Contrato_Gestao_Aditivos\12° Aditivo ao Contrato de Gestão 003-14 HUGOL_2024.pdf,12° Aditivo ao Contrato de Gestão 003-14 HUGOL_2024,"Relação de procedimentos rejeitados no SIH em relação ao total apresentado, exceto por motivo de habilitação e capacidade instalada.",SIH/DATASUS,HUGOL,≤7%,Percentual de Ocorrência de Glosas no SIH - DATASUS,AGIR,0,termo_aditivo
2024,C:\OSS-Goias\documentos\AGIR\HUGOL\2024\05_Contrato_Gestao_Aditivos\12° Aditivo ao Contrato de Gestão 003-14 HUGOL_2024.pdf,12° Aditivo ao Contrato de Gestão 003-14 HUGOL_2024,Total de cirurgias programadas suspensas por motivos organizacionais da unidade em relação ao total agendado.,Mapas cirúrgicos,HUGOL,≤5%,Percentual de Suspensão de Cirurgias Eletivas por Condições Operacionais,AGIR,0,termo_aditivo
2024,C:\OSS-Goias\documentos\AGIR\HUGOL\2024\05_Contrato_Gestao_Aditivos\12° Aditivo ao Contrato de Gestão 003-14 HUGOL_2024.pdf,12° Aditivo ao Contrato de Gestão 003-14 HUGOL_2024,Indica se cirurgias eletivas em lista de espera respeitam tempo máximo aceitável para tratamento.,Sistema de Regulação Estadual,HUGOL,<50%,Percentual de cirurgias eletivas realizadas com TMAT expirado (primeiro ano),AGIR,0,termo_aditivo
2024,C:\OSS-Goias\documentos\AGIR\HUGOL\2024\05_Contrato_Gestao_Aditivos\12° Aditivo ao Contrato de Gestão 003-14 HUGOL_2024.pdf,12° Aditivo ao Contrato de Gestão 003-14 HUGOL_2024,Indica se cirurgias eletivas em lista de espera respeitam tempo máximo aceitável para tratamento.,Sistema de Regulação Estadual,HUGOL,<25%,Percentual de cirurgias eletivas realizadas com TMAT expirado (segundo ano),AGIR,0,termo_aditivo
2024,C:\OSS-Goias\documentos\AGIR\HUGOL\2024\05_Contrato_Gestao_Aditivos\12° Aditivo ao Contrato de Gestão 003-14 HUGOL_2024.pdf,12° Aditivo ao Contrato de Gestão 003-14 HUGOL_2024,Proporção de exames de imagem com resultado liberado em até 72 horas (informado no quadro como 10 dias).,SIGUS/SGH,HUGOL,≥70%,Percentual de Exames de Imagem com resultado disponibilizado em até 10 dias,AGIR,0,termo_aditivo
2024,C:\OSS-Goias\documentos\AGIR\HUGOL\2024\05_Contrato_Gestao_Aditivos\12° Aditivo ao Contrato de Gestão 003-14 HUGOL_2024.pdf,12° Aditivo ao Contrato de Gestão 003-14 HUGOL_2024,Capacidade de detecção de DAEI nas unidades por digitação oportuna nos sistemas oficiais.,SINAN-NET/SINAN-ONLINE/SIVEP-Gripe/e-SUS,HUGOL,≥80%,Percentual de Casos de DAEI Digitadas Oportunamente - até 7 dias,AGIR,0,termo_aditivo
2024,C:\OSS-Goias\documentos\AGIR\HUGOL\2024\05_Contrato_Gestao_Aditivos\12° Aditivo ao Contrato de Gestão 003-14 HUGOL_2024.pdf,12° Aditivo ao Contrato de Gestão 003-14 HUGOL_2024,Capacidade de detecção e investigação das DAEI nas unidades de saúde de forma oportuna.,SINAN-NET/SINAN-ONLINE/SIVEP-Gripe/e-SUS,HUGOL,≥80%,Percentual de Casos de DAEI Investigadas Oportunamente - até 48 horas da data da notificação,AGIR,0,termo_aditivo
2024,C:\OSS-Goias\documentos\AGIR\HUGOL\2024\05_Contrato_Gestao_Aditivos\12° Aditivo ao Contrato de Gestão 003-14 HUGOL_2024.pdf,12° Aditivo ao Contrato de Gestão 003-14 HUGOL_2024,Número de pacientes desospitalizados encaminhados à rede de atenção no mês.,SIGUS/SGH,HUGOL,≥90%,Percentual de Pacientes desospitalizados encaminhados para a rede de Atenção,AGIR,0,termo_aditivo
2024,C:\OSS-Goias\documentos\AGIR\HUGOL\2024\05_Contrato_Gestao_Aditivos\12° Aditivo ao Contrato de Gestão 003-14 HUGOL_2024.pdf,12° Aditivo ao Contrato de Gestão 003-14 HUGOL_2024,Percentual de readmissão hospitalar de pacientes assistidos pelo SAD.,SIGUS/SGH,HUGOL,≤10%,Taxa de readmissão hospitalar de pacientes assistidos pelo serviço de Atenção Domiciliar (SAD),AGIR,0,termo_aditivo
2024,C:\OSS-Goias\documentos\AGIR\HUGOL\2024\05_Contrato_Gestao_Aditivos\12° Aditivo ao Contrato de Gestão 003-14 HUGOL_2024.pdf,12° Aditivo ao Contrato de Gestão 003-14 HUGOL_2024,Monitoramento da exatidão do estoque de medicamentos hospitalares geridos pela Farmácia.,Sistema de gestão farmácia,HUGOL,≥95%,Taxa de acurácia do estoque,AGIR,0,termo_aditivo
2024,C:\OSS-Goias\documentos\AGIR\HUGOL\2024\05_Contrato_Gestao_Aditivos\12° Aditivo ao Contrato de Gestão 003-14 HUGOL_2024.pdf,12° Aditivo ao Contrato de Gestão 003-14 HUGOL_2024,Permite redução da perda de medicamentos por vencimento.,Sistema de gestão farmácia,HUGOL,≤1%,Taxa de perda financeira por vencimento de medicamentos,AGIR,0,termo_aditivo
2024,C:\OSS-Goias\documentos\AGIR\HUGOL\2024\05_Contrato_Gestao_Aditivos\12° Aditivo ao Contrato de Gestão 003-14 HUGOL_2024.pdf,12° Aditivo ao Contrato de Gestão 003-14 HUGOL_2024,Avalia o desempenho do serviço de farmácia clínica e sua importância para a segurança do paciente.,Sistema de gestão farmácia,HUGOL,≥85%,Taxa de aceitabilidade das intervenções farmacêuticas,AGIR,0,termo_aditivo
2024,C:\OSS-Goias\documentos\AGIR\HUGOL\2024\05_Contrato_Gestao_Aditivos\12° Aditivo ao Contrato de Gestão 003-14 HUGOL_2024.pdf,12° Aditivo ao Contrato de Gestão 003-14 HUGOL_2024,Média ponderada relativa ao percentual de conformidade obtido no controle de qualidade de cada hemocomponente no período.,UCT HUGOL,HUGOL,≥90%,Percentual de conformidade quanto a Qualidade dos hemocomponentes produzidos,AGIR,0,termo_aditivo
2024,C:\OSS-Goias\documentos\FUNEV\HEANA\2024\05_Contrato_Gestao_Aditivos\17157233426175º Aditivo Contrato de Gestão.pdf,17157233426175º Aditivo Contrato de Gestão,Relação percentual entre o número de pacientes-dia e o número de leitos-dia no período,SIGUS,HEANA,≥ 85%,Taxa de Ocupação Hospitalar (TOH),FUNEV,0,termo_aditivo
2024,C:\OSS-Goias\documentos\FUNEV\HEANA\2024\05_Contrato_Gestao_Aditivos\17157233426175º Aditivo Contrato de Gestão.pdf,17157233426175º Aditivo Contrato de Gestão,Relação entre total de pacientes-dia e total de pacientes egressos no período,SIGUS,HEANA,≤ 7 dias,Taxa Média/Tempo Médio de Permanência Hospitalar (TM1P),FUNEV,0,termo_aditivo
2024,C:\OSS-Goias\documentos\FUNEV\HEANA\2024\05_Contrato_Gestao_Aditivos\17157233426175º Aditivo Contrato de Gestão.pdf,17157233426175º Aditivo Contrato de Gestão,Tempo médio em que um leito permanece desocupado entre saída de um paciente e admissão de outro,SIGUS,HEANA,≤ 24,Índice de Intervalo de Substituição (horas),FUNEV,0,termo_aditivo
2024,C:\OSS-Goias\documentos\FUNEV\HEANA\2024\05_Contrato_Gestao_Aditivos\17157233426175º Aditivo Contrato de Gestão.pdf,17157233426175º Aditivo Contrato de Gestão,Taxa de pessoas que retornaram ao hospital em até 29 dias desde a última alta,SIGUS,HEANA,< 8%,Taxa de Readmissão Hospitalar (29 dias),FUNEV,0,termo_aditivo
2024,C:\OSS-Goias\documentos\FUNEV\HEANA\2024\05_Contrato_Gestao_Aditivos\17157233426175º Aditivo Contrato de Gestão.pdf,17157233426175º Aditivo Contrato de Gestão,Taxa de pacientes que retornaram à UTI em até 48 horas desde a última saída,SIGUS,HEANA,< 5%,Taxa de Readmissão em UTI (48 horas),FUNEV,0,termo_aditivo
2024,C:\OSS-Goias\documentos\FUNEV\HEANA\2024\05_Contrato_Gestao_Aditivos\17157233426175º Aditivo Contrato de Gestão.pdf,17157233426175º Aditivo Contrato de Gestão,Relação de procedimentos rejeitados no SIH em relação ao total de procedimentos apresentados (exceto por motivo de habilitação e capacidade instalada),SIH/DATASUS,HEANA,≤ 7%,Percentual de Ocorrência de Glosas no SIH - DATASUS,FUNEV,0,termo_aditivo
2024,C:\OSS-Goias\documentos\FUNEV\HEANA\2024\05_Contrato_Gestao_Aditivos\17157233426175º Aditivo Contrato de Gestão.pdf,17157233426175º Aditivo Contrato de Gestão,Total de cirurgias eletivas suspensas por motivos organizacionais em relação ao total de cirurgias agendadas,Mapas cirúrgicos,HEANA,≤ 5%,Percentual de Suspensão de Cirurgias Eletivas por Condições Operacionais,FUNEV,0,termo_aditivo
2024,C:\OSS-Goias\documentos\FUNEV\HEANA\2024\05_Contrato_Gestao_Aditivos\17157233426175º Aditivo Contrato de Gestão.pdf,17157233426175º Aditivo Contrato de Gestão,Cirurgias eletivas realizadas com tempo máximo aceitável para tratamento expirado no primeiro ano,Sistema de regulação,HEANA,< 50%,Percentual de cirurgias eletivas realizadas com TMAT expirado (1º ano),FUNEV,0,termo_aditivo
2024,C:\OSS-Goias\documentos\FUNEV\HEANA\2024\05_Contrato_Gestao_Aditivos\17157233426175º Aditivo Contrato de Gestão.pdf,17157233426175º Aditivo Contrato de Gestão,Cirurgias eletivas realizadas com tempo máximo aceitável para tratamento expirado no segundo ano,Sistema de regulação,HEANA,< 25%,Percentual de cirurgias eletivas realizadas com TMAT expirado (2º ano),FUNEV,0,termo_aditivo
2024,C:\OSS-Goias\documentos\FUNEV\HEANA\2024\05_Contrato_Gestao_Aditivos\17157233426175º Aditivo Contrato de Gestão.pdf,17157233426175º Aditivo Contrato de Gestão,Número de consultas ofertadas em relação ao número de consultas propostas nas metas da unidade por mês,SIGUS,HEANA,1,Razão do Quantitativo de Consultas Ofertadas,FUNEV,0,termo_aditivo
2024,C:\OSS-Goias\documentos\FUNEV\HEANA\2024\05_Contrato_Gestao_Aditivos\17157233426175º Aditivo Contrato de Gestão.pdf,17157233426175º Aditivo Contrato de Gestão,Proporção de exames de imagem externos com resultado liberado em até 10 dias,SIGUS,HEANA,≥ 70%,Percentual de Exames de Imagem com resultado disponibilizado em até 10 dias,FUNEV,0,termo_aditivo
2024,C:\OSS-Goias\documentos\FUNEV\HEANA\2024\05_Contrato_Gestao_Aditivos\17157233426175º Aditivo Contrato de Gestão.pdf,17157233426175º Aditivo Contrato de Gestão,Capacidade de detecção de DAEI por meio da digitação oportuna (≤ 7 dias) nos sistemas oficiais,SINAN-NET/SINAN-ONLINE/SIVEP-Gripe/e-SUS,HEANA,≥ 80%,Percentual de Casos de DAEI Digitadas Oportunamente - até 7 dias,FUNEV,0,termo_aditivo
2024,C:\OSS-Goias\documentos\FUNEV\HEANA\2024\05_Contrato_Gestao_Aditivos\17157233426175º Aditivo Contrato de Gestão.pdf,17157233426175º Aditivo Contrato de Gestão,Capacidade de detecção e investigação das DAEI investigadas oportunamente (≤ 48 horas da notificação),SINAN-NET/SINAN-ONLINE/SIVEP-Gripe/e-SUS,HEANA,≥ 80%,Percentual de Casos de DAEI Investigadas Oportunamente - até 48 horas,FUNEV,0,termo_aditivo
2024,C:\OSS-Goias\documentos\Albert Einstein\HUGO\2024\05_Contrato_Gestao_Aditivos\1o-Termo-Aditivo-ao-Termo-de-Colaboracao-no-097-2024-1.pdf,1o-Termo-Aditivo-ao-Termo-de-Colaboracao-no-097-2024-1,Relação percentual entre o número de pacientes-dia e o número de leitos-dia no período.,SIGUS,HUGO,≥90%,Taxa de Ocupação Hospitalar (TOH),Sociedade Beneficente Israelita Brasileira - Hospital Albert Einstein,0,termo_aditivo
2024,C:\OSS-Goias\documentos\Albert Einstein\HUGO\2024\05_Contrato_Gestao_Aditivos\1o-Termo-Aditivo-ao-Termo-de-Colaboracao-no-097-2024-1.pdf,1o-Termo-Aditivo-ao-Termo-de-Colaboracao-no-097-2024-1,Relação entre total de pacientes-dia e total de pacientes egressos no período.,SIGUS,HUGO,≤7 dias,Taxa Média/Tempo Médio de Permanência Hospitalar (TMP),Sociedade Beneficente Israelita Brasileira - Hospital Albert Einstein,0,termo_aditivo
2024,C:\OSS-Goias\documentos\Albert Einstein\HUGO\2024\05_Contrato_Gestao_Aditivos\1o-Termo-Aditivo-ao-Termo-de-Colaboracao-no-097-2024-1.pdf,1o-Termo-Aditivo-ao-Termo-de-Colaboracao-no-097-2024-1,Tempo médio em que um leito permanece desocupado entre saída de um paciente e admissão de outro.,SIGUS,HUGO,≤ 24,Índice de Intervalo de Substituição (horas),Sociedade Beneficente Israelita Brasileira - Hospital Albert Einstein,0,termo_aditivo
2024,C:\OSS-Goias\documentos\Albert Einstein\HUGO\2024\05_Contrato_Gestao_Aditivos\1o-Termo-Aditivo-ao-Termo-de-Colaboracao-no-097-2024-1.pdf,1o-Termo-Aditivo-ao-Termo-de-Colaboracao-no-097-2024-1,Taxa de pessoas que retornaram ao hospital em até 29 dias desde a última alta hospitalar.,SIGUS,HUGO,< 8%,Taxa de Readmissão Hospitalar pelo mesmo CID (29 dias),Sociedade Beneficente Israelita Brasileira - Hospital Albert Einstein,0,termo_aditivo
2024,C:\OSS-Goias\documentos\Albert Einstein\HUGO\2024\05_Contrato_Gestao_Aditivos\1o-Termo-Aditivo-ao-Termo-de-Colaboracao-no-097-2024-1.pdf,1o-Termo-Aditivo-ao-Termo-de-Colaboracao-no-097-2024-1,Taxa de pacientes que retornaram à UTI do mesmo hospital em até 48 horas desde a última saída da UTI.,SIGUS,HUGO,< 5%,Taxa de Readmissão em UTI (48 horas),Sociedade Beneficente Israelita Brasileira - Hospital Albert Einstein,0,termo_aditivo
2024,C:\OSS-Goias\documentos\Albert Einstein\HUGO\2024\05_Contrato_Gestao_Aditivos\1o-Termo-Aditivo-ao-Termo-de-Colaboracao-no-097-2024-1.pdf,1o-Termo-Aditivo-ao-Termo-de-Colaboracao-no-097-2024-1,"Relação de procedimentos rejeitados no SIH/SUS em relação ao total de procedimentos hospitalares apresentados, exceto por motivo de habilitação e capacidade instalada.",SIH/SUS - DATASUS,HUGO,≤ 7%,Percentual de Ocorrência de Glosas no SIH - DATASUS,Sociedade Beneficente Israelita Brasileira - Hospital Albert Einstein,0,termo_aditivo
2024,C:\OSS-Goias\documentos\Albert Einstein\HUGO\2024\05_Contrato_Gestao_Aditivos\1o-Termo-Aditivo-ao-Termo-de-Colaboracao-no-097-2024-1.pdf,1o-Termo-Aditivo-ao-Termo-de-Colaboracao-no-097-2024-1,Total de cirurgias eletivas suspensas por motivos relacionados à organização da unidade em relação ao total de cirurgias agendadas.,Mapas cirúrgicos,HUGO,≤ 5%,Percentual de Suspensão de Cirurgias Eletivas por Condições Operacionais,Sociedade Beneficente Israelita Brasileira - Hospital Albert Einstein,0,termo_aditivo
2024,C:\OSS-Goias\documentos\Albert Einstein\HUGO\2024\05_Contrato_Gestao_Aditivos\1o-Termo-Aditivo-ao-Termo-de-Colaboracao-no-097-2024-1.pdf,1o-Termo-Aditivo-ao-Termo-de-Colaboracao-no-097-2024-1,Indicador que sinaliza se as cirurgias eletivas realizadas respeitam tempo de espera máximo clinicamente aceitável (SWALIS) - primeiro ano.,Sistema de regulação estadual,HUGO,< 50%,Percentual de cirurgias eletivas realizadas com TMAT expirado - 1º ano,Sociedade Beneficente Israelita Brasileira - Hospital Albert Einstein,0,termo_aditivo
2024,C:\OSS-Goias\documentos\Albert Einstein\HUGO\2024\05_Contrato_Gestao_Aditivos\1o-Termo-Aditivo-ao-Termo-de-Colaboracao-no-097-2024-1.pdf,1o-Termo-Aditivo-ao-Termo-de-Colaboracao-no-097-2024-1,Indicador que sinaliza se as cirurgias eletivas realizadas respeitam tempo de espera máximo clinicamente aceitável (SWALIS) - segundo ano.,Sistema de regulação estadual,HUGO,< 25%,Percentual de cirurgias eletivas realizadas com TMAT expirado - 2º ano,Sociedade Beneficente Israelita Brasileira - Hospital Albert Einstein,0,termo_aditivo
2024,C:\OSS-Goias\documentos\Albert Einstein\HUGO\2024\05_Contrato_Gestao_Aditivos\1o-Termo-Aditivo-ao-Termo-de-Colaboracao-no-097-2024-1.pdf,1o-Termo-Aditivo-ao-Termo-de-Colaboracao-no-097-2024-1,Proporção de exames de imagem externos com resultado liberado em até 10 dias.,Sistema de Gestão Hospitalar,HUGO,≥ 70%,Percentual de Exames de Imagem com resultado disponibilizado em até 10 dias,Sociedade Beneficente Israelita Brasileira - Hospital Albert Einstein,0,termo_aditivo
2024,C:\OSS-Goias\documentos\Albert Einstein\HUGO\2024\05_Contrato_Gestao_Aditivos\1o-Termo-Aditivo-ao-Termo-de-Colaboracao-no-097-2024-1.pdf,1o-Termo-Aditivo-ao-Termo-de-Colaboracao-no-097-2024-1,Avaliar capacidade de detecção de DAEI nas unidades de saúde por meio da digitação oportuna das notificações em até 7 dias.,SINAN-NET/SINAN-ONLINE/SIVEP-Gripe/e-SUS,HUGO,≥ 80%,Percentual de Casos de DAEI Digitadas Oportunamente (até 7 dias),Sociedade Beneficente Israelita Brasileira - Hospital Albert Einstein,0,termo_aditivo
2024,C:\OSS-Goias\documentos\Albert Einstein\HUGO\2024\05_Contrato_Gestao_Aditivos\1o-Termo-Aditivo-ao-Termo-de-Colaboracao-no-097-2024-1.pdf,1o-Termo-Aditivo-ao-Termo-de-Colaboracao-no-097-2024-1,Avaliar capacidade de detecção e investigação das DAEI investigadas oportunamente em até 48 horas da data de notificação.,SINAN-NET/SINAN-ONLINE/SIVEP-Gripe/e-SUS,HUGO,≥ 80%,Percentual de Casos de DAEI Investigadas Oportunamente (até 48 horas),Sociedade Beneficente Israelita Brasileira - Hospital Albert Einstein,0,termo_aditivo
2024,C:\OSS-Goias\documentos\Albert Einstein\HUGO\2024\05_Contrato_Gestao_Aditivos\1o-Termo-Aditivo-ao-Termo-de-Colaboracao-no-097-2024-1.pdf,1o-Termo-Aditivo-ao-Termo-de-Colaboracao-no-097-2024-1,Permite a redução da perda de medicamentos por vencimento pelas unidades de saúde.,Sistema de gestão de estoque farmacêutico,HUGO,≤ 1%,Percentual de perda financeira por vencimento de medicamentos,Sociedade Beneficente Israelita Brasileira - Hospital Albert Einstein,0,termo_aditivo
2024,C:\OSS-Goias\documentos\Albert Einstein\HUGO\2024\05_Contrato_Gestao_Aditivos\1o-Termo-Aditivo-ao-Termo-de-Colaboracao-no-097-2024-1.pdf,1o-Termo-Aditivo-ao-Termo-de-Colaboracao-no-097-2024-1,Monitorar a exatidão do estoque de medicamentos hospitalar geridos pela Farmácia.,Sistema de gestão de estoque farmacêutico,HUGO,≥ 95%,Taxa de acurácia do estoque,Sociedade Beneficente Israelita Brasileira - Hospital Albert Einstein,0,termo_aditivo
2024,C:\OSS-Goias\documentos\Albert Einstein\HUGO\2024\05_Contrato_Gestao_Aditivos\1o-Termo-Aditivo-ao-Termo-de-Colaboracao-no-097-2024-1.pdf,1o-Termo-Aditivo-ao-Termo-de-Colaboracao-no-097-2024-1,Avaliar o desempenho do serviço de farmácia clínica e a importância desse serviço para a segurança do paciente.,Sistema de gestão hospitalar,HUGO,≥ 85%,Taxa de aceitabilidade das intervenções farmacêuticas,Sociedade Beneficente Israelita Brasileira - Hospital Albert Einstein,0,termo_aditivo
2024,C:\OSS-Goias\documentos\ISG\HDT\2024\05_Contrato_Gestao_Aditivos\Relatorio-Resumido-da-Execucao-Orcamentaria-e-Financeira-por-Contrato-de-Gestao-Dezembro-2024-Excel.xlsx,Relatorio-Resumido-da-Execucao-Orcamentaria-e-Financeira-por-Contrato-de-Gestao-Dezembro-2024-Excel,Glosa por não cumprimento de metas contratuais aplicada conforme Relatório COMACG nº 37/2023,Relatório COMACG nº 37/2023 - COMACG/GMAE-CG/SUPECC/SES/GO,HDT,,Cumprimento de Metas Contratuais,ISG,0,outro
2024,C:\OSS-Goias\documentos\ISG\HDT\2024\05_Contrato_Gestao_Aditivos\Relatorio-Resumido-da-Execucao-Orcamentaria-e-Financeira-por-Contrato-de-Gestao-Dezembro-2024.pdf,Relatorio-Resumido-da-Execucao-Orcamentaria-e-Financeira-por-Contrato-de-Gestao-Dezembro-2024,Glosa por não cumprimento de metas contratuais aplicada referente ao período de 25/12/2022 a 24/06/2023 (15º Termo Aditivo),Relatório COMACG nº 37/2023 - COMACG/GMAE-CG/SUPECC/SES/GO,HDT,,Cumprimento de Metas Contratuais,ISG,0,outro
2024,C:\OSS-Goias\documentos\IMED\PFRE\2024\05_Contrato_Gestao_Aditivos\SEI_GOVERNADORIA-62338875-Termo-de-Colaboracao.pdf,SEI_GOVERNADORIA-62338875-Termo-de-Colaboracao,Nº de consultas ofertadas em relação ao número de consultas propostas nas metas da unidade de policlínica por um dado período (mês).,SIGUS/Sistema informatizado de gestão,PFRE,100%,Razão do Quantitativo de Consultas Ofertadas,IMED,0,contrato_gestao_inicial
2024,C:\OSS-Goias\documentos\IMED\PFRE\2024\05_Contrato_Gestao_Aditivos\SEI_GOVERNADORIA-62338875-Termo-de-Colaboracao.pdf,SEI_GOVERNADORIA-62338875-Termo-de-Colaboracao,Nº de SADT ofertado em relação ao número de exames propostos nas metas da unidade de policlínica por um dado período (mês).,SIGUS/Sistema informatizado de gestão,PFRE,100%,Razão do Quantitativo de exames (SADT) Ofertados,IMED,0,contrato_gestao_inicial
2024,C:\OSS-Goias\documentos\IMED\PFRE\2024\05_Contrato_Gestao_Aditivos\SEI_GOVERNADORIA-62338875-Termo-de-Colaboracao.pdf,SEI_GOVERNADORIA-62338875-Termo-de-Colaboracao,Proporção de exames de imagem com resultado liberado em até 72 horas (tempo entre a realização do exame de imagem e a liberação do resultado).,SIGUS/Sistema informatizado de gestão,PFRE,≥ 70%,Percentual de Exames de Imagem com resultado liberado em até 72 horas,IMED,0,contrato_gestao_inicial
2024,C:\OSS-Goias\documentos\IMED\PFRE\2024\05_Contrato_Gestao_Aditivos\SEI_GOVERNADORIA-62338875-Termo-de-Colaboracao.pdf,SEI_GOVERNADORIA-62338875-Termo-de-Colaboracao,Monitorar a exatidão do estoque de medicamentos hospitalar geridos pela Farmácia.,SIGUS/Sistema informatizado de gestão,PFRE,≥ 99%,Taxa de acuracidade de estoque dos medicamentos do Componente Especializado da Assistência Farmacêutica,IMED,0,contrato_gestao_inicial
2024,C:\OSS-Goias\documentos\IMED\PFRE\2024\05_Contrato_Gestao_Aditivos\SEI_GOVERNADORIA-62338875-Termo-de-Colaboracao.pdf,SEI_GOVERNADORIA-62338875-Termo-de-Colaboracao,Proporção de consultas farmacêuticas realizadas para os pacientes do CEAF em relação ao número de processos atendidos.,SIGUS/Sistema informatizado de gestão,PFRE,≥ 5%,Percentual de consultas farmacêuticas em relação ao número de processos do CEAF atendidos no mês,IMED,0,contrato_gestao_inicial
2024,C:\OSS-Goias\documentos\IMED\PFRE\2024\05_Contrato_Gestao_Aditivos\SEI_GOVERNADORIA-62338875-Termo-de-Colaboracao.pdf,SEI_GOVERNADORIA-62338875-Termo-de-Colaboracao,Monitorar a perda de medicamentos por expiração do prazo de validade.,SIGUS/Sistema informatizado de gestão,PFRE,"< 0,5%",Taxa de perda financeira por vencimento,IMED,0,contrato_gestao_inicial
2024,C:\OSS-Goias\documentos\Albert Einstein\HUGO\2024\05_Contrato_Gestao_Aditivos\Termo-de-Colaboracao-no-97.2024-SES-V.pdf,Termo-de-Colaboracao-no-97.2024-SES-V,Relação percentual entre o número de pacientes-dia e o número de leitos-dia no período,SIGUS/Sistema de Gestão Hospitalar,HUGO,≥85%,Taxa de Ocupação Hospitalar (TOH),Hospital Albert Einstein (Sociedade Beneficente Israelita Brasileira),0,contrato_gestao_inicial
2024,C:\OSS-Goias\documentos\Albert Einstein\HUGO\2024\05_Contrato_Gestao_Aditivos\Termo-de-Colaboracao-no-97.2024-SES-V.pdf,Termo-de-Colaboracao-no-97.2024-SES-V,Relação entre total de pacientes-dia e total de saídas no período,SIGUS/Sistema de Gestão Hospitalar,HUGO,≤7 dias,Taxa Média/Tempo Médio de Permanência Hospitalar (TMP),Hospital Albert Einstein (Sociedade Beneficente Israelita Brasileira),0,contrato_gestao_inicial
2024,C:\OSS-Goias\documentos\Albert Einstein\HUGO\2024\05_Contrato_Gestao_Aditivos\Termo-de-Colaboracao-no-97.2024-SES-V.pdf,Termo-de-Colaboracao-no-97.2024-SES-V,Tempo médio em que um leito permanece desocupado entre saída de um paciente e admissão de outro,SIGUS/Sistema de Gestão Hospitalar,HUGO,≤24,Índice de Intervalo de Substituição (horas),Hospital Albert Einstein (Sociedade Beneficente Israelita Brasileira),0,contrato_gestao_inicial
2024,C:\OSS-Goias\documentos\Albert Einstein\HUGO\2024\05_Contrato_Gestao_Aditivos\Termo-de-Colaboracao-no-97.2024-SES-V.pdf,Termo-de-Colaboracao-no-97.2024-SES-V,Taxa de pessoas que retornaram ao hospital em até 29 dias desde a última saída,SIGUS/Sistema de Gestão Hospitalar,HUGO,<8%,Taxa de Readmissão Hospitalar pelo mesmo CID (29 dias),Hospital Albert Einstein (Sociedade Beneficente Israelita Brasileira),0,contrato_gestao_inicial
2024,C:\OSS-Goias\documentos\Albert Einstein\HUGO\2024\05_Contrato_Gestao_Aditivos\Termo-de-Colaboracao-no-97.2024-SES-V.pdf,Termo-de-Colaboracao-no-97.2024-SES-V,Taxa de pacientes que retornaram à UTI em até 48 horas desde a última saída da UTI,SIGUS/Sistema de Gestão Hospitalar,HUGO,<5%,Taxa de Readmissão em UTI (48 horas),Hospital Albert Einstein (Sociedade Beneficente Israelita Brasileira),0,contrato_gestao_inicial
2024,C:\OSS-Goias\documentos\Albert Einstein\HUGO\2024\05_Contrato_Gestao_Aditivos\Termo-de-Colaboracao-no-97.2024-SES-V.pdf,Termo-de-Colaboracao-no-97.2024-SES-V,Relação de procedimentos rejeitados no SIH/SUS em relação ao total de procedimentos apresentados (exceto por motivo de habilitação e capacidade instalada),SIH/DATASUS,HUGO,≤7%,Percentual de Ocorrência de Glosas no SIH - DATASUS,Hospital Albert Einstein (Sociedade Beneficente Israelita Brasileira),0,contrato_gestao_inicial
2024,C:\OSS-Goias\documentos\Albert Einstein\HUGO\2024\05_Contrato_Gestao_Aditivos\Termo-de-Colaboracao-no-97.2024-SES-V.pdf,Termo-de-Colaboracao-no-97.2024-SES-V,Total de cirurgias eletivas suspensas por motivos organizacionais em relação ao total de cirurgias agendadas,Mapas cirúrgicos/SIGUS,HUGO,≤5%,Percentual de Suspensão de Cirurgias Eletivas por Condições Operacionais,Hospital Albert Einstein (Sociedade Beneficente Israelita Brasileira),0,contrato_gestao_inicial
2024,C:\OSS-Goias\documentos\Albert Einstein\HUGO\2024\05_Contrato_Gestao_Aditivos\Termo-de-Colaboracao-no-97.2024-SES-V.pdf,Termo-de-Colaboracao-no-97.2024-SES-V,Cirurgias eletivas realizadas na unidade com tempo máximo aceitável para tratamento expirado - primeiro ano,Sistema de regulação estadual,HUGO,<50%,Percentual de cirurgias eletivas realizadas com TMAT expirado (1º ano),Hospital Albert Einstein (Sociedade Beneficente Israelita Brasileira),0,contrato_gestao_inicial
2024,C:\OSS-Goias\documentos\Albert Einstein\HUGO\2024\05_Contrato_Gestao_Aditivos\Termo-de-Colaboracao-no-97.2024-SES-V.pdf,Termo-de-Colaboracao-no-97.2024-SES-V,Cirurgias eletivas realizadas na unidade com tempo máximo aceitável para tratamento expirado - segundo ano,Sistema de regulação estadual,HUGO,<25%,Percentual de cirurgias eletivas realizadas com TMAT expirado (2º ano),Hospital Albert Einstein (Sociedade Beneficente Israelita Brasileira),0,contrato_gestao_inicial
2024,C:\OSS-Goias\documentos\Albert Einstein\HUGO\2024\05_Contrato_Gestao_Aditivos\Termo-de-Colaboracao-no-97.2024-SES-V.pdf,Termo-de-Colaboracao-no-97.2024-SES-V,Número de consultas ofertadas em relação ao número de consultas propostas nas metas da unidade por mês,Sistema de regulação estadual,HUGO,1,Razão do Quantitativo de Consultas Ofertadas,Hospital Albert Einstein (Sociedade Beneficente Israelita Brasileira),0,contrato_gestao_inicial
2024,C:\OSS-Goias\documentos\Albert Einstein\HUGO\2024\05_Contrato_Gestao_Aditivos\Termo-de-Colaboracao-no-97.2024-SES-V.pdf,Termo-de-Colaboracao-no-97.2024-SES-V,Proporção de exames de imagem externos com resultado liberado em até 10 dias,Sistema de Gestão Hospitalar,HUGO,≥70%,Percentual de Exames de Imagem com resultado entregue em até 10 dias,Hospital Albert Einstein (Sociedade Beneficente Israelita Brasileira),0,contrato_gestao_inicial
2024,C:\OSS-Goias\documentos\Albert Einstein\HUGO\2024\05_Contrato_Gestao_Aditivos\Termo-de-Colaboracao-no-97.2024-SES-V.pdf,Termo-de-Colaboracao-no-97.2024-SES-V,Capacidade de detecção de DAEI por meio da digitação oportuna (≤7 dias) nos sistemas de informações oficiais,SINAN-NET/SINAN-ONLINE/SIVEP-Gripe/e-SUS,HUGO,≥80%,Percentual de Casos de DAEI Digitados Oportunamente - até 7 dias,Hospital Albert Einstein (Sociedade Beneficente Israelita Brasileira),0,contrato_gestao_inicial
2024,C:\OSS-Goias\documentos\Albert Einstein\HUGO\2024\05_Contrato_Gestao_Aditivos\Termo-de-Colaboracao-no-97.2024-SES-V.pdf,Termo-de-Colaboracao-no-97.2024-SES-V,Capacidade de detecção e investigação das DAEI oportunamente (≤48 horas da notificação),SINAN-NET/SINAN-ONLINE/SIVEP-Gripe/e-SUS,HUGO,≥80%,Percentual de Casos de DAEI Investigados Oportunamente - até 48 horas,Hospital Albert Einstein (Sociedade Beneficente Israelita Brasileira),0,contrato_gestao_inicial
2025,C:\OSS-Goias\documentos\IDTech\HGG\2025\05_Contrato_Gestao_Aditivos\17. Compêtencias previstas no Contrato de Gestão - 17º Termo Aditivo - VIGENTE.pdf,17. Compêtencias previstas no Contrato de Gestão - 17º Termo Aditivo - VIGENTE,Nº de doadores efetivos de órgãos / nº de notificações de morte encefálica,SIGUS,HGG,,Percentual de efetivação da doação de órgãos,IDTECH,0,termo_aditivo
2025,C:\OSS-Goias\documentos\IDTech\HGG\2025\05_Contrato_Gestao_Aditivos\17. Compêtencias previstas no Contrato de Gestão - 17º Termo Aditivo - VIGENTE.pdf,17. Compêtencias previstas no Contrato de Gestão - 17º Termo Aditivo - VIGENTE,Nº de recusas familiares para doação de órgãos em morte encefálica / nº de entrevistas familiares realizadas para doação de órgãos,SIGUS,HGG,,Percentual de recusa familiar para doação de órgãos em morte encefálica,IDTECH,0,termo_aditivo
2025,C:\OSS-Goias\documentos\IDTech\HGG\2025\05_Contrato_Gestao_Aditivos\17. Compêtencias previstas no Contrato de Gestão - 17º Termo Aditivo - VIGENTE.pdf,17. Compêtencias previstas no Contrato de Gestão - 17º Termo Aditivo - VIGENTE,Nº de recusas familiares para doação de tecido ocular em óbitos por PCR / nº de entrevistas familiares para doação de tecido ocular em óbitos por PCR,SIGUS,HGG,,Percentual de recusa familiar para doação de tecido ocular em óbitos por parada cardiorrespiratória (PCR),IDTECH,0,termo_aditivo
2025,C:\OSS-Goias\documentos\IDTech\HGG\2025\05_Contrato_Gestao_Aditivos\17. Compêtencias previstas no Contrato de Gestão - 17º Termo Aditivo - VIGENTE.pdf,17. Compêtencias previstas no Contrato de Gestão - 17º Termo Aditivo - VIGENTE,Nº de notificações de potenciais doadores de tecido ocular em óbitos por PCR / nº total de óbitos de potenciais doadores de tecido ocular por PCR,SIGUS,HGG,,Percentual de notificação de potenciais doadores de tecido ocular em óbitos por PCR,IDTECH,0,termo_aditivo
2025,C:\OSS-Goias\documentos\FUNEV\HEANA\2025\05_Contrato_Gestao_Aditivos\1758281865375-ilovepdf_merged.pdf,1758281865375-ilovepdf_merged,Relação percentual entre o número de pacientes-dia e o número de leitos-dia no período,SIGUS,HEANA,≥ 90%,Taxa de Ocupação Hospitalar (TOH),FUNEV,0,termo_aditivo
2025,C:\OSS-Goias\documentos\FUNEV\HEANA\2025\05_Contrato_Gestao_Aditivos\1758281865375-ilovepdf_merged.pdf,1758281865375-ilovepdf_merged,Relação entre total de pacientes-dia e total de pacientes egressos no período,SIGUS,HEANA,≤ 7 dias,Taxa Média/Tempo Médio de Permanência Hospitalar (TMP),FUNEV,0,termo_aditivo
2025,C:\OSS-Goias\documentos\FUNEV\HEANA\2025\05_Contrato_Gestao_Aditivos\1758281865375-ilovepdf_merged.pdf,1758281865375-ilovepdf_merged,Tempo médio em que um leito permanece desocupado entre a saída de um paciente e admissão de outro,SIGUS,HEANA,≤ 19 horas,Índice de Intervalo de Substituição (horas),FUNEV,0,termo_aditivo
2025,C:\OSS-Goias\documentos\FUNEV\HEANA\2025\05_Contrato_Gestao_Aditivos\1758281865375-ilovepdf_merged.pdf,1758281865375-ilovepdf_merged,Taxa de pacientes que retornaram ao hospital em até 29 dias desde a última alta,SIGUS,HEANA,< 8%,Taxa de Readmissão Hospitalar (29 dias),FUNEV,0,termo_aditivo
2025,C:\OSS-Goias\documentos\FUNEV\HEANA\2025\05_Contrato_Gestao_Aditivos\1758281865375-ilovepdf_merged.pdf,1758281865375-ilovepdf_merged,Taxa de pacientes que retornaram à UTI em até 48 horas desde a última saída,SIGUS,HEANA,< 5%,Taxa de Readmissão em UTI (48 horas),FUNEV,0,termo_aditivo
2025,C:\OSS-Goias\documentos\FUNEV\HEANA\2025\05_Contrato_Gestao_Aditivos\1758281865375-ilovepdf_merged.pdf,1758281865375-ilovepdf_merged,"Relação de procedimentos rejeitados no SIH/SUS em relação ao total apresentado, exceto por motivo de habilitação e capacidade instalada",SIH/DATASUS,HEANA,≤ 7%,Percentual de Ocorrência de Glosas no SIH - DATASUS,FUNEV,0,termo_aditivo
2025,C:\OSS-Goias\documentos\FUNEV\HEANA\2025\05_Contrato_Gestao_Aditivos\1758281865375-ilovepdf_merged.pdf,1758281865375-ilovepdf_merged,Total de cirurgias eletivas suspensas por motivos organizacionais em relação ao total agendado,Mapas cirúrgicos,HEANA,≤ 5%,Percentual de Suspensão de Cirurgias Eletivas por Condições Operacionais,FUNEV,0,termo_aditivo
2025,C:\OSS-Goias\documentos\FUNEV\HEANA\2025\05_Contrato_Gestao_Aditivos\1758281865375-ilovepdf_merged.pdf,1758281865375-ilovepdf_merged,Cirurgias eletivas realizadas com tempo máximo aceitável para tratamento expirado - primeiro ano,Sistema de regulação estadual,HEANA,< 25%,Percentual de cirurgias eletivas realizadas com TMAT expirado (1º ano),FUNEV,0,termo_aditivo
2025,C:\OSS-Goias\documentos\FUNEV\HEANA\2025\05_Contrato_Gestao_Aditivos\1758281865375-ilovepdf_merged.pdf,1758281865375-ilovepdf_merged,"Cirurgias eletivas realizadas com TMAT expirado - segundo ano, com retirada da eletiva hospitalar",Sistema de regulação estadual,HEANA,< 10%,Percentual de cirurgias eletivas realizadas com TMAT expirado (2º ano),FUNEV,0,termo_aditivo
2025,C:\OSS-Goias\documentos\FUNEV\HEANA\2025\05_Contrato_Gestao_Aditivos\1758281865375-ilovepdf_merged.pdf,1758281865375-ilovepdf_merged,Proporção de exames de imagem com resultado liberado em até 72 horas,SIGUS,HEANA,≥ 70%,Percentual de Exames de Imagem com resultado disponibilizado em até 72 horas,FUNEV,0,termo_aditivo
2025,C:\OSS-Goias\documentos\FUNEV\HEANA\2025\05_Contrato_Gestao_Aditivos\1758281865375-ilovepdf_merged.pdf,1758281865375-ilovepdf_merged,Casos de doenças/agravos/eventos de notificação compulsória imediata digitados em até 7 dias,SINAN-NET/SINAN-ONLINE/SIVEP-Gripe/e-SUS,HEANA,≥ 80%,Percentual de Casos de DAEI Digitadas Oportunamente,FUNEV,0,termo_aditivo
2025,C:\OSS-Goias\documentos\FUNEV\HEANA\2025\05_Contrato_Gestao_Aditivos\1758281865375-ilovepdf_merged.pdf,1758281865375-ilovepdf_merged,Casos de DAEI investigados em até 48 horas da data da notificação,SINAN-NET/SINAN-ONLINE/SIVEP-Gripe/e-SUS,HEANA,≥ 80%,Percentual de Casos de DAEI Investigados Oportunamente,FUNEV,0,termo_aditivo
2025,C:\OSS-Goias\documentos\FUNEV\HEANA\2025\05_Contrato_Gestao_Aditivos\1758281865375-ilovepdf_merged.pdf,1758281865375-ilovepdf_merged,Valor financeiro da perda de medicamentos por validade expirada dividido pelo valor total do estoque,Sistema de gestão de custos,HEANA,≤ 1%,Taxa de perda financeira por vencimento de medicamentos,FUNEV,0,termo_aditivo
2025,C:\OSS-Goias\documentos\FUNEV\HEANA\2025\05_Contrato_Gestao_Aditivos\1758281865375-ilovepdf_merged.pdf,1758281865375-ilovepdf_merged,Quantitativo de itens de medicamentos em conformidade no estoque comparado ao total de itens,Sistema de gestão de custos,HEANA,≥ 95%,Taxa de acuracidade do estoque,FUNEV,0,termo_aditivo
2025,C:\OSS-Goias\documentos\FUNEV\HEANA\2025\05_Contrato_Gestao_Aditivos\1758281865375-ilovepdf_merged.pdf,1758281865375-ilovepdf_merged,Número de intervenções farmacêuticas aceitas sobre o total de intervenções registradas que requerem aceitação,Prontuário eletrônico,HEANA,≥ 85%,Taxa de aceitabilidade das intervenções farmacêuticas,FUNEV,0,termo_aditivo
2025,C:\OSS-Goias\documentos\IPGSE\HERSO\2025\05_Contrato_Gestao_Aditivos\1o-termo-aditivo-herso-07-07-2025-f1307269b9.pdf,1o-termo-aditivo-herso-07-07-2025-f1307269b9,"Relação percentual entre o número de pacientes-dia, em determinado período, e o número de leitos-dia no mesmo período.",SIGUS,HERSO,≥90%,Taxa de Ocupação Hospitalar (TOH),IPGSE,0,termo_aditivo
2025,C:\OSS-Goias\documentos\IPGSE\HERSO\2025\05_Contrato_Gestao_Aditivos\1o-termo-aditivo-herso-07-07-2025-f1307269b9.pdf,1o-termo-aditivo-herso-07-07-2025-f1307269b9,Relação entre o total de pacientes-dia no período e o total de pacientes egressos do hospital.,SIGUS,HERSO,≤ 5 dias,Taxa Média/Tempo Médio de Permanência Hospitalar (TMP),IPGSE,0,termo_aditivo
2025,C:\OSS-Goias\documentos\IPGSE\HERSO\2025\05_Contrato_Gestao_Aditivos\1o-termo-aditivo-herso-07-07-2025-f1307269b9.pdf,1o-termo-aditivo-herso-07-07-2025-f1307269b9,Tempo médio em que um leito permanece desocupado entre a saída de um paciente e a admissão de outro.,SIGUS,HERSO,≤ 21,Índice de Intervalo de Substituição (horas),IPGSE,0,termo_aditivo
2025,C:\OSS-Goias\documentos\IPGSE\HERSO\2025\05_Contrato_Gestao_Aditivos\1o-termo-aditivo-herso-07-07-2025-f1307269b9.pdf,1o-termo-aditivo-herso-07-07-2025-f1307269b9,Taxa de pessoas que retornaram ao hospital em até 29 dias desde a última alta hospitalar.,SIGUS,HERSO,< 8%,Taxa de Readmissão Hospitalar pelo mesmo CID (29 dias),IPGSE,0,termo_aditivo
2025,C:\OSS-Goias\documentos\IPGSE\HERSO\2025\05_Contrato_Gestao_Aditivos\1o-termo-aditivo-herso-07-07-2025-f1307269b9.pdf,1o-termo-aditivo-herso-07-07-2025-f1307269b9,Taxa de pacientes que retornaram à UTI do mesmo hospital em até 48 horas desde a última saída da UTI.,SIGUS,HERSO,< 5%,Taxa de Readmissão em UTI (48 horas),IPGSE,0,termo_aditivo
2025,C:\OSS-Goias\documentos\IPGSE\HERSO\2025\05_Contrato_Gestao_Aditivos\1o-termo-aditivo-herso-07-07-2025-f1307269b9.pdf,1o-termo-aditivo-herso-07-07-2025-f1307269b9,"Relação de procedimentos rejeitados no SIH em relação ao total de procedimentos apresentados, exceto por motivo de habilitação e capacidade instalada.",SIH/DATASUS,HERSO,≤ 7%,Percentual de Ocorrência de Glosas no SIH - DATASUS,IPGSE,0,termo_aditivo
2025,C:\OSS-Goias\documentos\IPGSE\HERSO\2025\05_Contrato_Gestao_Aditivos\1o-termo-aditivo-herso-07-07-2025-f1307269b9.pdf,1o-termo-aditivo-herso-07-07-2025-f1307269b9,Total de cirurgias eletivas suspensas por motivos relacionados à organização da Unidade em relação ao total de cirurgias agendadas.,Mapas cirúrgicos,HERSO,≤ 5%,Percentual de Suspensão de Cirurgias Eletivas por Condições Operacionais,IPGSE,0,termo_aditivo
2025,C:\OSS-Goias\documentos\IPGSE\HERSO\2025\05_Contrato_Gestao_Aditivos\1o-termo-aditivo-herso-07-07-2025-f1307269b9.pdf,1o-termo-aditivo-herso-07-07-2025-f1307269b9,Indicador que sinaliza se as cirurgias eletivas realizadas estão tendendo a respeitar o tempo de espera máximo clinicamente aceitável - primeiro ano.,Sistema de regulação,HERSO,< 50%,Percentual de cirurgias eletivas realizadas com TMAT expirado (1º ano),IPGSE,0,termo_aditivo
2025,C:\OSS-Goias\documentos\IPGSE\HERSO\2025\05_Contrato_Gestao_Aditivos\1o-termo-aditivo-herso-07-07-2025-f1307269b9.pdf,1o-termo-aditivo-herso-07-07-2025-f1307269b9,Indicador que sinaliza se as cirurgias eletivas realizadas estão tendendo a respeitar o tempo de espera máximo clinicamente aceitável - segundo ano.,Sistema de regulação,HERSO,< 25%,Percentual de cirurgias eletivas realizadas com TMAT expirado (2º ano),IPGSE,0,termo_aditivo
2025,C:\OSS-Goias\documentos\IPGSE\HERSO\2025\05_Contrato_Gestao_Aditivos\1o-termo-aditivo-herso-07-07-2025-f1307269b9.pdf,1o-termo-aditivo-herso-07-07-2025-f1307269b9,Proporção de exames de imagem externos com resultado liberado em até 10 dias.,Sistema de gestão hospitalar,HERSO,≥ 70%,Percentual de Exames de Imagem com resultado entregue em até 10 dias,IPGSE,0,termo_aditivo
2025,C:\OSS-Goias\documentos\IPGSE\HERSO\2025\05_Contrato_Gestao_Aditivos\1o-termo-aditivo-herso-07-07-2025-f1307269b9.pdf,1o-termo-aditivo-herso-07-07-2025-f1307269b9,Avaliar a capacidade de detecção de DAEI nas unidades de saúde por meio da digitação oportuna nos sistemas de informações oficiais.,SINAN-NET/SINAN-ONLINE/SIVEP-Gripe/e-SUS,HERSO,≥ 80%,Percentual de Casos de DAEI Digitadas Oportunamente - até 7 dias,IPGSE,0,termo_aditivo
2025,C:\OSS-Goias\documentos\IPGSE\HERSO\2025\05_Contrato_Gestao_Aditivos\1o-termo-aditivo-herso-07-07-2025-f1307269b9.pdf,1o-termo-aditivo-herso-07-07-2025-f1307269b9,Avaliar a capacidade de detecção e investigação das DAEI por meio da investigação oportuna nos sistemas de informações oficiais.,SINAN-NET/SINAN-ONLINE/SIVEP-Gripe/e-SUS,HERSO,≥ 80%,Percentual de Casos de DAEI Investigadas Oportunamente - até 48 horas,IPGSE,0,termo_aditivo
2025,C:\OSS-Goias\documentos\IPGSE\HERSO\2025\05_Contrato_Gestao_Aditivos\1o-termo-aditivo-herso-07-07-2025-f1307269b9.pdf,1o-termo-aditivo-herso-07-07-2025-f1307269b9,Redução da perda de medicamentos por vencimento a partir do aprimoramento de ferramentas e processos de trabalho.,Sistema de gestão de estoque,HERSO,≤ 1%,Percentual de perda de medicamentos por prazo de validade expirado,IPGSE,0,termo_aditivo
2025,C:\OSS-Goias\documentos\IPGSE\HERSO\2025\05_Contrato_Gestao_Aditivos\1o-termo-aditivo-herso-07-07-2025-f1307269b9.pdf,1o-termo-aditivo-herso-07-07-2025-f1307269b9,Monitorar a exatidão do estoque de medicamentos hospitalar geridos pela Farmácia.,Sistema de gestão de estoque,HERSO,≥ 95%,Taxa de acurácia do estoque,IPGSE,0,termo_aditivo
2025,C:\OSS-Goias\documentos\IPGSE\HERSO\2025\05_Contrato_Gestao_Aditivos\1o-termo-aditivo-herso-07-07-2025-f1307269b9.pdf,1o-termo-aditivo-herso-07-07-2025-f1307269b9,Avaliar o desempenho do serviço de farmácia clínica e a importância para a segurança do paciente.,Registros de farmácia clínica,HERSO,≥ 85%,Taxa de aceitabilidade das intervenções farmacêuticas,IPGSE,0,termo_aditivo
2025,C:\OSS-Goias\documentos\Hospital de Amor\CORA\2025\05_Contrato_Gestao_Aditivos\3o_apostilamento_ao_termo_de_colaboracao_n_032022_sesgo.pdf,3o_apostilamento_ao_termo_de_colaboracao_n_032022_sesgo,,,CORA,≥ 85%,Taxa de Ocupação Hospitalar,Fundação Pio XII,0,termo_apostilamento
2025,C:\OSS-Goias\documentos\Hospital de Amor\CORA\2025\05_Contrato_Gestao_Aditivos\3o_apostilamento_ao_termo_de_colaboracao_n_032022_sesgo.pdf,3o_apostilamento_ao_termo_de_colaboracao_n_032022_sesgo,,,CORA,≤ 10 dias,Taxa Média de Permanência Hospitalar,Fundação Pio XII,0,termo_apostilamento
2025,C:\OSS-Goias\documentos\Hospital de Amor\CORA\2025\05_Contrato_Gestao_Aditivos\3o_apostilamento_ao_termo_de_colaboracao_n_032022_sesgo.pdf,3o_apostilamento_ao_termo_de_colaboracao_n_032022_sesgo,Indicador corrigido - anteriormente constava como 'Média de tempo de disponibilização de leito após alta',,CORA,≤ 40 horas,Índice de Intervalo de Substituição (horas),Fundação Pio XII,0,termo_apostilamento
2025,C:\OSS-Goias\documentos\Hospital de Amor\CORA\2025\05_Contrato_Gestao_Aditivos\3o_apostilamento_ao_termo_de_colaboracao_n_032022_sesgo.pdf,3o_apostilamento_ao_termo_de_colaboracao_n_032022_sesgo,,,CORA,≤ 20%,Taxa de Readmissão Hospitalar,Fundação Pio XII,0,termo_apostilamento
2025,C:\OSS-Goias\documentos\Hospital de Amor\CORA\2025\05_Contrato_Gestao_Aditivos\3o_apostilamento_ao_termo_de_colaboracao_n_032022_sesgo.pdf,3o_apostilamento_ao_termo_de_colaboracao_n_032022_sesgo,,,CORA,≤ 5%,Taxa de Readmissão em UTI,Fundação Pio XII,0,termo_apostilamento
2025,C:\OSS-Goias\documentos\Hospital de Amor\CORA\2025\05_Contrato_Gestao_Aditivos\3o_apostilamento_ao_termo_de_colaboracao_n_032022_sesgo.pdf,3o_apostilamento_ao_termo_de_colaboracao_n_032022_sesgo,,SIH - DATASUS,CORA,≤ 7%,Percentual de Ocorrência de Glosas no SIH - DATASUS (exceto por motivo de habilitação e capacidade instalada),Fundação Pio XII,0,termo_apostilamento
2025,C:\OSS-Goias\documentos\Hospital de Amor\CORA\2025\05_Contrato_Gestao_Aditivos\3o_apostilamento_ao_termo_de_colaboracao_n_032022_sesgo.pdf,3o_apostilamento_ao_termo_de_colaboracao_n_032022_sesgo,,,CORA,≤ 5%,Percentual de Suspensão de Cirurgias Programadas por condições operacionais,Fundação Pio XII,0,termo_apostilamento
2025,C:\OSS-Goias\documentos\Hospital de Amor\CORA\2025\05_Contrato_Gestao_Aditivos\3o_apostilamento_ao_termo_de_colaboracao_n_032022_sesgo.pdf,3o_apostilamento_ao_termo_de_colaboracao_n_032022_sesgo,,,CORA,≥ 70%,Percentual de Exames de Imagem com resultado disponibilizado em até 72 horas,Fundação Pio XII,0,termo_apostilamento
2025,C:\OSS-Goias\documentos\Hospital de Amor\CORA\2025\05_Contrato_Gestao_Aditivos\3o_apostilamento_ao_termo_de_colaboracao_n_032022_sesgo.pdf,3o_apostilamento_ao_termo_de_colaboracao_n_032022_sesgo,,,CORA,≤ 1%,Índice de lesões por extravasamento de quimioterapia,Fundação Pio XII,0,termo_apostilamento
2025,C:\OSS-Goias\documentos\Hospital de Amor\CORA\2025\05_Contrato_Gestao_Aditivos\3o_apostilamento_ao_termo_de_colaboracao_n_032022_sesgo.pdf,3o_apostilamento_ao_termo_de_colaboracao_n_032022_sesgo,,,CORA,≥ 95%,Taxa de acurácia do estoque,Fundação Pio XII,0,termo_apostilamento
2025,C:\OSS-Goias\documentos\Hospital de Amor\CORA\2025\05_Contrato_Gestao_Aditivos\3o_apostilamento_ao_termo_de_colaboracao_n_032022_sesgo.pdf,3o_apostilamento_ao_termo_de_colaboracao_n_032022_sesgo,,,CORA,< 1%,Taxa de perda financeira por vencimento de medicamentos,Fundação Pio XII,0,termo_apostilamento
2025,C:\OSS-Goias\documentos\Hospital de Amor\CORA\2025\05_Contrato_Gestao_Aditivos\3o_apostilamento_ao_termo_de_colaboracao_n_032022_sesgo.pdf,3o_apostilamento_ao_termo_de_colaboracao_n_032022_sesgo,,,CORA,≥ 85%,Taxa de aceitabilidade das intervenções farmacêuticas,Fundação Pio XII,0,termo_apostilamento
2025,C:\OSS-Goias\documentos\Hospital de Amor\CORA\2025\05_Contrato_Gestao_Aditivos\3o_apostilamento_ao_termo_de_colaboracao_n_032022_sesgo.pdf,3o_apostilamento_ao_termo_de_colaboracao_n_032022_sesgo,,,CORA,≥ 80%,Percentual de Casos de Doenças/Agravos/Eventos de Notificação Compulsório Imediata (DAEI) Digitadas Oportunamente - até 7 dias,Fundação Pio XII,0,termo_apostilamento
2025,C:\OSS-Goias\documentos\Hospital de Amor\CORA\2025\05_Contrato_Gestao_Aditivos\3o_apostilamento_ao_termo_de_colaboracao_n_032022_sesgo.pdf,3o_apostilamento_ao_termo_de_colaboracao_n_032022_sesgo,,,CORA,≥ 80%,Percentual de Casos de Doenças/Agravos/Eventos de Notificação Compulsório Imediata (DAEI) Investigadas Oportunamente - até 48 horas da data da notificação,Fundação Pio XII,0,termo_apostilamento
2025,C:\OSS-Goias\documentos\IMED\PFRE\2025\05_Contrato_Gestao_Aditivos\SEI_GOVERNADORIA-70842015-Aditivo.pdf,SEI_GOVERNADORIA-70842015-Aditivo,Nº de consultas ofertadas em relação ao número de consultas propostas nas metas da unidade de policlínica por um dado período (mês).,SIGUS/Sistema de Gestão Hospitalar,Policlínica Estadual da Região do Entorno - Unidade Formosa,100%,Razão do Quantitativo de Consultas Ofertadas,IMED,0,termo_aditivo
2025,C:\OSS-Goias\documentos\IMED\PFRE\2025\05_Contrato_Gestao_Aditivos\SEI_GOVERNADORIA-70842015-Aditivo.pdf,SEI_GOVERNADORIA-70842015-Aditivo,Nº de SADT ofertado em relação ao número de exames propostos nas metas da unidade de policlínica por um dado período (mês).,SIGUS/Sistema de Gestão Hospitalar,Policlínica Estadual da Região do Entorno - Unidade Formosa,100%,Razão do Quantitativo de exames (SADT) Ofertados,IMED,0,termo_aditivo
2025,C:\OSS-Goias\documentos\IMED\PFRE\2025\05_Contrato_Gestao_Aditivos\SEI_GOVERNADORIA-70842015-Aditivo.pdf,SEI_GOVERNADORIA-70842015-Aditivo,Proporção de exames de imagem com resultado liberado em até 72 horas (tempo entre a realização do exame de imagem e a liberação do resultado).,SIGUS/Sistema de Gestão Hospitalar,Policlínica Estadual da Região do Entorno - Unidade Formosa,≥ 70%,Percentual de Exames de Imagem com resultado liberado em até 72 horas,IMED,0,termo_aditivo
2025,C:\OSS-Goias\documentos\IMED\PFRE\2025\05_Contrato_Gestao_Aditivos\SEI_GOVERNADORIA-70842015-Aditivo.pdf,SEI_GOVERNADORIA-70842015-Aditivo,Monitorar a exatidão do estoque de medicamentos hospitalares geridos pela Farmácia.,Sistema de Gestão Hospitalar,Policlínica Estadual da Região do Entorno - Unidade Formosa,≥ 99%,Taxa de acuracidade de estoque dos medicamentos do Componente Especializado da Assistência Farmacêutica,IMED,0,termo_aditivo
2025,C:\OSS-Goias\documentos\IMED\PFRE\2025\05_Contrato_Gestao_Aditivos\SEI_GOVERNADORIA-70842015-Aditivo.pdf,SEI_GOVERNADORIA-70842015-Aditivo,Proporção de consultas farmacêuticas realizadas para os pacientes do CEAF em relação ao número de processos atendidos.,Sistema de Gestão Hospitalar,Policlínica Estadual da Região do Entorno - Unidade Formosa,≥ 5%,Percentual de consultas farmacêuticas em relação ao número de processos do CEAF atendidos no mês,IMED,0,termo_aditivo
2025,C:\OSS-Goias\documentos\IMED\PFRE\2025\05_Contrato_Gestao_Aditivos\SEI_GOVERNADORIA-70842015-Aditivo.pdf,SEI_GOVERNADORIA-70842015-Aditivo,Monitorar a perda de medicamentos por expiração do prazo de validade.,Sistema de Gestão Hospitalar,Policlínica Estadual da Região do Entorno - Unidade Formosa,"< 0,5%",Taxa de perda financeira por vencimento,IMED,0,termo_aditivo
2025,C:\OSS-Goias\documentos\IMED\PFRE\2025\05_Contrato_Gestao_Aditivos\SEI_GOVERNADORIA-76128526-Termo.pdf,SEI_GOVERNADORIA-76128526-Termo,Número de consultas ofertadas em relação ao número de consultas propostas nas metas da unidade de policlínica por um dado período (mês).,SIGUS,PFRE,100%,Razão do Quantitativo de Consultas Ofertadas,IMED,0,contrato_gestao_inicial
2025,C:\OSS-Goias\documentos\IMED\PFRE\2025\05_Contrato_Gestao_Aditivos\SEI_GOVERNADORIA-76128526-Termo.pdf,SEI_GOVERNADORIA-76128526-Termo,Número de SADT ofertado em relação ao número de exames propostos nas metas da unidade de policlínica por um dado período (mês).,SIGUS,PFRE,100%,Razão do Quantitativo de exames (SADT) Ofertados,IMED,0,contrato_gestao_inicial
2025,C:\OSS-Goias\documentos\IMED\PFRE\2025\05_Contrato_Gestao_Aditivos\SEI_GOVERNADORIA-76128526-Termo.pdf,SEI_GOVERNADORIA-76128526-Termo,Proporção de exames de imagem com resultado liberado em até 72 horas (tempo entre a realização do exame de imagem e a liberação do resultado).,SIGUS,PFRE,≥ 70%,Percentual de Exames de Imagem com resultado liberado em até 72 horas,IMED,0,contrato_gestao_inicial
2025,C:\OSS-Goias\documentos\IMED\PFRE\2025\05_Contrato_Gestao_Aditivos\SEI_GOVERNADORIA-76128526-Termo.pdf,SEI_GOVERNADORIA-76128526-Termo,Monitorar a exatidão do estoque de medicamentos hospitalares geridos pela Farmácia.,SIGUS,PFRE,≥ 99%,Taxa de acuracidade de estoque dos medicamentos do Componente Especializado da Assistência Farmacêutica,IMED,0,contrato_gestao_inicial
2025,C:\OSS-Goias\documentos\IMED\PFRE\2025\05_Contrato_Gestao_Aditivos\SEI_GOVERNADORIA-76128526-Termo.pdf,SEI_GOVERNADORIA-76128526-Termo,Proporção de consultas farmacêuticas realizadas para os pacientes do CEAF em relação ao número de processos atendidos.,SIGUS,PFRE,≥ 5%,Percentual de consultas farmacêuticas em relação ao número de processos do CEAF atendidos no mês,IMED,0,contrato_gestao_inicial
2025,C:\OSS-Goias\documentos\IMED\PFRE\2025\05_Contrato_Gestao_Aditivos\SEI_GOVERNADORIA-76128526-Termo.pdf,SEI_GOVERNADORIA-76128526-Termo,Monitorar a perda de medicamentos por expiração do prazo de validade.,SIGUS,PFRE,"< 0,5%",Taxa de perda financeira por vencimento,IMED,0,contrato_gestao_inicial
2025,C:\OSS-Goias\documentos\AGIR\HEJ\2025\05_Contrato_Gestao_Aditivos\Termo 41-2025 HEJ.pdf,Termo 41-2025 HEJ,Relação percentual entre o número de pacientes-dia e o número de leitos-dia no período,SIGUS/Sistema de Gestão Hospitalar,HEJ,≥ 85%,Taxa de Ocupação Hospitalar (TOH),AGIR,0,contrato_gestao_inicial
2025,C:\OSS-Goias\documentos\AGIR\HEJ\2025\05_Contrato_Gestao_Aditivos\Termo 41-2025 HEJ.pdf,Termo 41-2025 HEJ,Relação entre total de pacientes-dia e total de saídas no período,SIGUS/Sistema de Gestão Hospitalar,HEJ,≤ 5 dias,Taxa Média/Tempo Médio de Permanência Hospitalar (TMP),AGIR,0,contrato_gestao_inicial
2025,C:\OSS-Goias\documentos\AGIR\HEJ\2025\05_Contrato_Gestao_Aditivos\Termo 41-2025 HEJ.pdf,Termo 41-2025 HEJ,Tempo médio em que um leito permanece desocupado entre saída de um paciente e admissão de outro,SIGUS/Sistema de Gestão Hospitalar,HEJ,≤ 24 h,Índice de Intervalo de Substituição (horas),AGIR,0,contrato_gestao_inicial
2025,C:\OSS-Goias\documentos\AGIR\HEJ\2025\05_Contrato_Gestao_Aditivos\Termo 41-2025 HEJ.pdf,Termo 41-2025 HEJ,Taxa de pacientes que retornaram à UTI em até 48 horas desde a última saída,SIGUS/Sistema de Gestão Hospitalar,HEJ,< 5%,Taxa de Readmissão em UTI (48 horas),AGIR,0,contrato_gestao_inicial
2025,C:\OSS-Goias\documentos\AGIR\HEJ\2025\05_Contrato_Gestao_Aditivos\Termo 41-2025 HEJ.pdf,Termo 41-2025 HEJ,Taxa de pessoas que retornaram ao hospital em até 29 dias desde a última alta,SIGUS/Sistema de Gestão Hospitalar,HEJ,< 20%,Taxa de Readmissão Hospitalar (29 dias),AGIR,0,contrato_gestao_inicial
2025,C:\OSS-Goias\documentos\AGIR\HEJ\2025\05_Contrato_Gestao_Aditivos\Termo 41-2025 HEJ.pdf,Termo 41-2025 HEJ,"Relação de procedimentos rejeitados no SIH/SUS em relação ao total apresentado, exceto por falta de habilitação e capacidade instalada",SIH/DATASUS,HEJ,≤ 7%,Percentual de Ocorrência de Glosas no SIH - DATASUS,AGIR,0,contrato_gestao_inicial
2025,C:\OSS-Goias\documentos\AGIR\HEJ\2025\05_Contrato_Gestao_Aditivos\Termo 41-2025 HEJ.pdf,Termo 41-2025 HEJ,Total de cirurgias eletivas suspensas por motivos organizacionais em relação ao total agendado,Mapas cirúrgicos/SIGUS,HEJ,≤ 5%,Percentual de Suspensão de Cirurgias Eletivas por Condições Operacionais,AGIR,0,contrato_gestao_inicial
2025,C:\OSS-Goias\documentos\AGIR\HEJ\2025\05_Contrato_Gestao_Aditivos\Termo 41-2025 HEJ.pdf,Termo 41-2025 HEJ,Cirurgias eletivas realizadas com tempo máximo aceitável para tratamento expirado - primeiro ano,Sistema de Regulação Estadual,HEJ,< 50%,Percentual de cirurgias eletivas realizadas com TMAT expirado (1º ano),AGIR,0,contrato_gestao_inicial
2025,C:\OSS-Goias\documentos\AGIR\HEJ\2025\05_Contrato_Gestao_Aditivos\Termo 41-2025 HEJ.pdf,Termo 41-2025 HEJ,Cirurgias eletivas realizadas com tempo máximo aceitável para tratamento expirado - segundo ano,Sistema de Regulação Estadual,HEJ,< 25%,Percentual de cirurgias eletivas realizadas com TMAT expirado (2º ano),AGIR,0,contrato_gestao_inicial
2025,C:\OSS-Goias\documentos\AGIR\HEJ\2025\05_Contrato_Gestao_Aditivos\Termo 41-2025 HEJ.pdf,Termo 41-2025 HEJ,Percentual de cirurgias cesáreas realizadas em relação ao número total de partos,SIGUS/SIH,HEJ,≤ 15%,Percentual de partos cesáreos,AGIR,0,contrato_gestao_inicial
2025,C:\OSS-Goias\documentos\AGIR\HEJ\2025\05_Contrato_Gestao_Aditivos\Termo 41-2025 HEJ.pdf,Termo 41-2025 HEJ,Instrumento para identificação de grupos de mulheres com diferenças nas taxas de cesárea,SIGUS/Sistema de Gestão Hospitalar,HEJ,100%,Taxa de Aplicação da Classificação de Robson nas parturientes submetidas à cesárea,AGIR,0,contrato_gestao_inicial
2025,C:\OSS-Goias\documentos\AGIR\HEJ\2025\05_Contrato_Gestao_Aditivos\Termo 41-2025 HEJ.pdf,Termo 41-2025 HEJ,Proporção de exames de imagem com resultado liberado em até 72 horas,Sistema de Gestão Hospitalar/PACS,HEJ,≥ 70%,Percentual de Exames de Imagem com resultado liberado em até 72 horas,AGIR,0,contrato_gestao_inicial
2025,C:\OSS-Goias\documentos\AGIR\HEJ\2025\05_Contrato_Gestao_Aditivos\Termo 41-2025 HEJ.pdf,Termo 41-2025 HEJ,Capacidade de detecção de DAEI por meio de digitação oportuna nos sistemas de informação oficiais,SINAN-NET/SINAN-ONLINE/SIVEP-Gripe/e-SUS,HEJ,≥ 80%,Percentual de Casos de DAEI Digitadas Oportunamente (até 7 dias),AGIR,0,contrato_gestao_inicial
2025,C:\OSS-Goias\documentos\AGIR\HEJ\2025\05_Contrato_Gestao_Aditivos\Termo 41-2025 HEJ.pdf,Termo 41-2025 HEJ,Capacidade de detecção e investigação das DAEI investigadas em até 48 horas da data de notificação,SINAN-NET/SINAN-ONLINE/SIVEP-Gripe/e-SUS,HEJ,≥ 80%,Percentual de Casos de DAEI Investigadas Oportunamente (até 48 horas da notificação),AGIR,0,contrato_gestao_inicial
2025,C:\OSS-Goias\documentos\AGIR\HEJ\2025\05_Contrato_Gestao_Aditivos\Termo 41-2025 HEJ.pdf,Termo 41-2025 HEJ,Monitoramento da exatidão do estoque de medicamentos hospitalar geridos pela Farmácia,Sistema de gestão de estoque/Farmácia,HEJ,≥ 95%,Taxa de acurácia do estoque,AGIR,0,contrato_gestao_inicial
2025,C:\OSS-Goias\documentos\AGIR\HEJ\2025\05_Contrato_Gestao_Aditivos\Termo 41-2025 HEJ.pdf,Termo 41-2025 HEJ,Valor financeiro atribuído aos medicamentos vencidos na unidade de saúde,Sistema de gestão de estoque/Farmácia,HEJ,≤ 2%,Taxa de perda financeira por vencimento de medicamentos,AGIR,0,contrato_gestao_inicial
2025,C:\OSS-Goias\documentos\AGIR\HEJ\2025\05_Contrato_Gestao_Aditivos\Termo 41-2025 HEJ.pdf,Termo 41-2025 HEJ,Avaliação do desempenho do serviço de farmácia clínica na prevenção de problemas relacionados a medicamentos,Registros do serviço de farmácia clínica,HEJ,≥ 90%,Taxa de aceitabilidade das intervenções farmacêuticas,AGIR,0,contrato_gestao_inicial
2025,C:\OSS-Goias\documentos\IPGSE\HERSO\2025\05_Contrato_Gestao_Aditivos\termo-de-colaboracao-101-2024-ses-07-07-2025-454ee89a1c.pdf,termo-de-colaboracao-101-2024-ses-07-07-2025-454ee89a1c,"Relação percentual entre o número de pacientes-dia, em determinado período, e o número de leitos-dia no mesmo período.",SIGUS,HERSO,,Taxa de Ocupação Hospitalar (TOH),IPGSE,0,contrato_gestao_inicial
2025,C:\OSS-Goias\documentos\IPGSE\HERSO\2025\05_Contrato_Gestao_Aditivos\termo-de-colaboracao-101-2024-ses-07-07-2025-454ee89a1c.pdf,termo-de-colaboracao-101-2024-ses-07-07-2025-454ee89a1c,Relação entre o total de pacientes-dia no período e o total de pacientes egressos do hospital.,SIGUS,HERSO,,Taxa Média/Tempo Médio de Permanência Hospitalar (TMP),IPGSE,0,contrato_gestao_inicial
2025,C:\OSS-Goias\documentos\IPGSE\HERSO\2025\05_Contrato_Gestao_Aditivos\termo-de-colaboracao-101-2024-ses-07-07-2025-454ee89a1c.pdf,termo-de-colaboracao-101-2024-ses-07-07-2025-454ee89a1c,Tempo médio em que um leito permanece desocupado entre a saída de um paciente e a admissão de outro.,SIGUS,HERSO,,Índice de Intervalo de Substituição (horas),IPGSE,0,contrato_gestao_inicial
2025,C:\OSS-Goias\documentos\IPGSE\HERSO\2025\05_Contrato_Gestao_Aditivos\termo-de-colaboracao-101-2024-ses-07-07-2025-454ee89a1c.pdf,termo-de-colaboracao-101-2024-ses-07-07-2025-454ee89a1c,Taxa de pessoas que retornaram ao hospital em até 29 dias desde a última alta hospitalar.,SIGUS,HERSO,,Taxa de Readmissão Hospitalar pelo mesmo CID (29 dias),IPGSE,0,contrato_gestao_inicial
2025,C:\OSS-Goias\documentos\IPGSE\HERSO\2025\05_Contrato_Gestao_Aditivos\termo-de-colaboracao-101-2024-ses-07-07-2025-454ee89a1c.pdf,termo-de-colaboracao-101-2024-ses-07-07-2025-454ee89a1c,Taxa de pacientes que retornaram à UTI do mesmo hospital em até 48 horas desde a última saída da UTI.,SIGUS,HERSO,,Taxa de Readmissão em UTI (48 horas),IPGSE,0,contrato_gestao_inicial
2025,C:\OSS-Goias\documentos\IPGSE\HERSO\2025\05_Contrato_Gestao_Aditivos\termo-de-colaboracao-101-2024-ses-07-07-2025-454ee89a1c.pdf,termo-de-colaboracao-101-2024-ses-07-07-2025-454ee89a1c,"Relação de procedimentos rejeitados no SIH/SUS em relação ao total de procedimentos hospitalares apresentados, exceto rejeição por falta de habilitação e capacidade instalada.",SIH/DATASUS,HERSO,,Percentual de Ocorrência de Glosas no SIH - DATASUS,IPGSE,0,contrato_gestao_inicial
2025,C:\OSS-Goias\documentos\IPGSE\HERSO\2025\05_Contrato_Gestao_Aditivos\termo-de-colaboracao-101-2024-ses-07-07-2025-454ee89a1c.pdf,termo-de-colaboracao-101-2024-ses-07-07-2025-454ee89a1c,Total de cirurgias eletivas suspensas por motivos relacionados à organização da unidade em relação ao total de cirurgias agendadas.,Mapas cirúrgicos,HERSO,,Percentual de Suspensão de Cirurgias Eletivas por Condições Operacionais,IPGSE,0,contrato_gestao_inicial
2025,C:\OSS-Goias\documentos\IPGSE\HERSO\2025\05_Contrato_Gestao_Aditivos\termo-de-colaboracao-101-2024-ses-07-07-2025-454ee89a1c.pdf,termo-de-colaboracao-101-2024-ses-07-07-2025-454ee89a1c,Indicador que sinaliza se as cirurgias eletivas realizadas respeitam o tempo de espera máximo clinicamente aceitável conforme critério SWALIS - primeiro ano.,SIGUS,HERSO,,Percentual de cirurgias eletivas realizadas com TMAT expirado (1º ano),IPGSE,0,contrato_gestao_inicial
2025,C:\OSS-Goias\documentos\IPGSE\HERSO\2025\05_Contrato_Gestao_Aditivos\termo-de-colaboracao-101-2024-ses-07-07-2025-454ee89a1c.pdf,termo-de-colaboracao-101-2024-ses-07-07-2025-454ee89a1c,Indicador que sinaliza se as cirurgias eletivas realizadas respeitam o tempo de espera máximo clinicamente aceitável conforme critério SWALIS - segundo ano.,SIGUS,HERSO,,Percentual de cirurgias eletivas realizadas com TMAT expirado (2º ano),IPGSE,0,contrato_gestao_inicial
2025,C:\OSS-Goias\documentos\IPGSE\HERSO\2025\05_Contrato_Gestao_Aditivos\termo-de-colaboracao-101-2024-ses-07-07-2025-454ee89a1c.pdf,termo-de-colaboracao-101-2024-ses-07-07-2025-454ee89a1c,Número de consultas ofertadas em relação ao número de consultas propostas nas metas da unidade por um dado período (mês).,SIGUS,HERSO,,Razão do Quantitativo de Consultas Ofertadas,IPGSE,0,contrato_gestao_inicial
2025,C:\OSS-Goias\documentos\IPGSE\HERSO\2025\05_Contrato_Gestao_Aditivos\termo-de-colaboracao-101-2024-ses-07-07-2025-454ee89a1c.pdf,termo-de-colaboracao-101-2024-ses-07-07-2025-454ee89a1c,Proporção de exames de imagem externos com resultado liberado em até 10 dias.,SIGUS,HERSO,,Percentual de Exames de Imagem com resultado entregue em até 10 dias,IPGSE,0,contrato_gestao_inicial
2025,C:\OSS-Goias\documentos\IPGSE\HERSO\2025\05_Contrato_Gestao_Aditivos\termo-de-colaboracao-101-2024-ses-07-07-2025-454ee89a1c.pdf,termo-de-colaboracao-101-2024-ses-07-07-2025-454ee89a1c,Avaliar a capacidade de detecção de DAEI nas unidades de saúde por meio da digitação das notificações de forma oportuna (≤7 dias) nos sistemas oficiais.,SINAN-NET/SINAN-ONLINE/SIVEP-Gripe/e-SUS,HERSO,,Percentual de Casos de DAEI Digitadas Oportunamente (até 7 dias),IPGSE,0,contrato_gestao_inicial
2025,C:\OSS-Goias\documentos\IPGSE\HERSO\2025\05_Contrato_Gestao_Aditivos\termo-de-colaboracao-101-2024-ses-07-07-2025-454ee89a1c.pdf,termo-de-colaboracao-101-2024-ses-07-07-2025-454ee89a1c,"Avaliar a capacidade de detecção e investigação das DAEI nas unidades de saúde, investigadas oportunamente (≤48 horas da notificação).",SINAN-NET/SINAN-ONLINE/SIVEP-Gripe/e-SUS,HERSO,,Percentual de Casos de DAEI Investigadas Oportunamente (até 48 horas da notificação),IPGSE,0,contrato_gestao_inicial
2025,C:\OSS-Goias\documentos\IPGSE\HERSO\2025\05_Contrato_Gestao_Aditivos\termo-de-colaboracao-101-2024-ses-07-07-2025-454ee89a1c.pdf,termo-de-colaboracao-101-2024-ses-07-07-2025-454ee89a1c,Monitorar a perda financeira das unidades de saúde devido à expiração por prazo de validade dos medicamentos.,CAF,HERSO,,Percentual de perda de medicamentos por prazo de validade expirado,IPGSE,0,contrato_gestao_inicial
2026,C:\OSS-Goias\documentos\IMED\HETRIN\2026\05_Contrato_Gestao_Aditivos\7o-Termo-Aditivo-HETRIN.pdf,7o-Termo-Aditivo-HETRIN,Relação percentual entre o número de pacientes-dia e o número de leitos-dia no período,SIGUS,HETRIN,≥85%,Taxa de Ocupação Hospitalar (TOH),IMED,0,termo_aditivo
2026,C:\OSS-Goias\documentos\IMED\HETRIN\2026\05_Contrato_Gestao_Aditivos\7o-Termo-Aditivo-HETRIN.pdf,7o-Termo-Aditivo-HETRIN,Relação entre total de pacientes-dia e total de pacientes egressos no período,SIGUS,HETRIN,≤5 dias,Taxa Média/Tempo Médio de Permanência Hospitalar (TMP),IMED,0,termo_aditivo
2026,C:\OSS-Goias\documentos\IMED\HETRIN\2026\05_Contrato_Gestao_Aditivos\7o-Termo-Aditivo-HETRIN.pdf,7o-Termo-Aditivo-HETRIN,Tempo médio em que um leito permanece desocupado entre saída de um paciente e admissão de outro,SIGUS,HETRIN,≤24 horas,Índice de Intervalo de Substituição (horas),IMED,0,termo_aditivo
2026,C:\OSS-Goias\documentos\IMED\HETRIN\2026\05_Contrato_Gestao_Aditivos\7o-Termo-Aditivo-HETRIN.pdf,7o-Termo-Aditivo-HETRIN,Taxa de pessoas que retornaram ao hospital em até 29 dias desde a última alta,SIGUS,HETRIN,<8%,Taxa de Readmissão Hospitalar pelo mesmo CID (29 dias),IMED,0,termo_aditivo
2026,C:\OSS-Goias\documentos\IMED\HETRIN\2026\05_Contrato_Gestao_Aditivos\7o-Termo-Aditivo-HETRIN.pdf,7o-Termo-Aditivo-HETRIN,Taxa de pacientes que retornaram à UTI em até 48 horas desde a última saída da UTI,SIGUS,HETRIN,<5%,Taxa de Readmissão em UTI (48 horas),IMED,0,termo_aditivo
2026,C:\OSS-Goias\documentos\IMED\HETRIN\2026\05_Contrato_Gestao_Aditivos\7o-Termo-Aditivo-HETRIN.pdf,7o-Termo-Aditivo-HETRIN,"Relação de procedimentos rejeitados no SIH/SUS em relação ao total apresentado, exceto por habilitação e capacidade instalada",SIH/DATASUS,HETRIN,≤7%,Percentual de Ocorrência de Glosas no SIH - DATASUS,IMED,0,termo_aditivo
2026,C:\OSS-Goias\documentos\IMED\HETRIN\2026\05_Contrato_Gestao_Aditivos\7o-Termo-Aditivo-HETRIN.pdf,7o-Termo-Aditivo-HETRIN,Total de cirurgias eletivas suspensas por motivos organizacionais em relação ao total agendado,SIGUS,HETRIN,≤5%,Percentual de Suspensão de Cirurgias Eletivas por Condições Operacionais,IMED,0,termo_aditivo
2026,C:\OSS-Goias\documentos\IMED\HETRIN\2026\05_Contrato_Gestao_Aditivos\7o-Termo-Aditivo-HETRIN.pdf,7o-Termo-Aditivo-HETRIN,Cirurgias eletivas realizadas com tempo máximo aceitável para tratamento expirado - primeiro ano,SIGUS,HETRIN,<25%,Percentual de cirurgias eletivas realizadas com TMAT expirado (1º ano),IMED,0,termo_aditivo
2026,C:\OSS-Goias\documentos\IMED\HETRIN\2026\05_Contrato_Gestao_Aditivos\7o-Termo-Aditivo-HETRIN.pdf,7o-Termo-Aditivo-HETRIN,Cirurgias eletivas realizadas com tempo máximo aceitável para tratamento expirado - segundo ano,SIGUS,HETRIN,<10%,Percentual de cirurgias eletivas realizadas com TMAT expirado (2º ano),IMED,0,termo_aditivo
2026,C:\OSS-Goias\documentos\IMED\HETRIN\2026\05_Contrato_Gestao_Aditivos\7o-Termo-Aditivo-HETRIN.pdf,7o-Termo-Aditivo-HETRIN,Proporção de exames de imagem com resultado liberado em até 72 horas,SIGUS,HETRIN,≥70%,Percentual de exames de imagem com resultado liberado em até 72 horas,IMED,0,termo_aditivo
2026,C:\OSS-Goias\documentos\IMED\HETRIN\2026\05_Contrato_Gestao_Aditivos\7o-Termo-Aditivo-HETRIN.pdf,7o-Termo-Aditivo-HETRIN,Avaliar a capacidade de detecção de DAEI por meio da digitação oportuna nos sistemas oficiais,SINAN-NET/SINAN-ONLINE/SIVEP-Gripe/e-SUS,HETRIN,≥80%,Percentual de Casos de DAEI Digitados Oportunamente (até 7 dias),IMED,0,termo_aditivo
2026,C:\OSS-Goias\documentos\IMED\HETRIN\2026\05_Contrato_Gestao_Aditivos\7o-Termo-Aditivo-HETRIN.pdf,7o-Termo-Aditivo-HETRIN,Avaliar a capacidade de investigação das DAEI nas unidades de saúde de forma oportuna,SINAN-NET/SINAN-ONLINE/SIVEP-Gripe/e-SUS,HETRIN,≥80%,Percentual de Casos de DAEI Investigados Oportunamente (até 48 horas da notificação),IMED,0,termo_aditivo
2026,C:\OSS-Goias\documentos\IMED\HETRIN\2026\05_Contrato_Gestao_Aditivos\7o-Termo-Aditivo-HETRIN.pdf,7o-Termo-Aditivo-HETRIN,Redução da perda de medicamentos por vencimento a partir do aprimoramento de processos,Sistema de gestão farmacêutica,HETRIN,≤1%,Percentual de perda de medicamentos por prazo de validade expirado,IMED,0,termo_aditivo
2026,C:\OSS-Goias\documentos\IMED\HETRIN\2026\05_Contrato_Gestao_Aditivos\7o-Termo-Aditivo-HETRIN.pdf,7o-Termo-Aditivo-HETRIN,Monitorar a exatidão do estoque de medicamentos geridos pela Farmácia,Sistema de gestão farmacêutica,HETRIN,≥95%,Taxa de acurácia do estoque,IMED,0,termo_aditivo
2026,C:\OSS-Goias\documentos\IMED\HETRIN\2026\05_Contrato_Gestao_Aditivos\7o-Termo-Aditivo-HETRIN.pdf,7o-Termo-Aditivo-HETRIN,Avaliar o desempenho do serviço de farmácia clínica e a importância para a segurança do paciente,Sistema de gestão farmacêutica,HETRIN,≥85%,Taxa de aceitabilidade das intervenções farmacêuticas,IMED,0,termo_aditivo
2026,C:\OSS-Goias\documentos\IMED\HETRIN\2026\05_Contrato_Gestao_Aditivos\7o-Termo-Aditivo-HETRIN.pdf,7o-Termo-Aditivo-HETRIN,Percentual de cirurgias cesáreas realizadas em relação ao número total de partos,SIGUS,HETRIN,15%,Percentual de partos cesáreos (2ª Etapa),IMED,0,termo_aditivo
2026,C:\OSS-Goias\documentos\IMED\HETRIN\2026\05_Contrato_Gestao_Aditivos\7o-Termo-Aditivo-HETRIN.pdf,7o-Termo-Aditivo-HETRIN,Instrumento para identificação de grupos de mulheres clinicamente relevantes com diferenças nas taxas de cesárea,SIGUS,HETRIN,100%,Taxa de Aplicação da Classificação de Robson nas parturientes submetidas à cesárea (2ª Etapa),IMED,0,termo_aditivo
