_ano_pasta,_doc_path,_filename,condicao_aplicacao,descricao,hospital,oss_gestora,tipo_documento,valor_ou_percentual
2020,C:\OSS-Goias\documentos\IMED\HSLMB\2020\05_Contrato_Gestao_Aditivos\2020-11_Contrato-de-Gestao-no-50-2020.pdf,2020-11_Contrato-de-Gestao-no-50-2020,"Inobservância de regra constante do contrato ou de lei, omissão na prestação de contas e/ou utilização incorreta dos recursos",Advertência,HSLMB,IMED,contrato_gestao_inicial,
2020,C:\OSS-Goias\documentos\IMED\HSLMB\2020\05_Contrato_Gestao_Aditivos\2020-11_Contrato-de-Gestao-no-50-2020.pdf,2020-11_Contrato-de-Gestao-no-50-2020,"Inobservância de regra constante do contrato ou de lei, omissão na prestação de contas e/ou utilização incorreta dos recursos",Suspensão da execução do Contrato de Gestão Emergencial,HSLMB,IMED,contrato_gestao_inicial,
2020,C:\OSS-Goias\documentos\IMED\HSLMB\2020\05_Contrato_Gestao_Aditivos\2020-11_Contrato-de-Gestao-no-50-2020.pdf,2020-11_Contrato-de-Gestao-no-50-2020,"Conforme art. 15, §2º da Lei estadual nº 15.503/2005","Multa proporcional à gravidade do fato, aplicada individual e solidariamente aos dirigentes do Parceiro Privado",HSLMB,IMED,contrato_gestao_inicial,proporcional à gravidade
2020,C:\OSS-Goias\documentos\IMED\HSLMB\2020\05_Contrato_Gestao_Aditivos\2020-11_Contrato-de-Gestao-no-50-2020.pdf,2020-11_Contrato-de-Gestao-no-50-2020,"Descumprimento de cláusulas, não cumprimento de metas por dois bimestres, utilização irregular de recursos, perda de qualificação como OS, entre outros",Rescisão do Contrato de Gestão Emergencial,HSLMB,IMED,contrato_gestao_inicial,
2020,C:\OSS-Goias\documentos\IMED\HSLMB\2020\05_Contrato_Gestao_Aditivos\2020-11_Contrato-de-Gestao-no-50-2020.pdf,2020-11_Contrato-de-Gestao-no-50-2020,Graves irregularidades na execução do contrato,Desqualificação como organização social,HSLMB,IMED,contrato_gestao_inicial,
2020,C:\OSS-Goias\documentos\IMED\HSLMB\2020\05_Contrato_Gestao_Aditivos\2020-11_Contrato-de-Gestao-no-50-2020.pdf,2020-11_Contrato-de-Gestao-no-50-2020,Graves irregularidades na utilização dos recursos públicos,Instauração de Tomada de Contas Especial,HSLMB,IMED,contrato_gestao_inicial,
2020,C:\OSS-Goias\documentos\IMED\HSLMB\2020\05_Contrato_Gestao_Aditivos\2020-11_Contrato-de-Gestao-no-50-2020.pdf,2020-11_Contrato-de-Gestao-no-50-2020,Descumprimento da obrigatoriedade de implantação do Programa de Integridade,Multa por descumprimento do Programa de Integridade (Lei estadual nº 20.489/2019),HSLMB,IMED,contrato_gestao_inicial,"0,1% por dia sobre o valor atualizado do contrato"
2021,C:\OSS-Goias\documentos\IMED\HSLMB\2021\05_Contrato_Gestao_Aditivos\2021-05_CONTRATO-DE-GESTAO-021-2021-ASSINADO.pdf,2021-05_CONTRATO-DE-GESTAO-021-2021-ASSINADO,"Inobservância de regra contratual ou legal, omissão na prestação de contas e/ou utilização incorreta dos recursos repassados.",Advertência,HSLMB,IMED,contrato_gestao_inicial,
2021,C:\OSS-Goias\documentos\IMED\HSLMB\2021\05_Contrato_Gestao_Aditivos\2021-05_CONTRATO-DE-GESTAO-021-2021-ASSINADO.pdf,2021-05_CONTRATO-DE-GESTAO-021-2021-ASSINADO,"Inobservância de regra contratual ou legal, omissão na prestação de contas e/ou utilização incorreta dos recursos repassados.",Suspensão da execução do Contrato de Gestão Emergencial,HSLMB,IMED,contrato_gestao_inicial,
2021,C:\OSS-Goias\documentos\IMED\HSLMB\2021\05_Contrato_Gestao_Aditivos\2021-05_CONTRATO-DE-GESTAO-021-2021-ASSINADO.pdf,2021-05_CONTRATO-DE-GESTAO-021-2021-ASSINADO,"Conforme previsto no artigo 15, §2º da Lei estadual nº 15.503/2005.","Multa proporcional à gravidade do fato, aplicada individual e solidariamente aos dirigentes do Parceiro Privado",HSLMB,IMED,contrato_gestao_inicial,proporcional à gravidade
2021,C:\OSS-Goias\documentos\IMED\HSLMB\2021\05_Contrato_Gestao_Aditivos\2021-05_CONTRATO-DE-GESTAO-021-2021-ASSINADO.pdf,2021-05_CONTRATO-DE-GESTAO-021-2021-ASSINADO,"Inobservância de regra contratual ou legal, omissão na prestação de contas e/ou utilização incorreta dos recursos repassados.",Rescisão do Contrato de Gestão Emergencial,HSLMB,IMED,contrato_gestao_inicial,
2021,C:\OSS-Goias\documentos\IMED\HSLMB\2021\05_Contrato_Gestao_Aditivos\2021-05_CONTRATO-DE-GESTAO-021-2021-ASSINADO.pdf,2021-05_CONTRATO-DE-GESTAO-021-2021-ASSINADO,"Inobservância de regra contratual ou legal, omissão na prestação de contas e/ou utilização incorreta dos recursos repassados.",Desqualificação como organização social,HSLMB,IMED,contrato_gestao_inicial,
2021,C:\OSS-Goias\documentos\IMED\HSLMB\2021\05_Contrato_Gestao_Aditivos\2021-05_CONTRATO-DE-GESTAO-021-2021-ASSINADO.pdf,2021-05_CONTRATO-DE-GESTAO-021-2021-ASSINADO,"Inobservância de regra contratual ou legal, omissão na prestação de contas e/ou utilização incorreta dos recursos repassados.",Instauração de Tomada de Contas Especial,HSLMB,IMED,contrato_gestao_inicial,
2021,C:\OSS-Goias\documentos\IMED\HSLMB\2021\05_Contrato_Gestao_Aditivos\2021-05_CONTRATO-DE-GESTAO-021-2021-ASSINADO.pdf,2021-05_CONTRATO-DE-GESTAO-021-2021-ASSINADO,Não cumprimento das metas de desempenho avaliadas em regime trimestral.,Desconto de até 10% da parcela mensal por não cumprimento das metas de desempenho,HSLMB,IMED,contrato_gestao_inicial,até 10%
2021,C:\OSS-Goias\documentos\IMED\HSLMB\2021\05_Contrato_Gestao_Aditivos\2021-05_CONTRATO-DE-GESTAO-021-2021-ASSINADO.pdf,2021-05_CONTRATO-DE-GESTAO-021-2021-ASSINADO,Descumprimento da exigência prevista na Lei estadual nº 20.489/2019 sobre implantação do Programa de Integridade.,"Multa de 0,1% por dia pelo descumprimento da exigência do Programa de Integridade",HSLMB,IMED,contrato_gestao_inicial,"0,1% por dia sobre o valor atualizado do contrato"
2021,C:\OSS-Goias\documentos\IMED\HSLMB\2021\05_Contrato_Gestao_Aditivos\2021-05_CONTRATO-DE-GESTAO-021-2021-ASSINADO.pdf,2021-05_CONTRATO-DE-GESTAO-021-2021-ASSINADO,"Produção assistencial abaixo do volume contratado, avaliada semestralmente.",Desconto financeiro proporcional por produção assistencial abaixo do contratado,HSLMB,IMED,contrato_gestao_inicial,70% a 100% do orçamento conforme faixa de produção
2021,C:\OSS-Goias\documentos\IMED\HSLMB\2021\05_Contrato_Gestao_Aditivos\2021-10_Contrato-GestOo-Emeregncia_046-2021.pdf,2021-10_Contrato-GestOo-Emeregncia_046-2021,"Inobservância de regra constante do contrato ou de lei, omissão na prestação de contas e/ou utilização incorreta dos recursos repassados.",Advertência,HSLMB,IMED,contrato_gestao_inicial,
2021,C:\OSS-Goias\documentos\IMED\HSLMB\2021\05_Contrato_Gestao_Aditivos\2021-10_Contrato-GestOo-Emeregncia_046-2021.pdf,2021-10_Contrato-GestOo-Emeregncia_046-2021,"Inobservância de regra constante do contrato ou de lei, omissão na prestação de contas e/ou utilização incorreta dos recursos repassados.",Suspensão da execução do Contrato de Gestão Emergencial,HSLMB,IMED,contrato_gestao_inicial,
2021,C:\OSS-Goias\documentos\IMED\HSLMB\2021\05_Contrato_Gestao_Aditivos\2021-10_Contrato-GestOo-Emeregncia_046-2021.pdf,2021-10_Contrato-GestOo-Emeregncia_046-2021,"Conforme art. 15, §2º da Lei estadual nº 15.503/2005.","Multa proporcional à gravidade do fato, aplicada individual e solidariamente aos dirigentes do Parceiro Privado",HSLMB,IMED,contrato_gestao_inicial,proporcional à gravidade
2021,C:\OSS-Goias\documentos\IMED\HSLMB\2021\05_Contrato_Gestao_Aditivos\2021-10_Contrato-GestOo-Emeregncia_046-2021.pdf,2021-10_Contrato-GestOo-Emeregncia_046-2021,"Descumprimento de cláusulas, utilização de recursos em desacordo, perda de qualificação como OS, não cumprimento de metas por dois bimestres, entre outros.",Rescisão do Contrato de Gestão Emergencial,HSLMB,IMED,contrato_gestao_inicial,
2021,C:\OSS-Goias\documentos\IMED\HSLMB\2021\05_Contrato_Gestao_Aditivos\2021-10_Contrato-GestOo-Emeregncia_046-2021.pdf,2021-10_Contrato-GestOo-Emeregncia_046-2021,Inobservância grave das obrigações contratuais ou legais.,Desqualificação como organização social,HSLMB,IMED,contrato_gestao_inicial,
2021,C:\OSS-Goias\documentos\IMED\HSLMB\2021\05_Contrato_Gestao_Aditivos\2021-10_Contrato-GestOo-Emeregncia_046-2021.pdf,2021-10_Contrato-GestOo-Emeregncia_046-2021,Irregularidades na utilização dos recursos públicos.,Instauração de Tomada de Contas Especial,HSLMB,IMED,contrato_gestao_inicial,
2021,C:\OSS-Goias\documentos\IMED\HSLMB\2021\05_Contrato_Gestao_Aditivos\2021-10_Contrato-GestOo-Emeregncia_046-2021.pdf,2021-10_Contrato-GestOo-Emeregncia_046-2021,"Não cumprimento das metas de produção pactuadas, conforme percentual de alcance de cada indicador.",Desconto financeiro de até 10% da parcela mensal por não cumprimento de metas de produção,HSLMB,IMED,contrato_gestao_inicial,até 10%
2022,C:\OSS-Goias\documentos\IMED\HSLMB\2022\05_Contrato_Gestao_Aditivos\2022-05_Contrato-024-22.pdf,2022-05_Contrato-024-22,"Inobservância de regra do contrato ou de lei, omissão na prestação de contas e/ou utilização incorreta dos recursos",Advertência,HSLMB,IMED,contrato_gestao_inicial,
2022,C:\OSS-Goias\documentos\IMED\HSLMB\2022\05_Contrato_Gestao_Aditivos\2022-05_Contrato-024-22.pdf,2022-05_Contrato-024-22,"Inobservância de regra do contrato ou de lei, omissão na prestação de contas e/ou utilização incorreta dos recursos",Suspensão da execução do Contrato de Gestão Emergencial,HSLMB,IMED,contrato_gestao_inicial,
2022,C:\OSS-Goias\documentos\IMED\HSLMB\2022\05_Contrato_Gestao_Aditivos\2022-05_Contrato-024-22.pdf,2022-05_Contrato-024-22,"Conforme previsto no artigo 15, §2º da Lei estadual nº 15.503/2005","Multa proporcional à gravidade do fato, aplicada individual e solidariamente aos dirigentes do Parceiro Privado",HSLMB,IMED,contrato_gestao_inicial,proporcional à gravidade
2022,C:\OSS-Goias\documentos\IMED\HSLMB\2022\05_Contrato_Gestao_Aditivos\2022-05_Contrato-024-22.pdf,2022-05_Contrato-024-22,"Inobservância de regra do contrato ou de lei, omissão na prestação de contas e/ou utilização incorreta dos recursos; não cumprimento de metas por dois bimestres; descumprimento de cláusula; perda de qualificação como OS",Rescisão do Contrato de Gestão Emergencial,HSLMB,IMED,contrato_gestao_inicial,
2022,C:\OSS-Goias\documentos\IMED\HSLMB\2022\05_Contrato_Gestao_Aditivos\2022-05_Contrato-024-22.pdf,2022-05_Contrato-024-22,Inobservância grave de regras contratuais ou legais,Desqualificação como organização social,HSLMB,IMED,contrato_gestao_inicial,
2022,C:\OSS-Goias\documentos\IMED\HSLMB\2022\05_Contrato_Gestao_Aditivos\2022-05_Contrato-024-22.pdf,2022-05_Contrato-024-22,"Inobservância de regra do contrato ou de lei, omissão na prestação de contas e/ou utilização incorreta dos recursos",Instauração de Tomada de Contas Especial,HSLMB,IMED,contrato_gestao_inicial,
2022,C:\OSS-Goias\documentos\IMED\HSLMB\2022\05_Contrato_Gestao_Aditivos\2022-05_Contrato-024-22.pdf,2022-05_Contrato-024-22,Não cumprimento das metas pactuadas de indicadores de desempenho (parte variável de 10% do contrato),Desconto financeiro de até 10% ao mês por não cumprimento das metas de indicadores de desempenho,HSLMB,IMED,contrato_gestao_inicial,até 10%
2022,C:\OSS-Goias\documentos\IMED\HSLMB\2022\05_Contrato_Gestao_Aditivos\2022-05_Contrato-024-22.pdf,2022-05_Contrato-024-22,"Produção assistencial abaixo de 100% do volume contratado, com escalonamento conforme Tabela II do Anexo V",Desconto financeiro na parte fixa por não atingimento de volume contratado de produção assistencial,HSLMB,IMED,contrato_gestao_inicial,70% a 100% do orçamento destinado aos atendimentos conforme faixa de cumprimento
2022,C:\OSS-Goias\documentos\IMED\HSLMB\2022\05_Contrato_Gestao_Aditivos\2022-06_COMPETENCIAS-PREVISTAS-NO-CONTRATO-DE-GESTAO-HESLMB.pdf,2022-06_COMPETENCIAS-PREVISTAS-NO-CONTRATO-DE-GESTAO-HESLMB,Prestações de contas apresentadas extemporaneamente ou não aprovadas,"Restituição ao PARCEIRO PÚBLICO do valor repassado, atualizado monetariamente e acrescido de juros legais, quando prestações de contas parciais e finais forem apresentadas extemporaneamente e/ou não forem aprovadas",HESLMB,IMED,outro,
2022,C:\OSS-Goias\documentos\IMED\HSLMB\2022\05_Contrato_Gestao_Aditivos\2022-06_COMPETENCIAS-PREVISTAS-NO-CONTRATO-DE-GESTAO-HESLMB.pdf,2022-06_COMPETENCIAS-PREVISTAS-NO-CONTRATO-DE-GESTAO-HESLMB,Omissão ou atraso no encaminhamento de intimações/notificações judiciais ou administrativas de interesse do Estado,"Responsabilidade administrativa, civil e criminal por deixar de remeter intimações/notificações ao PARCEIRO PÚBLICO e à Procuradoria-Geral do Estado fora do prazo",HESLMB,IMED,outro,
2022,C:\OSS-Goias\documentos\IMED\HSLMB\2022\05_Contrato_Gestao_Aditivos\2022-06_COMPETENCIAS-PREVISTAS-NO-CONTRATO-DE-GESTAO-HESLMB.pdf,2022-06_COMPETENCIAS-PREVISTAS-NO-CONTRATO-DE-GESTAO-HESLMB,Ação ou omissão dolosa ou culposa de agentes do PARCEIRO PRIVADO,"Pagamento de indenização por ação ou omissão dolosa ou culposa causada ao PARCEIRO PÚBLICO, destinatários dos serviços e/ou terceiros",HESLMB,IMED,outro,
2022,C:\OSS-Goias\documentos\IMED\HSLMB\2022\05_Contrato_Gestao_Aditivos\2022-06_COMPETENCIAS-PREVISTAS-NO-CONTRATO-DE-GESTAO-HESLMB.pdf,2022-06_COMPETENCIAS-PREVISTAS-NO-CONTRATO-DE-GESTAO-HESLMB,Ação ou omissão do PARCEIRO PRIVADO que resulte em penalidade ou sanção,Pagamento de qualquer quantia decorrente de aplicação de penalidade ou sanção que decorra de ação ou omissão do PARCEIRO PRIVADO,HESLMB,IMED,outro,
2022,C:\OSS-Goias\documentos\Instituto Patris\HEL\2022\05_Contrato_Gestao_Aditivos\id10_1. Competências previstas no Contrato de Gestão - Nº 45_2022-SES_GO (VIGENTE).pdf,id10_1. Competências previstas no Contrato de Gestão - Nº 45_2022-SES_GO (VIGENTE),Despesa imprópria realizada no curso do contrato de gestão,Despesa considerada imprópria e realizada no curso do contrato será objeto de apuração mediante adoção de medidas que assegurem ao Parceiro Privado ampla defesa e o contraditório,HEL,Instituto Patris,contrato_gestao_inicial,
2022,C:\OSS-Goias\documentos\Instituto Patris\HEL\2022\05_Contrato_Gestao_Aditivos\id10_1. Competências previstas no Contrato de Gestão - Nº 45_2022-SES_GO (VIGENTE).pdf,id10_1. Competências previstas no Contrato de Gestão - Nº 45_2022-SES_GO (VIGENTE),Ação ou omissão culposa dos agentes do Parceiro Privado causando danos a usuários ou bens públicos,"O Parceiro Privado é responsável pelas indenizações decorrentes de ação ou omissão culposa que seus agentes causarem aos usuários das unidades públicas, bem como aos bens públicos móveis e imóveis cujo uso lhe foi permitido, sem prejuízo da aplicação das demais sanções cabíveis",HEL,Instituto Patris,contrato_gestao_inicial,
2022,C:\OSS-Goias\documentos\Instituto Patris\HEL\2022\05_Contrato_Gestao_Aditivos\id133_1. Contrato nº 45_2022 - SES (VIGENTE).pdf,id133_1. Contrato nº 45_2022 - SES (VIGENTE),"Inobservância de regra constante do contrato de gestão ou de lei, omissão na prestação de contas e/ou utilização incorreta dos recursos repassados",Advertência,HEL,Instituto Patris,contrato_gestao_inicial,
2022,C:\OSS-Goias\documentos\Instituto Patris\HEL\2022\05_Contrato_Gestao_Aditivos\id133_1. Contrato nº 45_2022 - SES (VIGENTE).pdf,id133_1. Contrato nº 45_2022 - SES (VIGENTE),"Inobservância de regra constante do contrato de gestão ou de lei, omissão na prestação de contas e/ou utilização incorreta dos recursos repassados",Suspensão da execução do contrato de gestão,HEL,Instituto Patris,contrato_gestao_inicial,
2022,C:\OSS-Goias\documentos\Instituto Patris\HEL\2022\05_Contrato_Gestao_Aditivos\id133_1. Contrato nº 45_2022 - SES (VIGENTE).pdf,id133_1. Contrato nº 45_2022 - SES (VIGENTE),"Conforme previsto no artigo 15, §2º da Lei estadual nº 15.503/2005","Multa proporcional à gravidade do fato, aplicada individual e solidariamente aos dirigentes do Parceiro Privado",HEL,Instituto Patris,contrato_gestao_inicial,
2022,C:\OSS-Goias\documentos\Instituto Patris\HEL\2022\05_Contrato_Gestao_Aditivos\id133_1. Contrato nº 45_2022 - SES (VIGENTE).pdf,id133_1. Contrato nº 45_2022 - SES (VIGENTE),Inobservância de regra constante do contrato de gestão ou de lei,Rescisão do Contrato de Gestão,HEL,Instituto Patris,contrato_gestao_inicial,
2022,C:\OSS-Goias\documentos\Instituto Patris\HEL\2022\05_Contrato_Gestao_Aditivos\id133_1. Contrato nº 45_2022 - SES (VIGENTE).pdf,id133_1. Contrato nº 45_2022 - SES (VIGENTE),Inobservância de regra constante do contrato de gestão ou de lei,Desqualificação como organização social,HEL,Instituto Patris,contrato_gestao_inicial,
2022,C:\OSS-Goias\documentos\Instituto Patris\HEL\2022\05_Contrato_Gestao_Aditivos\id133_1. Contrato nº 45_2022 - SES (VIGENTE).pdf,id133_1. Contrato nº 45_2022 - SES (VIGENTE),Inobservância de regra constante do contrato de gestão ou de lei,Instauração de Tomada de Contas Especial,HEL,Instituto Patris,contrato_gestao_inicial,
2022,C:\OSS-Goias\documentos\Instituto Patris\HEL\2022\05_Contrato_Gestao_Aditivos\id133_1. Contrato nº 45_2022 - SES (VIGENTE).pdf,id133_1. Contrato nº 45_2022 - SES (VIGENTE),Descumprimento da exigência prevista na Lei estadual nº 20.489/2019,Multa por descumprimento da exigência do Programa de Integridade (Lei estadual nº 20.489/2019),HEL,Instituto Patris,contrato_gestao_inicial,"0,1% por dia sobre o valor atualizado do contrato"
2022,C:\OSS-Goias\documentos\Instituto Patris\HEL\2022\05_Contrato_Gestao_Aditivos\id133_1. Contrato nº 45_2022 - SES (VIGENTE).pdf,id133_1. Contrato nº 45_2022 - SES (VIGENTE),Não cumprimento das metas pactuadas,Desconto financeiro de até 10% (dez por cento) de cada mês (parte variável),HEL,Instituto Patris,contrato_gestao_inicial,até 10%
2022,C:\OSS-Goias\documentos\Instituto Patris\HEL\2022\05_Contrato_Gestao_Aditivos\id3888_1.16.1 Primeiro Termo Aditivo ao Contrato de Gestão nº 45_2022-SES_GO.pdf,id3888_1.16.1 Primeiro Termo Aditivo ao Contrato de Gestão nº 45_2022-SES_GO,"Quando a atividade realizada for inferior a 100% do volume contratado, com mínimo de 70% do orçamento quando abaixo de 70% do volume contratado",Desconto financeiro pelo não atingimento das metas de produção (indicadores de produção - 90% do contrato),HEL,Instituto Patris,termo_aditivo,"Variável conforme tabela III: entre 70% e 100% do orçamento destinado à modalidade, dependendo do percentual de volume contratado realizado"
2022,C:\OSS-Goias\documentos\Instituto Patris\HEL\2022\05_Contrato_Gestao_Aditivos\id3888_1.16.1 Primeiro Termo Aditivo ao Contrato de Gestão nº 45_2022-SES_GO.pdf,id3888_1.16.1 Primeiro Termo Aditivo ao Contrato de Gestão nº 45_2022-SES_GO,Avaliação semestral dos indicadores de desempenho; ajuste financeiro a menor nos meses subsequentes,Desconto financeiro pelo não atingimento dos indicadores de desempenho (10% do contrato),HEL,Instituto Patris,termo_aditivo,Variável conforme Tabela V: de ZERO (pontuação <5) a 100% (pontuação 9-10) do valor destinado ao desempenho
2022,C:\OSS-Goias\documentos\Instituto Patris\HEL\2022\05_Contrato_Gestao_Aditivos\id3888_1.16.1 Primeiro Termo Aditivo ao Contrato de Gestão nº 45_2022-SES_GO.pdf,id3888_1.16.1 Primeiro Termo Aditivo ao Contrato de Gestão nº 45_2022-SES_GO,Descumprimento de prazos pelo Parceiro Privado mediante notificação prévia,Desconto das glosas aplicadas ao Parceiro Público por não cumprimento de prazos de produção hospitalar/ambulatorial (SIA/SIH) e CNES,HEL,Instituto Patris,termo_aditivo,Valores correspondentes às glosas
2022,C:\OSS-Goias\documentos\Instituto Patris\HEL\2022\05_Contrato_Gestao_Aditivos\id3888_1.16.1 Primeiro Termo Aditivo ao Contrato de Gestão nº 45_2022-SES_GO.pdf,id3888_1.16.1 Primeiro Termo Aditivo ao Contrato de Gestão nº 45_2022-SES_GO,Conforme parecer de comissão instituída pela SES,"Desconto regressivo por fornecimento de materiais, medicamentos, órteses e próteses não disponíveis na tabela SUS-SIGTAP quando demandados judicialmente ao Parceiro Público",HEL,Instituto Patris,termo_aditivo,Valores correspondentes deduzidos do custeio
2022,C:\OSS-Goias\documentos\Instituto Patris\HEL\2022\05_Contrato_Gestao_Aditivos\id3888_1.16.1 Primeiro Termo Aditivo ao Contrato de Gestão nº 45_2022-SES_GO.pdf,id3888_1.16.1 Primeiro Termo Aditivo ao Contrato de Gestão nº 45_2022-SES_GO,Realizado mensalmente pelo Parceiro Público,Desconto financeiro referente aos proventos dos servidores cedidos,HEL,Instituto Patris,termo_aditivo,Integral - valor total da apuração mensal dos proventos acrescido da contribuição previdenciária
2022,C:\OSS-Goias\documentos\Instituto Patris\HEL\2022\05_Contrato_Gestao_Aditivos\id3888_1.16.1 Primeiro Termo Aditivo ao Contrato de Gestão nº 45_2022-SES_GO.pdf,id3888_1.16.1 Primeiro Termo Aditivo ao Contrato de Gestão nº 45_2022-SES_GO,"Notificação, advertência, suspensão do Ajuste, até rescisão, em caso de descumprimento das orientações referentes ao Ensino e Pesquisa",Penalidades por descumprimento das regras de Ensino e Pesquisa,HEL,Instituto Patris,termo_aditivo,
2022,C:\OSS-Goias\documentos\Instituto Patris\HEL\2022\05_Contrato_Gestao_Aditivos\id3888_1.16.1 Primeiro Termo Aditivo ao Contrato de Gestão nº 45_2022-SES_GO.pdf,id3888_1.16.1 Primeiro Termo Aditivo ao Contrato de Gestão nº 45_2022-SES_GO,Reincidência no descumprimento conforme regulamentação definida pela SES-GO,Penalidades por reincidência no descumprimento das solicitações quanto ao portal da transparência,HEL,Instituto Patris,termo_aditivo,
2022,C:\OSS-Goias\documentos\Instituto Patris\HEL\2022\05_Contrato_Gestao_Aditivos\id4502_1. Competências previstas no Contrato de Gestão - Nº 45_2022-SES_GO (VIGENTE).pdf,id4502_1. Competências previstas no Contrato de Gestão - Nº 45_2022-SES_GO (VIGENTE),Ação ou omissão do Parceiro Privado,O Parceiro Privado é responsável pelo pagamento de qualquer quantia decorrente de aplicação de penalidade ou sanção que decorra de sua ação ou omissão,HEL,Instituto Patris,termo_aditivo,
2022,C:\OSS-Goias\documentos\Instituto Patris\HEL\2022\05_Contrato_Gestao_Aditivos\id4502_1. Competências previstas no Contrato de Gestão - Nº 45_2022-SES_GO (VIGENTE).pdf,id4502_1. Competências previstas no Contrato de Gestão - Nº 45_2022-SES_GO (VIGENTE),Ação ou omissão culposa dos agentes do Parceiro Privado,O Parceiro Privado é responsável pelas indenizações decorrentes de ação ou omissão culposa que seus agentes causarem aos usuários das unidades públicas e aos bens públicos móveis e imóveis cujo uso lhe foi permitido,HEL,Instituto Patris,termo_aditivo,
2023,C:\OSS-Goias\documentos\IDTech\HGG\2023\05_Contrato_Gestao_Aditivos\16. Compêtencias previstas no Contrato de Gestão - 16º Termo Aditivo.pdf,16. Compêtencias previstas no Contrato de Gestão - 16º Termo Aditivo,"Quando o Parceiro Público for demandado judicial e/ou administrativamente para fornecimento de materiais, medicamentos, órteses e próteses não disponíveis na tabela SUS-SIGTAP","Dedução nos valores de custeio do Contrato de Gestão repassados pelo Parceiro Público referente ao fornecimento de materiais, medicamentos, órteses e próteses não disponíveis na tabela SUS-SIGTAP quando demandado judicial ou administrativamente",HGG,IDTECH,termo_aditivo,
2023,C:\OSS-Goias\documentos\IDTech\HGG\2023\05_Contrato_Gestao_Aditivos\16. Compêtencias previstas no Contrato de Gestão - 16º Termo Aditivo.pdf,16. Compêtencias previstas no Contrato de Gestão - 16º Termo Aditivo,Mediante notificação prévia ao Parceiro Privado,"Desconto das faturas devidas ao Parceiro Privado a título de ressarcimento por fornecimento de materiais, medicamentos, órteses e próteses não disponíveis na tabela SUS-SIGTAP",HGG,IDTECH,termo_aditivo,
2023,C:\OSS-Goias\documentos\ISG\HDT\2023\05_Contrato_Gestao_Aditivos\16o-Termo-Aditivo-2023-ao-CG-n.o-091-2012-–-SES.GO_-2.pdf,16o-Termo-Aditivo-2023-ao-CG-n.o-091-2012-–-SES.GO_-2,"Descumprimento dos princípios basilares da Administração Pública, assegurado contraditório e ampla defesa","Rescisão do ajuste pelo Parceiro Público a qualquer momento por descumprimento dos princípios basilares da Administração Pública, com aplicação das penalidades previstas no Contrato de Gestão",HDT,ISG,termo_aditivo,
2023,C:\OSS-Goias\documentos\ISG\HDT\2023\05_Contrato_Gestao_Aditivos\16o-Termo-Aditivo-2023-ao-CG-n.o-091-2012-–-SES.GO_-2.pdf,16o-Termo-Aditivo-2023-ao-CG-n.o-091-2012-–-SES.GO_-2,"Produção assistencial abaixo do volume contratado, avaliada trimestralmente",Desconto financeiro pelo não cumprimento das metas de produção assistencial,HDT,ISG,termo_aditivo,Proporcional conforme Tabela II (mínimo 70% do orçamento destinado à modalidade quando realização < 70% do volume contratado)
2023,C:\OSS-Goias\documentos\ISG\HDT\2023\05_Contrato_Gestao_Aditivos\16o-Termo-Aditivo-2023-ao-CG-n.o-091-2012-–-SES.GO_-2.pdf,16o-Termo-Aditivo-2023-ao-CG-n.o-091-2012-–-SES.GO_-2,Avaliação trimestral ou mensal dos indicadores de desempenho,Desconto financeiro pelo não cumprimento dos indicadores de desempenho,HDT,ISG,termo_aditivo,10% do contrato de gestão vinculado aos indicadores; pontuação < 5 resulta em ZERO de repasse variável
2023,C:\OSS-Goias\documentos\ISG\HDT\2023\05_Contrato_Gestao_Aditivos\16o-Termo-Aditivo-2023-ao-CG-n.o-091-2012-–-SES.GO_-2.pdf,16o-Termo-Aditivo-2023-ao-CG-n.o-091-2012-–-SES.GO_-2,Desligamento do residente do Programa ou não preenchimento das vagas,Glosa do valor referente à bolsa e despesa de custeio do residente desligado ou vaga não preenchida,HDT,ISG,termo_aditivo,Valor correspondente à bolsa e custeio do residente
2023,C:\OSS-Goias\documentos\ISG\HDT\2023\05_Contrato_Gestao_Aditivos\16o-Termo-Aditivo-2023-ao-CG-n.o-091-2012-–-SES.GO_-2.pdf,16o-Termo-Aditivo-2023-ao-CG-n.o-091-2012-–-SES.GO_-2,"Notificação, advertência, suspensão do Ajuste ou rescisão, em caso de descumprimento das regras de Ensino e Pesquisa",Penalidades por descumprimento das regras de Ensino e Pesquisa,HDT,ISG,termo_aditivo,
2023,C:\OSS-Goias\documentos\ISG\HDT\2023\05_Contrato_Gestao_Aditivos\16o-Termo-Aditivo-2023-ao-CG-n.o-091-2012-–-SES.GO_-2.pdf,16o-Termo-Aditivo-2023-ao-CG-n.o-091-2012-–-SES.GO_-2,"Reincidência no descumprimento das solicitações do portal de transparência, conforme regulamentação da SES-GO",Penalidades por reincidência no descumprimento das solicitações quanto ao portal da transparência,HDT,ISG,termo_aditivo,
2023,C:\OSS-Goias\documentos\FUNEV\HEANA\2023\05_Contrato_Gestao_Aditivos\1700488721202-Competencias 1° termo aditivo.pdf,1700488721202-Competencias 1° termo aditivo,Prestação de contas apresentada extemporaneamente ou não aprovada,"Restituição ao Parceiro Público do valor repassado, atualizado monetariamente e acrescido de juros legais, quando as prestações de contas parciais e finais forem apresentadas extemporaneamente e/ou não forem aprovadas",HEANA,FUNEV,termo_aditivo,valor repassado + atualização monetária + juros legais
2023,C:\OSS-Goias\documentos\FUNEV\HEANA\2023\05_Contrato_Gestao_Aditivos\1700488721202-Competencias 1° termo aditivo.pdf,1700488721202-Competencias 1° termo aditivo,Ação ou omissão do Parceiro Privado,Responsabilidade pelo pagamento de qualquer quantia decorrente de aplicação de penalidade ou sanção que decorra de sua ação ou omissão,HEANA,FUNEV,termo_aditivo,
2023,C:\OSS-Goias\documentos\FUNEV\HEANA\2023\05_Contrato_Gestao_Aditivos\1700488721202-Competencias 1° termo aditivo.pdf,1700488721202-Competencias 1° termo aditivo,Fornecimento de itens não disponíveis na tabela SUS-SIGTAP prescritos pelo Parceiro Privado e demandados judicialmente ao Parceiro Público,"Desconto das faturas devidas ao Parceiro Privado dos valores correspondentes ao ressarcimento de materiais, medicamentos, órteses e próteses fora da tabela SUS-SIGTAP demandados judicialmente ao Parceiro Público",HEANA,FUNEV,termo_aditivo,valores correspondentes ao ressarcimento
2023,C:\OSS-Goias\documentos\FUNEV\HEANA\2023\05_Contrato_Gestao_Aditivos\1700501422686-Competencias 2° termo aditivo.pdf,1700501422686-Competencias 2° termo aditivo,Apresentação extemporânea ou não aprovação das prestações de contas parciais e finais,"Restituição ao PARCEIRO PÚBLICO do valor repassado, atualizado monetariamente e acrescido de juros legais, quando prestações de contas parciais e finais forem apresentadas extemporaneamente e/ou não forem aprovadas",HEANA,FUNEV,termo_aditivo,
2023,C:\OSS-Goias\documentos\FUNEV\HEANA\2023\05_Contrato_Gestao_Aditivos\1700501422686-Competencias 2° termo aditivo.pdf,1700501422686-Competencias 2° termo aditivo,Omissão ou atraso no encaminhamento de intimações e notificações judiciais/administrativas,"Responsabilidade administrativa, civil e criminal por deixar de remeter ou remeter fora do prazo intimações e notificações ao PARCEIRO PÚBLICO e à Procuradoria-Geral do Estado",HEANA,FUNEV,termo_aditivo,
2023,C:\OSS-Goias\documentos\FUNEV\HEANA\2023\05_Contrato_Gestao_Aditivos\1700501422686-Competencias 2° termo aditivo.pdf,1700501422686-Competencias 2° termo aditivo,Demanda judicial ou administrativa ao PARCEIRO PÚBLICO por fornecimento de itens não cobertos pela tabela SUS-SIGTAP prescritos pelo PARCEIRO PRIVADO,"Ressarcimento regressivo ao PARCEIRO PÚBLICO de valores relativos ao fornecimento de materiais, medicamentos, órteses e próteses não disponíveis na tabela SUS-SIGTAP",HEANA,FUNEV,termo_aditivo,
2023,C:\OSS-Goias\documentos\FUNEV\HEANA\2023\05_Contrato_Gestao_Aditivos\1772651247549-4_Termo_Aditivo_ao_Contrato_de_Gestão_nº_662019.pdf,1772651247549-4_Termo_Aditivo_ao_Contrato_de_Gestão_nº_662019,Avaliação trimestral com desvio negativo em relação às metas contratadas,Desconto financeiro pelo não cumprimento de metas de produção assistencial,HEANA,FUNEV,termo_aditivo,"70% do orçamento destinado aos atendimentos se menos de 80% do volume contratado; 90% se entre 80% e 89,99%"
2023,C:\OSS-Goias\documentos\FUNEV\HEANA\2023\05_Contrato_Gestao_Aditivos\1772651247549-4_Termo_Aditivo_ao_Contrato_de_Gestão_nº_662019.pdf,1772651247549-4_Termo_Aditivo_ao_Contrato_de_Gestão_nº_662019,Avaliação trimestral dos indicadores de desempenho,Desconto financeiro vinculado à avaliação dos indicadores de desempenho (parte variável 10% do contrato),HEANA,FUNEV,termo_aditivo,0% a 100% do valor variável conforme pontuação global (0 a 10 pontos)
2023,C:\OSS-Goias\documentos\FUNEV\HEANA\2023\05_Contrato_Gestao_Aditivos\1772651247549-4_Termo_Aditivo_ao_Contrato_de_Gestão_nº_662019.pdf,1772651247549-4_Termo_Aditivo_ao_Contrato_de_Gestão_nº_662019,Descumprimento da implantação do Programa de Integridade,Multa por descumprimento da exigência do Programa de Integridade (Lei estadual nº 20.489/2019),HEANA,FUNEV,termo_aditivo,"0,1% por dia sobre o valor atualizado do contrato"
2023,C:\OSS-Goias\documentos\FUNEV\HEANA\2023\05_Contrato_Gestao_Aditivos\1772651247549-4_Termo_Aditivo_ao_Contrato_de_Gestão_nº_662019.pdf,1772651247549-4_Termo_Aditivo_ao_Contrato_de_Gestão_nº_662019,Desligamento do residente do Programa ou não preenchimento de vagas,Glosa de bolsa e despesa de custeio de residente,HEANA,FUNEV,termo_aditivo,Valor integral da bolsa e custeio do residente
2023,C:\OSS-Goias\documentos\IMED\HETRIN\2023\05_Contrato_Gestao_Aditivos\4o-TA-Hetrin_037-2019.pdf,4o-TA-Hetrin_037-2019,Produção realizada abaixo de 90% do volume contratado por modalidade assistencial,"Desconto financeiro proporcional pelo não cumprimento de metas de produção, conforme Tabela II do Anexo V, avaliação semestral.",HETRIN,IMED,termo_aditivo,Mínimo de 70% do orçamento da modalidade quando produção abaixo de 70% do volume contratado
2023,C:\OSS-Goias\documentos\IMED\HETRIN\2023\05_Contrato_Gestao_Aditivos\4o-TA-Hetrin_037-2019.pdf,4o-TA-Hetrin_037-2019,Não atingimento das metas dos indicadores de desempenho,"Desconto financeiro da parte variável (10%) conforme pontuação global dos indicadores de desempenho, avaliação trimestral.",HETRIN,IMED,termo_aditivo,0% a 100% dos 10% variáveis conforme pontuação de 0 a 10
2023,C:\OSS-Goias\documentos\IMED\HETRIN\2023\05_Contrato_Gestao_Aditivos\4o-TA-Hetrin_037-2019.pdf,4o-TA-Hetrin_037-2019,"Descumprimento dos princípios basilares da Administração Pública, assegurado contraditório e ampla defesa",Rescisão do ajuste pelo Parceiro Público a qualquer momento por descumprimento dos princípios basilares da Administração Pública.,HETRIN,IMED,termo_aditivo,
2023,C:\OSS-Goias\documentos\IMED\HETRIN\2023\05_Contrato_Gestao_Aditivos\4o-TA-Hetrin_037-2019.pdf,4o-TA-Hetrin_037-2019,"Mensal, referente aos servidores estatutários cedidos",Desconto financeiro integral da folha de pagamento dos servidores cedidos mensalmente.,HETRIN,IMED,termo_aditivo,Valor integral dos proventos acrescido da contribuição previdenciária
2023,C:\OSS-Goias\documentos\IMED\HETRIN\2023\05_Contrato_Gestao_Aditivos\4o-TA-Hetrin_037-2019.pdf,4o-TA-Hetrin_037-2019,Ausência de elementos obrigatórios nos documentos fiscais das prestações de contas,"Glosa de documentos fiscais que não contenham os elementos obrigatórios (CNPJ, número do contrato, denominação da unidade, descrição do serviço, período e horas aplicadas).",HETRIN,IMED,termo_aditivo,
2023,C:\OSS-Goias\documentos\FUNEV\HEANA\2023\05_Contrato_Gestao_Aditivos\competencias 3° termo aditivo.pdf,competencias 3° termo aditivo,Ação ou omissão dolosa ou culposa dos agentes do parceiro privado,"Responsabilização pelo pagamento de indenização de qualquer natureza decorrente de ação ou omissão, dolosa ou culposa, causada ao parceiro público, destinatários dos serviços ou terceiros",HEANA,FUNEV,termo_aditivo,
2023,C:\OSS-Goias\documentos\FUNEV\HEANA\2023\05_Contrato_Gestao_Aditivos\competencias 3° termo aditivo.pdf,competencias 3° termo aditivo,Ação ou omissão do parceiro privado,Responsabilização pelo pagamento de qualquer quantia decorrente de aplicação de penalidade ou sanção,HEANA,FUNEV,termo_aditivo,
2023,C:\OSS-Goias\documentos\FUNEV\HEANA\2023\05_Contrato_Gestao_Aditivos\competencias 3° termo aditivo.pdf,competencias 3° termo aditivo,Prestações de contas parciais e finais apresentadas extemporaneamente e/ou não aprovadas,Restituição do valor repassado atualizado monetariamente e acrescido de juros legais quando prestações de contas não forem aprovadas ou forem apresentadas extemporaneamente,HEANA,FUNEV,termo_aditivo,
2023,C:\OSS-Goias\documentos\FUNEV\HEANA\2023\05_Contrato_Gestao_Aditivos\competencias 3° termo aditivo.pdf,competencias 3° termo aditivo,Cobrança indevida ao paciente em razão da execução do contrato,Responsabilização por cobrança indevida feita ao paciente ou seu representante por profissional empregado ou preposto,HEANA,FUNEV,termo_aditivo,
2023,C:\OSS-Goias\documentos\FUNEV\HEANA\2023\05_Contrato_Gestao_Aditivos\competencias 3° termo aditivo.pdf,competencias 3° termo aditivo,Demanda judicial ou administrativa para fornecimento de itens não previstos na tabela SUS-SIGTAP,"Desconto das faturas dos valores correspondentes ao ressarcimento de materiais, medicamentos, órteses e próteses não disponíveis na tabela SUS-SIGTAP prescritos pelo parceiro privado",HEANA,FUNEV,termo_aditivo,
2023,C:\OSS-Goias\documentos\FUNEV\HEANA\2023\05_Contrato_Gestao_Aditivos\Competencias Contrato de gestão.pdf,Competencias Contrato de gestão,Prestações de contas apresentadas fora do prazo ou não aprovadas,"Restituição ao PARCEIRO PÚBLICO do valor repassado, atualizado monetariamente e acrescido de juros legais, quando as prestações de contas parciais e finais forem apresentadas extemporaneamente e/ou não forem aprovadas",HEANA,FUNEV,outro,valor repassado atualizado + juros legais
2023,C:\OSS-Goias\documentos\FUNEV\HEANA\2023\05_Contrato_Gestao_Aditivos\Competencias Contrato de gestão.pdf,Competencias Contrato de gestão,Omissão ou atraso no encaminhamento de intimações/notificações judiciais e administrativas,"Responsabilidade administrativa, civil e criminal por deixar de remeter ou remeter fora do prazo intimações e notificações ao PARCEIRO PÚBLICO e à PGE",HEANA,FUNEV,outro,
2023,C:\OSS-Goias\documentos\FUNEV\HEANA\2023\05_Contrato_Gestao_Aditivos\Competencias Contrato de gestão.pdf,Competencias Contrato de gestão,"Danos causados ao PARCEIRO PÚBLICO, destinatários dos serviços ou terceiros",Pagamento de indenização por ação ou omissão dolosa ou culposa de seus agentes,HEANA,FUNEV,outro,
2023,C:\OSS-Goias\documentos\FUNEV\HEANA\2023\05_Contrato_Gestao_Aditivos\Competencias Contrato de gestão.pdf,Competencias Contrato de gestão,Fornecimento de itens não disponíveis na tabela SUS-SIGTAP prescritos pelo PARCEIRO PRIVADO,"Desconto das faturas devidas ao PARCEIRO PRIVADO dos valores correspondentes ao ressarcimento de materiais, medicamentos, órteses e próteses não disponíveis na tabela SUS-SIGTAP fornecidos por prescrição",HEANA,FUNEV,outro,valores correspondentes ao ressarcimento
2023,C:\OSS-Goias\documentos\IMED\HETRIN\2023\05_Contrato_Gestao_Aditivos\COMPETENCIAS-PREVISTAS-NO-CONTRATO-DE-GESTAO-HETRIN-1.pdf,COMPETENCIAS-PREVISTAS-NO-CONTRATO-DE-GESTAO-HETRIN-1,Apresentação extemporânea ou não aprovação das prestações de contas,"Restituição ao PARCEIRO PÚBLICO do valor repassado, atualizado monetariamente e acrescido de juros legais, quando prestações de contas parciais e finais forem apresentadas extemporaneamente e/ou não forem aprovadas.",HETRIN,IMED,outro,
2023,C:\OSS-Goias\documentos\IMED\HETRIN\2023\05_Contrato_Gestao_Aditivos\COMPETENCIAS-PREVISTAS-NO-CONTRATO-DE-GESTAO-HETRIN-1.pdf,COMPETENCIAS-PREVISTAS-NO-CONTRATO-DE-GESTAO-HETRIN-1,Ação ou omissão do Parceiro Privado,Responsabilidade pelo pagamento de qualquer quantia decorrente de aplicação de penalidade ou sanção que decorra de ação ou omissão do Parceiro Privado.,HETRIN,IMED,outro,
2023,C:\OSS-Goias\documentos\IMED\HETRIN\2023\05_Contrato_Gestao_Aditivos\COMPETENCIAS-PREVISTAS-NO-CONTRATO-DE-GESTAO-HETRIN-1.pdf,COMPETENCIAS-PREVISTAS-NO-CONTRATO-DE-GESTAO-HETRIN-1,Demanda judicial ou administrativa ao Parceiro Público por itens fora da tabela SUS-SIGTAP,"Dedução nos valores de custeio do Contrato de Gestão repassados pelo Parceiro Público, referentes ao fornecimento de materiais, medicamentos, órteses e próteses não disponíveis na tabela SUS-SIGTAP demandados judicialmente/administrativamente ao Parceiro Público.",HETRIN,IMED,outro,
2023,C:\OSS-Goias\documentos\IMED\HETRIN\2023\05_Contrato_Gestao_Aditivos\COMPETENCIAS-PREVISTAS-NO-CONTRATO-DE-GESTAO-HETRIN-2.pdf,COMPETENCIAS-PREVISTAS-NO-CONTRATO-DE-GESTAO-HETRIN-2,Prestações de contas parciais e finais apresentadas extemporaneamente e/ou não aprovadas,"Restituição ao PARCEIRO PÚBLICO do valor repassado, atualizado monetariamente e acrescido de juros legais, quando as prestações de contas forem apresentadas extemporaneamente e/ou não forem aprovadas.",HETRIN,IMED,outro,valor repassado atualizado + juros legais
2023,C:\OSS-Goias\documentos\IMED\HETRIN\2023\05_Contrato_Gestao_Aditivos\COMPETENCIAS-PREVISTAS-NO-CONTRATO-DE-GESTAO-HETRIN-2.pdf,COMPETENCIAS-PREVISTAS-NO-CONTRATO-DE-GESTAO-HETRIN-2,Ação ou omissão do PARCEIRO PRIVADO que resulte em penalidade ou sanção,Pagamento de qualquer quantia decorrente de aplicação de penalidade ou sanção que decorra de ação ou omissão do PARCEIRO PRIVADO.,HETRIN,IMED,outro,
2023,C:\OSS-Goias\documentos\IMED\HETRIN\2023\05_Contrato_Gestao_Aditivos\COMPETENCIAS-PREVISTAS-NO-CONTRATO-DE-GESTAO-HETRIN-2.pdf,COMPETENCIAS-PREVISTAS-NO-CONTRATO-DE-GESTAO-HETRIN-2,Demanda judicial/administrativa para fornecimento de itens não disponíveis na tabela SUS-SIGTAP,"Dedução nos valores de custeio do Contrato de Gestão repassados pelo PARCEIRO PÚBLICO quando demandado judicialmente para fornecimento de materiais, medicamentos, órteses e próteses fora da tabela SUS-SIGTAP.",HETRIN,IMED,outro,valor correspondente ao fornecimento
2023,C:\OSS-Goias\documentos\AGIR\HUGOL\2023\05_Contrato_Gestao_Aditivos\Competências previstas no Contrato de Gestão HUGOL_10º Aditivo.pdf,Competências previstas no Contrato de Gestão HUGOL_10º Aditivo,Prestações de contas parciais e finais apresentadas extemporaneamente e/ou não aprovadas,"Restituição ao PARCEIRO PÚBLICO do valor repassado, atualizado monetariamente e acrescido de juros legais, quando as prestações de contas parciais e finais forem apresentadas extemporaneamente e/ou não forem aprovadas",HUGOL,AGIR,outro,valor repassado atualizado monetariamente + juros legais
2023,C:\OSS-Goias\documentos\AGIR\HUGOL\2023\05_Contrato_Gestao_Aditivos\Competências previstas no Contrato de Gestão HUGOL_10º Aditivo.pdf,Competências previstas no Contrato de Gestão HUGOL_10º Aditivo,Quando o PARCEIRO PÚBLICO for demandado judicial ou administrativamente para fornecimento de itens não disponíveis na tabela SUS-SIGTAP,"Dedução nas faturas devidas ao PARCEIRO PRIVADO dos valores correspondentes ao fornecimento de materiais, medicamentos, órteses e próteses não disponíveis na tabela SUS-SIGTAP demandados judicialmente ou administrativamente ao PARCEIRO PÚBLICO",HUGOL,AGIR,outro,valores correspondentes ao ressarcimento
2023,C:\OSS-Goias\documentos\IGH\HEAPA\2023\05_Contrato_Gestao_Aditivos\Contrato 002.pdf,Contrato 002,"Cobrança indevida ao usuário por serviços médicos, hospitalares ou complementares","Responsabilização por cobrança indevida feita ao paciente ou a seu representante, por profissional empregado ou preposto, em razão da execução do Contrato",HUAPA,IGH,contrato_gestao_inicial,
2023,C:\OSS-Goias\documentos\IGH\HEAPA\2023\05_Contrato_Gestao_Aditivos\Contrato 002.pdf,Contrato 002,Dano ou prejuízo causado na execução dos serviços contratados,"Responsabilização por todo e qualquer dano ou prejuízo de qualquer natureza causados à CONTRATANTE, usuários e/ou terceiros por culpa, erro, negligência ou imperícia da CONTRATADA ou de seus auxiliares",HUAPA,IGH,contrato_gestao_inicial,
2023,C:\OSS-Goias\documentos\IGH\HEAPA\2023\05_Contrato_Gestao_Aditivos\Contrato 096 - 1° Aditivo.pdf,Contrato 096 - 1° Aditivo,Prestações de contas parciais e finais apresentadas extemporaneamente e/ou não aprovadas,"Restituição ao PARCEIRO PÚBLICO do valor repassado, atualizado monetariamente e acrescido de juros legais, quando as prestações de contas parciais e finais forem apresentadas extemporaneamente e/ou não forem aprovadas.",HUAPA,IGH,termo_aditivo,
2023,C:\OSS-Goias\documentos\IGH\HEAPA\2023\05_Contrato_Gestao_Aditivos\Contrato 096 - 6° Aditivo.pdf,Contrato 096 - 6° Aditivo,"Quando o Parceiro Público for demandado judicial e/ou administrativamente para fornecimento de materiais, medicamentos, órteses e próteses não disponíveis na tabela SUS-SIGTAP, os valores serão cobrados do Parceiro Privado por dedução nas faturas, mediante notificação prévia.","Dedução nos valores de custeio do Contrato de Gestão repassados pelo Parceiro Público, referente ao fornecimento de materiais, medicamentos, órteses e próteses não disponíveis na tabela SUS-SIGTAP quando demandado judicial ou administrativamente.",HUAPA,IGH,termo_aditivo,
2023,C:\OSS-Goias\documentos\IGH\HEAPA\2023\05_Contrato_Gestao_Aditivos\Contrato 096 - 7° Aditivo.pdf,Contrato 096 - 7° Aditivo,"Quando o PARCEIRO PÚBLICO for demandado administrativamente para o fornecimento de materiais, medicamentos, órteses e próteses não disponíveis na tabela SUS-SIGTAP, os valores serão deduzidos dos repasses de custeio do Contrato de Gestão, mediante notificação prévia","Desconto nas faturas devidas ao PARCEIRO PRIVADO por fornecimento de materiais, medicamentos, órteses e próteses não disponíveis na tabela SUS-SIGTAP quando o PARCEIRO PÚBLICO for demandado administrativamente para seu fornecimento",HUAPA,IGH,termo_aditivo,
2023,C:\OSS-Goias\documentos\IGH\HEAPA\2023\05_Contrato_Gestao_Aditivos\Contrato 096 - 8° Aditivo.pdf,Contrato 096 - 8° Aditivo,Quando o PARCEIRO PÚBLICO for demandado administrativamente para fornecimento de itens não cobertos pela tabela SUS-SIGTAP prescritos pelo PARCEIRO PRIVADO,"Ressarcimento ao PARCEIRO PÚBLICO por fornecimento de materiais, medicamentos, órteses e próteses não disponíveis na tabela SUS-SIGTAP, mediante dedução nos valores de custeio do Contrato de Gestão",HEAPA,IGH,termo_aditivo,
2023,C:\OSS-Goias\documentos\IGH\HEAPA\2023\05_Contrato_Gestao_Aditivos\Contrato 096 - 9° Aditivo.pdf,Contrato 096 - 9° Aditivo,"Quando o PARCEIRO PÚBLICO for demandado administrativamente para o fornecimento de materiais, medicamentos, órteses e próteses que não estejam disponíveis na tabela SUS-SIGTAP","Desconto nas faturas devidas ao PARCEIRO PRIVADO dos valores correspondentes ao ressarcimento de materiais, medicamentos, órteses e próteses não disponíveis na tabela SUS-SIGTAP fornecidos pelo PARCEIRO PÚBLICO por demanda administrativa",HEAPA,IGH,termo_aditivo,
2023,C:\OSS-Goias\documentos\IGH\HEAPA\2023\05_Contrato_Gestao_Aditivos\Contrato 100.pdf,Contrato 100,Cobrança indevida ao paciente ou representante por profissional empregado ou preposto,"Responsabilização por cobrança indevida feita ao paciente ou a seu representante, por profissional empregado ou preposto, em razão da execução do Contrato.",HUAPA,IGH,contrato_gestao_inicial,
2023,C:\OSS-Goias\documentos\FUNEV\HEANA\2023\05_Contrato_Gestao_Aditivos\f30f01e6-2b47-401f-92ed-40a280a1175f.pdf,f30f01e6-2b47-401f-92ed-40a280a1175f,Ação ou omissão do parceiro privado,Responsabilização pelo pagamento de qualquer quantia decorrente de aplicação de penalidade ou sanção que decorra de ação ou omissão do parceiro privado,HEANA,FUNEV,outro,
2023,C:\OSS-Goias\documentos\FUNEV\HEANA\2023\05_Contrato_Gestao_Aditivos\f30f01e6-2b47-401f-92ed-40a280a1175f.pdf,f30f01e6-2b47-401f-92ed-40a280a1175f,Prestação de contas extemporânea ou não aprovada,"Restituição do valor repassado, atualizado monetariamente e acrescido de juros legais, quando as prestações de contas forem apresentadas extemporaneamente e/ou não forem aprovadas",HEANA,FUNEV,outro,100% do valor repassado + correção monetária + juros legais
2023,C:\OSS-Goias\documentos\FUNEV\HEANA\2023\05_Contrato_Gestao_Aditivos\f30f01e6-2b47-401f-92ed-40a280a1175f.pdf,f30f01e6-2b47-401f-92ed-40a280a1175f,Demanda judicial ou administrativa ao parceiro público por itens não disponíveis na tabela SUS-SIGTAP prescritos pelo parceiro privado,"Desconto nas faturas dos valores correspondentes ao ressarcimento de materiais, medicamentos, órteses e próteses não disponíveis na tabela SUS-SIGTAP demandados judicialmente ao parceiro público",HEANA,FUNEV,outro,Valores correspondentes ao ressarcimento
2024,C:\OSS-Goias\documentos\ISG\HDT\2024\05_Contrato_Gestao_Aditivos\05.-Relatorio-Resumido-da-Execucao-Orcamentaria-e-Financeira-por-Contrato-de-Gestao-Dezembro-23-1.pdf,05.-Relatorio-Resumido-da-Execucao-Orcamentaria-e-Financeira-por-Contrato-de-Gestao-Dezembro-23-1,"Período de 25 de junho a 24 de dezembro de 2022, aplicada em ago-23",Glosa - Não cumprimento de Metas Contratuais,HDT,ISG,outro,341285.47
2024,C:\OSS-Goias\documentos\ISG\HDT\2024\05_Contrato_Gestao_Aditivos\05.-Relatorio-Resumido-da-Execucao-Orcamentaria-e-Financeira-por-Contrato-de-Gestao-Dezembro-23-1.pdf,05.-Relatorio-Resumido-da-Execucao-Orcamentaria-e-Financeira-por-Contrato-de-Gestao-Dezembro-23-1,"Desconto referente a servidores cedidos pelo Estado lotados na unidade, natureza 3.1.91.11.10",Glosa - Servidores cedidos,HDT,ISG,outro,"vários valores mensais (total incluído no total geral de glosas de 20.973.287,66)"
2024,C:\OSS-Goias\documentos\ISG\HDT\2024\05_Contrato_Gestao_Aditivos\05.-Relatorio-Resumido-da-Execucao-Orcamentaria-e-Financeira-por-Contrato-de-Gestao-Dezembro-23-1.pdf,05.-Relatorio-Resumido-da-Execucao-Orcamentaria-e-Financeira-por-Contrato-de-Gestao-Dezembro-23-1,"Desconto referente a residentes médicos, natureza 3.1.91.11.10",Glosa - Residentes (Programa de Residência Médica),HDT,ISG,outro,vários valores mensais
2024,C:\OSS-Goias\documentos\ISG\HDT\2024\05_Contrato_Gestao_Aditivos\05.-Relatorio-Resumido-da-Execucao-Orcamentaria-e-Financeira-por-Contrato-de-Gestao-Dezembro-23-1.pdf,05.-Relatorio-Resumido-da-Execucao-Orcamentaria-e-Financeira-por-Contrato-de-Gestao-Dezembro-23-1,"Desconto referente a faturas de energia elétrica pagas pelo Estado, natureza 3.3.90.39.04",Glosa - Concessionárias (faturas da energia),HDT,ISG,outro,vários valores mensais
2024,C:\OSS-Goias\documentos\ISG\HDT\2024\05_Contrato_Gestao_Aditivos\05.-Relatorio-Resumido-da-Execucao-Orcamentaria-e-Financeira-por-Contrato-de-Gestao-Dezembro-23-1.pdf,05.-Relatorio-Resumido-da-Execucao-Orcamentaria-e-Financeira-por-Contrato-de-Gestao-Dezembro-23-1,Quando o valor da folha de pagamento executado foi menor que o previsto no contrato,Outras Glosas - Diferença do ajuste de folha - valor da folha menor que o previsto no Contrato,HDT,ISG,outro,vários valores mensais
2024,C:\OSS-Goias\documentos\ISG\HDT\2024\05_Contrato_Gestao_Aditivos\05.-Relatorio-Resumido-da-Execucao-Orcamentaria-e-Financeira-por-Contrato-de-Gestao-Julho-2024.pdf,05.-Relatorio-Resumido-da-Execucao-Orcamentaria-e-Financeira-por-Contrato-de-Gestao-Julho-2024,"Desconto referente a servidores cedidos pela SES/GO à OSS, conforme folha de pessoal mensal",Glosa - Servidores cedidos,HDT,ISG,outro,"Valores mensais variáveis (jan-24: R$1.399.995,89; fev-24: R$1.335.022,78; mar-24: R$1.319.264,89; abr-24: R$1.281.971,59; mai-24: R$1.314.505,43; jun-24: R$1.600.000,00; jul-24: R$1.600.000,00)"
2024,C:\OSS-Goias\documentos\ISG\HDT\2024\05_Contrato_Gestao_Aditivos\05.-Relatorio-Resumido-da-Execucao-Orcamentaria-e-Financeira-por-Contrato-de-Gestao-Julho-2024.pdf,05.-Relatorio-Resumido-da-Execucao-Orcamentaria-e-Financeira-por-Contrato-de-Gestao-Julho-2024,Desconto referente ao Programa de Residência Médica,Glosa - Residentes (Programa de Residência Médica),HDT,ISG,outro,"Valores mensais variáveis (jan-24: R$48.731,10; fev-24: R$40.403,94; mar-24: R$43.458,86; abr-24: R$32.520,24; mai-24: R$32.520,24)"
2024,C:\OSS-Goias\documentos\ISG\HDT\2024\05_Contrato_Gestao_Aditivos\05.-Relatorio-Resumido-da-Execucao-Orcamentaria-e-Financeira-por-Contrato-de-Gestao-Julho-2024.pdf,05.-Relatorio-Resumido-da-Execucao-Orcamentaria-e-Financeira-por-Contrato-de-Gestao-Julho-2024,Valor da folha de pagamento inferior ao previsto contratualmente,Glosa - Diferença do ajuste de folha (valor da folha menor que o previsto no contrato),HDT,ISG,outro,"Valores mensais variáveis (jan-24: R$28.585,46; fev-24: R$101.885,73; mar-24: R$114.588,70; abr-24: R$162.820,62; mai-24: R$130.286,78)"
2024,C:\OSS-Goias\documentos\ISG\HDT\2024\05_Contrato_Gestao_Aditivos\05.-Relatorio-Resumido-da-Execucao-Orcamentaria-e-Financeira-por-Contrato-de-Gestao-Julho-2024.pdf,05.-Relatorio-Resumido-da-Execucao-Orcamentaria-e-Financeira-por-Contrato-de-Gestao-Julho-2024,Desconto referente às faturas de energia elétrica (concessionárias),Glosa - Concessionárias (faturas de energia),HDT,ISG,outro,"Valores mensais variáveis (jan-24: R$86.753,48; fev-24: R$66.977,95; mar-24: R$65.381,60; abr-24: R$70.152,29; mai-24: R$72.248,99; jun-24: R$100.000,00; jul-24: R$100.000,00)"
2024,C:\OSS-Goias\documentos\ISG\HDT\2024\05_Contrato_Gestao_Aditivos\05.-Relatorio-Resumido-da-Execucao-Orcamentaria-e-Financeira-por-Contrato-de-Gestao-Julho-2024.pdf,05.-Relatorio-Resumido-da-Execucao-Orcamentaria-e-Financeira-por-Contrato-de-Gestao-Julho-2024,Descumprimento de metas contratuais pactuadas,Glosa - Não cumprimento de Metas Contratuais,HDT,ISG,outro,
2024,C:\OSS-Goias\documentos\ISG\HDT\2024\05_Contrato_Gestao_Aditivos\06.-Relatorio-Resumido-da-Execucao-Orcamentaria-e-Financeira-por-Contrato-de-Gestao-Agosto-2024.pdf,06.-Relatorio-Resumido-da-Execucao-Orcamentaria-e-Financeira-por-Contrato-de-Gestao-Agosto-2024,"Servidores cedidos pela SES ao HDT, cujos custos são descontados do repasse mensal",Glosa - Servidores cedidos,HDT,ISG,outro,"Valores variáveis por mês (ex: jan/24 R$1.399.995,89; fev/24 R$1.335.022,78; mar/24 R$1.319.264,89; abr/24 R$1.281.971,59; mai/24 R$1.314.505,43; jun/24 R$1.364.251,69; jul/24 R$1.315.779,87; ago/24 R$1.546.292,30)"
2024,C:\OSS-Goias\documentos\ISG\HDT\2024\05_Contrato_Gestao_Aditivos\06.-Relatorio-Resumido-da-Execucao-Orcamentaria-e-Financeira-por-Contrato-de-Gestao-Agosto-2024.pdf,06.-Relatorio-Resumido-da-Execucao-Orcamentaria-e-Financeira-por-Contrato-de-Gestao-Agosto-2024,Folha do Programa de Residência Médica descontada do repasse mensal,Glosa - Residentes (Programa de Residência Médica),HDT,ISG,outro,"Valores variáveis por mês (ex: jan/24 R$48.731,10; fev/24 R$40.403,94; mar/24 R$43.458,86; abr/24 R$32.520,24; mai/24 R$32.520,24; jun/24 R$29.071,13; jul/24 R$36.954,83; ago/24 R$53.707,70)"
2024,C:\OSS-Goias\documentos\ISG\HDT\2024\05_Contrato_Gestao_Aditivos\06.-Relatorio-Resumido-da-Execucao-Orcamentaria-e-Financeira-por-Contrato-de-Gestao-Agosto-2024.pdf,06.-Relatorio-Resumido-da-Execucao-Orcamentaria-e-Financeira-por-Contrato-de-Gestao-Agosto-2024,Diferença entre o valor previsto contratualmente para folha de pessoal e o valor efetivamente executado,Outras Glosas - Diferença do ajuste de folha - valor da folha menor que o previsto no Contrato,HDT,ISG,outro,"Valores variáveis por mês (ex: jan/24 R$28.585,46; fev/24 R$101.885,73; mar/24 R$114.588,70; abr/24 R$162.820,62; mai/24 R$130.286,78; jun/24 R$185.362,33; jul/24 R$225.950,45)"
2024,C:\OSS-Goias\documentos\ISG\HDT\2024\05_Contrato_Gestao_Aditivos\06.-Relatorio-Resumido-da-Execucao-Orcamentaria-e-Financeira-por-Contrato-de-Gestao-Agosto-2024.pdf,06.-Relatorio-Resumido-da-Execucao-Orcamentaria-e-Financeira-por-Contrato-de-Gestao-Agosto-2024,Faturas de energia elétrica pagas diretamente pela SES e descontadas do repasse,Glosa - Concessionárias (faturas de energia),HDT,ISG,outro,"Valores variáveis por mês (ex: jan/24 R$86.753,48; fev/24 R$66.977,95; mar/24 R$65.381,60; abr/24 R$70.152,29; mai/24 R$72.248,99; jun/24 R$62.902,61; jul/24 R$52.944,79; ago/24 R$100.000,00)"
2024,C:\OSS-Goias\documentos\ISG\HDT\2024\05_Contrato_Gestao_Aditivos\06.-Relatorio-Resumido-da-Execucao-Orcamentaria-e-Financeira-por-Contrato-de-Gestao-Agosto-2024.pdf,06.-Relatorio-Resumido-da-Execucao-Orcamentaria-e-Financeira-por-Contrato-de-Gestao-Agosto-2024,Descumprimento de metas pactuadas no contrato de gestão,Glosa - Não cumprimento de Metas Contratuais,HDT,ISG,outro,
2024,C:\OSS-Goias\documentos\ISG\HDT\2024\05_Contrato_Gestao_Aditivos\06.-Relatorio-Resumido-da-Execucao-Orcamentaria-e-Financeira-por-Contrato-de-Gestao-Janeiro-a-Marco-24-1.pdf,06.-Relatorio-Resumido-da-Execucao-Orcamentaria-e-Financeira-por-Contrato-de-Gestao-Janeiro-a-Marco-24-1,Dedução dos repasses mensais referente a servidores cedidos ao HDT,Glosa - Servidores cedidos,HDT,ISG,outro,"Valores variáveis por mês (jan-24: R$ 1.399.995,89; fev-24: R$ 1.335.022,78; mar-24 a jun-24: R$ 1.600.000,00 cada)"
2024,C:\OSS-Goias\documentos\ISG\HDT\2024\05_Contrato_Gestao_Aditivos\06.-Relatorio-Resumido-da-Execucao-Orcamentaria-e-Financeira-por-Contrato-de-Gestao-Janeiro-a-Marco-24-1.pdf,06.-Relatorio-Resumido-da-Execucao-Orcamentaria-e-Financeira-por-Contrato-de-Gestao-Janeiro-a-Marco-24-1,Dedução dos repasses mensais referente a residentes médicos,Glosa - Residentes (Programa de Residência Médica),HDT,ISG,outro,"jan-24: R$ 48.731,10; fev-24: R$ 40.403,94"
2024,C:\OSS-Goias\documentos\ISG\HDT\2024\05_Contrato_Gestao_Aditivos\06.-Relatorio-Resumido-da-Execucao-Orcamentaria-e-Financeira-por-Contrato-de-Gestao-Janeiro-a-Marco-24-1.pdf,06.-Relatorio-Resumido-da-Execucao-Orcamentaria-e-Financeira-por-Contrato-de-Gestao-Janeiro-a-Marco-24-1,Quando o valor da folha de pagamento é menor que o previsto contratualmente,Outras Glosas - Diferença do ajuste de folha (valor da folha menor que o previsto no Contrato),HDT,ISG,outro,"jan-24: R$ 28.585,46; fev-24: R$ 101.885,73"
2024,C:\OSS-Goias\documentos\ISG\HDT\2024\05_Contrato_Gestao_Aditivos\06.-Relatorio-Resumido-da-Execucao-Orcamentaria-e-Financeira-por-Contrato-de-Gestao-Janeiro-a-Marco-24-1.pdf,06.-Relatorio-Resumido-da-Execucao-Orcamentaria-e-Financeira-por-Contrato-de-Gestao-Janeiro-a-Marco-24-1,Dedução referente a faturas de energia elétrica pagas pelo Estado,Glosa - Concessionárias (faturas de energia),HDT,ISG,outro,"jan-24: R$ 86.753,48; fev-24: R$ 66.977,95; mar-24 a jun-24: R$ 100.000,00 cada"
2024,C:\OSS-Goias\documentos\ISG\HDT\2024\05_Contrato_Gestao_Aditivos\06.-Relatorio-Resumido-da-Execucao-Orcamentaria-e-Financeira-por-Contrato-de-Gestao-Janeiro-a-Marco-24-1.pdf,06.-Relatorio-Resumido-da-Execucao-Orcamentaria-e-Financeira-por-Contrato-de-Gestao-Janeiro-a-Marco-24-1,Descumprimento de metas contratuais pactuadas,Glosa - Não cumprimento de Metas Contratuais,HDT,ISG,outro,
2024,C:\OSS-Goias\documentos\ISG\HDT\2024\05_Contrato_Gestao_Aditivos\07.-Relatorio-Resumido-da-Execucao-Orcamentaria-e-Financeira-por-Contrato-de-Gestao-Abril-24.pdf,07.-Relatorio-Resumido-da-Execucao-Orcamentaria-e-Financeira-por-Contrato-de-Gestao-Abril-24,"Desconto mensal referente a servidores cedidos (jan-24 a abr-24), natureza 3.1.91.11.10, processo 201800010008207",Glosa - Servidores cedidos,HDT,ISG,outro,"6.654.283,56"
2024,C:\OSS-Goias\documentos\ISG\HDT\2024\05_Contrato_Gestao_Aditivos\07.-Relatorio-Resumido-da-Execucao-Orcamentaria-e-Financeira-por-Contrato-de-Gestao-Abril-24.pdf,07.-Relatorio-Resumido-da-Execucao-Orcamentaria-e-Financeira-por-Contrato-de-Gestao-Abril-24,"Desconto mensal referente a folha de residência médica (jan-24 a mar-24), natureza 3.1.91.11.10, processo 201800010008207",Glosa - Residentes (Programa de Residência Médica),HDT,ISG,outro,"132.593,90"
2024,C:\OSS-Goias\documentos\ISG\HDT\2024\05_Contrato_Gestao_Aditivos\07.-Relatorio-Resumido-da-Execucao-Orcamentaria-e-Financeira-por-Contrato-de-Gestao-Abril-24.pdf,07.-Relatorio-Resumido-da-Execucao-Orcamentaria-e-Financeira-por-Contrato-de-Gestao-Abril-24,"Valor da folha menor que o previsto no contrato (jan-24 a mar-24), natureza 3.1.91.11.10, processo 201800010008207",Outras Glosas - Diferença do ajuste de folha,HDT,ISG,outro,"245.059,89"
2024,C:\OSS-Goias\documentos\ISG\HDT\2024\05_Contrato_Gestao_Aditivos\07.-Relatorio-Resumido-da-Execucao-Orcamentaria-e-Financeira-por-Contrato-de-Gestao-Abril-24.pdf,07.-Relatorio-Resumido-da-Execucao-Orcamentaria-e-Financeira-por-Contrato-de-Gestao-Abril-24,"Desconto mensal referente a faturas de energia elétrica (jan-24 a abr-24), natureza 3.3.90.39.04, processo 201800010008207",Glosa - Concessionárias (faturas de energia),HDT,ISG,outro,"319.113,03"
2024,C:\OSS-Goias\documentos\ISG\HDT\2024\05_Contrato_Gestao_Aditivos\09.-Relatorio-Resumido-da-Execucao-Orcamentaria-e-Financeira-por-Contrato-de-Gestao-Setembro-2024-Excel.xlsx,09.-Relatorio-Resumido-da-Execucao-Orcamentaria-e-Financeira-por-Contrato-de-Gestao-Setembro-2024-Excel,"Desconto referente a servidores cedidos pela SES/GO à OSS, natureza 3.1.91.11.10, processo 201800010008207",Glosa - Servidores cedidos,HDT,ISG,outro,"Variável por mês (ex: jan/2024: R$ 1.399.995,89; fev: R$ 1.335.022,78; mar: R$ 1.319.264,89; abr: R$ 1.281.971,59; mai: R$ 1.314.505,43; jun: R$ 1.364.251,69; jul: R$ 1.315.779,87; ago: R$ 1.288.747,50; set: R$ 1.477.312,45)"
2024,C:\OSS-Goias\documentos\ISG\HDT\2024\05_Contrato_Gestao_Aditivos\09.-Relatorio-Resumido-da-Execucao-Orcamentaria-e-Financeira-por-Contrato-de-Gestao-Setembro-2024-Excel.xlsx,09.-Relatorio-Resumido-da-Execucao-Orcamentaria-e-Financeira-por-Contrato-de-Gestao-Setembro-2024-Excel,"Desconto referente ao Programa de Residência Médica, natureza 3.1.91.11.10, processo 201800010008207",Glosa - Residentes (Programa de Residência Médica),HDT,ISG,outro,"Variável por mês (ex: jan: R$ 48.731,10; fev: R$ 40.403,94; mar: R$ 43.458,86; abr: R$ 32.520,24; mai: R$ 32.520,24; jun: R$ 29.071,13; jul: R$ 36.954,83; ago: R$ 53.707,70; set: R$ 101.372,70)"
2024,C:\OSS-Goias\documentos\ISG\HDT\2024\05_Contrato_Gestao_Aditivos\09.-Relatorio-Resumido-da-Execucao-Orcamentaria-e-Financeira-por-Contrato-de-Gestao-Setembro-2024-Excel.xlsx,09.-Relatorio-Resumido-da-Execucao-Orcamentaria-e-Financeira-por-Contrato-de-Gestao-Setembro-2024-Excel,"Ajuste de folha quando valor realizado é menor que o previsto, natureza 3.1.91.11.10, processo 201800010008207",Outras Glosas - Diferença do ajuste de folha (valor da folha menor que o previsto no Contrato),HDT,ISG,outro,"Variável por mês (ex: jan: R$ 28.585,46; fev: R$ 101.885,73; mar: R$ 114.588,70; abr: R$ 162.820,62; mai: R$ 130.286,78; jun: R$ 185.362,33; jul: R$ 225.950,45)"
2024,C:\OSS-Goias\documentos\ISG\HDT\2024\05_Contrato_Gestao_Aditivos\09.-Relatorio-Resumido-da-Execucao-Orcamentaria-e-Financeira-por-Contrato-de-Gestao-Setembro-2024-Excel.xlsx,09.-Relatorio-Resumido-da-Execucao-Orcamentaria-e-Financeira-por-Contrato-de-Gestao-Setembro-2024-Excel,"Desconto referente a faturas de energia elétrica, natureza 3.3.90.39.04, processo 201800010008207",Glosa - Concessionárias (faturas de energia),HDT,ISG,outro,"Variável por mês (ex: jan: R$ 86.753,48; fev: R$ 66.977,95; mar: R$ 65.381,60; abr: R$ 70.152,29; mai: R$ 72.248,99; jun: R$ 62.902,61; jul: R$ 52.944,79; ago: R$ 56.259,27; set: R$ 100.000,00)"
2024,C:\OSS-Goias\documentos\ISG\HDT\2024\05_Contrato_Gestao_Aditivos\09.-Relatorio-Resumido-da-Execucao-Orcamentaria-e-Financeira-por-Contrato-de-Gestao-Setembro-2024-Excel.xlsx,09.-Relatorio-Resumido-da-Execucao-Orcamentaria-e-Financeira-por-Contrato-de-Gestao-Setembro-2024-Excel,"Natureza 3.3.90.39.04, área SES/GAAL-11410, SES/GMAE-14421 e SES/SUPECC-03082",Glosa - Não cumprimento de Metas Contratuais,HDT,ISG,outro,
2024,C:\OSS-Goias\documentos\ISG\HDT\2024\05_Contrato_Gestao_Aditivos\09.-Relatorio-Resumido-da-Execucao-Orcamentaria-e-Financeira-por-Contrato-de-Gestao-Setembro-2024-Excel.xlsx,09.-Relatorio-Resumido-da-Execucao-Orcamentaria-e-Financeira-por-Contrato-de-Gestao-Setembro-2024-Excel,"Competência set/2024, processo 202300010065787",Provisão de Fundo Rescisório,HDT,ISG,outro,"R$ 150.000,00"
2024,C:\OSS-Goias\documentos\ISG\HDT\2024\05_Contrato_Gestao_Aditivos\09.-Relatorio-Resumido-da-Execucao-Orcamentaria-e-Financeira-por-Contrato-de-Gestao-Setembro-2024.pdf,09.-Relatorio-Resumido-da-Execucao-Orcamentaria-e-Financeira-por-Contrato-de-Gestao-Setembro-2024,Desconto referente à folha de pessoal de servidores cedidos pela SES/GO à unidade,Glosa - Servidores cedidos,HDT,ISG,outro,"Variável por mês (ex: R$ 1.399.995,89 em jan/24; R$ 1.335.022,78 em fev/24; R$ 1.319.264,89 em mar/24; R$ 1.281.971,59 em abr/24; R$ 1.314.505,43 em mai/24; R$ 1.364.251,69 em jun/24; R$ 1.315.779,87 em jul/24; R$ 1.288.747,50 em ago/24; R$ 1.477.312,45 em set/24)"
2024,C:\OSS-Goias\documentos\ISG\HDT\2024\05_Contrato_Gestao_Aditivos\09.-Relatorio-Resumido-da-Execucao-Orcamentaria-e-Financeira-por-Contrato-de-Gestao-Setembro-2024.pdf,09.-Relatorio-Resumido-da-Execucao-Orcamentaria-e-Financeira-por-Contrato-de-Gestao-Setembro-2024,Desconto referente à folha do Programa de Residência Médica,Glosa - Residentes (Programa de Residência Médica),HDT,ISG,outro,"Variável por mês (ex: R$ 48.731,10 em jan/24; R$ 40.403,94 em fev/24; R$ 43.458,86 em mar/24; R$ 32.520,24 em abr/24; R$ 32.520,24 em mai/24; R$ 29.071,13 em jun/24; R$ 36.954,83 em jul/24; R$ 53.707,70 em ago/24; R$ 101.372,70 em set/24)"
2024,C:\OSS-Goias\documentos\ISG\HDT\2024\05_Contrato_Gestao_Aditivos\09.-Relatorio-Resumido-da-Execucao-Orcamentaria-e-Financeira-por-Contrato-de-Gestao-Setembro-2024.pdf,09.-Relatorio-Resumido-da-Execucao-Orcamentaria-e-Financeira-por-Contrato-de-Gestao-Setembro-2024,Valor da folha de pessoal inferior ao previsto contratualmente,Outras Glosas - Diferença do ajuste de folha (valor da folha menor que o previsto no contrato),HDT,ISG,outro,"Variável por mês (ex: R$ 28.585,46 em jan/24; R$ 101.885,73 em fev/24; R$ 114.588,70 em mar/24; R$ 162.820,62 em abr/24; R$ 130.286,78 em mai/24; R$ 185.362,33 em jun/24; R$ 225.950,45 em jul/24)"
2024,C:\OSS-Goias\documentos\ISG\HDT\2024\05_Contrato_Gestao_Aditivos\09.-Relatorio-Resumido-da-Execucao-Orcamentaria-e-Financeira-por-Contrato-de-Gestao-Setembro-2024.pdf,09.-Relatorio-Resumido-da-Execucao-Orcamentaria-e-Financeira-por-Contrato-de-Gestao-Setembro-2024,Desconto referente às faturas de energia elétrica pagas diretamente pelo Estado,Glosa - Concessionárias (faturas de energia elétrica),HDT,ISG,outro,"Variável por mês (ex: R$ 86.753,48 em jan/24; R$ 66.977,95 em fev/24; R$ 65.381,60 em mar/24; R$ 70.152,29 em abr/24; R$ 72.248,99 em mai/24; R$ 62.902,61 em jun/24; R$ 52.944,79 em jul/24; R$ 56.259,27 em ago/24; R$ 100.000,00 em set/24)"
2024,C:\OSS-Goias\documentos\ISG\HDT\2024\05_Contrato_Gestao_Aditivos\09.-Relatorio-Resumido-da-Execucao-Orcamentaria-e-Financeira-por-Contrato-de-Gestao-Setembro-2024.pdf,09.-Relatorio-Resumido-da-Execucao-Orcamentaria-e-Financeira-por-Contrato-de-Gestao-Setembro-2024,Descumprimento de metas pactuadas no contrato de gestão,Glosa - Não cumprimento de Metas Contratuais,HDT,ISG,outro,
2024,C:\OSS-Goias\documentos\ISG\HDT\2024\05_Contrato_Gestao_Aditivos\09.-Relatorio-Resumido-da-Execucao-Orcamentaria-e-Financeira-por-Contrato-de-Gestao-Setembro-2024.pdf,09.-Relatorio-Resumido-da-Execucao-Orcamentaria-e-Financeira-por-Contrato-de-Gestao-Setembro-2024,Referência setembro/2024,Provisão de Fundo Rescisório,HDT,ISG,outro,"R$ 150.000,00"
2024,C:\OSS-Goias\documentos\ISG\HDT\2024\05_Contrato_Gestao_Aditivos\10.-Relatorio-Resumido-da-Execucao-Orcamentaria-e-Financeira-por-Contrato-de-Gestao-Outubro-2024-Excel.xlsx,10.-Relatorio-Resumido-da-Execucao-Orcamentaria-e-Financeira-por-Contrato-de-Gestao-Outubro-2024-Excel,"Desconto referente a servidores cedidos pela SES/GO à OSS, processado mensalmente via processo 201800010008207, natureza 3.1.91.11.10",Glosa - Servidores cedidos,HDT,ISG,outro,
2024,C:\OSS-Goias\documentos\ISG\HDT\2024\05_Contrato_Gestao_Aditivos\10.-Relatorio-Resumido-da-Execucao-Orcamentaria-e-Financeira-por-Contrato-de-Gestao-Outubro-2024-Excel.xlsx,10.-Relatorio-Resumido-da-Execucao-Orcamentaria-e-Financeira-por-Contrato-de-Gestao-Outubro-2024-Excel,"Desconto referente a residentes do Programa de Residência Médica, processado mensalmente via processo 201800010008207, natureza 3.1.91.11.10",Glosa - Residentes (Programa de Residência Médica),HDT,ISG,outro,
2024,C:\OSS-Goias\documentos\ISG\HDT\2024\05_Contrato_Gestao_Aditivos\10.-Relatorio-Resumido-da-Execucao-Orcamentaria-e-Financeira-por-Contrato-de-Gestao-Outubro-2024-Excel.xlsx,10.-Relatorio-Resumido-da-Execucao-Orcamentaria-e-Financeira-por-Contrato-de-Gestao-Outubro-2024-Excel,"Desconto aplicado quando o valor da folha de pagamento executado é menor que o previsto no Contrato de Gestão, natureza 3.1.91.11.10",Outras Glosas - Diferença do ajuste de folha - valor da folha menor que o previsto no Contrato,HDT,ISG,outro,
2024,C:\OSS-Goias\documentos\ISG\HDT\2024\05_Contrato_Gestao_Aditivos\10.-Relatorio-Resumido-da-Execucao-Orcamentaria-e-Financeira-por-Contrato-de-Gestao-Outubro-2024-Excel.xlsx,10.-Relatorio-Resumido-da-Execucao-Orcamentaria-e-Financeira-por-Contrato-de-Gestao-Outubro-2024-Excel,"Desconto referente às faturas de energia elétrica pagas pela SES/GO, natureza 3.3.90.39.04, responsável SES/GAAL-11410, SES/GMAE-14421 e SES/SUPECC-03082",Glosa - Concessionárias (faturas de energia),HDT,ISG,outro,
2024,C:\OSS-Goias\documentos\ISG\HDT\2024\05_Contrato_Gestao_Aditivos\10.-Relatorio-Resumido-da-Execucao-Orcamentaria-e-Financeira-por-Contrato-de-Gestao-Outubro-2024-Excel.xlsx,10.-Relatorio-Resumido-da-Execucao-Orcamentaria-e-Financeira-por-Contrato-de-Gestao-Outubro-2024-Excel,"Desconto por não cumprimento de metas contratuais, natureza 3.3.90.39.04",Glosa - Não cumprimento de Metas Contratuais,HDT,ISG,outro,
2024,C:\OSS-Goias\documentos\ISG\HDT\2024\05_Contrato_Gestao_Aditivos\10.-Relatorio-Resumido-da-Execucao-Orcamentaria-e-Financeira-por-Contrato-de-Gestao-Outubro-2024.pdf,10.-Relatorio-Resumido-da-Execucao-Orcamentaria-e-Financeira-por-Contrato-de-Gestao-Outubro-2024,"Desconto do repasse mensal referente ao custo de servidores estaduais cedidos à unidade, lançado na planilha de repasse mensal",Glosa - Servidores cedidos,HDT,ISG,outro,"Variável por mês (ex: R$ 1.399.995,89 em jan/24)"
2024,C:\OSS-Goias\documentos\ISG\HDT\2024\05_Contrato_Gestao_Aditivos\10.-Relatorio-Resumido-da-Execucao-Orcamentaria-e-Financeira-por-Contrato-de-Gestao-Outubro-2024.pdf,10.-Relatorio-Resumido-da-Execucao-Orcamentaria-e-Financeira-por-Contrato-de-Gestao-Outubro-2024,Desconto do repasse mensal referente à folha de residência médica,Glosa - Residentes (Programa de Residência Médica),HDT,ISG,outro,"Variável por mês (ex: R$ 48.731,10 em jan/24)"
2024,C:\OSS-Goias\documentos\ISG\HDT\2024\05_Contrato_Gestao_Aditivos\10.-Relatorio-Resumido-da-Execucao-Orcamentaria-e-Financeira-por-Contrato-de-Gestao-Outubro-2024.pdf,10.-Relatorio-Resumido-da-Execucao-Orcamentaria-e-Financeira-por-Contrato-de-Gestao-Outubro-2024,Diferença entre valor previsto contratualmente e valor efetivo da folha de pagamento,Outras Glosas - Diferença do ajuste de folha - valor da folha menor que o previsto no Contrato,HDT,ISG,outro,"Variável por mês (ex: R$ 28.585,46 em jan/24)"
2024,C:\OSS-Goias\documentos\ISG\HDT\2024\05_Contrato_Gestao_Aditivos\10.-Relatorio-Resumido-da-Execucao-Orcamentaria-e-Financeira-por-Contrato-de-Gestao-Outubro-2024.pdf,10.-Relatorio-Resumido-da-Execucao-Orcamentaria-e-Financeira-por-Contrato-de-Gestao-Outubro-2024,Desconto do repasse mensal referente às faturas de energia elétrica (Equatorial),Glosa - Concessionárias (faturas de energia),HDT,ISG,outro,"Variável por mês (ex: R$ 86.753,48 em jan/24)"
2024,C:\OSS-Goias\documentos\ISG\HDT\2024\05_Contrato_Gestao_Aditivos\11.-Relatorio-Resumido-da-Execucao-Orcamentaria-e-Financeira-por-Contrato-de-Gestao-Novembro-2024-Excel.xlsx,11.-Relatorio-Resumido-da-Execucao-Orcamentaria-e-Financeira-por-Contrato-de-Gestao-Novembro-2024-Excel,"Desconto referente a servidores cedidos ao hospital, processo 201800010008207, natureza 3.1.91.11.10",Glosa - Servidores cedidos (SES/COFP e SES/SUPECC-03082),HDT,ISG,outro,"Variável por mês (ex: Jan/2024: R$ 1.399.995,89; Fev/2024: R$ 1.335.022,78; Mar/2024: R$ 1.319.264,89; Abr/2024: R$ 1.281.971,59; Mai/2024: R$ 1.314.505,43; Jun/2024: R$ 1.364.251,69; Jul/2024: R$ 1.315.779,87; Ago/2024: R$ 1.288.747,50; Set/2024: R$ 1.477.312,45; Out/2024: R$ 1.477.312,45; Nov/2024: R$ 1.477.312,45)"
2024,C:\OSS-Goias\documentos\ISG\HDT\2024\05_Contrato_Gestao_Aditivos\11.-Relatorio-Resumido-da-Execucao-Orcamentaria-e-Financeira-por-Contrato-de-Gestao-Novembro-2024-Excel.xlsx,11.-Relatorio-Resumido-da-Execucao-Orcamentaria-e-Financeira-por-Contrato-de-Gestao-Novembro-2024-Excel,"Desconto referente a residentes médicos, processo 201800010008207, natureza 3.1.91.11.10",Glosa - Residentes (Programa de Residência Médica),HDT,ISG,outro,"Variável por mês (ex: Jan/2024: R$ 48.731,10; Fev/2024: R$ 40.403,94; Mar/2024: R$ 43.458,86; Abr/2024: R$ 32.520,24; Mai/2024: R$ 32.520,24; Jun/2024: R$ 29.071,13; Jul/2024: R$ 36.954,83; Ago/2024: R$ 53.707,70; Set/2024: R$ 95.368,80; Out/2024: R$ 93.799,68; Nov/2024: R$ 93.799,68)"
2024,C:\OSS-Goias\documentos\ISG\HDT\2024\05_Contrato_Gestao_Aditivos\11.-Relatorio-Resumido-da-Execucao-Orcamentaria-e-Financeira-por-Contrato-de-Gestao-Novembro-2024-Excel.xlsx,11.-Relatorio-Resumido-da-Execucao-Orcamentaria-e-Financeira-por-Contrato-de-Gestao-Novembro-2024-Excel,"Diferença entre o valor previsto no contrato e o valor efetivo da folha, processo 201800010008207, natureza 3.1.91.11.10",Outras Glosas - Diferença do ajuste de folha (valor da folha menor que o previsto no Contrato),HDT,ISG,outro,"Variável por mês (Jan/2024: R$ 28.585,46; Fev/2024: R$ 101.885,73; Mar/2024: R$ 114.588,70; Abr/2024: R$ 162.820,62; Mai/2024: R$ 130.286,78; Jun/2024: R$ 83.989,63; Jul/2024: R$ 124.577,75)"
2024,C:\OSS-Goias\documentos\ISG\HDT\2024\05_Contrato_Gestao_Aditivos\11.-Relatorio-Resumido-da-Execucao-Orcamentaria-e-Financeira-por-Contrato-de-Gestao-Novembro-2024-Excel.xlsx,11.-Relatorio-Resumido-da-Execucao-Orcamentaria-e-Financeira-por-Contrato-de-Gestao-Novembro-2024-Excel,"Desconto referente a faturas de energia pagas diretamente pela SES, processo 201800010008207, natureza 3.3.90.39.04",Glosa - Concessionárias (faturas de energia elétrica),HDT,ISG,outro,"Variável por mês (Jan/2024: R$ 86.753,48; Fev/2024: R$ 66.977,95; Mar/2024: R$ 65.381,60; Abr/2024: R$ 70.152,29; Mai/2024: R$ 72.248,99; Jun/2024: R$ 62.902,61; Jul/2024: R$ 52.944,79; Ago/2024: R$ 56.259,27; Set/2024: R$ 56.813,90; Out/2024: R$ 82.294,90; Nov/2024: R$ 88.887,36)"
2024,C:\OSS-Goias\documentos\ISG\HDT\2024\05_Contrato_Gestao_Aditivos\11.-Relatorio-Resumido-da-Execucao-Orcamentaria-e-Financeira-por-Contrato-de-Gestao-Novembro-2024-Excel.xlsx,11.-Relatorio-Resumido-da-Execucao-Orcamentaria-e-Financeira-por-Contrato-de-Gestao-Novembro-2024-Excel,"Período de 25/12/2022 a 24/06/2023, conforme Relatório COMACG nº 37/2023, processo 202300010041225, natureza 3.3.90.39.04",Glosa - Não cumprimento de Metas Contratuais,HDT,ISG,outro,"R$ 219.510,00"
2024,C:\OSS-Goias\documentos\ISG\HDT\2024\05_Contrato_Gestao_Aditivos\11.-Relatorio-Resumido-da-Execucao-Orcamentaria-e-Financeira-por-Contrato-de-Gestao-Novembro-2024.pdf,11.-Relatorio-Resumido-da-Execucao-Orcamentaria-e-Financeira-por-Contrato-de-Gestao-Novembro-2024,Descumprimento de metas contratuais apuradas no período de 25 de dezembro de 2022 a 24 de junho de 2023,"Glosa por não cumprimento de metas contratuais relativo ao 15º Termo Aditivo ao Contrato de Gestão nº 091/2012, período de avaliação de 25/12/2022 a 24/06/2023 (Relatório COMACG nº 37/2023)",HDT,ISG,outro,219510.00
2024,C:\OSS-Goias\documentos\ISG\HDT\2024\05_Contrato_Gestao_Aditivos\11.-Relatorio-Resumido-da-Execucao-Orcamentaria-e-Financeira-por-Contrato-de-Gestao-Novembro-2024.pdf,11.-Relatorio-Resumido-da-Execucao-Orcamentaria-e-Financeira-por-Contrato-de-Gestao-Novembro-2024,"Dedução mensal referente à folha de pagamento de servidores estaduais cedidos à unidade, meses de janeiro a novembro/2024",Glosa - Servidores cedidos (folha de pessoal cedido descontada do repasse mensal),HDT,ISG,outro,15273477.00
2024,C:\OSS-Goias\documentos\ISG\HDT\2024\05_Contrato_Gestao_Aditivos\11.-Relatorio-Resumido-da-Execucao-Orcamentaria-e-Financeira-por-Contrato-de-Gestao-Novembro-2024.pdf,11.-Relatorio-Resumido-da-Execucao-Orcamentaria-e-Financeira-por-Contrato-de-Gestao-Novembro-2024,"Dedução mensal referente à folha do programa de residência médica, meses de janeiro a novembro/2024",Glosa - Residentes (Programa de Residência Médica),HDT,ISG,outro,617836.20
2024,C:\OSS-Goias\documentos\ISG\HDT\2024\05_Contrato_Gestao_Aditivos\11.-Relatorio-Resumido-da-Execucao-Orcamentaria-e-Financeira-por-Contrato-de-Gestao-Novembro-2024.pdf,11.-Relatorio-Resumido-da-Execucao-Orcamentaria-e-Financeira-por-Contrato-de-Gestao-Novembro-2024,"Dedução mensal referente às faturas de energia elétrica (Equatorial) pagas diretamente pelo Estado, meses de janeiro a novembro/2024",Glosa - Concessionárias (faturas de energia elétrica),HDT,ISG,outro,765619.17
2024,C:\OSS-Goias\documentos\ISG\HDT\2024\05_Contrato_Gestao_Aditivos\11.-Relatorio-Resumido-da-Execucao-Orcamentaria-e-Financeira-por-Contrato-de-Gestao-Novembro-2024.pdf,11.-Relatorio-Resumido-da-Execucao-Orcamentaria-e-Financeira-por-Contrato-de-Gestao-Novembro-2024,"Diferença entre o valor previsto no contrato para folha de pessoal e o valor efetivamente executado, meses de janeiro a agosto/2024",Glosa - Diferença do ajuste de folha (valor da folha menor que o previsto no contrato),HDT,ISG,outro,705744.56
2024,C:\OSS-Goias\documentos\AGIR\HUGOL\2024\05_Contrato_Gestao_Aditivos\11° Aditivo ao Contrato de Gestão 003-14 HUGOL_2024.pdf,11° Aditivo ao Contrato de Gestão 003-14 HUGOL_2024,"Não cumprimento das metas de produção por modalidade de contratação, avaliadas trimestralmente",Desconto financeiro pelo não cumprimento das metas de produção assistencial (90% do contrato),HUGOL,AGIR,termo_aditivo,"Entre 80-89,99% do volume: 90% do orçamento; entre 70-79,99%: 80%; menor que 70%: 70%"
2024,C:\OSS-Goias\documentos\AGIR\HUGOL\2024\05_Contrato_Gestao_Aditivos\11° Aditivo ao Contrato de Gestão 003-14 HUGOL_2024.pdf,11° Aditivo ao Contrato de Gestão 003-14 HUGOL_2024,Avaliação trimestral ou mensal dos indicadores de desempenho conforme Tabela IV,Desconto financeiro pelo não cumprimento dos indicadores de desempenho (10% do contrato),HUGOL,AGIR,termo_aditivo,"Nota 8-8,9: 90%; nota 7-7,9: 80%; nota 6-6,9: 70%; nota 5-5,9: 60%; menor que 5: ZERO"
2024,C:\OSS-Goias\documentos\AGIR\HUGOL\2024\05_Contrato_Gestao_Aditivos\11° Aditivo ao Contrato de Gestão 003-14 HUGOL_2024.pdf,11° Aditivo ao Contrato de Gestão 003-14 HUGOL_2024,Descumprimento da obrigação de implantação do Programa de Integridade,Multa por descumprimento da exigência de Programa de Integridade (Lei estadual nº 20.489/2019),HUGOL,AGIR,termo_aditivo,"0,1% por dia sobre o valor atualizado do contrato"
2024,C:\OSS-Goias\documentos\AGIR\HUGOL\2024\05_Contrato_Gestao_Aditivos\11° Aditivo ao Contrato de Gestão 003-14 HUGOL_2024.pdf,11° Aditivo ao Contrato de Gestão 003-14 HUGOL_2024,"Verificação de descumprimento dos princípios basilares da Administração Pública, a qualquer momento, pelo Parceiro Público",Rescisão do ajuste por descumprimento dos princípios basilares da Administração Pública,HUGOL,AGIR,termo_aditivo,
2024,C:\OSS-Goias\documentos\AGIR\HUGOL\2024\05_Contrato_Gestao_Aditivos\11° Aditivo ao Contrato de Gestão 003-14 HUGOL_2024.pdf,11° Aditivo ao Contrato de Gestão 003-14 HUGOL_2024,Desligamento do residente do Programa ou não preenchimento das vagas estimadas,Glosa imediata do valor referente à bolsa e despesa de custeio do Residente,HUGOL,AGIR,termo_aditivo,Valor correspondente à bolsa e custeio do residente
2024,C:\OSS-Goias\documentos\AGIR\HUGOL\2024\05_Contrato_Gestao_Aditivos\11° Aditivo ao Contrato de Gestão 003-14 HUGOL_2024.pdf,11° Aditivo ao Contrato de Gestão 003-14 HUGOL_2024,"Descumprimento das regras de Ensino e Pesquisa: notificação, advertência, suspensão do Ajuste, até rescisão",Sanções por descumprimento das regras de Ensino e Pesquisa,HUGOL,AGIR,termo_aditivo,
2024,C:\OSS-Goias\documentos\AGIR\HUGOL\2024\05_Contrato_Gestao_Aditivos\12° Aditivo ao Contrato de Gestão 003-14 HUGOL_2024.pdf,12° Aditivo ao Contrato de Gestão 003-14 HUGOL_2024,"Quando a produção realizada for inferior a 100% do volume contratado, com escalonamento: 90-100%=100%; 80-89,99%=90%; 70-79,99%=80%; <70%=70%",Desconto financeiro proporcional por não atingimento das metas de produção assistencial (90% do contrato),HUGOL,AGIR,termo_aditivo,Entre 70% e 100% do orçamento destinado à modalidade conforme faixa de cumprimento
2024,C:\OSS-Goias\documentos\AGIR\HUGOL\2024\05_Contrato_Gestao_Aditivos\12° Aditivo ao Contrato de Gestão 003-14 HUGOL_2024.pdf,12° Aditivo ao Contrato de Gestão 003-14 HUGOL_2024,"Pontuação global <10: 9,01-10=100%; 8,01-9=90%; 7,01-8=80%; 6-7=70%",Desconto financeiro por não atingimento dos indicadores de desempenho (10% do contrato),HUGOL,AGIR,termo_aditivo,70% a 100% do valor de desempenho conforme pontuação global
2024,C:\OSS-Goias\documentos\AGIR\HUGOL\2024\05_Contrato_Gestao_Aditivos\12° Aditivo ao Contrato de Gestão 003-14 HUGOL_2024.pdf,12° Aditivo ao Contrato de Gestão 003-14 HUGOL_2024,Descumprimento dos prazos estabelecidos pelo Ministério da Saúde mediante notificação prévia,Desconto nas faturas por glosas aplicadas ao PARCEIRO PÚBLICO referentes à produção hospitalar/ambulatorial (SIA/SIH) e CNES por inobservância de prazo pelo PARCEIRO PRIVADO,HUGOL,AGIR,termo_aditivo,Valores correspondentes às glosas aplicadas
2024,C:\OSS-Goias\documentos\AGIR\HUGOL\2024\05_Contrato_Gestao_Aditivos\12° Aditivo ao Contrato de Gestão 003-14 HUGOL_2024.pdf,12° Aditivo ao Contrato de Gestão 003-14 HUGOL_2024,Inobservância do prazo pelo PARCEIRO PRIVADO mediante notificação prévia,Desconto por bloqueios judiciais aplicados ao PARCEIRO PÚBLICO por não cumprimento de prazos de respostas de demandas judiciais e/ou administrativas,HUGOL,AGIR,termo_aditivo,Valores correspondentes aos bloqueios judiciais
2024,C:\OSS-Goias\documentos\AGIR\HUGOL\2024\05_Contrato_Gestao_Aditivos\12° Aditivo ao Contrato de Gestão 003-14 HUGOL_2024.pdf,12° Aditivo ao Contrato de Gestão 003-14 HUGOL_2024,"Notificação, Advertência, Suspensão do Ajuste ou Rescisão em caso de descumprimento das orientações referentes ao Ensino e Pesquisa",Penalidades por descumprimento das regras de Ensino e Pesquisa,HUGOL,AGIR,termo_aditivo,
2024,C:\OSS-Goias\documentos\AGIR\HUGOL\2024\05_Contrato_Gestao_Aditivos\12° Aditivo ao Contrato de Gestão 003-14 HUGOL_2024.pdf,12° Aditivo ao Contrato de Gestão 003-14 HUGOL_2024,Reincidência no descumprimento conforme regulamentação definida pela SES-GO,Penalidades por reincidência no descumprimento das solicitações quanto ao portal da transparência,HUGOL,AGIR,termo_aditivo,
2024,C:\OSS-Goias\documentos\FUNEV\HEANA\2024\05_Contrato_Gestao_Aditivos\17157233426175º Aditivo Contrato de Gestão.pdf,17157233426175º Aditivo Contrato de Gestão,"Realização inferior a 100% do volume contratado por modalidade assistencial, avaliado trimestralmente ou mensalmente",Desconto financeiro pelo não cumprimento de metas de produção assistencial,HEANA,FUNEV,termo_aditivo,"Proporcional ao desvio conforme Tabela II: entre 70% e 100% do orçamento da modalidade, dependendo do percentual de volume contratado realizado"
2024,C:\OSS-Goias\documentos\FUNEV\HEANA\2024\05_Contrato_Gestao_Aditivos\17157233426175º Aditivo Contrato de Gestão.pdf,17157233426175º Aditivo Contrato de Gestão,"Pontuação global de desempenho inferior a 10, avaliada trimestralmente ou mensalmente",Desconto financeiro pelo não alcance dos indicadores de desempenho,HEANA,FUNEV,termo_aditivo,"0% a 100% dos 10% do contrato destinados a desempenho, conforme pontuação global (Tabela IV)"
2024,C:\OSS-Goias\documentos\FUNEV\HEANA\2024\05_Contrato_Gestao_Aditivos\17157233426175º Aditivo Contrato de Gestão.pdf,17157233426175º Aditivo Contrato de Gestão,Desligamento de residente do Programa ou não preenchimento de vagas pelo Processo Seletivo,Glosa do valor da bolsa e despesa de custeio do Residente,HEANA,FUNEV,termo_aditivo,Valor correspondente à bolsa e custeio do residente desligado ou vaga não preenchida
2024,C:\OSS-Goias\documentos\FUNEV\HEANA\2024\05_Contrato_Gestao_Aditivos\17157233426175º Aditivo Contrato de Gestão.pdf,17157233426175º Aditivo Contrato de Gestão,"Descumprimento de prazos do Ministério da Saúde decorrente de inobservância do PARCEIRO PRIVADO, mediante notificação prévia",Desconto das faturas referente a glosas aplicadas pelo Ministério da Saúde por não cumprimento de prazos de produção hospitalar/ambulatorial (SIA/SIH) e CNES,HEANA,FUNEV,termo_aditivo,Valores correspondentes às glosas aplicadas
2024,C:\OSS-Goias\documentos\FUNEV\HEANA\2024\05_Contrato_Gestao_Aditivos\17157233426175º Aditivo Contrato de Gestão.pdf,17157233426175º Aditivo Contrato de Gestão,"Descumprimento de prazos de respostas de demandas judiciais/administrativas pelo PARCEIRO PRIVADO, mediante notificação prévia",Desconto das faturas referente a bloqueios judiciais por não cumprimento de prazos de respostas de demandas judiciais/administrativas,HEANA,FUNEV,termo_aditivo,Valores correspondentes aos bloqueios judiciais
2024,C:\OSS-Goias\documentos\FUNEV\HEANA\2024\05_Contrato_Gestao_Aditivos\17157233426175º Aditivo Contrato de Gestão.pdf,17157233426175º Aditivo Contrato de Gestão,"Descumprimento das regras de ensino e pesquisa, podendo incluir notificação, advertência, suspensão do ajuste ou rescisão",Sanções contratuais por descumprimento das regras de Ensino e Pesquisa,HEANA,FUNEV,termo_aditivo,
2024,C:\OSS-Goias\documentos\FUNEV\HEANA\2024\05_Contrato_Gestao_Aditivos\17157233426175º Aditivo Contrato de Gestão.pdf,17157233426175º Aditivo Contrato de Gestão,"Reincidência no descumprimento das solicitações quanto ao portal da transparência, conforme regulamentação da SES-GO",Penalidades por reincidência no descumprimento de solicitações quanto ao portal da transparência,HEANA,FUNEV,termo_aditivo,
2024,C:\OSS-Goias\documentos\FUNEV\HEANA\2024\05_Contrato_Gestao_Aditivos\17157233426175º Aditivo Contrato de Gestão.pdf,17157233426175º Aditivo Contrato de Gestão,"Descumprimento dos princípios basilares da Administração Pública ou verificação do interesse público, assegurado contraditório e ampla defesa",Rescisão do ajuste pelo PARCEIRO PÚBLICO,HEANA,FUNEV,termo_aditivo,
2024,C:\OSS-Goias\documentos\Albert Einstein\HUGO\2024\05_Contrato_Gestao_Aditivos\1o-Termo-Aditivo-ao-Termo-de-Colaboracao-no-097-2024-1.pdf,1o-Termo-Aditivo-ao-Termo-de-Colaboracao-no-097-2024-1,"Quando a atividade realizada for inferior a 100% do volume pactuado, com escalonamento por faixa de execução (acima de 90%, entre 80-89,99%, entre 70-79,99%, abaixo de 70%)",Desconto financeiro proporcional por não atingimento das metas de produção assistencial (90% do custeio mensal),HUGO,Sociedade Beneficente Israelita Brasileira - Hospital Albert Einstein,termo_aditivo,Variável conforme tabela: entre 70% e 100% do orçamento destinado à linha de serviço
2024,C:\OSS-Goias\documentos\Albert Einstein\HUGO\2024\05_Contrato_Gestao_Aditivos\1o-Termo-Aditivo-ao-Termo-de-Colaboracao-no-097-2024-1.pdf,1o-Termo-Aditivo-ao-Termo-de-Colaboracao-no-097-2024-1,Avaliação trimestral do percentual de cumprimento de meta de cada indicador de desempenho,Desconto financeiro por não atingimento dos indicadores de desempenho (10% do custeio mensal),HUGO,Sociedade Beneficente Israelita Brasileira - Hospital Albert Einstein,termo_aditivo,"Variável conforme pontuação global: 100% para nota 9,01-10; 90% para 8,01-9; 80% para 7,01-8; 70% para 6-7"
2024,C:\OSS-Goias\documentos\Albert Einstein\HUGO\2024\05_Contrato_Gestao_Aditivos\1o-Termo-Aditivo-ao-Termo-de-Colaboracao-no-097-2024-1.pdf,1o-Termo-Aditivo-ao-Termo-de-Colaboracao-no-097-2024-1,"Descumprimento dos princípios basilares da Administração Pública, verificado a qualquer momento, assegurado o contraditório e ampla defesa ao Parceiro Privado",Rescisão do Termo de Colaboração pelo Parceiro Público,HUGO,Sociedade Beneficente Israelita Brasileira - Hospital Albert Einstein,termo_aditivo,
2024,C:\OSS-Goias\documentos\Albert Einstein\HUGO\2024\05_Contrato_Gestao_Aditivos\1o-Termo-Aditivo-ao-Termo-de-Colaboracao-no-097-2024-1.pdf,1o-Termo-Aditivo-ao-Termo-de-Colaboracao-no-097-2024-1,Quando o descumprimento dos prazos de respostas às demandas judiciais e/ou administrativas for decorrente de inobservância pelo Parceiro Privado,Desconto nas faturas dos valores correspondentes a bloqueios judiciais aplicados ao Parceiro Público por inobservância de prazos pelo Parceiro Privado,HUGO,Sociedade Beneficente Israelita Brasileira - Hospital Albert Einstein,termo_aditivo,Valor correspondente ao bloqueio judicial
2024,C:\OSS-Goias\documentos\Albert Einstein\HUGO\2024\05_Contrato_Gestao_Aditivos\1o-Termo-Aditivo-ao-Termo-de-Colaboracao-no-097-2024-1.pdf,1o-Termo-Aditivo-ao-Termo-de-Colaboracao-no-097-2024-1,"Em caso de descumprimento das regras referentes ao Ensino e Pesquisa, resguardada a plena defesa e contraditório","Notificação, Advertência, Suspensão do Ajuste ou Rescisão por descumprimento das regras de Ensino e Pesquisa",HUGO,Sociedade Beneficente Israelita Brasileira - Hospital Albert Einstein,termo_aditivo,
2024,C:\OSS-Goias\documentos\Albert Einstein\HUGO\2024\05_Contrato_Gestao_Aditivos\1o-Termo-Aditivo-ao-Termo-de-Colaboracao-no-097-2024-1.pdf,1o-Termo-Aditivo-ao-Termo-de-Colaboracao-no-097-2024-1,"Reincidência no descumprimento das solicitações quanto ao portal da transparência, conforme regulamentação definida pela SES-GO",Penalidades por reincidência no descumprimento das solicitações quanto ao portal da transparência,HUGO,Sociedade Beneficente Israelita Brasileira - Hospital Albert Einstein,termo_aditivo,
2024,C:\OSS-Goias\documentos\Albert Einstein\HUGO\2024\05_Contrato_Gestao_Aditivos\3o-Termo-Aditivo-ao-Termo-de-Colaboracao-No-097-2024-SESGO-VIGENTE.pdf,3o-Termo-Aditivo-ao-Termo-de-Colaboracao-No-097-2024-SESGO-VIGENTE,Descumprimento das regras de Ensino e Pesquisa,"Em caso de descumprimento das regras contidas nas orientações referentes ao Ensino e Pesquisa, poderão ser aplicadas as sanções contratuais previstas, tais como Notificação, Advertência, Suspensão do Ajuste, até Rescisão do mesmo, resguardada a plena defesa e contraditório para o PARCEIRO PRIVADO.",HUGO,Sociedade Beneficente Israelita Brasileira - Hospital Albert Einstein,termo_aditivo,
2024,C:\OSS-Goias\documentos\Albert Einstein\HUGO\2024\05_Contrato_Gestao_Aditivos\3o-Termo-Aditivo-ao-Termo-de-Colaboracao-No-097-2024-SESGO-VIGENTE.pdf,3o-Termo-Aditivo-ao-Termo-de-Colaboracao-No-097-2024-SESGO-VIGENTE,Desligamento do residente ou não preenchimento de vagas,"Caso o residente seja desligado do Programa de Residência específico ou não haja o preenchimento das vagas estimadas pelo Processo Seletivo Unificado ou similar, o valor referente à bolsa e despesa de custeio do Residente será glosado imediatamente.",HUGO,Sociedade Beneficente Israelita Brasileira - Hospital Albert Einstein,termo_aditivo,Glosa integral do valor da bolsa e despesa de custeio
2024,C:\OSS-Goias\documentos\Albert Einstein\HUGO\2024\05_Contrato_Gestao_Aditivos\Competencias-prevista-no-Contrato-de-Gestao-97-2024-3.pdf,Competencias-prevista-no-Contrato-de-Gestao-97-2024-3,Prestações de contas apresentadas extemporaneamente e/ou não aprovadas,"Restituição ao PARCEIRO PÚBLICO do valor repassado, atualizado monetariamente e acrescido de juros legais, quando as prestações de contas parciais e finais forem apresentadas extemporaneamente e/ou não forem aprovadas",HUGO,Sociedade Beneficente Israelita Brasileira Hospital Albert Einstein (SBIBAE),contrato_gestao_inicial,
2024,C:\OSS-Goias\documentos\Albert Einstein\HUGO\2024\05_Contrato_Gestao_Aditivos\Competencias-prevista-no-Contrato-de-Gestao-97-2024-3.pdf,Competencias-prevista-no-Contrato-de-Gestao-97-2024-3,Omissão ou atraso no encaminhamento de intimações e notificações judiciais/administrativas,"Responsabilidade administrativa, civil e criminal por não remeter ou remeter fora do prazo intimações e notificações ao PARCEIRO PÚBLICO e à PGE",HUGO,Sociedade Beneficente Israelita Brasileira Hospital Albert Einstein (SBIBAE),contrato_gestao_inicial,
2024,C:\OSS-Goias\documentos\Albert Einstein\HUGO\2024\05_Contrato_Gestao_Aditivos\Competencias-prevista-no-Contrato-de-Gestao-97-2024-3.pdf,Competencias-prevista-no-Contrato-de-Gestao-97-2024-3,Ação ou omissão do PARCEIRO PRIVADO que gere penalidade ou sanção,Responsabilidade pelo pagamento de qualquer quantia decorrente de aplicação de penalidade ou sanção que decorra de ação ou omissão do PARCEIRO PRIVADO,HUGO,Sociedade Beneficente Israelita Brasileira Hospital Albert Einstein (SBIBAE),contrato_gestao_inicial,
2024,C:\OSS-Goias\documentos\IMED\PFRE\2024\05_Contrato_Gestao_Aditivos\COMPETENCIAS-PREVISTAS-NO-TERMO-DE-COLABORACAO-88-2024.pdf,COMPETENCIAS-PREVISTAS-NO-TERMO-DE-COLABORACAO-88-2024,Prestações de contas parciais e finais apresentadas extemporaneamente e/ou não aprovadas,"Restituição ao PARCEIRO PÚBLICO do valor repassado, atualizado monetariamente e acrescido de juros legais, quando prestações de contas forem apresentadas extemporaneamente e/ou não forem aprovadas",PFRE,IMED,contrato_gestao_inicial,
2024,C:\OSS-Goias\documentos\IMED\PFRE\2024\05_Contrato_Gestao_Aditivos\COMPETENCIAS-PREVISTAS-NO-TERMO-DE-COLABORACAO-88-2024.pdf,COMPETENCIAS-PREVISTAS-NO-TERMO-DE-COLABORACAO-88-2024,Descumprimento do prazo de encaminhamento de intimações e notificações,"Responsabilidade administrativa, civil e criminal por não remeter ou remeter fora do prazo intimações e notificações ao PARCEIRO PÚBLICO e à Procuradoria-Geral do Estado",PFRE,IMED,contrato_gestao_inicial,
2024,C:\OSS-Goias\documentos\IMED\PFRE\2024\05_Contrato_Gestao_Aditivos\COMPETENCIAS-PREVISTAS-NO-TERMO-DE-COLABORACAO-88-2024.pdf,COMPETENCIAS-PREVISTAS-NO-TERMO-DE-COLABORACAO-88-2024,Ação ou omissão do PARCEIRO PRIVADO que resulte em penalidade ou sanção,Responsabilização pelo pagamento de qualquer quantia decorrente de aplicação de penalidade ou sanção que decorra de ação ou omissão do PARCEIRO PRIVADO,PFRE,IMED,contrato_gestao_inicial,
2024,C:\OSS-Goias\documentos\IMED\PFRE\2024\05_Contrato_Gestao_Aditivos\COMPETENCIAS-PREVISTAS-NO-TERMO-DE-COLABORACAO-88-2024.pdf,COMPETENCIAS-PREVISTAS-NO-TERMO-DE-COLABORACAO-88-2024,Fornecimento de dados ou informações inexatos ao PARCEIRO PÚBLICO,Inexatidão de dados e informações fornecidas ao PARCEIRO PÚBLICO considerada falta grave,PFRE,IMED,contrato_gestao_inicial,
2024,C:\OSS-Goias\documentos\ABEVIDA\CRESM\2024\05_Contrato_Gestao_Aditivos\COMPETENCIAS-PREVISTAS_11o-ADITIVO.pdf,COMPETENCIAS-PREVISTAS_11o-ADITIVO,"Descumprimento dos prazos pelo Parceiro Privado, mediante notificação prévia","Desconto nas faturas dos valores correspondentes às glosas aplicadas ao Parceiro Público pelo não cumprimento dos prazos do Ministério da Saúde referentes à produção hospitalar/ambulatorial (SIA/SIH) e CNES, caso o descumprimento seja decorrente da inobservância do prazo pelo Parceiro Privado",CRESM,ABEVIDA,termo_aditivo,
2024,C:\OSS-Goias\documentos\ABEVIDA\CRESM\2024\05_Contrato_Gestao_Aditivos\COMPETENCIAS-PREVISTAS_11o-ADITIVO.pdf,COMPETENCIAS-PREVISTAS_11o-ADITIVO,Parecer emitido por comissão instituída pela SES,"Cobrança regressiva do Parceiro Privado por materiais, medicamentos, órteses e próteses não disponíveis na tabela SUS-SIGTAP fornecidos quando demandado judicial/administrativamente o Parceiro Público",CRESM,ABEVIDA,termo_aditivo,
2024,C:\OSS-Goias\documentos\ABEVIDA\CRESM\2024\05_Contrato_Gestao_Aditivos\COMPETENCIAS-PREVISTAS_11o-ADITIVO.pdf,COMPETENCIAS-PREVISTAS_11o-ADITIVO,"Descumprimento dos prazos pelo Parceiro Privado, mediante notificação prévia","Desconto nas faturas dos valores correspondentes aos bloqueios judiciais aplicados ao Parceiro Público pelo não cumprimento dos prazos de respostas das demandas judiciais e/ou administrativas, caso o descumprimento seja decorrente da inobservância do prazo pelo Parceiro Privado",CRESM,ABEVIDA,termo_aditivo,
2024,C:\OSS-Goias\documentos\ABEVIDA\CRESM\2024\05_Contrato_Gestao_Aditivos\COMPETENCIAS-PREVISTAS_7o-ADITIVO.pdf,COMPETENCIAS-PREVISTAS_7o-ADITIVO,"Quando o Parceiro Público for demandado judicial e/ou administrativamente para fornecimento de materiais, medicamentos, órteses e próteses não disponíveis na tabela SUS-SIGTAP, mediante notificação prévia","O PARCEIRO PÚBLICO poderá descontar das faturas devidas ao PARCEIRO PRIVADO os valores correspondentes ao ressarcimento de materiais, medicamentos, órteses e próteses não disponíveis na tabela SUS-SIGTAP fornecidos judicialmente/administrativamente pelo Parceiro Público",CRESM,ABEVIDA,termo_aditivo,
2024,C:\OSS-Goias\documentos\ABEVIDA\CRESM\2024\05_Contrato_Gestao_Aditivos\COMPETENCIAS-PREVISTAS_9o-ADITIVO-.pdf,COMPETENCIAS-PREVISTAS_9o-ADITIVO-,"Descumprimento de prazos pelo Parceiro Privado, mediante notificação prévia","Desconto nas faturas dos valores correspondentes às glosas aplicadas ao Parceiro Público pelo não cumprimento dos prazos do Ministério da Saúde referentes a produção hospitalar/ambulatorial (SIA/SIH) e CNES, quando decorrente de inobservância do Parceiro Privado",CRESM,ABEVIDA,termo_aditivo,
2024,C:\OSS-Goias\documentos\ABEVIDA\CRESM\2024\05_Contrato_Gestao_Aditivos\COMPETENCIAS-PREVISTAS_9o-ADITIVO-.pdf,COMPETENCIAS-PREVISTAS_9o-ADITIVO-,"Conforme parecer de comissão instituída pela SES, por dedução nos valores de custeio do Contrato de Gestão","Cobrança regressiva ao Parceiro Privado dos valores correspondentes a materiais, medicamentos, órteses e próteses não disponíveis na tabela SUS-SIGTAP fornecidos por demanda judicial/administrativa ao Parceiro Público",CRESM,ABEVIDA,termo_aditivo,
2024,C:\OSS-Goias\documentos\ABEVIDA\CRESM\2024\05_Contrato_Gestao_Aditivos\COMPETENCIAS-PREVISTAS_9o-ADITIVO-.pdf,COMPETENCIAS-PREVISTAS_9o-ADITIVO-,"Quando o descumprimento for decorrente de inobservância do prazo pelo Parceiro Privado, mediante notificação prévia",Desconto nas faturas dos valores correspondentes aos bloqueios judiciais aplicados ao Parceiro Público pelo não cumprimento dos prazos de respostas de demandas judiciais e/ou administrativas,CRESM,ABEVIDA,termo_aditivo,
2024,C:\OSS-Goias\documentos\AGIR\HUGOL\2024\05_Contrato_Gestao_Aditivos\Competências previstas no Contrato de Gestão HUGOL_05-2024.pdf,Competências previstas no Contrato de Gestão HUGOL_05-2024,Prestações de contas apresentadas extemporaneamente e/ou não aprovadas,"Restituição ao PARCEIRO PÚBLICO do valor repassado, atualizado monetariamente e acrescido de juros legais, quando as prestações de contas parciais e finais forem apresentadas extemporaneamente e/ou não forem aprovadas",HUGOL,AGIR,outro,
2024,C:\OSS-Goias\documentos\AGIR\HUGOL\2024\05_Contrato_Gestao_Aditivos\Competências previstas no Contrato de Gestão HUGOL_05-2024.pdf,Competências previstas no Contrato de Gestão HUGOL_05-2024,Omissão ou intempestividade no encaminhamento de intimações/notificações de interesse do PARCEIRO PÚBLICO,"Responsabilidade administrativa, civil e criminal por deixar de remeter intimações e notificações ao órgão supervisor e à Procuradoria-Geral do Estado ou fazê-lo fora do prazo",HUGOL,AGIR,outro,
2024,C:\OSS-Goias\documentos\Albert Einstein\HUGO\2024\05_Contrato_Gestao_Aditivos\Execucao-orcamentaria-mensal-e-acumulada-do-ano-agosto-2024.xlsx,Execucao-orcamentaria-mensal-e-acumulada-do-ano-agosto-2024,"Competência junho/2024, processo 201800010008207, natureza 3.1.91.11.10",Glosa - Equatorial,HUGO,Albert Einstein,termo_apostilamento,155912.55
2024,C:\OSS-Goias\documentos\Albert Einstein\HUGO\2024\05_Contrato_Gestao_Aditivos\Execucao-orcamentaria-mensal-e-acumulada-do-ano-agosto-2024.xlsx,Execucao-orcamentaria-mensal-e-acumulada-do-ano-agosto-2024,"Competência julho/2024, processo 201800010008207, natureza 3.1.91.11.10",Glosa - Equatorial,HUGO,Albert Einstein,termo_apostilamento,160014.98
2024,C:\OSS-Goias\documentos\Albert Einstein\HUGO\2024\05_Contrato_Gestao_Aditivos\Execucao-orcamentaria-mensal-e-acumulada-do-ano-agosto-2024.xlsx,Execucao-orcamentaria-mensal-e-acumulada-do-ano-agosto-2024,"Competência agosto/2024, processo 201800010008207, natureza 3.1.91.11.10",Glosa - Servidores cedidos,HUGO,Albert Einstein,termo_apostilamento,180000.00
2024,C:\OSS-Goias\documentos\Albert Einstein\HUGO\2024\05_Contrato_Gestao_Aditivos\Execucao-orcamentaria-mensal-e-acumulada-do-ano-outubro-2024.pdf,Execucao-orcamentaria-mensal-e-acumulada-do-ano-outubro-2024,"Glosa aplicada sobre fatura de energia elétrica da Equatorial referente a junho/2024, lançada na planilha de repasse mensal julho/2024",Glosa - Equatorial (energia elétrica referência junho/2024),HUGO,Sociedade Beneficente Israelita Brasileira - Hospital Albert Einstein,outro,155912.55
2024,C:\OSS-Goias\documentos\Albert Einstein\HUGO\2024\05_Contrato_Gestao_Aditivos\Execucao-orcamentaria-mensal-e-acumulada-do-ano-outubro-2024.pdf,Execucao-orcamentaria-mensal-e-acumulada-do-ano-outubro-2024,Glosa aplicada sobre fatura de energia elétrica da Equatorial referente a julho/2024,Glosa - Equatorial (energia elétrica referência julho/2024),HUGO,Sociedade Beneficente Israelita Brasileira - Hospital Albert Einstein,outro,160014.98
2024,C:\OSS-Goias\documentos\Albert Einstein\HUGO\2024\05_Contrato_Gestao_Aditivos\Execucao-orcamentaria-mensal-e-acumulada-do-ano-outubro-2024.pdf,Execucao-orcamentaria-mensal-e-acumulada-do-ano-outubro-2024,Glosa aplicada sobre fatura de energia elétrica da Equatorial referente a agosto/2024,Glosa - Equatorial (energia elétrica referência agosto/2024),HUGO,Sociedade Beneficente Israelita Brasileira - Hospital Albert Einstein,outro,179919.32
2024,C:\OSS-Goias\documentos\Albert Einstein\HUGO\2024\05_Contrato_Gestao_Aditivos\Execucao-orcamentaria-mensal-e-acumulada-do-ano-outubro-2024.pdf,Execucao-orcamentaria-mensal-e-acumulada-do-ano-outubro-2024,"Ajuste ao valor devido da Residência Médica conforme Despacho nº 241/2024/SES/CGC/SUPECC-19837, Processo nº 202400010060045",Glosa - Residentes (Programa de Residência Médica) referência junho/2024,HUGO,Sociedade Beneficente Israelita Brasileira - Hospital Albert Einstein,outro,56232.03
2024,C:\OSS-Goias\documentos\Albert Einstein\HUGO\2024\05_Contrato_Gestao_Aditivos\Execucao-orcamentaria-mensal-e-acumulada-do-ano-outubro-2024.pdf,Execucao-orcamentaria-mensal-e-acumulada-do-ano-outubro-2024,"Ajuste ao valor devido da Residência Médica conforme Despacho nº 241/2024/SES/CGC/SUPECC-19837, Processo nº 202400010060045",Glosa - Residentes (Programa de Residência Médica) referência julho/2024,HUGO,Sociedade Beneficente Israelita Brasileira - Hospital Albert Einstein,outro,229953.31
2024,C:\OSS-Goias\documentos\Albert Einstein\HUGO\2024\05_Contrato_Gestao_Aditivos\Execucao-orcamentaria-mensal-e-acumulada-do-ano-outubro-2024.pdf,Execucao-orcamentaria-mensal-e-acumulada-do-ano-outubro-2024,"Ajuste ao valor devido da Residência Médica conforme Despacho nº 241/2024/SES/CGC/SUPECC-19837, Processo nº 202400010060045",Glosa - Residentes (Programa de Residência Médica) referência agosto/2024,HUGO,Sociedade Beneficente Israelita Brasileira - Hospital Albert Einstein,outro,26467.47
2024,C:\OSS-Goias\documentos\Albert Einstein\HUGO\2024\05_Contrato_Gestao_Aditivos\Execucao-orcamentaria-mensal-e-acumulada-do-ano-setembro-2024.xlsx,Execucao-orcamentaria-mensal-e-acumulada-do-ano-setembro-2024,"Competência junho/2024, processo 201800010008207, natureza 3.1.91.11.10",Glosa - Equatorial,HUGO,Albert Einstein,termo_apostilamento,155912.55
2024,C:\OSS-Goias\documentos\Albert Einstein\HUGO\2024\05_Contrato_Gestao_Aditivos\Execucao-orcamentaria-mensal-e-acumulada-do-ano-setembro-2024.xlsx,Execucao-orcamentaria-mensal-e-acumulada-do-ano-setembro-2024,"Competência julho/2024, processo 201800010008207, natureza 3.1.91.11.10",Glosa - Equatorial,HUGO,Albert Einstein,termo_apostilamento,160014.98
2024,C:\OSS-Goias\documentos\Albert Einstein\HUGO\2024\05_Contrato_Gestao_Aditivos\Execucao-orcamentaria-mensal-e-acumulada-do-ano-setembro-2024.xlsx,Execucao-orcamentaria-mensal-e-acumulada-do-ano-setembro-2024,"Competência agosto/2024, processo 201800010008207, natureza 3.1.91.11.10",Glosa - Equatorial,HUGO,Albert Einstein,termo_apostilamento,179919.32
2024,C:\OSS-Goias\documentos\Albert Einstein\HUGO\2024\05_Contrato_Gestao_Aditivos\Execucao-orcamentaria-mensal-e-acumulada-do-ano-setembro-2024.xlsx,Execucao-orcamentaria-mensal-e-acumulada-do-ano-setembro-2024,"Competência junho/2024, processo 201800010008207, natureza 3.1.91.11.10",Glosa - Residentes (Programa de Residência Médica),HUGO,Albert Einstein,termo_apostilamento,56232.03
2024,C:\OSS-Goias\documentos\Albert Einstein\HUGO\2024\05_Contrato_Gestao_Aditivos\Execucao-orcamentaria-mensal-e-acumulada-do-ano-setembro-2024.xlsx,Execucao-orcamentaria-mensal-e-acumulada-do-ano-setembro-2024,"Competência julho/2024, processo 201800010008207, natureza 3.1.91.11.10",Glosa - Residentes (Programa de Residência Médica),HUGO,Albert Einstein,termo_apostilamento,229953.31
2024,C:\OSS-Goias\documentos\Albert Einstein\HUGO\2024\05_Contrato_Gestao_Aditivos\Execucao-orcamentaria-mensal-e-acumulada-do-ano-setembro-2024.xlsx,Execucao-orcamentaria-mensal-e-acumulada-do-ano-setembro-2024,"Competência agosto/2024, processo 201800010008207, natureza 3.1.91.11.10",Glosa - Residentes (Programa de Residência Médica),HUGO,Albert Einstein,termo_apostilamento,26467.47
2024,C:\OSS-Goias\documentos\ISG\HDT\2024\05_Contrato_Gestao_Aditivos\Relatorio-Resumido-da-Execucao-Orcamentaria-e-Financeira-por-Contrato-de-Gestao-1.pdf,Relatorio-Resumido-da-Execucao-Orcamentaria-e-Financeira-por-Contrato-de-Gestao-1,"Desconto mensal referente a servidores cedidos pela SES/GO, lançado na Planilha de Previsão Mensal de Repasse - GEFIC",Glosa - Servidores cedidos,CEAP/SOL,ISG,outro,"Valores mensais variando entre R$ 119.740,61 e R$ 175.329,69"
2024,C:\OSS-Goias\documentos\ISG\HDT\2024\05_Contrato_Gestao_Aditivos\Relatorio-Resumido-da-Execucao-Orcamentaria-e-Financeira-por-Contrato-de-Gestao-1.pdf,Relatorio-Resumido-da-Execucao-Orcamentaria-e-Financeira-por-Contrato-de-Gestao-1,Desconto referente a faturas de telefonia fixa,Glosa - Contratos empresa (telefonia fixa),CEAP/SOL,ISG,outro,"Valores mensais variando entre R$ 41,25 e R$ 2.732,15"
2024,C:\OSS-Goias\documentos\ISG\HDT\2024\05_Contrato_Gestao_Aditivos\Relatorio-Resumido-da-Execucao-Orcamentaria-e-Financeira-por-Contrato-de-Gestao-1.pdf,Relatorio-Resumido-da-Execucao-Orcamentaria-e-Financeira-por-Contrato-de-Gestao-1,Desconto referente a faturas de energia elétrica (ENEL/CELG),Glosa - Concessionárias (faturas de energia),CEAP/SOL,ISG,outro,"Valores mensais variando entre R$ 1.076,19 e R$ 12.236,56"
2024,C:\OSS-Goias\documentos\ISG\HDT\2024\05_Contrato_Gestao_Aditivos\Relatorio-Resumido-da-Execucao-Orcamentaria-e-Financeira-por-Contrato-de-Gestao-2.pdf,Relatorio-Resumido-da-Execucao-Orcamentaria-e-Financeira-por-Contrato-de-Gestao-2,"Aplicada mensalmente com referência à folha do mês anterior, conforme processo 201800010008207",Glosa - Servidores cedidos (folha de pagamento de servidores estatutários cedidos ao ISG para o HDT/HAA),HDT,ISG,outro,"Valores mensais variando entre R$ 1.435.756,95 e R$ 1.638.989,43 por mês em 2020"
2024,C:\OSS-Goias\documentos\ISG\HDT\2024\05_Contrato_Gestao_Aditivos\Relatorio-Resumido-da-Execucao-Orcamentaria-e-Financeira-por-Contrato-de-Gestao-2.pdf,Relatorio-Resumido-da-Execucao-Orcamentaria-e-Financeira-por-Contrato-de-Gestao-2,"Aplicada mensalmente por competência, referente a despesas de telefonia fixa",Glosa - Contrato da empresa (telefonia fixa - OI),HDT,ISG,outro,"Valores variando entre R$ 6.721,83 e R$ 41.104,90 por mês"
2024,C:\OSS-Goias\documentos\ISG\HDT\2024\05_Contrato_Gestao_Aditivos\Relatorio-Resumido-da-Execucao-Orcamentaria-e-Financeira-por-Contrato-de-Gestao-2.pdf,Relatorio-Resumido-da-Execucao-Orcamentaria-e-Financeira-por-Contrato-de-Gestao-2,"Aplicada mensalmente com referência à fatura do mês anterior, conforme processo 201800010008207",Glosa - Concessionárias (faturas de energia elétrica),HDT,ISG,outro,"Valores variando entre R$ 35.766,39 e R$ 109.154,85 por mês"
2024,C:\OSS-Goias\documentos\ISG\HDT\2024\05_Contrato_Gestao_Aditivos\Relatorio-Resumido-da-Execucao-Orcamentaria-e-Financeira-por-Contrato-de-Gestao-2.pdf,Relatorio-Resumido-da-Execucao-Orcamentaria-e-Financeira-por-Contrato-de-Gestao-2,"Aplicada em set/20, referente ao período de 25/12/2019 a 24/06/2020, conforme Relatório COMACG nº 031/2020; desconto aplicado apenas na produção anterior à pandemia (Despacho nº 3441/2020 - SGI-03079, Processo nº 202000010025992)",Glosa Redução contrato - ajuste financeiro a menor por avaliação de resultados,HDT,ISG,outro,"R$ 22.959,77"
2024,C:\OSS-Goias\documentos\ISG\HDT\2024\05_Contrato_Gestao_Aditivos\Relatorio-Resumido-da-Execucao-Orcamentaria-e-Financeira-por-Contrato-de-Gestao-3.pdf,Relatorio-Resumido-da-Execucao-Orcamentaria-e-Financeira-por-Contrato-de-Gestao-3,"Desconto referente a servidores cedidos pela SES ao HDT, lançado mensalmente nos repasses",Glosa - Servidores cedidos,HDT,ISG,outro,"17.898.336,00 (total geral de glosas no exercício)"
2024,C:\OSS-Goias\documentos\ISG\HDT\2024\05_Contrato_Gestao_Aditivos\Relatorio-Resumido-da-Execucao-Orcamentaria-e-Financeira-por-Contrato-de-Gestao-3.pdf,Relatorio-Resumido-da-Execucao-Orcamentaria-e-Financeira-por-Contrato-de-Gestao-3,Desconto referente ao fornecimento de energia elétrica pago diretamente pela SES,Glosa - Concessionárias (faturas de energia elétrica CELG),HDT,ISG,outro,"Vários valores mensais (ex: R$ 49.960,30; R$ 29.781,12; R$ 51.819,74 etc.)"
2024,C:\OSS-Goias\documentos\ISG\HDT\2024\05_Contrato_Gestao_Aditivos\Relatorio-Resumido-da-Execucao-Orcamentaria-e-Financeira-por-Contrato-de-Gestao-3.pdf,Relatorio-Resumido-da-Execucao-Orcamentaria-e-Financeira-por-Contrato-de-Gestao-3,Desconto referente a contrato de telefonia pago diretamente pela SES,Glossa Contrato da empresa (OI - telefonia),HDT,ISG,outro,"Vários valores mensais (ex: R$ 7.039,80; R$ 6.477,09; R$ 7.102,35 etc.)"
2024,C:\OSS-Goias\documentos\ISG\HDT\2024\05_Contrato_Gestao_Aditivos\Relatorio-Resumido-da-Execucao-Orcamentaria-e-Financeira-por-Contrato-de-Gestao-3.pdf,Relatorio-Resumido-da-Execucao-Orcamentaria-e-Financeira-por-Contrato-de-Gestao-3,"Referente ao período de junho a agosto/2021, conforme Ofício nº 34270/2021 - SES - PROC.201800010008207",Glossa Redução contrato,HDT,ISG,outro,"R$ 1.423.487,13; R$ 47.609,54; R$ 478,56"
2024,C:\OSS-Goias\documentos\ISG\HDT\2024\05_Contrato_Gestao_Aditivos\Relatorio-Resumido-da-Execucao-Orcamentaria-e-Financeira-por-Contrato-de-Gestao-4.pdf,Relatorio-Resumido-da-Execucao-Orcamentaria-e-Financeira-por-Contrato-de-Gestao-4,Folha de pessoal de servidores cedidos lançada na planilha de repasse mensal,Glosa - Servidores cedidos,HDT,ISG,outro,"Variável por mês (ex: R$ 1.491.785,37 em jan/22; R$ 1.470.305,95 em fev/22; etc.)"
2024,C:\OSS-Goias\documentos\ISG\HDT\2024\05_Contrato_Gestao_Aditivos\Relatorio-Resumido-da-Execucao-Orcamentaria-e-Financeira-por-Contrato-de-Gestao-4.pdf,Relatorio-Resumido-da-Execucao-Orcamentaria-e-Financeira-por-Contrato-de-Gestao-4,Folha de pessoal de residentes médicos lançada na planilha de repasse mensal,Glosa - Residentes (Programa de Residência Médica),HDT,ISG,outro,"R$ 19.709,24 por mês (em geral)"
2024,C:\OSS-Goias\documentos\ISG\HDT\2024\05_Contrato_Gestao_Aditivos\Relatorio-Resumido-da-Execucao-Orcamentaria-e-Financeira-por-Contrato-de-Gestao-4.pdf,Relatorio-Resumido-da-Execucao-Orcamentaria-e-Financeira-por-Contrato-de-Gestao-4,Faturas de energia elétrica (CELG) lançadas na planilha de repasse mensal,Glosa - Concessionárias (faturas de energia),HDT,ISG,outro,"Variável por mês (ex: R$ 68.524,81 em jan/22; R$ 73.664,68 em fev/22; etc.)"
2024,C:\OSS-Goias\documentos\ISG\HDT\2024\05_Contrato_Gestao_Aditivos\Relatorio-Resumido-da-Execucao-Orcamentaria-e-Financeira-por-Contrato-de-Gestao-4.pdf,Relatorio-Resumido-da-Execucao-Orcamentaria-e-Financeira-por-Contrato-de-Gestao-4,Serviços não iniciados no início da vigência do 15º Termo Aditivo lançados na planilha de repasse mensal,Glosa - Contrato empresa (serviços não iniciados no início da vigência do 15º Termo Aditivo),HDT,ISG,outro,"R$ 162.242,86 (total; R$ 82.473,76 em nov/22 e R$ 79.769,10 em dez/22)"
2024,C:\OSS-Goias\documentos\Albert Einstein\HUGO\2024\05_Contrato_Gestao_Aditivos\Relatorio-Resumido-da-Execucao-Orcamentaria-e-Financeira-por-Contrato-de-Gestao-97-2024-dezembro-2024.xlsx,Relatorio-Resumido-da-Execucao-Orcamentaria-e-Financeira-por-Contrato-de-Gestao-97-2024-dezembro-2024,"Processo 201800010008207 - Natureza 3.1.91.11.10 - Responsável SES/GAAL-11410, SES/GMAE-14421 e SES/SUPECC-03082",Glosa - Equatorial (energia elétrica),HUGO,Albert Einstein,termo_apostilamento,131764.19 (set/2024); 0 (out/2024); 96618.50 (nov/2024); 499649.84 (dez/2024)
2024,C:\OSS-Goias\documentos\Albert Einstein\HUGO\2024\05_Contrato_Gestao_Aditivos\Relatorio-Resumido-da-Execucao-Orcamentaria-e-Financeira-por-Contrato-de-Gestao-97-2024-dezembro-2024.xlsx,Relatorio-Resumido-da-Execucao-Orcamentaria-e-Financeira-por-Contrato-de-Gestao-97-2024-dezembro-2024,"Processo 201800010008207 - Natureza 3.1.91.11.10 - Responsável SES/GAAL-11410, SES/GMAE-14421 e SES/SUPECC-03082",Glosa - Residentes (Programa de Residência Médica),HUGO,Albert Einstein,termo_apostilamento,109417.93 (set/2024); 137068.82 (out/2024); 137068.82 (nov/2024); 135130.70 (dez/2024)
2024,C:\OSS-Goias\documentos\Albert Einstein\HUGO\2024\05_Contrato_Gestao_Aditivos\Relatorio-Resumido-da-Execucao-Orcamentaria-e-Financeira-por-Contrato-de-Gestao-972024-–-Novembro-2024.xlsx,Relatorio-Resumido-da-Execucao-Orcamentaria-e-Financeira-por-Contrato-de-Gestao-972024-–-Novembro-2024,Competência setembro/2024 - Processo 201800010008207 - Natureza 3.1.91.11.10,Glosa - Equatorial,HUGO,Sociedade Beneficente Israelita Brasileira - Hospital Albert Einstein,termo_apostilamento,131764.19
2024,C:\OSS-Goias\documentos\Albert Einstein\HUGO\2024\05_Contrato_Gestao_Aditivos\Relatorio-Resumido-da-Execucao-Orcamentaria-e-Financeira-por-Contrato-de-Gestao-972024-–-Novembro-2024.xlsx,Relatorio-Resumido-da-Execucao-Orcamentaria-e-Financeira-por-Contrato-de-Gestao-972024-–-Novembro-2024,Competência outubro/2024 - Processo 201800010008207 - Natureza 3.1.91.11.10,Glosa - Equatorial,HUGO,Sociedade Beneficente Israelita Brasileira - Hospital Albert Einstein,termo_apostilamento,0
2024,C:\OSS-Goias\documentos\Albert Einstein\HUGO\2024\05_Contrato_Gestao_Aditivos\Relatorio-Resumido-da-Execucao-Orcamentaria-e-Financeira-por-Contrato-de-Gestao-972024-–-Novembro-2024.xlsx,Relatorio-Resumido-da-Execucao-Orcamentaria-e-Financeira-por-Contrato-de-Gestao-972024-–-Novembro-2024,Competência novembro/2024 - Processo 201800010008207 - Natureza 3.1.91.11.10,Glosa - Equatorial,HUGO,Sociedade Beneficente Israelita Brasileira - Hospital Albert Einstein,termo_apostilamento,96618.50
2024,C:\OSS-Goias\documentos\Albert Einstein\HUGO\2024\05_Contrato_Gestao_Aditivos\Relatorio-Resumido-da-Execucao-Orcamentaria-e-Financeira-por-Contrato-de-Gestao-972024-–-Novembro-2024.xlsx,Relatorio-Resumido-da-Execucao-Orcamentaria-e-Financeira-por-Contrato-de-Gestao-972024-–-Novembro-2024,Competência setembro/2024 - Processo 201800010008207 - Natureza 3.1.91.11.10,Glosa - Residentes (Programa de Residência Médica),HUGO,Sociedade Beneficente Israelita Brasileira - Hospital Albert Einstein,termo_apostilamento,109417.93
2024,C:\OSS-Goias\documentos\Albert Einstein\HUGO\2024\05_Contrato_Gestao_Aditivos\Relatorio-Resumido-da-Execucao-Orcamentaria-e-Financeira-por-Contrato-de-Gestao-972024-–-Novembro-2024.xlsx,Relatorio-Resumido-da-Execucao-Orcamentaria-e-Financeira-por-Contrato-de-Gestao-972024-–-Novembro-2024,Competência outubro/2024 - Processo 201800010008207 - Natureza 3.1.91.11.10,Glosa - Residentes (Programa de Residência Médica),HUGO,Sociedade Beneficente Israelita Brasileira - Hospital Albert Einstein,termo_apostilamento,137068.82
2024,C:\OSS-Goias\documentos\Albert Einstein\HUGO\2024\05_Contrato_Gestao_Aditivos\Relatorio-Resumido-da-Execucao-Orcamentaria-e-Financeira-por-Contrato-de-Gestao-972024-–-Novembro-2024.xlsx,Relatorio-Resumido-da-Execucao-Orcamentaria-e-Financeira-por-Contrato-de-Gestao-972024-–-Novembro-2024,Competência novembro/2024 - Processo 201800010008207 - Natureza 3.1.91.11.10,Glosa - Residentes (Programa de Residência Médica),HUGO,Sociedade Beneficente Israelita Brasileira - Hospital Albert Einstein,termo_apostilamento,137068.82
2024,C:\OSS-Goias\documentos\ISG\HDT\2024\05_Contrato_Gestao_Aditivos\Relatorio-Resumido-da-Execucao-Orcamentaria-e-Financeira-por-Contrato-de-Gestao-Dezembro-2024-Excel.xlsx,Relatorio-Resumido-da-Execucao-Orcamentaria-e-Financeira-por-Contrato-de-Gestao-Dezembro-2024-Excel,"Dedução referente a servidores cedidos pela SES/GO à OSS, processo 201800010008207, natureza 3.1.91.11.10",Glosa - Servidores cedidos,HDT,ISG,outro,"Valores mensais variando entre R$ 1.281.971,59 e R$ 1.477.312,45 por competência (jan-dez/2024)"
2024,C:\OSS-Goias\documentos\ISG\HDT\2024\05_Contrato_Gestao_Aditivos\Relatorio-Resumido-da-Execucao-Orcamentaria-e-Financeira-por-Contrato-de-Gestao-Dezembro-2024-Excel.xlsx,Relatorio-Resumido-da-Execucao-Orcamentaria-e-Financeira-por-Contrato-de-Gestao-Dezembro-2024-Excel,"Dedução referente ao Programa de Residência Médica, processo 201800010008207, natureza 3.1.91.11.10",Glosa - Residentes (Programa de Residência Médica),HDT,ISG,outro,"Valores mensais variando entre R$ 29.071,13 e R$ 95.368,80 por competência (jan-dez/2024)"
2024,C:\OSS-Goias\documentos\ISG\HDT\2024\05_Contrato_Gestao_Aditivos\Relatorio-Resumido-da-Execucao-Orcamentaria-e-Financeira-por-Contrato-de-Gestao-Dezembro-2024-Excel.xlsx,Relatorio-Resumido-da-Execucao-Orcamentaria-e-Financeira-por-Contrato-de-Gestao-Dezembro-2024-Excel,"Dedução por diferença entre folha executada e prevista no contrato, processo 201800010008207, natureza 3.1.91.11.10",Glosa - Diferença do ajuste de folha (valor da folha menor que o previsto no Contrato),HDT,ISG,outro,"Valores mensais variando entre R$ 83.989,63 e R$ 162.820,62 por competência (jan-jul/2024)"
2024,C:\OSS-Goias\documentos\ISG\HDT\2024\05_Contrato_Gestao_Aditivos\Relatorio-Resumido-da-Execucao-Orcamentaria-e-Financeira-por-Contrato-de-Gestao-Dezembro-2024-Excel.xlsx,Relatorio-Resumido-da-Execucao-Orcamentaria-e-Financeira-por-Contrato-de-Gestao-Dezembro-2024-Excel,"Dedução referente a faturas de energia elétrica, processo 201800010008207, natureza 3.3.90.39.04",Glosa - Concessionárias (faturas de energia),HDT,ISG,outro,"Valores mensais variando entre R$ 52.944,79 e R$ 88.887,36 por competência (jan-dez/2024)"
2024,C:\OSS-Goias\documentos\ISG\HDT\2024\05_Contrato_Gestao_Aditivos\Relatorio-Resumido-da-Execucao-Orcamentaria-e-Financeira-por-Contrato-de-Gestao-Dezembro-2024-Excel.xlsx,Relatorio-Resumido-da-Execucao-Orcamentaria-e-Financeira-por-Contrato-de-Gestao-Dezembro-2024-Excel,Período: 25/12/2022 a 24/06/2023; processo 202300010041225; Relatório COMACG nº 37/2023,Glosa - Não cumprimento de Metas Contratuais,HDT,ISG,outro,"R$ 219.510,00"
2024,C:\OSS-Goias\documentos\ISG\HDT\2024\05_Contrato_Gestao_Aditivos\Relatorio-Resumido-da-Execucao-Orcamentaria-e-Financeira-por-Contrato-de-Gestao-Dezembro-2024.pdf,Relatorio-Resumido-da-Execucao-Orcamentaria-e-Financeira-por-Contrato-de-Gestao-Dezembro-2024,"Dedução mensal referente ao custo da folha de servidores estaduais cedidos à OSS, lançada na planilha de repasse mensal",Glosa por servidores cedidos (folha de pessoal cedido à unidade),HDT,ISG,outro,"Variável mensal: jan/24 R$1.399.995,89; fev/24 R$1.335.022,78; mar/24 R$1.319.264,89; abr/24 R$1.281.971,59; mai/24 R$1.314.505,43; jun/24 R$1.364.251,69; jul/24 R$1.315.779,87; ago/24 R$1.288.747,50; set/24 R$1.477.312,45; out/24 R$1.477.312,45; nov/24 R$1.477.312,45; dez/24 R$1.477.312,45"
2024,C:\OSS-Goias\documentos\ISG\HDT\2024\05_Contrato_Gestao_Aditivos\Relatorio-Resumido-da-Execucao-Orcamentaria-e-Financeira-por-Contrato-de-Gestao-Dezembro-2024.pdf,Relatorio-Resumido-da-Execucao-Orcamentaria-e-Financeira-por-Contrato-de-Gestao-Dezembro-2024,Dedução mensal referente ao custo da folha de residência médica/multiprofissional,Glosa referente ao Programa de Residência Médica,HDT,ISG,outro,"Variável mensal: jan/24 R$48.731,10; fev/24 R$40.403,94; mar/24 R$43.458,86; abr/24 R$32.520,24; mai/24 R$32.520,24; jun/24 R$29.071,13; jul/24 R$36.954,83; ago/24 R$53.707,70; set/24 R$95.368,80; out/24 R$93.799,68; nov/24 R$93.799,68; dez/24 R$93.799,68"
2024,C:\OSS-Goias\documentos\ISG\HDT\2024\05_Contrato_Gestao_Aditivos\Relatorio-Resumido-da-Execucao-Orcamentaria-e-Financeira-por-Contrato-de-Gestao-Dezembro-2024.pdf,Relatorio-Resumido-da-Execucao-Orcamentaria-e-Financeira-por-Contrato-de-Gestao-Dezembro-2024,Quando o valor da folha de pagamento é menor que o previsto contratualmente,Glosa por diferença de ajuste de folha (valor da folha menor que o previsto no contrato),HDT,ISG,outro,"Variável mensal: jan/24 R$28.585,46; fev/24 R$101.885,73; mar/24 R$114.588,70; abr/24 R$162.820,62; mai/24 R$130.286,78; jun/24 R$83.989,63; jul/24 R$124.577,75"
2024,C:\OSS-Goias\documentos\ISG\HDT\2024\05_Contrato_Gestao_Aditivos\Relatorio-Resumido-da-Execucao-Orcamentaria-e-Financeira-por-Contrato-de-Gestao-Dezembro-2024.pdf,Relatorio-Resumido-da-Execucao-Orcamentaria-e-Financeira-por-Contrato-de-Gestao-Dezembro-2024,Dedução mensal referente ao custo das faturas de energia elétrica pagas diretamente pelo Estado,Glosa referente a concessionárias (faturas de energia elétrica - Equatorial),HDT,ISG,outro,"Variável mensal: jan/24 R$86.753,48; fev/24 R$66.977,95; mar/24 R$65.381,60; abr/24 R$70.152,29; mai/24 R$72.248,99; jun/24 R$62.902,61; jul/24 R$52.944,79; ago/24 R$56.259,27; set/24 R$56.813,90; out/24 R$82.294,90; nov/24 R$88.887,36; dez/24 R$69.156,63"
2024,C:\OSS-Goias\documentos\ISG\HDT\2024\05_Contrato_Gestao_Aditivos\Relatorio-Resumido-da-Execucao-Orcamentaria-e-Financeira-por-Contrato-de-Gestao-Dezembro-2024.pdf,Relatorio-Resumido-da-Execucao-Orcamentaria-e-Financeira-por-Contrato-de-Gestao-Dezembro-2024,"Período de avaliação de 25/12/2022 a 24/06/2023, relativo ao 15º Termo Aditivo ao Contrato de Gestão nº 091/2012 - Relatório COMACG nº 37/2023",Glosa por não cumprimento de Metas Contratuais,HDT,ISG,outro,"R$219.510,00"
2024,C:\OSS-Goias\documentos\ISG\HDT\2024\05_Contrato_Gestao_Aditivos\Relatorio-Resumido-da-Execucao-Orcamentaria-e-Financeira-por-Contrato-de-Gestao-Junho-2024.pdf,Relatorio-Resumido-da-Execucao-Orcamentaria-e-Financeira-por-Contrato-de-Gestao-Junho-2024,"Desconto referente a servidores cedidos pelo Estado lotados na unidade, custo glosado do repasse mensal",Glosa – Servidores cedidos,HDT,ISG,outro,"Variável por mês (ex: R$ 1.399.995,89 jan/24; R$ 1.335.022,78 fev/24; R$ 1.319.264,89 mar/24; R$ 1.281.971,59 abr/24; R$ 1.314.505,43 mai/24; R$ 1.600.000,00 jun/24)"
2024,C:\OSS-Goias\documentos\ISG\HDT\2024\05_Contrato_Gestao_Aditivos\Relatorio-Resumido-da-Execucao-Orcamentaria-e-Financeira-por-Contrato-de-Gestao-Junho-2024.pdf,Relatorio-Resumido-da-Execucao-Orcamentaria-e-Financeira-por-Contrato-de-Gestao-Junho-2024,Desconto referente a residentes médicos custeados pelo Estado,Glosa – Residentes (Programa de Residência Médica),HDT,ISG,outro,"Variável por mês (ex: R$ 48.731,10 jan/24; R$ 40.403,94 fev/24; R$ 43.458,86 mar/24; R$ 32.520,24 abr/24; R$ 32.520,24 mai/24)"
2024,C:\OSS-Goias\documentos\ISG\HDT\2024\05_Contrato_Gestao_Aditivos\Relatorio-Resumido-da-Execucao-Orcamentaria-e-Financeira-por-Contrato-de-Gestao-Junho-2024.pdf,Relatorio-Resumido-da-Execucao-Orcamentaria-e-Financeira-por-Contrato-de-Gestao-Junho-2024,Quando o valor da folha de pagamento é inferior ao previsto contratualmente,Glosa – Diferença do ajuste de folha (valor da folha menor que o previsto no contrato),HDT,ISG,outro,"Variável por mês (ex: R$ 28.585,46 jan/24; R$ 101.885,73 fev/24; R$ 114.588,70 mar/24; R$ 162.820,62 abr/24; R$ 130.286,78 mai/24)"
2024,C:\OSS-Goias\documentos\ISG\HDT\2024\05_Contrato_Gestao_Aditivos\Relatorio-Resumido-da-Execucao-Orcamentaria-e-Financeira-por-Contrato-de-Gestao-Junho-2024.pdf,Relatorio-Resumido-da-Execucao-Orcamentaria-e-Financeira-por-Contrato-de-Gestao-Junho-2024,Desconto referente a faturas de energia elétrica pagas diretamente pelo Estado,Glosa – Concessionárias (faturas de energia),HDT,ISG,outro,"Variável por mês (ex: R$ 86.753,48 jan/24; R$ 66.977,95 fev/24; R$ 65.381,60 mar/24; R$ 70.152,29 abr/24; R$ 72.248,99 mai/24; R$ 100.000,00 jun/24)"
2024,C:\OSS-Goias\documentos\ISG\HDT\2024\05_Contrato_Gestao_Aditivos\Relatorio-Resumido-da-Execucao-Orcamentaria-e-Financeira-por-Contrato-de-Gestao-Maio-2024.pdf,Relatorio-Resumido-da-Execucao-Orcamentaria-e-Financeira-por-Contrato-de-Gestao-Maio-2024,Desconto referente à folha de pessoal de servidores cedidos pela SES/GO ao HDT,Glosa - Servidores cedidos (folha de pessoal),HDT,ISG,outro,"1.399.995,89 (jan/24); 1.335.022,78 (fev/24); 1.319.264,89 (mar/24); 1.600.000,00 (abr/24); 1.600.000,00 (mai/24)"
2024,C:\OSS-Goias\documentos\ISG\HDT\2024\05_Contrato_Gestao_Aditivos\Relatorio-Resumido-da-Execucao-Orcamentaria-e-Financeira-por-Contrato-de-Gestao-Maio-2024.pdf,Relatorio-Resumido-da-Execucao-Orcamentaria-e-Financeira-por-Contrato-de-Gestao-Maio-2024,Desconto referente à folha de residência médica lançada na planilha de repasse mensal,Glosa - Residentes (Programa de Residência Médica),HDT,ISG,outro,"48.731,10 (jan/24); 40.403,94 (fev/24); 43.458,86 (mar/24)"
2024,C:\OSS-Goias\documentos\ISG\HDT\2024\05_Contrato_Gestao_Aditivos\Relatorio-Resumido-da-Execucao-Orcamentaria-e-Financeira-por-Contrato-de-Gestao-Maio-2024.pdf,Relatorio-Resumido-da-Execucao-Orcamentaria-e-Financeira-por-Contrato-de-Gestao-Maio-2024,Valor da folha de pessoal menor que o previsto no Contrato de Gestão,Outras Glosas - Diferença do ajuste de folha (valor da folha menor que o previsto no Contrato),HDT,ISG,outro,"28.585,46 (jan/24); 101.885,73 (fev/24); 114.588,70 (mar/24)"
2024,C:\OSS-Goias\documentos\ISG\HDT\2024\05_Contrato_Gestao_Aditivos\Relatorio-Resumido-da-Execucao-Orcamentaria-e-Financeira-por-Contrato-de-Gestao-Maio-2024.pdf,Relatorio-Resumido-da-Execucao-Orcamentaria-e-Financeira-por-Contrato-de-Gestao-Maio-2024,Desconto referente às faturas de energia elétrica pagas diretamente pela SES/GO,Glosa - Concessionárias (faturas de energia elétrica CELG),HDT,ISG,outro,"86.753,48 (jan/24); 66.977,95 (fev/24); 65.381,60 (mar/24); 100.000,00 (abr/24); 100.000,00 (mai/24)"
2024,C:\OSS-Goias\documentos\IMED\PFRE\2024\05_Contrato_Gestao_Aditivos\SEI_GOVERNADORIA-62338875-Termo-de-Colaboracao.pdf,SEI_GOVERNADORIA-62338875-Termo-de-Colaboracao,"Execução da parceria em desacordo total ou parcial com os anexos, o Termo de Colaboração e normas da Lei federal nº 13.019/2014",Advertência,PFRE,IMED,contrato_gestao_inicial,
2024,C:\OSS-Goias\documentos\IMED\PFRE\2024\05_Contrato_Gestao_Aditivos\SEI_GOVERNADORIA-62338875-Termo-de-Colaboracao.pdf,SEI_GOVERNADORIA-62338875-Termo-de-Colaboracao,"Execução da parceria em desacordo total ou parcial com os anexos, o Termo de Colaboração e normas da Lei federal nº 13.019/2014",Suspensão temporária de participação em chamamento público e impedimento de celebrar parceria ou contrato com órgãos e entidades da esfera de governo da administração pública sancionadora,PFRE,IMED,contrato_gestao_inicial,por prazo não superior a dois anos
2024,C:\OSS-Goias\documentos\IMED\PFRE\2024\05_Contrato_Gestao_Aditivos\SEI_GOVERNADORIA-62338875-Termo-de-Colaboracao.pdf,SEI_GOVERNADORIA-62338875-Termo-de-Colaboracao,"Execução da parceria em desacordo total ou parcial com os anexos, o Termo de Colaboração e normas da Lei federal nº 13.019/2014",Declaração de inidoneidade para participar de chamamento público ou celebrar parceria ou contrato com órgãos e entidades de todas as esferas de governo,PFRE,IMED,contrato_gestao_inicial,enquanto perdurarem os motivos determinantes da punição ou até reabilitação
2024,C:\OSS-Goias\documentos\IMED\PFRE\2024\05_Contrato_Gestao_Aditivos\SEI_GOVERNADORIA-62338875-Termo-de-Colaboracao.pdf,SEI_GOVERNADORIA-62338875-Termo-de-Colaboracao,Descumprimento da exigência de implantação do Programa de Integridade prevista na Lei estadual nº 20.489/2019,Multa por descumprimento do Programa de Integridade (Lei estadual nº 20.489/2019),PFRE,IMED,contrato_gestao_inicial,"0,1% por dia sobre o valor atualizado do ajuste"
2024,C:\OSS-Goias\documentos\IMED\PFRE\2024\05_Contrato_Gestao_Aditivos\SEI_GOVERNADORIA-62338875-Termo-de-Colaboracao.pdf,SEI_GOVERNADORIA-62338875-Termo-de-Colaboracao,"Não atingimento das metas de produção pactuadas (consultas médicas, multiprofissionais, procedimentos cirúrgicos, odontológicos, SADT, clínica dialítica)",Desconto financeiro por não cumprimento de metas de produção assistencial,PFRE,IMED,contrato_gestao_inicial,70% a 100% do peso percentual de cada modalidade conforme tabela de desvios
2024,C:\OSS-Goias\documentos\IMED\PFRE\2024\05_Contrato_Gestao_Aditivos\SEI_GOVERNADORIA-62338875-Termo-de-Colaboracao.pdf,SEI_GOVERNADORIA-62338875-Termo-de-Colaboracao,Não atingimento das metas dos indicadores de desempenho avaliados trimestralmente,Desconto financeiro por não cumprimento de indicadores de desempenho,PFRE,IMED,contrato_gestao_inicial,0% a 100% da parcela variável de 10% conforme pontuação global (menor que 5 pontos = ZERO)
2024,C:\OSS-Goias\documentos\IMED\PFRE\2024\05_Contrato_Gestao_Aditivos\SEI_GOVERNADORIA-62338875-Termo-de-Colaboracao.pdf,SEI_GOVERNADORIA-62338875-Termo-de-Colaboracao,Metas e resultados descumpridos sem justificativa suficiente na prestação de contas,Glosa de valores relacionados a metas e resultados descumpridos,PFRE,IMED,contrato_gestao_inicial,
2024,C:\OSS-Goias\documentos\Albert Einstein\HUGO\2024\05_Contrato_Gestao_Aditivos\Termo-de-Colaboracao-no-97.2024-SES-V.pdf,Termo-de-Colaboracao-no-97.2024-SES-V,"Execução da parceria em desacordo total ou parcial com o Edital, Termo de Colaboração e normas da Lei federal nº 13.019/2014",Advertência,HUGO,Hospital Albert Einstein (Sociedade Beneficente Israelita Brasileira),contrato_gestao_inicial,
2024,C:\OSS-Goias\documentos\Albert Einstein\HUGO\2024\05_Contrato_Gestao_Aditivos\Termo-de-Colaboracao-no-97.2024-SES-V.pdf,Termo-de-Colaboracao-no-97.2024-SES-V,"Execução da parceria em desacordo com Edital, Termo de Colaboração e normas aplicáveis",Suspensão temporária de participação em chamamento público e impedimento de celebrar parceria ou contrato com órgãos e entidades da esfera de governo da administração pública sancionadora,HUGO,Hospital Albert Einstein (Sociedade Beneficente Israelita Brasileira),contrato_gestao_inicial,Por prazo não superior a dois anos
2024,C:\OSS-Goias\documentos\Albert Einstein\HUGO\2024\05_Contrato_Gestao_Aditivos\Termo-de-Colaboracao-no-97.2024-SES-V.pdf,Termo-de-Colaboracao-no-97.2024-SES-V,"Enquanto perdurarem os motivos determinantes da punição ou até reabilitação perante a autoridade que aplicou a penalidade, após ressarcimento dos prejuízos e decorrido prazo da sanção do inciso II",Declaração de inidoneidade para participar de chamamento público ou celebrar parceria ou contrato com órgãos e entidades de todas as esferas de governo,HUGO,Hospital Albert Einstein (Sociedade Beneficente Israelita Brasileira),contrato_gestao_inicial,
2024,C:\OSS-Goias\documentos\Albert Einstein\HUGO\2024\05_Contrato_Gestao_Aditivos\Termo-de-Colaboracao-no-97.2024-SES-V.pdf,Termo-de-Colaboracao-no-97.2024-SES-V,"Não atingimento dos volumes pactuados por modalidade de atividade assistencial, avaliado trimestralmente",Desconto financeiro por não cumprimento de metas de produção (parte fixa - 90%),HUGO,Hospital Albert Einstein (Sociedade Beneficente Israelita Brasileira),contrato_gestao_inicial,"Redução proporcional conforme tabela: entre 80-89,99% do pactuado = 90% do orçamento; entre 70-79,99% = 80%; menor que 70% = 70% do orçamento destinado"
2024,C:\OSS-Goias\documentos\Albert Einstein\HUGO\2024\05_Contrato_Gestao_Aditivos\Termo-de-Colaboracao-no-97.2024-SES-V.pdf,Termo-de-Colaboracao-no-97.2024-SES-V,"Não atingimento das metas de indicadores de desempenho, avaliado trimestralmente",Desconto financeiro por não cumprimento de indicadores de desempenho (parte variável - 10%),HUGO,Hospital Albert Einstein (Sociedade Beneficente Israelita Brasileira),contrato_gestao_inicial,"Conforme pontuação global: 8-8,9 pontos = 90%; 7-7,9 = 80%; 6-6,9 = 70%; 5-5,9 = 60%; menor que 5 pontos = ZERO"
2024,C:\OSS-Goias\documentos\Albert Einstein\HUGO\2024\05_Contrato_Gestao_Aditivos\Termo-de-Colaboracao-no-97.2024-SES-V.pdf,Termo-de-Colaboracao-no-97.2024-SES-V,Descumprimento sem justificativa suficiente,Glosa de valores,HUGO,Hospital Albert Einstein (Sociedade Beneficente Israelita Brasileira),contrato_gestao_inicial,Valores relacionados a metas e resultados descumpridos
2024,C:\OSS-Goias\documentos\Albert Einstein\HUGO\2024\05_Contrato_Gestao_Aditivos\Termo-de-Colaboracao-no-97.2024-SES-V.pdf,Termo-de-Colaboracao-no-97.2024-SES-V,Utilização de recursos em desacordo com o Termo; não apresentação de prestação de contas; não cumprimento de metas por dois semestres; descumprimento de qualquer cláusula; caso fortuito ou força maior,Rescisão unilateral pelo Parceiro Público,HUGO,Hospital Albert Einstein (Sociedade Beneficente Israelita Brasileira),contrato_gestao_inicial,
2024,C:\OSS-Goias\documentos\IMED\PFRE\2024\05_Contrato_Gestao_Aditivos\Termo-de-Permissao-de-uso-Bens-IMOVEIS.pdf,Termo-de-Permissao-de-uso-Bens-IMOVEIS,Uso do imóvel para finalidade diversa do funcionamento da Policlínica,O PERMISSIONÁRIO responderá por perdas e danos caso dê destinação diversa ao imóvel além do funcionamento da Policlínica Estadual da Região do Entorno - Unidade Formosa,PFRE,IMED,outro,
2024,C:\OSS-Goias\documentos\IMED\PFRE\2024\05_Contrato_Gestao_Aditivos\Termo-de-Permissao-de-uso-Bens-IMOVEIS.pdf,Termo-de-Permissao-de-uso-Bens-IMOVEIS,"Avaria irreparável ou desaparecimento de bens por furto, roubo ou extravio, em 30 dias da ocorrência","Ressarcimento ao PERMITENTE no valor de mercado dos bens em caso de avaria economicamente desaconselhável ou desaparecimento por furto, roubo ou extravio",PFRE,IMED,outro,valor de mercado dos bens
2024,C:\OSS-Goias\documentos\IMED\PFRE\2024\05_Contrato_Gestao_Aditivos\Termo-de-Permissao-de-uso-Bens-MOVEIS.pdf,Termo-de-Permissao-de-uso-Bens-MOVEIS,"Ocorrência de avaria, furto, roubo ou extravio dos bens cedidos","Ressarcimento ao PERMITENTE no valor de mercado dos bens em caso de avaria desaconselhável economicamente para conserto, furto, roubo ou extravio",PFRE,IMED,outro,Valor de mercado dos bens
2025,C:\OSS-Goias\documentos\IDTech\HGG\2025\05_Contrato_Gestao_Aditivos\17. Compêtencias previstas no Contrato de Gestão - 17º Termo Aditivo - VIGENTE.pdf,17. Compêtencias previstas no Contrato de Gestão - 17º Termo Aditivo - VIGENTE,"Descumprimento decorrente de inobservância do prazo pelo Parceiro Privado, mediante notificação prévia",Desconto das faturas pelos valores correspondentes às glosas aplicadas ao Parceiro Público quanto ao não cumprimento dos prazos do Ministério da Saúde referentes à produção hospitalar/ambulatorial (SIA/SIH) e dados do CNES,HGG,IDTECH,termo_aditivo,
2025,C:\OSS-Goias\documentos\IDTech\HGG\2025\05_Contrato_Gestao_Aditivos\17. Compêtencias previstas no Contrato de Gestão - 17º Termo Aditivo - VIGENTE.pdf,17. Compêtencias previstas no Contrato de Gestão - 17º Termo Aditivo - VIGENTE,"Parecer emitido por comissão instituída pela SES, com dedução nos valores de custeio do Contrato de Gestão","Cobrança regressiva do Parceiro Privado por fornecimento de materiais, medicamentos, órteses e próteses não disponíveis na tabela SUS-SIGTAP demandados judicialmente ou administrativamente ao Parceiro Público",HGG,IDTECH,termo_aditivo,
2025,C:\OSS-Goias\documentos\IDTech\HGG\2025\05_Contrato_Gestao_Aditivos\17. Compêtencias previstas no Contrato de Gestão - 17º Termo Aditivo - VIGENTE.pdf,17. Compêtencias previstas no Contrato de Gestão - 17º Termo Aditivo - VIGENTE,"Descumprimento decorrente de inobservância do prazo pelo Parceiro Privado, mediante notificação prévia",Desconto das faturas pelos valores correspondentes aos bloqueios judiciais aplicados ao Parceiro Público quanto ao não cumprimento dos prazos de respostas das demandas judiciais e/ou administrativas,HGG,IDTECH,termo_aditivo,
2025,C:\OSS-Goias\documentos\FUNEV\HEANA\2025\05_Contrato_Gestao_Aditivos\1737659668371-HEANA__Competências_5º_Termo_Aditivo_Contrato_de_Gestão.pdf,1737659668371-HEANA__Competências_5º_Termo_Aditivo_Contrato_de_Gestão,Ação ou omissão do Parceiro Privado que resulte em penalidade ou sanção,Responsabilidade pelo pagamento de qualquer quantia decorrente de aplicação de penalidade ou sanção que decorra de ação ou omissão do Parceiro Privado,HEANA,FUNEV,termo_aditivo,
2025,C:\OSS-Goias\documentos\FUNEV\HEANA\2025\05_Contrato_Gestao_Aditivos\1737659668371-HEANA__Competências_5º_Termo_Aditivo_Contrato_de_Gestão.pdf,1737659668371-HEANA__Competências_5º_Termo_Aditivo_Contrato_de_Gestão,Prestações de contas parciais e finais apresentadas extemporaneamente e/ou não aprovadas,"Restituição ao Parceiro Público do valor repassado, atualizado monetariamente e acrescido de juros legais",HEANA,FUNEV,termo_aditivo,
2025,C:\OSS-Goias\documentos\FUNEV\HEANA\2025\05_Contrato_Gestao_Aditivos\1737659668371-HEANA__Competências_5º_Termo_Aditivo_Contrato_de_Gestão.pdf,1737659668371-HEANA__Competências_5º_Termo_Aditivo_Contrato_de_Gestão,Descumprimento do prazo para encaminhamento de intimações e notificações,"Responsabilidade administrativa, civil e criminal por deixar de remeter ao Parceiro Público e à Procuradoria-Geral do Estado as intimações e notificações administrativas e/ou judiciais fora do prazo",HEANA,FUNEV,termo_aditivo,
2025,C:\OSS-Goias\documentos\FUNEV\HEANA\2025\05_Contrato_Gestao_Aditivos\1758281865375-ilovepdf_merged.pdf,1758281865375-ilovepdf_merged,Quando a atividade realizada for inferior a 100% do volume contratado; abaixo de 70% do volume paga-se 70%,"Desconto financeiro por não cumprimento de metas de produção (saídas hospitalares, atendimento ambulatorial, hospital-dia, SAD, SADT externo)",HEANA,FUNEV,termo_aditivo,Variável conforme Tabela IV: entre 70% e 100% do orçamento destinado à linha de serviço
2025,C:\OSS-Goias\documentos\FUNEV\HEANA\2025\05_Contrato_Gestao_Aditivos\1758281865375-ilovepdf_merged.pdf,1758281865375-ilovepdf_merged,Avaliação trimestral dos indicadores de desempenho,Desconto financeiro por não cumprimento de indicadores de desempenho,HEANA,FUNEV,termo_aditivo,"Entre 70% e 100% dos 10% do valor mensal destinado ao desempenho, conforme pontuação global (6-7 pontos=70%, 7,01-8=80%, 8,01-9=90%, 9,01-10=100%)"
2025,C:\OSS-Goias\documentos\FUNEV\HEANA\2025\05_Contrato_Gestao_Aditivos\1758281865375-ilovepdf_merged.pdf,1758281865375-ilovepdf_merged,Desligamento do residente do Programa ou não preenchimento das vagas,Glosa imediata do valor da bolsa e despesa de custeio do Residente,HEANA,FUNEV,termo_aditivo,Valor correspondente à bolsa e custeio do residente desligado ou vaga não preenchida
2025,C:\OSS-Goias\documentos\FUNEV\HEANA\2025\05_Contrato_Gestao_Aditivos\1758281865375-ilovepdf_merged.pdf,1758281865375-ilovepdf_merged,"Descumprimento pelo PARCEIRO PRIVADO dos prazos estabelecidos pelo MS para produção SIA/SIH e CNES, mediante notificação prévia",Desconto correspondente a glosas aplicadas pelo Ministério da Saúde ao PARCEIRO PÚBLICO por descumprimento de prazos de produção hospitalar/ambulatorial ou CNES,HEANA,FUNEV,termo_aditivo,Valores correspondentes às glosas aplicadas
2025,C:\OSS-Goias\documentos\FUNEV\HEANA\2025\05_Contrato_Gestao_Aditivos\1758281865375-ilovepdf_merged.pdf,1758281865375-ilovepdf_merged,Quando o PARCEIRO PÚBLICO for demandado judicial/administrativamente e a comissão da SES emitir parecer favorável,Desconto por cobrança regressiva de materiais/medicamentos/OPMEs não disponíveis na tabela SUS-SIGTAP fornecidos judicialmente/administrativamente,HEANA,FUNEV,termo_aditivo,"Valores correspondentes, por dedução nos valores de custeio"
2025,C:\OSS-Goias\documentos\FUNEV\HEANA\2025\05_Contrato_Gestao_Aditivos\1758281865375-ilovepdf_merged.pdf,1758281865375-ilovepdf_merged,"Descumprimento das orientações de Ensino e Pesquisa: Notificação, Advertência, Suspensão do Ajuste, até Rescisão",Penalidades por descumprimento das regras de Ensino e Pesquisa,HEANA,FUNEV,termo_aditivo,
2025,C:\OSS-Goias\documentos\FUNEV\HEANA\2025\05_Contrato_Gestao_Aditivos\1758281865375-ilovepdf_merged.pdf,1758281865375-ilovepdf_merged,"Reincidência no descumprimento das solicitações quanto ao portal da transparência, conforme regulamentação da SES-GO",Penalidade por reincidência no descumprimento do portal da transparência,HEANA,FUNEV,termo_aditivo,
2025,C:\OSS-Goias\documentos\FUNEV\HEANA\2025\05_Contrato_Gestao_Aditivos\1759425665783-HEANA__Competências_6°_Termo_Aditivo_ao_Contrato_de_gestão_N_66.2019.pdf,1759425665783-HEANA__Competências_6°_Termo_Aditivo_ao_Contrato_de_gestão_N_66.2019,Prestações de contas parciais e finais apresentadas extemporaneamente e/ou não aprovadas.,"Restituição ao PARCEIRO PÚBLICO do valor repassado, atualizado monetariamente e acrescido de juros legais, quando as prestações de contas parciais e finais forem apresentadas extemporaneamente e/ou não forem aprovadas.",HEANA,FUNEV,termo_aditivo,
2025,C:\OSS-Goias\documentos\FUNEV\HEANA\2025\05_Contrato_Gestao_Aditivos\1759425665783-HEANA__Competências_6°_Termo_Aditivo_ao_Contrato_de_gestão_N_66.2019.pdf,1759425665783-HEANA__Competências_6°_Termo_Aditivo_ao_Contrato_de_gestão_N_66.2019,Ação ou omissão do PARCEIRO PRIVADO.,Responsabilidade pelo pagamento de qualquer quantia decorrente de aplicação de penalidade ou sanção que decorra de sua ação ou omissão.,HEANA,FUNEV,termo_aditivo,
2025,C:\OSS-Goias\documentos\FUNEV\HEANA\2025\05_Contrato_Gestao_Aditivos\1759425665783-HEANA__Competências_6°_Termo_Aditivo_ao_Contrato_de_gestão_N_66.2019.pdf,1759425665783-HEANA__Competências_6°_Termo_Aditivo_ao_Contrato_de_gestão_N_66.2019,"Dano causado ao PARCEIRO PÚBLICO, destinatários dos serviços ou terceiros por ação ou omissão dos agentes do PARCEIRO PRIVADO.","Responsabilidade pelo pagamento de indenização de qualquer natureza decorrente de ação ou omissão, dolosa ou culposa, que seus agentes causarem ao PARCEIRO PÚBLICO, aos destinatários dos serviços e/ou a terceiros.",HEANA,FUNEV,termo_aditivo,
2025,C:\OSS-Goias\documentos\FUNEV\HEANA\2025\05_Contrato_Gestao_Aditivos\1759425736585-HEANA__Competências_7°_Termo_Aditivo_ao_Contrato_de_gestão_N_66.2019..pdf,1759425736585-HEANA__Competências_7°_Termo_Aditivo_ao_Contrato_de_gestão_N_66.2019.,Prestações de contas parciais e finais apresentadas extemporaneamente e/ou não aprovadas,"Restituição ao parceiro público do valor repassado, atualizado monetariamente e acrescido de juros legais, quando as prestações de contas parciais e finais forem apresentadas extemporaneamente e/ou não forem aprovadas.",HEANA,FUNEV,termo_aditivo,valor repassado atualizado monetariamente acrescido de juros legais
2025,C:\OSS-Goias\documentos\FUNEV\HEANA\2025\05_Contrato_Gestao_Aditivos\1759425736585-HEANA__Competências_7°_Termo_Aditivo_ao_Contrato_de_gestão_N_66.2019..pdf,1759425736585-HEANA__Competências_7°_Termo_Aditivo_ao_Contrato_de_gestão_N_66.2019.,Ação ou omissão do parceiro privado que resulte em penalidade ou sanção,Responsabilização pelo pagamento de qualquer quantia decorrente de aplicação de penalidade ou sanção que decorra de sua ação ou omissão.,HEANA,FUNEV,termo_aditivo,
2025,C:\OSS-Goias\documentos\FUNEV\HEANA\2025\05_Contrato_Gestao_Aditivos\1759425736585-HEANA__Competências_7°_Termo_Aditivo_ao_Contrato_de_gestão_N_66.2019..pdf,1759425736585-HEANA__Competências_7°_Termo_Aditivo_ao_Contrato_de_gestão_N_66.2019.,Omissão ou atraso no encaminhamento de intimações e notificações judiciais/administrativas de interesse do Estado,"Responsabilidade administrativa, civil e criminal por deixar de remeter ou remeter fora do prazo intimações e notificações ao parceiro público e à Procuradoria-Geral do Estado.",HEANA,FUNEV,termo_aditivo,
2025,C:\OSS-Goias\documentos\IPGSE\HERSO\2025\05_Contrato_Gestao_Aditivos\1o-termo-aditivo-herso-07-07-2025-f1307269b9.pdf,1o-termo-aditivo-herso-07-07-2025-f1307269b9,"Quando a atividade realizada for inferior a 100% do volume pactuado, com escalonamento por faixa (acima de 90%: 100%; 80-89,99%: 90%; 70-79,99%: 80%; abaixo de 70%: 70%)","Desconto financeiro proporcional por não atingimento das metas de produção (saídas hospitalares, cirurgias eletivas, atendimento ambulatorial, hospital dia, SADT externo)",HERSO,IPGSE,termo_aditivo,"Entre 70% e 100% do orçamento destinado à modalidade, conforme faixa de cumprimento da meta"
2025,C:\OSS-Goias\documentos\IPGSE\HERSO\2025\05_Contrato_Gestao_Aditivos\1o-termo-aditivo-herso-07-07-2025-f1307269b9.pdf,1o-termo-aditivo-herso-07-07-2025-f1307269b9,Avaliação trimestral dos indicadores de desempenho com ajuste financeiro nos meses subsequentes,Desconto financeiro por não cumprimento dos indicadores de desempenho (10% do valor mensal),HERSO,IPGSE,termo_aditivo,"Entre 70% e 100% do valor de desempenho, conforme pontuação global (10 pontos: 100%; 9,01-10: 100%; 8,01-9: 90%; 7,01-8: 80%; 6-7: 70%)"
2025,C:\OSS-Goias\documentos\IPGSE\HERSO\2025\05_Contrato_Gestao_Aditivos\1o-termo-aditivo-herso-07-07-2025-f1307269b9.pdf,1o-termo-aditivo-herso-07-07-2025-f1307269b9,"Notificação, Advertência, Suspensão do Ajuste, até Rescisão, em caso de descumprimento das regras de Ensino e Pesquisa",Penalidades por descumprimento das regras de Ensino e Pesquisa,HERSO,IPGSE,termo_aditivo,
2025,C:\OSS-Goias\documentos\IPGSE\HERSO\2025\05_Contrato_Gestao_Aditivos\1o-termo-aditivo-herso-07-07-2025-f1307269b9.pdf,1o-termo-aditivo-herso-07-07-2025-f1307269b9,"Reincidência no descumprimento das solicitações quanto ao portal da transparência, conforme regulamentação da SES-GO",Penalidades por reincidência no descumprimento das solicitações quanto ao portal da transparência,HERSO,IPGSE,termo_aditivo,
2025,C:\OSS-Goias\documentos\IMED\HETRIN\2025\05_Contrato_Gestao_Aditivos\COMPETENCIAS-DO-CONTRATO-DE-GESTAO-No-037-2019.pdf,COMPETENCIAS-DO-CONTRATO-DE-GESTAO-No-037-2019,Prestações de contas apresentadas extemporaneamente ou não aprovadas,"Restituição ao PARCEIRO PÚBLICO do valor repassado, atualizado monetariamente e acrescido de juros legais, quando as prestações de contas parciais e finais forem apresentadas extemporaneamente e/ou não forem aprovadas.",HETRIN,IMED,contrato_gestao_inicial,
2025,C:\OSS-Goias\documentos\IMED\HETRIN\2025\05_Contrato_Gestao_Aditivos\COMPETENCIAS-DO-CONTRATO-DE-GESTAO-No-037-2019.pdf,COMPETENCIAS-DO-CONTRATO-DE-GESTAO-No-037-2019,Ação ou omissão do parceiro privado,Pagamento de qualquer quantia decorrente de aplicação de penalidade ou sanção que decorra de ação ou omissão do parceiro privado.,HETRIN,IMED,contrato_gestao_inicial,
2025,C:\OSS-Goias\documentos\IMED\HETRIN\2025\05_Contrato_Gestao_Aditivos\COMPETENCIAS-DO-CONTRATO-DE-GESTAO-No-037-2019.pdf,COMPETENCIAS-DO-CONTRATO-DE-GESTAO-No-037-2019,"Fornecimento de materiais, medicamentos, órteses e próteses não disponíveis na tabela SUS-SIGTAP","Dedução nos valores de custeio do Contrato de Gestão repassados pelo PARCEIRO PÚBLICO, quando demandado judicial ou administrativamente para fornecimento de materiais, medicamentos, órteses e próteses não disponíveis na tabela SUS-SIGTAP.",HETRIN,IMED,contrato_gestao_inicial,
2025,C:\OSS-Goias\documentos\IMED\HETRIN\2025\05_Contrato_Gestao_Aditivos\COMPETENCIAS-PREVISTAS-NO-CONTRATO-DE-GESTAO-HETRIN-2.pdf,COMPETENCIAS-PREVISTAS-NO-CONTRATO-DE-GESTAO-HETRIN-2,Prestações de contas apresentadas extemporaneamente ou não aprovadas,"Restituição ao PARCEIRO PÚBLICO do valor repassado, atualizado monetariamente e acrescido de juros legais, quando as prestações de contas parciais e finais forem apresentadas extemporaneamente e/ou não forem aprovadas.",HETRIN,IMED,outro,
2025,C:\OSS-Goias\documentos\IMED\HETRIN\2025\05_Contrato_Gestao_Aditivos\COMPETENCIAS-PREVISTAS-NO-CONTRATO-DE-GESTAO-HETRIN-2.pdf,COMPETENCIAS-PREVISTAS-NO-CONTRATO-DE-GESTAO-HETRIN-2,Ação ou omissão do PARCEIRO PRIVADO que resulte em penalidade ou sanção,Responsabilidade pelo pagamento de qualquer quantia decorrente de aplicação de penalidade ou sanção que decorra de sua ação ou omissão.,HETRIN,IMED,outro,
2025,C:\OSS-Goias\documentos\IMED\HETRIN\2025\05_Contrato_Gestao_Aditivos\COMPETENCIAS-PREVISTAS-NO-CONTRATO-DE-GESTAO-HETRIN-2.pdf,COMPETENCIAS-PREVISTAS-NO-CONTRATO-DE-GESTAO-HETRIN-2,"Fornecimento de materiais, medicamentos, órteses e próteses não disponíveis na tabela SUS-SIGTAP","Dedução dos valores de custeio do Contrato de Gestão repassados pelo PARCEIRO PÚBLICO, quando demandado judicial e/ou administrativamente para fornecimento de materiais, medicamentos, órteses e próteses fora da tabela SUS-SIGTAP.",HETRIN,IMED,outro,
2025,C:\OSS-Goias\documentos\IMED\PFRE\2025\05_Contrato_Gestao_Aditivos\COMPETENCIAS-PREVISTAS-NO-TERMO-DE-COLABORACAO-FORMOSA-03-04-25-assinado.pdf,COMPETENCIAS-PREVISTAS-NO-TERMO-DE-COLABORACAO-FORMOSA-03-04-25-assinado,Prestações de contas parciais e finais apresentadas extemporaneamente ou não aprovadas,"Restituição ao PARCEIRO PÚBLICO do valor repassado, atualizado monetariamente e acrescido de juros legais, quando prestações de contas forem apresentadas extemporaneamente e/ou não forem aprovadas.",PFRE,IMED,termo_aditivo,
2025,C:\OSS-Goias\documentos\IMED\PFRE\2025\05_Contrato_Gestao_Aditivos\COMPETENCIAS-PREVISTAS-NO-TERMO-DE-COLABORACAO-FORMOSA-03-04-25-assinado.pdf,COMPETENCIAS-PREVISTAS-NO-TERMO-DE-COLABORACAO-FORMOSA-03-04-25-assinado,Omissão ou atraso no encaminhamento de intimações e notificações judiciais/administrativas,"Responsabilidade administrativa, civil e criminal por não encaminhar ao PARCEIRO PÚBLICO e à Procuradoria-Geral do Estado as intimações e notificações dentro do prazo.",PFRE,IMED,termo_aditivo,
2025,C:\OSS-Goias\documentos\IMED\PFRE\2025\05_Contrato_Gestao_Aditivos\COMPETENCIAS-PREVISTAS-NO-TERMO-DE-COLABORACAO-FORMOSA-03-04-25-assinado.pdf,COMPETENCIAS-PREVISTAS-NO-TERMO-DE-COLABORACAO-FORMOSA-03-04-25-assinado,Ação ou omissão do PARCEIRO PRIVADO que gere penalidade ou sanção,Responsabilidade pelo pagamento de qualquer quantia decorrente de aplicação de penalidade ou sanção decorrente de ação ou omissão do PARCEIRO PRIVADO.,PFRE,IMED,termo_aditivo,
2025,C:\OSS-Goias\documentos\IMED\PFRE\2025\05_Contrato_Gestao_Aditivos\COMPETENCIAS-PREVISTAS-NO-TERMO-DE-COLABORACAO-FORMOSA-07-07-25-assinado.pdf,COMPETENCIAS-PREVISTAS-NO-TERMO-DE-COLABORACAO-FORMOSA-07-07-25-assinado,Prestações de contas parciais e finais apresentadas extemporaneamente e/ou não aprovadas,"Restituição ao PARCEIRO PÚBLICO do valor repassado, atualizado monetariamente e acrescido de juros legais, quando prestações de contas forem apresentadas extemporaneamente e/ou não forem aprovadas",PFRE,IMED,contrato_gestao_inicial,
2025,C:\OSS-Goias\documentos\IMED\PFRE\2025\05_Contrato_Gestao_Aditivos\COMPETENCIAS-PREVISTAS-NO-TERMO-DE-COLABORACAO-FORMOSA-07-07-25-assinado.pdf,COMPETENCIAS-PREVISTAS-NO-TERMO-DE-COLABORACAO-FORMOSA-07-07-25-assinado,Ação ou omissão do PARCEIRO PRIVADO,Responsabilidade pelo pagamento de qualquer quantia decorrente de aplicação de penalidade ou sanção que decorra de sua ação ou omissão,PFRE,IMED,contrato_gestao_inicial,
2025,C:\OSS-Goias\documentos\IMED\PFRE\2025\05_Contrato_Gestao_Aditivos\COMPETENCIAS-PREVISTAS-NO-TERMO-DE-COLABORACAO-FORMOSA-07-07-25-assinado.pdf,COMPETENCIAS-PREVISTAS-NO-TERMO-DE-COLABORACAO-FORMOSA-07-07-25-assinado,Realização de despesas administrativas com recursos do repasse mensal,Despesas administrativas limitadas a 3% do repasse mensal,PFRE,IMED,contrato_gestao_inicial,3%
2025,C:\OSS-Goias\documentos\IMED\PFRE\2025\05_Contrato_Gestao_Aditivos\COMPETENCIAS-PREVISTAS-NO-TERMO-DE-COLABORACAO-FORMOSA-07-07-25-assinado.pdf,COMPETENCIAS-PREVISTAS-NO-TERMO-DE-COLABORACAO-FORMOSA-07-07-25-assinado,Omissão ou atraso no encaminhamento de intimações e notificações judiciais/administrativas,"Responsabilidade administrativa, civil e criminal por não remeter intimações e notificações ao PARCEIRO PÚBLICO e à PGE no prazo",PFRE,IMED,contrato_gestao_inicial,
2025,C:\OSS-Goias\documentos\IMED\PFRE\2025\05_Contrato_Gestao_Aditivos\COMPETENCIAS-PREVISTAS-NO-TERMO-DE-COLABORACAO-FORMOSA-1.pdf,COMPETENCIAS-PREVISTAS-NO-TERMO-DE-COLABORACAO-FORMOSA-1,Prestações de contas apresentadas fora do prazo ou não aprovadas,"Restituição ao PARCEIRO PÚBLICO do valor repassado, atualizado monetariamente e acrescido de juros legais, quando as prestações de contas parciais e finais forem apresentadas extemporaneamente e/ou não forem aprovadas",PFRE,IMED,contrato_gestao_inicial,
2025,C:\OSS-Goias\documentos\IMED\PFRE\2025\05_Contrato_Gestao_Aditivos\COMPETENCIAS-PREVISTAS-NO-TERMO-DE-COLABORACAO-FORMOSA-1.pdf,COMPETENCIAS-PREVISTAS-NO-TERMO-DE-COLABORACAO-FORMOSA-1,Omissão ou atraso no encaminhamento de intimações/notificações judiciais ou administrativas,"Responsabilidade administrativa, civil e criminal por não remeter intimações e notificações ao PARCEIRO PÚBLICO e à PGE dentro do prazo",PFRE,IMED,contrato_gestao_inicial,
2025,C:\OSS-Goias\documentos\IMED\PFRE\2025\05_Contrato_Gestao_Aditivos\COMPETENCIAS-PREVISTAS-NO-TERMO-DE-COLABORACAO-FORMOSA-1.pdf,COMPETENCIAS-PREVISTAS-NO-TERMO-DE-COLABORACAO-FORMOSA-1,Ausência de resposta ou descumprimento de prazo para fornecimento de informações solicitadas pelo PARCEIRO PÚBLICO,Enquadramento na conduta descrita no inciso V do art. 5º da Lei nº 18.672/2014 por ausência de resposta ou inobservância ao prazo para fornecimento de informações e esclarecimentos,PFRE,IMED,contrato_gestao_inicial,
2025,C:\OSS-Goias\documentos\IPGSE\HERSO\2025\05_Contrato_Gestao_Aditivos\execucao-orcamentaria-agosto-12-11-2025-b7895e72f4.pdf,execucao-orcamentaria-agosto-12-11-2025-b7895e72f4,"Natureza da Despesa 3.3.50.85.02, competência ago/25, processo 202300010023436",Glosa aplicada - Valor provisionado para ajuste posterior,HERSO,IPGSE,outro,406390.09
2025,C:\OSS-Goias\documentos\IPGSE\HERSO\2025\05_Contrato_Gestao_Aditivos\execucao-orcamentaria-julho-12-11-2025-fb86790b10.pdf,execucao-orcamentaria-julho-12-11-2025-fb86790b10,Competência jun/25 - ajuste posterior conforme apuração da SES/CGC/SUPECC-19837,Valor provisionado para ajuste posterior (glosa aplicada em jun/25),HERSO,IPGSE,outro,200000.00
2025,C:\OSS-Goias\documentos\IPGSE\HERSO\2025\05_Contrato_Gestao_Aditivos\execucao-orcamentaria-julho-12-11-2025-fb86790b10.pdf,execucao-orcamentaria-julho-12-11-2025-fb86790b10,Competência jul/25 - ajuste posterior conforme apuração da SES/CGC/SUPECC-19837,Valor provisionado para ajuste posterior (glosa aplicada em jul/25),HERSO,IPGSE,outro,406390.09
2025,C:\OSS-Goias\documentos\Albert Einstein\HUGO\2025\05_Contrato_Gestao_Aditivos\Execucao-orcamentaria-mensal-e-acumulada-do-ano-novembro-2025.xlsx,Execucao-orcamentaria-mensal-e-acumulada-do-ano-novembro-2025,Competência maio/2025,Glosas aplicadas - Valor provisionado para ajuste posterior (energia elétrica e fundo rescisório),HUGO,Albert Einstein,outro,189144.60
2025,C:\OSS-Goias\documentos\Albert Einstein\HUGO\2025\05_Contrato_Gestao_Aditivos\Execucao-orcamentaria-mensal-e-acumulada-do-ano-novembro-2025.xlsx,Execucao-orcamentaria-mensal-e-acumulada-do-ano-novembro-2025,Competência junho/2025,Glosas aplicadas - Valor provisionado para ajuste posterior (energia elétrica e fundo rescisório),HUGO,Albert Einstein,outro,194272.18
2025,C:\OSS-Goias\documentos\Albert Einstein\HUGO\2025\05_Contrato_Gestao_Aditivos\Execucao-orcamentaria-mensal-e-acumulada-do-ano-novembro-2025.xlsx,Execucao-orcamentaria-mensal-e-acumulada-do-ano-novembro-2025,Competência julho/2025,Glosas aplicadas - Valor provisionado para ajuste posterior (energia elétrica e fundo rescisório),HUGO,Albert Einstein,outro,207176.31
2025,C:\OSS-Goias\documentos\Albert Einstein\HUGO\2025\05_Contrato_Gestao_Aditivos\Execucao-orcamentaria-mensal-e-acumulada-do-ano-novembro-2025.xlsx,Execucao-orcamentaria-mensal-e-acumulada-do-ano-novembro-2025,Competência agosto/2025,"Glosas aplicadas - Valor provisionado para ajuste posterior (energia elétrica, fundo rescisório)",HUGO,Albert Einstein,outro,364701.53
2025,C:\OSS-Goias\documentos\Albert Einstein\HUGO\2025\05_Contrato_Gestao_Aditivos\Execucao-orcamentaria-mensal-e-acumulada-do-ano-novembro-2025.xlsx,Execucao-orcamentaria-mensal-e-acumulada-do-ano-novembro-2025,Competência setembro/2025,"Glosas aplicadas - Valor provisionado para ajuste posterior (energia elétrica, fundo rescisório, planisa e glosa de metas)",HUGO,Albert Einstein,outro,473450.49
2025,C:\OSS-Goias\documentos\Albert Einstein\HUGO\2025\05_Contrato_Gestao_Aditivos\Execucao-orcamentaria-mensal-e-acumulada-do-ano-novembro-2025.xlsx,Execucao-orcamentaria-mensal-e-acumulada-do-ano-novembro-2025,Competência outubro/2025,"Glosas aplicadas - Valor provisionado para ajuste posterior (energia elétrica, fundo rescisório, planisa e glosa de metas)",HUGO,Albert Einstein,outro,1816370.98
2025,C:\OSS-Goias\documentos\Albert Einstein\HUGO\2025\05_Contrato_Gestao_Aditivos\Execucao-orcamentaria-mensal-e-acumulada-do-ano-novembro-2025.xlsx,Execucao-orcamentaria-mensal-e-acumulada-do-ano-novembro-2025,Competência novembro/2025,"Glosas aplicadas - Valor provisionado para ajuste posterior (energia elétrica, fundo rescisório, planisa e glosa de metas)",HUGO,Albert Einstein,outro,1752940.11
2025,C:\OSS-Goias\documentos\ISG\HDT\2025\05_Contrato_Gestao_Aditivos\HDT-Contrato-de-Gestao-no-091-2012-SES-GO-ago-25.xlsx,HDT-Contrato-de-Gestao-no-091-2012-SES-GO-ago-25,"Competência 08/2025, Processo 201100010017260, área responsável SES/CGC/SUPECC-19837",Glosa aplicada – valor provisionado para ajuste posterior,HDT,ISG,termo_aditivo,475088.61
2025,C:\OSS-Goias\documentos\ISG\HDT\2025\05_Contrato_Gestao_Aditivos\HDT-Contrato-de-Gestao-no-091-2012-SES-GO-JUL-25.xlsx,HDT-Contrato-de-Gestao-no-091-2012-SES-GO-JUL-25,"Competências junho e julho de 2025, conforme SES/CGC/SUPECC-19837, Natureza 3.3.50.85.02",Glosa aplicada - Valor provisionado para ajuste posterior,HDT,ISG,termo_aditivo,725088.61
2025,C:\OSS-Goias\documentos\ISG\HDT\2025\05_Contrato_Gestao_Aditivos\HDT-JAN-AGO-2025-1.pdf,HDT-JAN-AGO-2025-1,"ago-25, Natureza da Despesa 3.3.50.85.02, Processo 201100010017260",Valor provisionado para ajuste posterior (glosa aplicada em agosto/2025),HDT,ISG,outro,475088.61
2025,C:\OSS-Goias\documentos\ISG\HDT\2025\05_Contrato_Gestao_Aditivos\HDT-JAN-JUL-2025.pdf,HDT-JAN-JUL-2025,"Junho/2025 - competência jun-25, processo 201100010017260, área SES/CGC/SUPECC-19837",Valor provisionado para ajuste posterior (Glosa),HDT,ISG,outro,250000.00
2025,C:\OSS-Goias\documentos\ISG\HDT\2025\05_Contrato_Gestao_Aditivos\HDT-JAN-JUL-2025.pdf,HDT-JAN-JUL-2025,"Julho/2025 - competência jul-25, processo 201100010017260, área SES/CGC/SUPECC-19837",Valor provisionado para ajuste posterior (Glosa),HDT,ISG,outro,475088.61
2025,C:\OSS-Goias\documentos\IPGSE\HERSO\2025\05_Contrato_Gestao_Aditivos\herso-contrato-101-setembro-2024-28-07-2025-6a0bfc5105.pdf,herso-contrato-101-setembro-2024-28-07-2025-6a0bfc5105,"Não cumprimento de metas contratuais, conforme avaliação da Comissão de Monitoramento e Avaliação dos Contratos de Gestão, referente ao período de 30/04/2023 a 26/10/2023",Glosa por não cumprimento de metas contratuais,HERSO,IPGSE,outro,"R$ 342.423,22 (conforme Relatório COMACG nº 58/2023)"
2025,C:\OSS-Goias\documentos\IPGSE\HERSO\2025\05_Contrato_Gestao_Aditivos\herso-contrato-101-setembro-2024-28-07-2025-6a0bfc5105.pdf,herso-contrato-101-setembro-2024-28-07-2025-6a0bfc5105,Irregularidades em faturas de energia elétrica,Glosa - Concessionárias (faturas de energia),HERSO,IPGSE,outro,"0,00"
2025,C:\OSS-Goias\documentos\IPGSE\HERSO\2025\05_Contrato_Gestao_Aditivos\herso-contrato-101-setembro-2024-28-07-2025-6a0bfc5105.pdf,herso-contrato-101-setembro-2024-28-07-2025-6a0bfc5105,Valor da folha de pagamento menor que o previsto no Contrato de Gestão,Glosa - Diferença do ajuste de folha (valor da folha menor que o previsto no Contrato),HERSO,IPGSE,outro,
2025,C:\OSS-Goias\documentos\IPGSE\HERSO\2025\05_Contrato_Gestao_Aditivos\herso-jan-a-abr-2025-ipgse-17-10-2025-99e4a6b662.pdf,herso-jan-a-abr-2025-ipgse-17-10-2025-99e4a6b662,Competência jan/25 - Processo 201700010019675,Glosa Energia elétrica e imposto de renda da energia (jan/25),HERSO,IPGSE,outro,"0,00"
2025,C:\OSS-Goias\documentos\IPGSE\HERSO\2025\05_Contrato_Gestao_Aditivos\herso-jan-a-abr-2025-ipgse-17-10-2025-99e4a6b662.pdf,herso-jan-a-abr-2025-ipgse-17-10-2025-99e4a6b662,Competência fev/25 - Processo 202300010023436,Glosa Energia elétrica e imposto de renda da energia (fev/25),HERSO,IPGSE,outro,"0,00"
2025,C:\OSS-Goias\documentos\IPGSE\HERSO\2025\05_Contrato_Gestao_Aditivos\herso-jan-a-abr-2025-ipgse-17-10-2025-99e4a6b662.pdf,herso-jan-a-abr-2025-ipgse-17-10-2025-99e4a6b662,Competência mar/25 - Processo 202300010023436,Valor provisionado para ajuste posterior (mar/25),HERSO,IPGSE,outro,200000.00
2025,C:\OSS-Goias\documentos\IPGSE\HERSO\2025\05_Contrato_Gestao_Aditivos\herso-jan-a-abr-2025-ipgse-17-10-2025-99e4a6b662.pdf,herso-jan-a-abr-2025-ipgse-17-10-2025-99e4a6b662,Competência abr/25 - Processo 202300010023436,Valor provisionado para ajuste posterior (abr/25),HERSO,IPGSE,outro,200000.00
2025,C:\OSS-Goias\documentos\IPGSE\HERSO\2025\05_Contrato_Gestao_Aditivos\herso-jan-a-jun-2025-ipgse-1-18-09-2025-24368ae8a0.pdf,herso-jan-a-jun-2025-ipgse-1-18-09-2025-24368ae8a0,mai/25 - SES/CGC/SUPECC-19837,Glosa - Valor provisionado para ajuste posterior,HERSO,IPGSE,outro,80000.00
2025,C:\OSS-Goias\documentos\IPGSE\HERSO\2025\05_Contrato_Gestao_Aditivos\herso-jan-a-jun-2025-ipgse-1-18-09-2025-24368ae8a0.pdf,herso-jan-a-jun-2025-ipgse-1-18-09-2025-24368ae8a0,jun/25 - SES/CGC/SUPECC-19837,Glosa - Valor provisionado para ajuste posterior,HERSO,IPGSE,outro,200000.00
2025,C:\OSS-Goias\documentos\IPGSE\HERSO\2025\05_Contrato_Gestao_Aditivos\herso-jan-a-mai-2025-ipgse-17-10-2025-fac49e7c75.pdf,herso-jan-a-mai-2025-ipgse-17-10-2025-fac49e7c75,"Competência mai/25, Natureza 3.3.50.85.02, Processo 202300010023436, Período de aplicação mai/25, Área Responsável SES/CGC/SUPECC-19837",Glosa - Valor provisionado para ajuste posterior,HERSO,IPGSE,outro,80000.00
2025,C:\OSS-Goias\documentos\IPGSE\HERSO\2025\05_Contrato_Gestao_Aditivos\herso-jan-a-mar-2025-17-10-2025-dffaf83699.pdf,herso-jan-a-mar-2025-17-10-2025-dffaf83699,Aplicada em março/2025 referente à competência janeiro/2025,Glosa de energia elétrica,HERSO,IPGSE,outro,72730.74
2025,C:\OSS-Goias\documentos\IPGSE\HERSO\2025\05_Contrato_Gestao_Aditivos\herso-jan-a-mar-2025-17-10-2025-dffaf83699.pdf,herso-jan-a-mar-2025-17-10-2025-dffaf83699,Aplicada em janeiro/2025 referente à competência fevereiro/2025,Valor provisionado para ajuste posterior,HERSO,IPGSE,outro,250000.00
2025,C:\OSS-Goias\documentos\IPGSE\HERSO\2025\05_Contrato_Gestao_Aditivos\herso-jan-a-mar-2025-17-10-2025-dffaf83699.pdf,herso-jan-a-mar-2025-17-10-2025-dffaf83699,Aplicada em fevereiro/2025 referente à competência março/2025,Valor provisionado para ajuste posterior,HERSO,IPGSE,outro,200000.00
2025,C:\OSS-Goias\documentos\IPGSE\HERSO\2025\05_Contrato_Gestao_Aditivos\herso-novembro-2024-28-07-2025-050a233590.pdf,herso-novembro-2024-28-07-2025-050a233590,"Não cumprimento de metas contratuais conforme Relatório COMACG nº 58/2023, referente ao período de avaliação 30/04/2023 a 26/10/2023",Glosa por não cumprimento de metas contratuais,HERSO,IPGSE,outro,
2025,C:\OSS-Goias\documentos\IPGSE\HERSO\2025\05_Contrato_Gestao_Aditivos\herso-novembro-2024-28-07-2025-050a233590.pdf,herso-novembro-2024-28-07-2025-050a233590,Faturas de energia elétrica - competência outubro/2024,Glosa - Concessionárias (faturas de energia),HERSO,IPGSE,outro,99383.45
2025,C:\OSS-Goias\documentos\IPGSE\HERSO\2025\05_Contrato_Gestao_Aditivos\herso-novembro-2024-28-07-2025-050a233590.pdf,herso-novembro-2024-28-07-2025-050a233590,Faturas de energia elétrica - competência novembro/2024,Glosa - Concessionárias (faturas de energia),HERSO,IPGSE,outro,137514.91
2025,C:\OSS-Goias\documentos\Albert Einstein\HUGO\2025\05_Contrato_Gestao_Aditivos\HUGO-JAN-A-ABR-2025.pdf,HUGO-JAN-A-ABR-2025,"Aplicada em mar-25 e abr-25 referente ao processo 202300010023416, natureza 3.3.50.85.02, área SES/CGC/SUPECC-19837",Valor provisionado para ajuste posterior (glosa),HUGO,Sociedade Beneficente Israelita - Hospital Albert Einstein,outro,"400.000,00"
2025,C:\OSS-Goias\documentos\Albert Einstein\HUGO\2025\05_Contrato_Gestao_Aditivos\HUGO-JAN-A-FEV-2025.pdf,HUGO-JAN-A-FEV-2025,Valor provisionado para ajuste posterior - Natureza 3.3.50.85.02 - Processo 202300010023416,Valor provisionado para ajuste posterior (glosa aplicada),HUGO,Sociedade Beneficente Israelita - Hospital Albert Einstein,outro,"600.000,00 (jan/25); 500.000,00 (fev/25); 400.000,00 (mar/25)"
2025,C:\OSS-Goias\documentos\Albert Einstein\HUGO\2025\05_Contrato_Gestao_Aditivos\HUGO-JAN-A-MAI-2025.pdf,HUGO-JAN-A-MAI-2025,"Competência mai/2025, natureza de despesa 3.3.50.85.02, processo 201100010013921, área responsável SES/CGC/SUPECC-19837",Glosa aplicada - Valor provisionado para ajuste posterior,HUGO,Hospital Albert Einstein (Sociedade Beneficente Israelita Brasileira),outro,200000.00
2025,C:\OSS-Goias\documentos\Albert Einstein\HUGO\2025\05_Contrato_Gestao_Aditivos\HUGO-JAN-A-MAR-2025.pdf,HUGO-JAN-A-MAR-2025,Valor provisionado para ajuste posterior conforme Solicitação de Liquidação e Pagamento - ajuste realizado posteriormente quando informado pela SES/CGC/SUPECC-19837,Valor provisionado para ajuste posterior (glosa),HUGO,Sociedade Beneficente Israelita - Hospital Albert Einstein,outro,"600.000,00 (jan-25); 500.000,00 (fev-25); 400.000,00 (mar-25)"
2025,C:\OSS-Goias\documentos\Albert Einstein\HUGO\2025\05_Contrato_Gestao_Aditivos\Relatorio-Resumido-da-Execucao-Orcamentaria-e-Financeira-por-Contrato-de-Gestao-972024-Outubro-2025.pdf,Relatorio-Resumido-da-Execucao-Orcamentaria-e-Financeira-por-Contrato-de-Gestao-972024-Outubro-2025,Valores provisionados para ajuste posterior conforme competência mensal apurada pela SES/CGC/SUPECC,"Glosa de valores provisionados para ajuste posterior (energia elétrica, fundo rescisório, planisa e glosa de metas)",HUGO,Sociedade Beneficente Israelita Brasileira - Hospital Albert Einstein,outro,"Total geral de glosas: R$ 3.245.116,09"
2025,C:\OSS-Goias\documentos\ISG\HDT\2025\05_Contrato_Gestao_Aditivos\Relatorio-Resumido-da-Execucao-Orcamentaria-e-Financeira-por-Contrato-de-Gestao-Abril-2025-Excel.xlsx,Relatorio-Resumido-da-Execucao-Orcamentaria-e-Financeira-por-Contrato-de-Gestao-Abril-2025-Excel,"Março/2025 - Natureza 3.3.50.85.02, Processo 201100010017260, Área SES/CGC/SUPECC-19837",Valor provisionado para ajuste posterior (Glosa aplicada),HDT,ISG,outro,250000.00
2025,C:\OSS-Goias\documentos\ISG\HDT\2025\05_Contrato_Gestao_Aditivos\Relatorio-Resumido-da-Execucao-Orcamentaria-e-Financeira-por-Contrato-de-Gestao-Abril-2025-Excel.xlsx,Relatorio-Resumido-da-Execucao-Orcamentaria-e-Financeira-por-Contrato-de-Gestao-Abril-2025-Excel,"Abril/2025 - Natureza 3.3.50.85.02, Processo 201100010017260, Área SES/CGC/SUPECC-19837",Valor provisionado para ajuste posterior (Glosa aplicada),HDT,ISG,outro,250000.00
2025,C:\OSS-Goias\documentos\ISG\HDT\2025\05_Contrato_Gestao_Aditivos\Relatorio-Resumido-da-Execucao-Orcamentaria-e-Financeira-por-Contrato-de-Gestao-Abril-2025.pdf,Relatorio-Resumido-da-Execucao-Orcamentaria-e-Financeira-por-Contrato-de-Gestao-Abril-2025,"Competência março/2025, período de aplicação março/2025",Valor provisionado para ajuste posterior (glosa) referente a março/2025,HDT,ISG,outro,250000.00
2025,C:\OSS-Goias\documentos\ISG\HDT\2025\05_Contrato_Gestao_Aditivos\Relatorio-Resumido-da-Execucao-Orcamentaria-e-Financeira-por-Contrato-de-Gestao-Abril-2025.pdf,Relatorio-Resumido-da-Execucao-Orcamentaria-e-Financeira-por-Contrato-de-Gestao-Abril-2025,"Competência abril/2025, período de aplicação abril/2025",Valor provisionado para ajuste posterior (glosa) referente a abril/2025,HDT,ISG,outro,250000.00
2025,C:\OSS-Goias\documentos\ISG\HDT\2025\05_Contrato_Gestao_Aditivos\Relatorio-Resumido-da-Execucao-Orcamentaria-e-Financeira-por-Contrato-de-Gestao-Dezembro-2025-Excel.xlsx,Relatorio-Resumido-da-Execucao-Orcamentaria-e-Financeira-por-Contrato-de-Gestao-Dezembro-2025-Excel,"Descumprimento contratual conforme apuração SES/CGC/SUPECC-19837, natureza 3.3.50.85.02, Processo 201100010017260, competências set/25, out/25, nov/25 e dez/25",Glosa aplicada sobre custeio,HDT,ISG,termo_aditivo,576944.77
2025,C:\OSS-Goias\documentos\ISG\HDT\2025\05_Contrato_Gestao_Aditivos\Relatorio-Resumido-da-Execucao-Orcamentaria-e-Financeira-por-Contrato-de-Gestao-Dezembro-2025.pdf,Relatorio-Resumido-da-Execucao-Orcamentaria-e-Financeira-por-Contrato-de-Gestao-Dezembro-2025,Aplicada em nov/25 - Processo 201100010017260 - Natureza 3.3.50.85.02,Glosa aplicada referente à competência set/25,HDT,ISG,outro,27076.48
2025,C:\OSS-Goias\documentos\ISG\HDT\2025\05_Contrato_Gestao_Aditivos\Relatorio-Resumido-da-Execucao-Orcamentaria-e-Financeira-por-Contrato-de-Gestao-Dezembro-2025.pdf,Relatorio-Resumido-da-Execucao-Orcamentaria-e-Financeira-por-Contrato-de-Gestao-Dezembro-2025,Aplicada em dez/25 - Processo 201100010017260 - Natureza 3.3.50.85.02,Glosa aplicada referente à competência out/25,HDT,ISG,outro,13538.24
2025,C:\OSS-Goias\documentos\ISG\HDT\2025\05_Contrato_Gestao_Aditivos\Relatorio-Resumido-da-Execucao-Orcamentaria-e-Financeira-por-Contrato-de-Gestao-Dezembro-2025.pdf,Relatorio-Resumido-da-Execucao-Orcamentaria-e-Financeira-por-Contrato-de-Gestao-Dezembro-2025,Provisionado em dez/25 - Processo 201100010017260 - Natureza 3.3.50.85.02,Valor provisionado para ajuste posterior referente à competência nov/25,HDT,ISG,outro,354597.97
2025,C:\OSS-Goias\documentos\ISG\HDT\2025\05_Contrato_Gestao_Aditivos\Relatorio-Resumido-da-Execucao-Orcamentaria-e-Financeira-por-Contrato-de-Gestao-Dezembro-2025.pdf,Relatorio-Resumido-da-Execucao-Orcamentaria-e-Financeira-por-Contrato-de-Gestao-Dezembro-2025,Provisionado em dez/25 - Processo 201100010017260 - Natureza 3.3.50.85.02,Valor provisionado para ajuste posterior referente à competência dez/25,HDT,ISG,outro,181732.08
2025,C:\OSS-Goias\documentos\ISG\HDT\2025\05_Contrato_Gestao_Aditivos\Relatorio-Resumido-da-Execucao-Orcamentaria-e-Financeira-por-Contrato-de-Gestao-Janeiro-2025-Excel.xlsx,Relatorio-Resumido-da-Execucao-Orcamentaria-e-Financeira-por-Contrato-de-Gestao-Janeiro-2025-Excel,"Natureza da despesa 3.3.50.85.02, processo 201100010017260, competência janeiro/2025, período de aplicação janeiro/2025, área responsável SES/CGC/SUPECC-19837",Glosa aplicada – Valor provisionado para ajuste posterior,HDT,ISG,termo_aditivo,350000.00
2025,C:\OSS-Goias\documentos\ISG\HDT\2025\05_Contrato_Gestao_Aditivos\Relatorio-Resumido-da-Execucao-Orcamentaria-e-Financeira-por-Contrato-de-Gestao-Junho-2025-Excel-1.pdf,Relatorio-Resumido-da-Execucao-Orcamentaria-e-Financeira-por-Contrato-de-Gestao-Junho-2025-Excel-1,mai-25,Valor provisionado para ajuste posterior (glosa),HDT,ISG,outro,"150.000,00"
2025,C:\OSS-Goias\documentos\ISG\HDT\2025\05_Contrato_Gestao_Aditivos\Relatorio-Resumido-da-Execucao-Orcamentaria-e-Financeira-por-Contrato-de-Gestao-Junho-2025-Excel-1.pdf,Relatorio-Resumido-da-Execucao-Orcamentaria-e-Financeira-por-Contrato-de-Gestao-Junho-2025-Excel-1,jun-25,Valor provisionado para ajuste posterior (glosa),HDT,ISG,outro,"250.000,00"
2025,C:\OSS-Goias\documentos\ISG\HDT\2025\05_Contrato_Gestao_Aditivos\Relatorio-Resumido-da-Execucao-Orcamentaria-e-Financeira-por-Contrato-de-Gestao-Junho-2025-Excel.xlsx,Relatorio-Resumido-da-Execucao-Orcamentaria-e-Financeira-por-Contrato-de-Gestao-Junho-2025-Excel,"Competência mai-25, natureza 3.3.50.85.02, processo 201100010017260",Valor provisionado para ajuste posterior (Glosa aplicada em maio/2025),HDT,ISG,outro,150000.00
2025,C:\OSS-Goias\documentos\ISG\HDT\2025\05_Contrato_Gestao_Aditivos\Relatorio-Resumido-da-Execucao-Orcamentaria-e-Financeira-por-Contrato-de-Gestao-Junho-2025-Excel.xlsx,Relatorio-Resumido-da-Execucao-Orcamentaria-e-Financeira-por-Contrato-de-Gestao-Junho-2025-Excel,"Competência jun-25, natureza 3.3.50.85.02, processo 201100010017260",Valor provisionado para ajuste posterior (Glosa aplicada em junho/2025),HDT,ISG,outro,250000.00
2025,C:\OSS-Goias\documentos\ISG\HDT\2025\05_Contrato_Gestao_Aditivos\Relatorio-Resumido-da-Execucao-Orcamentaria-e-Financeira-por-Contrato-de-Gestao-Maio-2025-Excel.xlsx,Relatorio-Resumido-da-Execucao-Orcamentaria-e-Financeira-por-Contrato-de-Gestao-Maio-2025-Excel,"Competência mai/25, aplicada em mai/25, Natureza 3.3.50.85.02, Processo 201100010017260, Área SES/CGC/SUPECC-19837",Glosa aplicada – Valor provisionado para ajuste posterior,HDT,ISG,outro,150000.00
2025,C:\OSS-Goias\documentos\ISG\HDT\2025\05_Contrato_Gestao_Aditivos\Relatorio-Resumido-da-Execucao-Orcamentaria-e-Financeira-por-Contrato-de-Gestao-Maio-2025.pdf,Relatorio-Resumido-da-Execucao-Orcamentaria-e-Financeira-por-Contrato-de-Gestao-Maio-2025,"Competência maio/2025, processo 201100010017260, natureza 3.3.50.85.02",Valor provisionado para ajuste posterior (glosa aplicada em maio/2025),HDT,ISG,outro,150000.00
2025,C:\OSS-Goias\documentos\ISG\HDT\2025\05_Contrato_Gestao_Aditivos\Relatorio-Resumido-da-Execucao-Orcamentaria-e-Financeira-por-Contrato-de-Gestao-Marco-2025-.pdf,Relatorio-Resumido-da-Execucao-Orcamentaria-e-Financeira-por-Contrato-de-Gestao-Marco-2025-,"Competência jan-25, período de aplicação mar-25",Glosa Fatura de Energia Elétrica 01/2025,HDT,ISG,outro,57306.40
2025,C:\OSS-Goias\documentos\ISG\HDT\2025\05_Contrato_Gestao_Aditivos\Relatorio-Resumido-da-Execucao-Orcamentaria-e-Financeira-por-Contrato-de-Gestao-Marco-2025-.pdf,Relatorio-Resumido-da-Execucao-Orcamentaria-e-Financeira-por-Contrato-de-Gestao-Marco-2025-,"Competência fev-25, período de aplicação fev-25",Valor provisionado para ajuste posterior,HDT,ISG,outro,300000.00
2025,C:\OSS-Goias\documentos\ISG\HDT\2025\05_Contrato_Gestao_Aditivos\Relatorio-Resumido-da-Execucao-Orcamentaria-e-Financeira-por-Contrato-de-Gestao-Marco-2025-.pdf,Relatorio-Resumido-da-Execucao-Orcamentaria-e-Financeira-por-Contrato-de-Gestao-Marco-2025-,"Competência mar-25, período de aplicação fev-25",Valor provisionado para ajuste posterior,HDT,ISG,outro,300000.00
2025,C:\OSS-Goias\documentos\ISG\HDT\2025\05_Contrato_Gestao_Aditivos\Relatorio-Resumido-da-Execucao-Orcamentaria-e-Financeira-por-Contrato-de-Gestao-Marco-2025-Excel.xlsx,Relatorio-Resumido-da-Execucao-Orcamentaria-e-Financeira-por-Contrato-de-Gestao-Marco-2025-Excel,"Competência jan/2025, aplicada em mar/2025, natureza 3.3.50.85.02, processo 201100010017260",Glosa Fatura de Energia Elétrica 01/2025,HDT,ISG,termo_aditivo,57306.40
2025,C:\OSS-Goias\documentos\ISG\HDT\2025\05_Contrato_Gestao_Aditivos\Relatorio-Resumido-da-Execucao-Orcamentaria-e-Financeira-por-Contrato-de-Gestao-Marco-2025-Excel.xlsx,Relatorio-Resumido-da-Execucao-Orcamentaria-e-Financeira-por-Contrato-de-Gestao-Marco-2025-Excel,"Competência fev/2025, aplicada em fev/2025, natureza 3.3.50.85.02, processo 201100010017260",Valor provisionado para ajuste posterior,HDT,ISG,termo_aditivo,300000.00
2025,C:\OSS-Goias\documentos\ISG\HDT\2025\05_Contrato_Gestao_Aditivos\Relatorio-Resumido-da-Execucao-Orcamentaria-e-Financeira-por-Contrato-de-Gestao-Marco-2025-Excel.xlsx,Relatorio-Resumido-da-Execucao-Orcamentaria-e-Financeira-por-Contrato-de-Gestao-Marco-2025-Excel,"Competência mar/2025, aplicada em fev/2025, natureza 3.3.50.85.02, processo 201100010017260",Valor provisionado para ajuste posterior,HDT,ISG,termo_aditivo,300000.00
2025,C:\OSS-Goias\documentos\ISG\HDT\2025\05_Contrato_Gestao_Aditivos\Relatorio-Resumido-da-Execucao-Orcamentaria-e-Financeira-por-Contrato-de-Gestao-Novembro-2025-1.pdf,Relatorio-Resumido-da-Execucao-Orcamentaria-e-Financeira-por-Contrato-de-Gestao-Novembro-2025-1,"Competência set/25, período de aplicação nov/25, processo 201100010017260",Glosa aplicada sobre custeio,HDT,ISG,outro,27076.48
2025,C:\OSS-Goias\documentos\ISG\HDT\2025\05_Contrato_Gestao_Aditivos\Relatorio-Resumido-da-Execucao-Orcamentaria-e-Financeira-por-Contrato-de-Gestao-Novembro-2025-1.pdf,Relatorio-Resumido-da-Execucao-Orcamentaria-e-Financeira-por-Contrato-de-Gestao-Novembro-2025-1,"Competência out/25, período de aplicação out/25, processo 201100010017260",Valor provisionado para ajuste posterior (glosa),HDT,ISG,outro,88538.24
2025,C:\OSS-Goias\documentos\ISG\HDT\2025\05_Contrato_Gestao_Aditivos\Relatorio-Resumido-da-Execucao-Orcamentaria-e-Financeira-por-Contrato-de-Gestao-Novembro-2025-1.pdf,Relatorio-Resumido-da-Execucao-Orcamentaria-e-Financeira-por-Contrato-de-Gestao-Novembro-2025-1,"Competência nov/25, período de aplicação nov/25, processo 201100010017260",Valor provisionado para ajuste posterior (glosa),HDT,ISG,outro,429597.97
2025,C:\OSS-Goias\documentos\ISG\HDT\2025\05_Contrato_Gestao_Aditivos\Relatorio-Resumido-da-Execucao-Orcamentaria-e-Financeira-por-Contrato-de-Gestao-Novembro-2025.pdf,Relatorio-Resumido-da-Execucao-Orcamentaria-e-Financeira-por-Contrato-de-Gestao-Novembro-2025,Período de aplicação: nov/2025 - Natureza 3.3.50.85.02 - Processo 201100010017260,Glosa aplicada referente à competência set/2025,HDT,ISG,outro,27076.48
2025,C:\OSS-Goias\documentos\ISG\HDT\2025\05_Contrato_Gestao_Aditivos\Relatorio-Resumido-da-Execucao-Orcamentaria-e-Financeira-por-Contrato-de-Gestao-Novembro-2025.pdf,Relatorio-Resumido-da-Execucao-Orcamentaria-e-Financeira-por-Contrato-de-Gestao-Novembro-2025,Período de aplicação: out/2025 - Natureza 3.3.50.85.02 - Processo 201100010017260,Valor provisionado para ajuste posterior referente à competência out/2025,HDT,ISG,outro,88538.24
2025,C:\OSS-Goias\documentos\ISG\HDT\2025\05_Contrato_Gestao_Aditivos\Relatorio-Resumido-da-Execucao-Orcamentaria-e-Financeira-por-Contrato-de-Gestao-Novembro-2025.pdf,Relatorio-Resumido-da-Execucao-Orcamentaria-e-Financeira-por-Contrato-de-Gestao-Novembro-2025,Período de aplicação: nov/2025 - Natureza 3.3.50.85.02 - Processo 201100010017260,Valor provisionado para ajuste posterior referente à competência nov/2025,HDT,ISG,outro,429597.97
2025,C:\OSS-Goias\documentos\ISG\HDT\2025\05_Contrato_Gestao_Aditivos\Relatorio-Resumido-da-Execucao-Orcamentaria-e-Financeira-por-Contrato-de-Gestao-Outubro-2025-2.pdf,Relatorio-Resumido-da-Execucao-Orcamentaria-e-Financeira-por-Contrato-de-Gestao-Outubro-2025-2,Competência set/2025,Valor provisionado para ajuste posterior (glosa),HDT,ISG,outro,"102.076,48"
2025,C:\OSS-Goias\documentos\ISG\HDT\2025\05_Contrato_Gestao_Aditivos\Relatorio-Resumido-da-Execucao-Orcamentaria-e-Financeira-por-Contrato-de-Gestao-Outubro-2025-2.pdf,Relatorio-Resumido-da-Execucao-Orcamentaria-e-Financeira-por-Contrato-de-Gestao-Outubro-2025-2,Competência out/2025,Valor provisionado para ajuste posterior (glosa),HDT,ISG,outro,"88.538,24"
2025,C:\OSS-Goias\documentos\ISG\HDT\2025\05_Contrato_Gestao_Aditivos\Relatorio-Resumido-da-Execucao-Orcamentaria-e-Financeira-por-Contrato-de-Gestao-Outubro-2025-Excel.xlsx,Relatorio-Resumido-da-Execucao-Orcamentaria-e-Financeira-por-Contrato-de-Gestao-Outubro-2025-Excel,Competência 09/2025 - Processo 201100010017260 - SES/CGC/SUPECC-19837,Glosa aplicada - Valor provisionado para ajuste posterior (set/2025),HDT,ISG,outro,102076.48
2025,C:\OSS-Goias\documentos\ISG\HDT\2025\05_Contrato_Gestao_Aditivos\Relatorio-Resumido-da-Execucao-Orcamentaria-e-Financeira-por-Contrato-de-Gestao-Outubro-2025-Excel.xlsx,Relatorio-Resumido-da-Execucao-Orcamentaria-e-Financeira-por-Contrato-de-Gestao-Outubro-2025-Excel,Competência 10/2025 - Processo 201100010017260 - SES/CGC/SUPECC-19837,Glosa aplicada - Valor provisionado para ajuste posterior (out/2025),HDT,ISG,outro,88538.24
2025,C:\OSS-Goias\documentos\ISG\HDT\2025\05_Contrato_Gestao_Aditivos\Relatorio-Resumido-da-Execucao-Orcamentaria-e-Financeira-por-Contrato-de-Gestao-Setembro-2025-Excel.xlsx,Relatorio-Resumido-da-Execucao-Orcamentaria-e-Financeira-por-Contrato-de-Gestao-Setembro-2025-Excel,"Valores provisionados para ajuste posterior conforme natureza de despesa 3.3.50.85.02, Processo 201100010017260, competências agosto e setembro/2025, área responsável SES/CGC/SUPECC-19837",Glosas aplicadas - Valor provisionado para ajuste posterior,HDT,ISG,outro,577165.09
2025,C:\OSS-Goias\documentos\ISG\HDT\2025\05_Contrato_Gestao_Aditivos\Relatorio-Resumido-da-Execucao-Orcamentaria-e-Financeira-por-Contrato-de-Gestao-Setembro-2025.pdf,Relatorio-Resumido-da-Execucao-Orcamentaria-e-Financeira-por-Contrato-de-Gestao-Setembro-2025,ago-25 - Natureza 3.3.50.85.02 - Processo 201100010017260,Valor provisionado para ajuste posterior (Glosa),HDT,ISG,outro,"475.088,61"
2025,C:\OSS-Goias\documentos\ISG\HDT\2025\05_Contrato_Gestao_Aditivos\Relatorio-Resumido-da-Execucao-Orcamentaria-e-Financeira-por-Contrato-de-Gestao-Setembro-2025.pdf,Relatorio-Resumido-da-Execucao-Orcamentaria-e-Financeira-por-Contrato-de-Gestao-Setembro-2025,set-25 - Natureza 3.3.50.85.02 - Processo 201100010017260,Valor provisionado para ajuste posterior (Glosa),HDT,ISG,outro,"102.076,48"
2025,C:\OSS-Goias\documentos\ISG\HDT\2025\05_Contrato_Gestao_Aditivos\SEI-GOVERNADORIA-72444706-Relatorio-de-Execucao-1.pdf,SEI-GOVERNADORIA-72444706-Relatorio-de-Execucao-1,Competência jan/2025,Glosa - Valor provisionado para ajuste posterior,HDT,ISG,outro,300000.00
2025,C:\OSS-Goias\documentos\ISG\HDT\2025\05_Contrato_Gestao_Aditivos\SEI-GOVERNADORIA-72444706-Relatorio-de-Execucao-1.pdf,SEI-GOVERNADORIA-72444706-Relatorio-de-Execucao-1,Competência fev/2025,Glosa - Valor provisionado para ajuste posterior,HDT,ISG,outro,350000.00
2025,C:\OSS-Goias\documentos\ISG\HDT\2025\05_Contrato_Gestao_Aditivos\SEI-GOVERNADORIA-72444706-Relatorio-de-Execucao.xlsx,SEI-GOVERNADORIA-72444706-Relatorio-de-Execucao,"Natureza 3.3.50.85.02, Processo 201100010017260, competência jan/2025, área SES/CGC/SUPECC-19837",Valor provisionado para ajuste posterior (Glosa aplicada em janeiro/2025),HDT,ISG,outro,350000.00
2025,C:\OSS-Goias\documentos\ISG\HDT\2025\05_Contrato_Gestao_Aditivos\SEI-GOVERNADORIA-72444706-Relatorio-de-Execucao.xlsx,SEI-GOVERNADORIA-72444706-Relatorio-de-Execucao,"Natureza 3.3.50.85.02, Processo 201100010017260, competência fev/2025, área SES/CGC/SUPECC-19837",Valor provisionado para ajuste posterior (Glosa aplicada em fevereiro/2025),HDT,ISG,outro,300000.00
2025,C:\OSS-Goias\documentos\IMED\PFRE\2025\05_Contrato_Gestao_Aditivos\SEI_GOVERNADORIA-70842015-Aditivo.pdf,SEI_GOVERNADORIA-70842015-Aditivo,"Quando a produção realizada for inferior a 90% do volume pactuado por modalidade (consultas médicas, multiprofissionais, odontológicas, SADT externo, serviços dialíticos)",Desconto financeiro pelo não cumprimento das metas de produção (indicadores assistenciais),Policlínica Estadual da Região do Entorno - Unidade Formosa,IMED,termo_aditivo,"Regressivo conforme percentual de execução: entre 80-89,99% = 90% do orçamento; entre 70-79,99% = 80%; menor que 70% = 70%"
2025,C:\OSS-Goias\documentos\IMED\PFRE\2025\05_Contrato_Gestao_Aditivos\SEI_GOVERNADORIA-70842015-Aditivo.pdf,SEI_GOVERNADORIA-70842015-Aditivo,Avaliação trimestral ou mensal conforme necessidade da SES-GO,Desconto financeiro pelo não cumprimento dos indicadores de desempenho (10% do contrato),Policlínica Estadual da Região do Entorno - Unidade Formosa,IMED,termo_aditivo,"Conforme pontuação global: 8-8,9 pontos = 90%; 7-7,9 = 80%; 6-6,9 = 70%; 5-5,9 = 60%; menor que 5 = ZERO"
2025,C:\OSS-Goias\documentos\IMED\PFRE\2025\05_Contrato_Gestao_Aditivos\SEI_GOVERNADORIA-70842015-Aditivo.pdf,SEI_GOVERNADORIA-70842015-Aditivo,Não cumprimento dos prazos estabelecidos pelo Ministério da Saúde,Glosa por não cumprimento de prazos de produção hospitalar/ambulatorial (SIA/SIH) e CNES,Policlínica Estadual da Região do Entorno - Unidade Formosa,IMED,termo_aditivo,Valores correspondentes às glosas aplicadas pelo Ministério da Saúde
2025,C:\OSS-Goias\documentos\IMED\PFRE\2025\05_Contrato_Gestao_Aditivos\SEI_GOVERNADORIA-70842015-Aditivo.pdf,SEI_GOVERNADORIA-70842015-Aditivo,"Notificação, Advertência, Suspensão do Ajuste, até Rescisão, em caso de descumprimento das regras de Ensino e Pesquisa",Penalidades por descumprimento das normas de Ensino e Pesquisa,Policlínica Estadual da Região do Entorno - Unidade Formosa,IMED,termo_aditivo,
2025,C:\OSS-Goias\documentos\IMED\PFRE\2025\05_Contrato_Gestao_Aditivos\SEI_GOVERNADORIA-70842015-Aditivo.pdf,SEI_GOVERNADORIA-70842015-Aditivo,Não cumprimento dos prazos estabelecidos de respostas das demandas judiciais e/ou administrativas,Desconto financeiro por bloqueios judiciais decorrentes de não cumprimento de prazos de respostas de demandas judiciais e/ou administrativas,Policlínica Estadual da Região do Entorno - Unidade Formosa,IMED,termo_aditivo,Valores correspondentes aos bloqueios judiciais
2025,C:\OSS-Goias\documentos\IMED\PFRE\2025\05_Contrato_Gestao_Aditivos\SEI_GOVERNADORIA-70842015-Aditivo.pdf,SEI_GOVERNADORIA-70842015-Aditivo,Reincidência no descumprimento das obrigações de transparência conforme regulamentação da SES-GO,Penalidades por reincidência no descumprimento das solicitações quanto ao portal da transparência,Policlínica Estadual da Região do Entorno - Unidade Formosa,IMED,termo_aditivo,
2025,C:\OSS-Goias\documentos\IMED\PFRE\2025\05_Contrato_Gestao_Aditivos\SEI_GOVERNADORIA-76128526-Termo.pdf,SEI_GOVERNADORIA-76128526-Termo,"Execução da parceria em desacordo total ou parcial com o Edital, Termo de Colaboração, Lei Federal nº 13.019/2014 e Decreto estadual 10.356/2023",Advertência,PFRE,IMED,contrato_gestao_inicial,
2025,C:\OSS-Goias\documentos\IMED\PFRE\2025\05_Contrato_Gestao_Aditivos\SEI_GOVERNADORIA-76128526-Termo.pdf,SEI_GOVERNADORIA-76128526-Termo,"Execução da parceria em desacordo total ou parcial com o Edital, Termo de Colaboração e normas aplicáveis",Suspensão temporária de participação em chamamento público e impedimento de celebrar parceria ou contrato com órgãos e entidades da esfera de governo da administração pública sancionadora,PFRE,IMED,contrato_gestao_inicial,Prazo não superior a dois anos
2025,C:\OSS-Goias\documentos\IMED\PFRE\2025\05_Contrato_Gestao_Aditivos\SEI_GOVERNADORIA-76128526-Termo.pdf,SEI_GOVERNADORIA-76128526-Termo,"Enquanto perdurarem os motivos determinantes da punição ou até reabilitação, após ressarcimento dos prejuízos",Declaração de inidoneidade para participar de chamamento público ou celebrar parceria ou contrato com órgãos e entidades de todas as esferas de governo,PFRE,IMED,contrato_gestao_inicial,
2025,C:\OSS-Goias\documentos\IMED\PFRE\2025\05_Contrato_Gestao_Aditivos\SEI_GOVERNADORIA-76128526-Termo.pdf,SEI_GOVERNADORIA-76128526-Termo,Descumprimento da Lei estadual nº 20.489/2019 referente ao Programa de Integridade,Multa por descumprimento da exigência de implantação do Programa de Integridade,PFRE,IMED,contrato_gestao_inicial,"0,1% ao dia sobre o valor atualizado do ajuste"
2025,C:\OSS-Goias\documentos\IMED\PFRE\2025\05_Contrato_Gestao_Aditivos\SEI_GOVERNADORIA-76128526-Termo.pdf,SEI_GOVERNADORIA-76128526-Termo,"Não atingimento das metas de produção pactuadas, avaliado trimestralmente",Desconto financeiro proporcional por não cumprimento das metas de produção (indicadores de produção),PFRE,IMED,contrato_gestao_inicial,"Desconto proporcional conforme faixa de cumprimento: abaixo de 70% do volume pactuado = 70% do orçamento da modalidade; entre 70-79,99% = 80%; entre 80-89,99% = 90%; acima de 90% = 100%"
2025,C:\OSS-Goias\documentos\IMED\PFRE\2025\05_Contrato_Gestao_Aditivos\SEI_GOVERNADORIA-76128526-Termo.pdf,SEI_GOVERNADORIA-76128526-Termo,"Não atingimento das metas dos indicadores de desempenho, avaliado trimestralmente",Desconto financeiro nos indicadores de desempenho (10% do custeio),PFRE,IMED,contrato_gestao_inicial,"Conforme pontuação global: abaixo de 5 pontos = 0%; 5-5,9 = 60%; 6-6,9 = 70%; 7-7,9 = 80%; 8-8,9 = 90%; 9-10 = 100%"
2025,C:\OSS-Goias\documentos\IMED\PFRE\2025\05_Contrato_Gestao_Aditivos\SEI_GOVERNADORIA-76128526-Termo.pdf,SEI_GOVERNADORIA-76128526-Termo,Utilização dos recursos em desacordo com o Termo; não apresentação de prestação de contas no prazo; não cumprimento das metas por dois semestres; descumprimento de cláusulas; caso fortuito ou força maior,Rescisão unilateral pelo Parceiro Público,PFRE,IMED,contrato_gestao_inicial,
2025,C:\OSS-Goias\documentos\AGIR\HEJ\2025\05_Contrato_Gestao_Aditivos\Termo 41-2025 HEJ.pdf,Termo 41-2025 HEJ,"Execução da parceria em desacordo total ou parcial com o Edital, Termo de Colaboração e normas aplicáveis",Advertência,HEJ,AGIR,contrato_gestao_inicial,
2025,C:\OSS-Goias\documentos\AGIR\HEJ\2025\05_Contrato_Gestao_Aditivos\Termo 41-2025 HEJ.pdf,Termo 41-2025 HEJ,"Execução da parceria em desacordo total ou parcial com o Edital, Termo de Colaboração e normas aplicáveis",Suspensão temporária de participação em chamamento público e impedimento de celebrar parceria ou contrato,HEJ,AGIR,contrato_gestao_inicial,prazo não superior a 2 anos
2025,C:\OSS-Goias\documentos\AGIR\HEJ\2025\05_Contrato_Gestao_Aditivos\Termo 41-2025 HEJ.pdf,Termo 41-2025 HEJ,"Execução da parceria em desacordo total ou parcial com o Edital, Termo de Colaboração e normas aplicáveis",Declaração de inidoneidade para participar de chamamento público ou celebrar parceria ou contrato com órgãos e entidades de todas as esferas de governo,HEJ,AGIR,contrato_gestao_inicial,enquanto perdurarem os motivos ou até reabilitação
2025,C:\OSS-Goias\documentos\AGIR\HEJ\2025\05_Contrato_Gestao_Aditivos\Termo 41-2025 HEJ.pdf,Termo 41-2025 HEJ,Descumprimento da obrigação de implantar o Programa de Integridade,Multa por descumprimento da exigência de implantação do Programa de Integridade (Lei Estadual nº 20.489/2019),HEJ,AGIR,contrato_gestao_inicial,"0,1% por dia sobre o valor atualizado do contrato"
2025,C:\OSS-Goias\documentos\AGIR\HEJ\2025\05_Contrato_Gestao_Aditivos\Termo 41-2025 HEJ.pdf,Termo 41-2025 HEJ,Não atingimento das metas de produção assistencial pactuadas (avaliação semestral),Desconto financeiro (glosa) por não cumprimento das metas de produção,HEJ,AGIR,contrato_gestao_inicial,proporcional conforme Tabela II do Anexo V
2025,C:\OSS-Goias\documentos\AGIR\HEJ\2025\05_Contrato_Gestao_Aditivos\Termo 41-2025 HEJ.pdf,Termo 41-2025 HEJ,Não atingimento dos indicadores de desempenho (avaliação semestral),Desconto financeiro (glosa) por não cumprimento dos indicadores de desempenho,HEJ,AGIR,contrato_gestao_inicial,proporcional conforme Tabela IV do Anexo V (até 100% da parcela variável de 10%)
2025,C:\OSS-Goias\documentos\AGIR\HEJ\2025\05_Contrato_Gestao_Aditivos\Termo 41-2025 HEJ.pdf,Termo 41-2025 HEJ,Utilização dos recursos em desacordo com o TC; não apresentação de prestação de contas; não cumprimento das metas por dois semestres; descumprimento de cláusulas; caso fortuito ou força maior,Rescisão unilateral do Termo de Colaboração,HEJ,AGIR,contrato_gestao_inicial,
2025,C:\OSS-Goias\documentos\AGIR\HEJ\2025\05_Contrato_Gestao_Aditivos\Termo 41-2025 HEJ.pdf,Termo 41-2025 HEJ,Metas e resultados descumpridos sem justificativa suficiente na prestação de contas,Glosa de valores relacionados a metas e resultados descumpridos,HEJ,AGIR,contrato_gestao_inicial,
2025,C:\OSS-Goias\documentos\IPGSE\HERSO\2025\05_Contrato_Gestao_Aditivos\termo-de-colaboracao-101-2024-ses-07-07-2025-454ee89a1c.pdf,termo-de-colaboracao-101-2024-ses-07-07-2025-454ee89a1c,"Execução da parceria em desacordo total ou parcial com o Edital, Termo de Colaboração e normas da Lei federal nº 13.019/2014",Advertência,HERSO,IPGSE,contrato_gestao_inicial,
2025,C:\OSS-Goias\documentos\IPGSE\HERSO\2025\05_Contrato_Gestao_Aditivos\termo-de-colaboracao-101-2024-ses-07-07-2025-454ee89a1c.pdf,termo-de-colaboracao-101-2024-ses-07-07-2025-454ee89a1c,"Execução da parceria em desacordo total ou parcial com o Edital, Termo de Colaboração e normas da Lei federal nº 13.019/2014",Suspensão temporária de participação em chamamento público e impedimento de celebrar parceria ou contrato com órgãos e entidades da esfera de governo,HERSO,IPGSE,contrato_gestao_inicial,Prazo não superior a dois anos
2025,C:\OSS-Goias\documentos\IPGSE\HERSO\2025\05_Contrato_Gestao_Aditivos\termo-de-colaboracao-101-2024-ses-07-07-2025-454ee89a1c.pdf,termo-de-colaboracao-101-2024-ses-07-07-2025-454ee89a1c,"Execução da parceria em desacordo total ou parcial com o Edital, Termo de Colaboração e normas da Lei federal nº 13.019/2014",Declaração de inidoneidade para participar de chamamento público ou celebrar parceria ou contrato com órgãos e entidades de todas as esferas de governo,HERSO,IPGSE,contrato_gestao_inicial,Enquanto perdurarem os motivos determinantes da punição ou até promoção de reabilitação
2025,C:\OSS-Goias\documentos\IPGSE\HERSO\2025\05_Contrato_Gestao_Aditivos\termo-de-colaboracao-101-2024-ses-07-07-2025-454ee89a1c.pdf,termo-de-colaboracao-101-2024-ses-07-07-2025-454ee89a1c,"Não cumprimento das metas de produção pactuadas, avaliado trimestralmente",Desconto financeiro por não cumprimento de metas de produção (parte fixa - 90%),HERSO,IPGSE,contrato_gestao_inicial,"Redução proporcional conforme faixas: 90% a 100% = 100% do peso; 80% a 89,99% = 90%; 70% a 79,99% = 80%; abaixo de 70% = 70%"
2025,C:\OSS-Goias\documentos\IPGSE\HERSO\2025\05_Contrato_Gestao_Aditivos\termo-de-colaboracao-101-2024-ses-07-07-2025-454ee89a1c.pdf,termo-de-colaboracao-101-2024-ses-07-07-2025-454ee89a1c,"Não atingimento das metas dos indicadores de desempenho, avaliado trimestralmente ou mensalmente",Desconto financeiro por não cumprimento dos indicadores de desempenho (parte variável - 10%),HERSO,IPGSE,contrato_gestao_inicial,"Pontuação 10 ou 9-9,9 = 100%; 8-8,9 = 90%; 7-7,9 = 80%; 6-6,9 = 70%; 5-5,9 = 60%; abaixo de 5 = zero"
2025,C:\OSS-Goias\documentos\IPGSE\HERSO\2025\05_Contrato_Gestao_Aditivos\termo-de-colaboracao-101-2024-ses-07-07-2025-454ee89a1c.pdf,termo-de-colaboracao-101-2024-ses-07-07-2025-454ee89a1c,Metas e resultados descumpridos sem justificativa suficiente na prestação de contas,Glosa de valores relacionados a metas e resultados descumpridos,HERSO,IPGSE,contrato_gestao_inicial,
2025,C:\OSS-Goias\documentos\IPGSE\HERSO\2025\05_Contrato_Gestao_Aditivos\termo-de-colaboracao-101-2024-ses-07-07-2025-454ee89a1c.pdf,termo-de-colaboracao-101-2024-ses-07-07-2025-454ee89a1c,Utilização de recursos em desacordo com o Termo; não apresentação de prestação de contas; não cumprimento das metas por dois semestres; descumprimento de cláusulas; caso fortuito ou força maior,Rescisão unilateral do Termo de Colaboração,HERSO,IPGSE,contrato_gestao_inicial,
2025,C:\OSS-Goias\documentos\IMED\PFRE\2025\05_Contrato_Gestao_Aditivos\TERMO-DE-PERMISSAO-DE-USO-BENS-IMOVEIS.pdf,TERMO-DE-PERMISSAO-DE-USO-BENS-IMOVEIS,O PERMISSIONÁRIO responderá por perdas e danos,Uso do imóvel para destinação diversa da prevista (funcionamento da Policlínica Estadual da Região do Entorno – Unidade Formosa),PFRE,IMED,outro,
2025,C:\OSS-Goias\documentos\IMED\PFRE\2025\05_Contrato_Gestao_Aditivos\TERMO-DE-PERMISSAO-DE-USO-BENS-IMOVEIS.pdf,TERMO-DE-PERMISSAO-DE-USO-BENS-IMOVEIS,Mediante notificação prévia de 60 dias ou por superveniência de norma legal que torne o instrumento inexequível,Rescisão unilateral por descumprimento de quaisquer cláusulas ou condições,PFRE,IMED,outro,
2025,C:\OSS-Goias\documentos\IMED\PFRE\2025\05_Contrato_Gestao_Aditivos\TERMO-DE-PERMISSAO-DE-USO-BENS-MOVEIS.pdf,TERMO-DE-PERMISSAO-DE-USO-BENS-MOVEIS,"Descumprimento de quaisquer cláusulas ou condições, mediante notificação prévia de 60 dias",Rescisão unilateral por descumprimento de quaisquer cláusulas ou condições,PFRE,IMED,outro,
2025,C:\OSS-Goias\documentos\IMED\PFRE\2025\05_Contrato_Gestao_Aditivos\TERMO-DE-PERMISSAO-DE-USO-BENS-MOVEIS.pdf,TERMO-DE-PERMISSAO-DE-USO-BENS-MOVEIS,"Avaria economicamente desaconselhável de conserto ou desaparecimento por furto, roubo ou extravio, em 30 dias contados da ocorrência","Ressarcimento ao PERMITENTE no valor de mercado dos bens em caso de avaria desaconselhável de conserto ou desaparecimento por furto, roubo ou extravio",PFRE,IMED,outro,Valor de mercado dos bens
2026,C:\OSS-Goias\documentos\IMED\HETRIN\2026\05_Contrato_Gestao_Aditivos\7o-Termo-Aditivo-HETRIN.pdf,7o-Termo-Aditivo-HETRIN,"Avaliação trimestral ou antes, conforme necessidade da SES-GO, com prazo de 5 dias corridos para defesa e contraditório","Desconto financeiro por não atingimento das metas de produção (saídas hospitalares, cirurgias eletivas, atendimento ambulatorial, hospital dia, SADT externo)",HETRIN,IMED,termo_aditivo,"Escalonado: entre 90-100% do volume = 100% do orçamento da linha; entre 80-89,99% = 90%; entre 70-79,99% = 80%; abaixo de 70% = 70%"
2026,C:\OSS-Goias\documentos\IMED\HETRIN\2026\05_Contrato_Gestao_Aditivos\7o-Termo-Aditivo-HETRIN.pdf,7o-Termo-Aditivo-HETRIN,"Avaliação trimestral ou antes, conforme necessidade da SES-GO",Desconto financeiro por não atingimento dos indicadores de desempenho (10% do contrato),HETRIN,IMED,termo_aditivo,"Escalonado conforme pontuação global: 10 pontos = 100%; 9,01-10 = 100%; 8,01-9 = 90%; 7,01-8 = 80%; 6-7 = 70%"
2026,C:\OSS-Goias\documentos\IMED\HETRIN\2026\05_Contrato_Gestao_Aditivos\7o-Termo-Aditivo-HETRIN.pdf,7o-Termo-Aditivo-HETRIN,"Notificação, Advertência, Suspensão do Ajuste, até Rescisão, resguardada plena defesa e contraditório",Penalidades por descumprimento das regras de Ensino e Pesquisa,HETRIN,IMED,termo_aditivo,
2026,C:\OSS-Goias\documentos\IMED\HETRIN\2026\05_Contrato_Gestao_Aditivos\7o-Termo-Aditivo-HETRIN.pdf,7o-Termo-Aditivo-HETRIN,"Documentos fiscais que não contenham nome do parceiro privado, CNPJ, número do contrato, denominação da unidade, descrição do serviço, período de execução e número de horas",Glosa de documentos fiscais na prestação de contas,HETRIN,IMED,termo_aditivo,
2026,C:\OSS-Goias\documentos\IMED\HETRIN\2026\05_Contrato_Gestao_Aditivos\7o-Termo-Aditivo-HETRIN.pdf,7o-Termo-Aditivo-HETRIN,"Em caso de reincidência no descumprimento das solicitações quanto ao portal da transparência, conforme regulamentação da SES-GO",Penalidades por reincidência no descumprimento do portal da transparência,HETRIN,IMED,termo_aditivo,
2026,C:\OSS-Goias\documentos\IMED\HETRIN\2026\05_Contrato_Gestao_Aditivos\7o-Termo-Aditivo-HETRIN.pdf,7o-Termo-Aditivo-HETRIN,Indicado e solicitado pela SESG/SES-GO responsável pelo monitoramento,Desconto/glosa por inaplicabilidade ou aplicabilidade inadequada das despesas de custeio diverso do programa de residência,HETRIN,IMED,termo_aditivo,
2026,C:\OSS-Goias\documentos\IPGSE\HERSO\2026\05_Contrato_Gestao_Aditivos\competencias-previstas-1-aditivo-herso-2026-09-02-2026-b99987614c.pdf,competencias-previstas-1-aditivo-herso-2026-09-02-2026-b99987614c,Prestações de contas parciais e finais apresentadas extemporaneamente e/ou não aprovadas.,"Restituição ao PARCEIRO PÚBLICO do valor repassado, atualizado monetariamente e acrescido de juros legais, quando as prestações de contas parciais e finais forem apresentadas extemporaneamente e/ou não forem aprovadas.",HERSO,IPGSE,termo_aditivo,
2026,C:\OSS-Goias\documentos\IPGSE\HERSO\2026\05_Contrato_Gestao_Aditivos\competencias-previstas-1-aditivo-herso-2026-09-02-2026-b99987614c.pdf,competencias-previstas-1-aditivo-herso-2026-09-02-2026-b99987614c,Falta de resposta ou descumprimento de prazo para fornecimento de informações ao PARCEIRO PÚBLICO.,"Ausência de resposta ou inobservância ao prazo para fornecimento de informações e esclarecimentos solicitados pelo PARCEIRO PÚBLICO pode ser enquadrada como infração ao Termo de Colaboração e na conduta do art. 5º, inciso V da Lei nº 18.672/2014.",HERSO,IPGSE,termo_aditivo,
2026,C:\OSS-Goias\documentos\IPGSE\HERSO\2026\05_Contrato_Gestao_Aditivos\competencias-previstas-2-aditivo-herso-2026-09-02-2026-c4211dd921.pdf,competencias-previstas-2-aditivo-herso-2026-09-02-2026-c4211dd921,Prestações de contas apresentadas fora do prazo ou não aprovadas,"Restituição ao PARCEIRO PÚBLICO do valor repassado, atualizado monetariamente e acrescido de juros legais, quando as prestações de contas parciais e finais forem apresentadas extemporaneamente e/ou não forem aprovadas",HERSO,IPGSE,termo_aditivo,
2026,C:\OSS-Goias\documentos\IPGSE\HERSO\2026\05_Contrato_Gestao_Aditivos\competencias-previstas-2-aditivo-herso-2026-09-02-2026-c4211dd921.pdf,competencias-previstas-2-aditivo-herso-2026-09-02-2026-c4211dd921,Omissão ou atraso no encaminhamento de intimações e notificações judiciais/administrativas,"Responsabilidade administrativa, civil e criminal por deixar de remeter ou remeter fora do prazo intimações e notificações ao PARCEIRO PÚBLICO e à Procuradoria-Geral do Estado",HERSO,IPGSE,termo_aditivo,
2026,C:\OSS-Goias\documentos\IPGSE\HERSO\2026\05_Contrato_Gestao_Aditivos\competencias-previstas-2-aditivo-herso-2026-09-02-2026-c4211dd921.pdf,competencias-previstas-2-aditivo-herso-2026-09-02-2026-c4211dd921,Ausência de resposta ou descumprimento de prazo para fornecer informações ao PARCEIRO PÚBLICO,Infração ao Termo de Colaboração e possível enquadramento na conduta do inciso V do art. 5º da Lei nº 18.672/2014 por ausência de resposta ou inobservância do prazo para fornecimento de informações e esclarecimentos,HERSO,IPGSE,termo_aditivo,
2026,C:\OSS-Goias\documentos\IMED\HETRIN\2026\05_Contrato_Gestao_Aditivos\COMPETENCIAS-PREVISTAS-NO-CONTRATO-DE-GESTAO-HETRIN-05-03-26.pdf,COMPETENCIAS-PREVISTAS-NO-CONTRATO-DE-GESTAO-HETRIN-05-03-26,Prestação de contas parcial ou final apresentada fora do prazo ou não aprovada,"Restituição ao PARCEIRO PÚBLICO do valor repassado, atualizado monetariamente e acrescido de juros legais, quando as prestações de contas forem apresentadas extemporaneamente e/ou não forem aprovadas",HETRIN,IMED,outro,
2026,C:\OSS-Goias\documentos\IMED\HETRIN\2026\05_Contrato_Gestao_Aditivos\COMPETENCIAS-PREVISTAS-NO-CONTRATO-DE-GESTAO-HETRIN-05-03-26.pdf,COMPETENCIAS-PREVISTAS-NO-CONTRATO-DE-GESTAO-HETRIN-05-03-26,Ação ou omissão dolosa ou culposa dos agentes do PARCEIRO PRIVADO,"Responsabilidade pelo pagamento de indenização decorrente de ação ou omissão, dolosa ou culposa, que seus agentes causarem ao PARCEIRO PÚBLICO, aos destinatários dos serviços e/ou a terceiros",HETRIN,IMED,outro,
2026,C:\OSS-Goias\documentos\IMED\HETRIN\2026\05_Contrato_Gestao_Aditivos\COMPETENCIAS-PREVISTAS-NO-CONTRATO-DE-GESTAO-HETRIN-05-03-26.pdf,COMPETENCIAS-PREVISTAS-NO-CONTRATO-DE-GESTAO-HETRIN-05-03-26,Ação ou omissão do PARCEIRO PRIVADO que resulte em penalidade ou sanção,Responsabilidade pelo pagamento de qualquer quantia decorrente de aplicação de penalidade ou sanção que decorra de sua ação ou omissão,HETRIN,IMED,outro,
2026,C:\OSS-Goias\documentos\IMED\HETRIN\2026\05_Contrato_Gestao_Aditivos\COMPETENCIAS-PREVISTAS-NO-CONTRATO-DE-GESTAO-HETRIN-05-03-26.pdf,COMPETENCIAS-PREVISTAS-NO-CONTRATO-DE-GESTAO-HETRIN-05-03-26,Demanda judicial ou administrativa ao PARCEIRO PÚBLICO por itens fora da tabela SUS-SIGTAP,"Dedução nos valores de custeio do Contrato de Gestão dos valores correspondentes ao fornecimento de materiais, medicamentos, órteses e próteses não disponíveis na tabela SUS-SIGTAP demandados judicialmente/administrativamente ao PARCEIRO PÚBLICO",HETRIN,IMED,outro,
2026,C:\OSS-Goias\documentos\IPGSE\HERSO\2026\05_Contrato_Gestao_Aditivos\competencias-previstas-termo-herso-2026-09-02-2026-6f69d8852e.pdf,competencias-previstas-termo-herso-2026-09-02-2026-6f69d8852e,Prestação de contas apresentada extemporaneamente ou não aprovada,"Restituição à conta do Parceiro Público do valor repassado, atualizado monetariamente e acrescido de juros legais, quando as prestações de contas parciais e finais forem apresentadas extemporaneamente e/ou não forem aprovadas.",HERSO,IPGSE,contrato_gestao_inicial,
2026,C:\OSS-Goias\documentos\IPGSE\HERSO\2026\05_Contrato_Gestao_Aditivos\competencias-previstas-termo-herso-2026-09-02-2026-6f69d8852e.pdf,competencias-previstas-termo-herso-2026-09-02-2026-6f69d8852e,Omissão ou atraso no encaminhamento de intimações/notificações judiciais ou administrativas de interesse do Estado,"Responsabilidade administrativa, civil e criminal por deixar de remeter ou remeter fora do prazo intimações e notificações ao Parceiro Público e à Procuradoria-Geral do Estado.",HERSO,IPGSE,contrato_gestao_inicial,
2026,C:\OSS-Goias\documentos\IPGSE\HERSO\2026\05_Contrato_Gestao_Aditivos\competencias-previstas-termo-herso-2026-09-02-2026-6f69d8852e.pdf,competencias-previstas-termo-herso-2026-09-02-2026-6f69d8852e,Ação ou omissão dolosa ou culposa dos agentes do Parceiro Privado,"Responsabilidade pelo pagamento de indenização decorrente de ação ou omissão, dolosa ou culposa, causada ao Parceiro Público, destinatários dos serviços ou terceiros.",HERSO,IPGSE,contrato_gestao_inicial,
2026,C:\OSS-Goias\documentos\IPGSE\HERSO\2026\05_Contrato_Gestao_Aditivos\competencias-previstas-termo-herso-2026-09-02-2026-6f69d8852e.pdf,competencias-previstas-termo-herso-2026-09-02-2026-6f69d8852e,Aplicação de penalidade ou sanção decorrente de ação ou omissão do Parceiro Privado,"Responsabilidade exclusiva pelo pagamento de penalidades ou sanções decorrentes de sua ação ou omissão, sem implicar responsabilidade solidária ou subsidiária do Parceiro Público.",HERSO,IPGSE,contrato_gestao_inicial,
2026,C:\OSS-Goias\documentos\ISG\HDT\2026\05_Contrato_Gestao_Aditivos\HDT-8.pdf,HDT-8,"Aplicada em janeiro/2026, conforme Solicitação de Liquidação e Pagamento PARCIAL - JANEIRO/2026 - HDT (84170223)",Desconto Planisa,HDT,ISG,termo_aditivo,13538.24
2026,C:\OSS-Goias\documentos\ISG\HDT\2026\05_Contrato_Gestao_Aditivos\HDT-Contrato-de-Gestao-no-091-2012-SES-GO-JAN-26.xlsx,HDT-Contrato-de-Gestao-no-091-2012-SES-GO-JAN-26,"Processo 201100010017260, competência janeiro/2026, aplicação janeiro/2026, área responsável SES/CGC/SUPECC-19837",Glosa aplicada - Desconto Planisa,HDT,ISG,termo_aditivo,13538.24
2026,C:\OSS-Goias\documentos\IPGSE\HERSO\2026\05_Contrato_Gestao_Aditivos\herso-termo-de-colaboracao-n-101-2024-nbsp-set-25-08-12-2025-7966f0a3b1-06-01-2026-04b8353e64.pdf,herso-termo-de-colaboracao-n-101-2024-nbsp-set-25-08-12-2025-7966f0a3b1-06-01-2026-04b8353e64,"Competência ago/25, aplicação ago/25, área SES/CGC/SUPECC-19837",Valor provisionado para ajuste posterior (glosa aplicada),HERSO,IPGSE,termo_aditivo,"406.390,09"
2026,C:\OSS-Goias\documentos\IPGSE\HERSO\2026\05_Contrato_Gestao_Aditivos\herso-termo-de-colaboracao-n-101-2024-nbsp-set-25-08-12-2025-7966f0a3b1-06-01-2026-04b8353e64.pdf,herso-termo-de-colaboracao-n-101-2024-nbsp-set-25-08-12-2025-7966f0a3b1-06-01-2026-04b8353e64,"Competência set/25, aplicação ago/25, área SES/CGC/SUPECC-19837",Valor provisionado para ajuste posterior (glosa aplicada),HERSO,IPGSE,termo_aditivo,"94.640,77"
2026,C:\OSS-Goias\documentos\IPGSE\HERSO\2026\05_Contrato_Gestao_Aditivos\janeiro-a-dezembro-herso-24-02-2026-b678d7621e.pdf,janeiro-a-dezembro-herso-24-02-2026-b678d7621e,"Competência ago/25, aplicação out/25",Glosa aplicada conforme processo 202300010023436,HERSO,IPGSE,outro,"14.640,77"
2026,C:\OSS-Goias\documentos\IPGSE\HERSO\2026\05_Contrato_Gestao_Aditivos\janeiro-a-dezembro-herso-24-02-2026-b678d7621e.pdf,janeiro-a-dezembro-herso-24-02-2026-b678d7621e,"Competência set/25, aplicação nov/25",Glosa aplicada conforme processo 202300010023436,HERSO,IPGSE,outro,"14.640,77"
2026,C:\OSS-Goias\documentos\IPGSE\HERSO\2026\05_Contrato_Gestao_Aditivos\janeiro-a-dezembro-herso-24-02-2026-b678d7621e.pdf,janeiro-a-dezembro-herso-24-02-2026-b678d7621e,"Competência out/25, aplicação dez/25",Glosa aplicada conforme processo 202300010023436,HERSO,IPGSE,outro,"14.640,77"
2026,C:\OSS-Goias\documentos\IPGSE\HERSO\2026\05_Contrato_Gestao_Aditivos\janeiro-a-dezembro-herso-24-02-2026-b678d7621e.pdf,janeiro-a-dezembro-herso-24-02-2026-b678d7621e,"Competência nov/25, aplicação dez/25",Glosa aplicada conforme processo 202300010023436,HERSO,IPGSE,outro,"276.630,25"
2026,C:\OSS-Goias\documentos\IPGSE\HERSO\2026\05_Contrato_Gestao_Aditivos\janeiro-a-dezembro-herso-24-02-2026-b678d7621e.pdf,janeiro-a-dezembro-herso-24-02-2026-b678d7621e,"Competência dez/25, aplicação dez/25",Valor provisionado para ajuste posterior,HERSO,IPGSE,outro,"341.581,73"
2026,C:\OSS-Goias\documentos\IPGSE\HERSO\2026\05_Contrato_Gestao_Aditivos\janeiro-a-novembro-herso-06-02-2026-aedb697fd1.pdf,janeiro-a-novembro-herso-06-02-2026-aedb697fd1,"Aplicada nos meses de agosto, setembro, outubro e novembro de 2025 conforme área responsável SES/CGC/SUPECC-19837",Glosa aplicada por descumprimento contratual,HERSO,IPGSE,termo_aditivo,"501.030,86"
2026,C:\OSS-Goias\documentos\IPGSE\HERSO\2026\05_Contrato_Gestao_Aditivos\janeiro-herso-08-04-2026-4f7a9bb497.pdf,janeiro-herso-08-04-2026-4f7a9bb497,Descumprimento contratual apurado no período de 01/01/2024 a 30/06/2024,"Glosa referente ao contrato com a Planisa de janeiro/2026 e desconto de parcela 1/6 referente a decisão administrativa expressa no Relatório COMACG nº 60/2024, período de 01 de janeiro de 2024 a 30 de junho de 2024, referente ao Contrato de Gestão n. 88/2022 no valor total de R$ 2.056.112,46, a ser executado em 6 parcelas mensais e sucessivas com início em janeiro de 2026",HERSO,IPGSE,termo_aditivo,357326.18
