_ano_pasta,_doc_path,_filename,ano_mes,entradas,fonte_entrada,hospital,oss_gestora,periodo.ano,periodo.mes,periodo.tipo_periodo,saidas,saldo_acumulado
2023,C:\OSS-Goias\documentos\ISG\HDT\2023\21_Relatorio_Comparativo_Recursos\01.2023-Fluxo-de-Caixa-HDT.pdf,01.2023-Fluxo-de-Caixa-HDT,2023-01,8480605.74,Repasse SES custeio + rendimentos + outras entradas,HDT,ISG,2023,1,mensal,7353671.85,4482398.17
2023,C:\OSS-Goias\documentos\ISG\HDT\2023\21_Relatorio_Comparativo_Recursos\02.2023-Fluxo-de-Caixa-HDT.pdf,02.2023-Fluxo-de-Caixa-HDT,2023-02,6761281.26,Repasse CUSTEIO SES + Rendimentos + Outras entradas,HDT,ISG,2023,2,mensal,7725270.55,3518408.88
2023,C:\OSS-Goias\documentos\ISG\HDT\2023\21_Relatorio_Comparativo_Recursos\03.2023-Fluxo-de-Caixa-HDT-1.pdf,03.2023-Fluxo-de-Caixa-HDT-1,2023-03,8583121.85,Repasse SES-GO custeio + rendimentos financeiros + outras entradas,HDT,ISG,2023,3,mensal,7429403.17,4672127.56
2023,C:\OSS-Goias\documentos\ISG\HDT\2023\21_Relatorio_Comparativo_Recursos\04.2023-Fluxo-de-Caixa-HDT.pdf,04.2023-Fluxo-de-Caixa-HDT,2023-04,8532704.27,Repasse SES-GO custeio + rendimentos + outras entradas,HDT,ISG,2023,4,mensal,7160518.07,6044313.76
2023,C:\OSS-Goias\documentos\ISG\HDT\2023\21_Relatorio_Comparativo_Recursos\05.2023-Fluxo-de-Caixa-HDT-1.pdf,05.2023-Fluxo-de-Caixa-HDT-1,2023-05,9346522.89,Repasse SES custeio + rendimentos + outras entradas,HDT,ISG,2023,5,mensal,7956924.74,7433911.91
2023,C:\OSS-Goias\documentos\ISG\HDT\2023\21_Relatorio_Comparativo_Recursos\06.2023-Fluxo-de-Caixa-HDT.pdf-ass.pdf,06.2023-Fluxo-de-Caixa-HDT.pdf-ass,2023-06,6718309.19,Repasse SES-GO (custeio) + rendimentos + outras entradas,HDT,ISG,2023,6,mensal,9992662.4,4159558.7
2023,C:\OSS-Goias\documentos\ISG\HDT\2023\21_Relatorio_Comparativo_Recursos\07.2023-Fluxo-de-Caixa-HDT.pdf,07.2023-Fluxo-de-Caixa-HDT,2023-07,9687227.19,Repasse SES-GO (Custeio) + Rendimentos + Outras entradas,HDT,ISG,2023,7,mensal,7593029.39,6253756.5
2023,C:\OSS-Goias\documentos\ISG\HDT\2023\21_Relatorio_Comparativo_Recursos\08.2023-Fluxo-de-Caixa-HDT.pdf,08.2023-Fluxo-de-Caixa-HDT,2023-08,6661141.84,Repasse SES CUSTEIO + Rendimentos + Outras entradas,HDT,ISG,2023,8,mensal,7922668.49,4992229.85
2023,C:\OSS-Goias\documentos\ISG\HDT\2023\21_Relatorio_Comparativo_Recursos\09.2023-Fluxo-de-Caixa-HDT.pdf,09.2023-Fluxo-de-Caixa-HDT,2023-09,7325959.46,Repasse SES Custeio + Rendimentos + Outras Entradas,HDT,ISG,2023,9,mensal,8111970.64,4206218.67
2023,C:\OSS-Goias\documentos\FUNEV\HEANA\2023\21_Relatorio_Comparativo_Recursos\1 Relatório financeiro Mensal Heana.pdf,1 Relatório financeiro Mensal Heana,2023-04,8559218.78,Repasse CUSTEIO + Rendimentos + Outras entradas,HEANA,FUNEV,2023,4,mensal,7545640.85,11013506.88
2023,C:\OSS-Goias\documentos\ISG\HDT\2023\21_Relatorio_Comparativo_Recursos\10.2023-Fluxo-de-Caixa-HDT-1.pdf,10.2023-Fluxo-de-Caixa-HDT-1,2023-10,7379349.28,Repasse SES custeio + rendimentos + outras entradas,HDT,ISG,2023,10,mensal,7803179.37,3782388.58
2023,C:\OSS-Goias\documentos\ISG\HDT\2023\21_Relatorio_Comparativo_Recursos\11.2023-Fluxo-de-Caixa-HDT.pdf,11.2023-Fluxo-de-Caixa-HDT,2023-11,6932190.59,Repasse SES (Custeio) + Rendimentos + Outras entradas,HDT,ISG,2023,11,mensal,8261149.11,2453270.15
2023,C:\OSS-Goias\documentos\ISG\HDT\2023\21_Relatorio_Comparativo_Recursos\12.2023-Fluxo-de-Caixa-Sipef-HDT.pdf,12.2023-Fluxo-de-Caixa-Sipef-HDT,2023-12,7428512.16,Repasse SES-GO (Custeio) + Rendimentos + Outras Entradas,HDT,ISG,2023,12,mensal,8688869.69,1192912.62
2023,C:\OSS-Goias\documentos\FUNEV\HEANA\2023\21_Relatorio_Comparativo_Recursos\1697844107214-Heana.pdf,1697844107214-Heana,2023-09,10853504.29,"Repasse SES (Custeio + Investimento), Rendimentos sobre Aplicações Financeiras, Outras entradas",HEANA,FUNEV,2023,9,mensal,8815175.24,12846228.39
2023,C:\OSS-Goias\documentos\FUNEV\HEANA\2023\21_Relatorio_Comparativo_Recursos\1697844107219-3.9.1 Fluxo de Caixa 09-2023.xlsx,1697844107219-3.9.1 Fluxo de Caixa 09-2023,2023-09,10853504.29,"SES - Repasse Custeio e Investimento, Rendimentos, Outras entradas",HEANA,FUNEV,2023,9,mensal,8815175.238,12846228.392
2023,C:\OSS-Goias\documentos\FUNEV\HEANA\2023\21_Relatorio_Comparativo_Recursos\1700769610090-10. Relatório financeiro mensal Heana.pdf,1700769610090-10. Relatório financeiro mensal Heana,2023-10,9672538.22,Repasse SES + Rendimentos + Outras entradas,HEANA,FUNEV,2023,10,mensal,10267852.03,12250914.58
2023,C:\OSS-Goias\documentos\FUNEV\HEANA\2023\21_Relatorio_Comparativo_Recursos\1700769610094-3.9.1 Fluxo de Caixa Heana 10-2023.xlsx,1700769610094-3.9.1 Fluxo de Caixa Heana 10-2023,2023-10,9672538.22,Repasse SES + Rendimentos + Outras entradas,HEANA,FUNEV,2023,10,mensal,10267852.03,12250914.58
2023,C:\OSS-Goias\documentos\FUNEV\HEANA\2023\21_Relatorio_Comparativo_Recursos\1703542848593-Fluxo de Caixa HEANA.pdf,1703542848593-Fluxo de Caixa HEANA,2023-11,6099096.53,Repasse SES + Rendimentos + Outras entradas,HEANA,FUNEV,2023,11,mensal,12059006.86,6291004.25
2023,C:\OSS-Goias\documentos\FUNEV\HEANA\2023\21_Relatorio_Comparativo_Recursos\1703542848595-3.9.1 Fluxo de Caixa HEANA 11-2023.xlsx,1703542848595-3.9.1 Fluxo de Caixa HEANA 11-2023,2023-11,6099096.53,Repasse SES + Rendimentos + Resgates + Outras,HEANA,FUNEV,2023,11,mensal,12059006.86,6291004.25
2023,C:\OSS-Goias\documentos\FUNEV\HEANA\2023\21_Relatorio_Comparativo_Recursos\1704900100573-Fluxo de caixa_ Heana JAN.pdf,1704900100573-Fluxo de caixa_ Heana JAN,2023-01,8524757.25,Repasse SES (Custeio) + Rendimentos + Outras entradas,HEANA,FUNEV,2023,1,mensal,8592620.89,8149265.08
2023,C:\OSS-Goias\documentos\FUNEV\HEANA\2023\21_Relatorio_Comparativo_Recursos\1704900100576-HEANA 3.9.1 Fluxo de Caixa 01-2023.xlsx,1704900100576-HEANA 3.9.1 Fluxo de Caixa 01-2023,2023-01,8524757.25,Repasse SES + Rendimentos + Outras entradas,HEANA,FUNEV,2023,1,mensal,8592620.89,8149265.08
2023,"C:\OSS-Goias\documentos\IGH\HEAPA\2023\21_Relatorio_Comparativo_Recursos\2023.01 - HEAPA - Relatório mensal comparativo dos recursos recebidos, gastos e devolvidos ao Poder Público.pdf","2023.01 - HEAPA - Relatório mensal comparativo dos recursos recebidos, gastos e devolvidos ao Poder Público",2023-01,6886323.34,Repasse SES Custeio + Rendimentos + Outras entradas,HEAPA,IGH,2023,1,mensal,7233240.52,3474160.2
2023,"C:\OSS-Goias\documentos\IGH\HEAPA\2023\21_Relatorio_Comparativo_Recursos\2023.01 - HEAPA - Relatório mensal comparativo dos recursos recebidos, gastos e devolvidos ao Poder.xlsx","2023.01 - HEAPA - Relatório mensal comparativo dos recursos recebidos, gastos e devolvidos ao Poder",2023-01,6886323.34,Repasse SES + Rendimentos + Outras Entradas,HEAPA,IGH,2023,1,mensal,7233240.52,3474160.2
2023,"C:\OSS-Goias\documentos\IGH\HEAPA\2023\21_Relatorio_Comparativo_Recursos\2023.02 - HEAPA - Relatório mensal comparativo dos recursos recebidos, gastos e devolvidos ao Poder Público-Assinado.pdf","2023.02 - HEAPA - Relatório mensal comparativo dos recursos recebidos, gastos e devolvidos ao Poder Público-Assinado",2023-02,5184926.76,Repasse SES custeio + investimento + rendimentos + outras entradas,HEAPA,IGH,2023,2,mensal,5894846.56,2764240.4
2023,"C:\OSS-Goias\documentos\IGH\HEAPA\2023\21_Relatorio_Comparativo_Recursos\2023.02 - HEAPA - Relatório mensal comparativo dos recursos recebidos, gastos e devolvidos ao Poder.xlsx","2023.02 - HEAPA - Relatório mensal comparativo dos recursos recebidos, gastos e devolvidos ao Poder",2023-02,5184926.76,Repasse SES Custeio + Repasse SES Investimento + Rendimentos + Outras entradas,HEAPA,IGH,2023,2,mensal,5894846.56,2764240.4
2023,"C:\OSS-Goias\documentos\IGH\HEAPA\2023\21_Relatorio_Comparativo_Recursos\2023.03 - HEAPA - Relatório mensal comparativo dos recursos recebidos, gastos e devolvidos ao Poder Público-Assinado.pdf","2023.03 - HEAPA - Relatório mensal comparativo dos recursos recebidos, gastos e devolvidos ao Poder Público-Assinado",2023-03,8504538.66,Repasse SES Custeio + Investimento + Rendimentos + Outras entradas,HEAPA,IGH,2023,3,mensal,8569186.84,2699592.22
2023,"C:\OSS-Goias\documentos\IGH\HEAPA\2023\21_Relatorio_Comparativo_Recursos\2023.03 - HEAPA - Relatório mensal comparativo dos recursos recebidos, gastos e devolvidos ao.xlsx","2023.03 - HEAPA - Relatório mensal comparativo dos recursos recebidos, gastos e devolvidos ao",2023-03,8504538.66,"Repasse SES (Custeio + Investimento), Rendimentos, Recuperação de despesas, Desbloqueio judicial",HEAPA,IGH,2023,3,mensal,8569186.84,2699592.22
2023,"C:\OSS-Goias\documentos\IGH\HEAPA\2023\21_Relatorio_Comparativo_Recursos\2023.04 - HEAPA - Relatório mensal comparativo dos recursos recebidos, gastos e devolvidos ao Poder Público-Assinado.pdf","2023.04 - HEAPA - Relatório mensal comparativo dos recursos recebidos, gastos e devolvidos ao Poder Público-Assinado",2023-04,6748809.47,"Repasse SES custeio, investimento, rendimentos e outras entradas",HEAPA,IGH,2023,4,mensal,7122722.98,2325678.71
2023,"C:\OSS-Goias\documentos\IGH\HEAPA\2023\21_Relatorio_Comparativo_Recursos\2023.04 - HEAPA - Relatório mensal comparativo dos recursos recebidos, gastos e devolvidos ao.xlsx","2023.04 - HEAPA - Relatório mensal comparativo dos recursos recebidos, gastos e devolvidos ao",2023-04,6748809.47,"Repasse SES (Custeio + Investimento), Rendimentos, Recuperação de despesas, Desbloqueio judicial",HEAPA,IGH,2023,4,mensal,7122722.98,2325678.71
2023,"C:\OSS-Goias\documentos\IGH\HEAPA\2023\21_Relatorio_Comparativo_Recursos\2023.05 - HEAPA - Relatório mensal comparativo dos recursos recebidos, gastos e devolvidos ao Público-Assinado.pdf","2023.05 - HEAPA - Relatório mensal comparativo dos recursos recebidos, gastos e devolvidos ao Público-Assinado",2023-05,7579479.78,Repasse SES-GO Custeio + Rendimentos + Outras entradas,HEAPA,IGH,2023,5,mensal,6072638.0,3832520.49
2023,"C:\OSS-Goias\documentos\IGH\HEAPA\2023\21_Relatorio_Comparativo_Recursos\2023.05 - HEAPA - Relatório mensal comparativo dos recursos recebidos, gastos e devolvidos ao Público.xlsx","2023.05 - HEAPA - Relatório mensal comparativo dos recursos recebidos, gastos e devolvidos ao Público",2023-05,7579479.78,"Repasse SES (Custeio), Rendimentos de Aplicações, Recuperação de Despesas",HEAPA,IGH,2023,5,mensal,6072638.0,3832520.49
2023,"C:\OSS-Goias\documentos\IGH\HEAPA\2023\21_Relatorio_Comparativo_Recursos\2023.06 - HEAPA - Relatório mensal comparativo dos recursos recebidos, gastos e devolvidos ao Público-Assinado.pdf","2023.06 - HEAPA - Relatório mensal comparativo dos recursos recebidos, gastos e devolvidos ao Público-Assinado",2023-06,6797888.72,Repasse SES Custeio + Investimento + Rendimentos + Outras entradas,HEAPA,IGH,2023,6,mensal,7517874.05,3112535.16
2023,"C:\OSS-Goias\documentos\IGH\HEAPA\2023\21_Relatorio_Comparativo_Recursos\2023.06 - HEAPA - Relatório mensal comparativo dos recursos recebidos, gastos e devolvidos ao Público.xlsx","2023.06 - HEAPA - Relatório mensal comparativo dos recursos recebidos, gastos e devolvidos ao Público",2023-06,6797888.72,"Repasse SES (Custeio + Investimento), Rendimentos, Recuperação de despesas, Desbloqueio judicial",HEAPA,IGH,2023,6,mensal,7517874.05,3112535.16
2023,C:\OSS-Goias\documentos\IGH\HEAPA\2023\21_Relatorio_Comparativo_Recursos\2023.07 - HEAPA - Relatório mensal comparativo Financeiro-Assinado.pdf,2023.07 - HEAPA - Relatório mensal comparativo Financeiro-Assinado,2023-07,6986556.9,Repasse SES custeio + rendimentos + outras entradas,HEAPA,IGH,2023,7,mensal,7380164.13,2718927.93
2023,C:\OSS-Goias\documentos\IGH\HEAPA\2023\21_Relatorio_Comparativo_Recursos\2023.07 - HEAPA - Relatório mensal comparativo.xlsx,2023.07 - HEAPA - Relatório mensal comparativo,2023-07,6986556.9,Repasse SES custeio + rendimentos + outras entradas,HEAPA,IGH,2023,7,mensal,7380164.13,2718927.93
2023,"C:\OSS-Goias\documentos\IGH\HEAPA\2023\21_Relatorio_Comparativo_Recursos\2023.08 - HEAPA - Relatório mensal comparativo dos recursos recebidos,.xlsx","2023.08 - HEAPA - Relatório mensal comparativo dos recursos recebidos,",2023-08,7303807.7,Repasse SES Custeio + Rendimentos + Recuperação de despesas + Desbloqueio judicial,HEAPA,IGH,2023,8,mensal,7734009.13,2288726.5
2023,"C:\OSS-Goias\documentos\IGH\HEAPA\2023\21_Relatorio_Comparativo_Recursos\2023.09 - HEAPA - Relatório mensal comparativo dos recursos recebidos, gastos e devolvidos ao Público-Assinado.pdf","2023.09 - HEAPA - Relatório mensal comparativo dos recursos recebidos, gastos e devolvidos ao Público-Assinado",2023-09,5021513.33,Repasse SES Custeio + Investimento + Rendimentos + Outras entradas,HEAPA,IGH,2023,9,mensal,4820526.08,2489713.75
2023,"C:\OSS-Goias\documentos\IGH\HEAPA\2023\21_Relatorio_Comparativo_Recursos\2023.09 - HEAPA - Relatório mensal comparativo dos recursos recebidos, gastos e devolvidos ao Público.xlsx","2023.09 - HEAPA - Relatório mensal comparativo dos recursos recebidos, gastos e devolvidos ao Público",2023-09,5021513.33,Repasse SES (Custeio + Investimento) + Rendimentos + Outras entradas,HEAPA,IGH,2023,9,mensal,4820526.08,2489713.75
2023,"C:\OSS-Goias\documentos\IGH\HEAPA\2023\21_Relatorio_Comparativo_Recursos\2023.10 - HEAPA - Relatório mensal comparativo dos recursos recebidos, gastos e devolvidos ao Público-Assinado.pdf","2023.10 - HEAPA - Relatório mensal comparativo dos recursos recebidos, gastos e devolvidos ao Público-Assinado",2023-10,9307144.63,Repasse SES/GO + Rendimentos + Outras entradas,HEAPA,IGH,2023,10,mensal,9528057.69,2268800.69
2023,"C:\OSS-Goias\documentos\IGH\HEAPA\2023\21_Relatorio_Comparativo_Recursos\2023.10 - HEAPA - Relatório mensal comparativo dos recursos recebidos, gastos e devolvidos ao Público.xlsx","2023.10 - HEAPA - Relatório mensal comparativo dos recursos recebidos, gastos e devolvidos ao Público",2023-10,9307144.63,"Repasse SES custeio, rendimentos financeiros, recuperação de despesas",HEAPA,IGH,2023,10,mensal,9528057.69,2268800.69
2023,"C:\OSS-Goias\documentos\IGH\HEAPA\2023\21_Relatorio_Comparativo_Recursos\2023.11 - HEAPA - Relatório mensal comparativo dos recursos recebidos, gastos e devolvidos ao Público-Assinado.pdf","2023.11 - HEAPA - Relatório mensal comparativo dos recursos recebidos, gastos e devolvidos ao Público-Assinado",2023-11,6585498.64,Repasse SES/GO + Rendimentos + Outras,HEAPA,IGH,2023,11,mensal,7312555.45,1541743.88
2023,"C:\OSS-Goias\documentos\IGH\HEAPA\2023\21_Relatorio_Comparativo_Recursos\2023.11 - HEAPA - Relatório mensal comparativo dos recursos recebidos, gastos e devolvidos ao Público.xlsx","2023.11 - HEAPA - Relatório mensal comparativo dos recursos recebidos, gastos e devolvidos ao Público",2023-11,6585498.64,Repasse SES-GO (Custeio) + Rendimentos de Aplicações + Outras Entradas,HEAPA,IGH,2023,11,mensal,7312555.45,1541743.88
2023,"C:\OSS-Goias\documentos\IGH\HEAPA\2023\21_Relatorio_Comparativo_Recursos\2023.12 - HEAPA - Relatório mensal comparativo dos recursos recebidos, gastos e devolvidos ao Público-Assinado.pdf","2023.12 - HEAPA - Relatório mensal comparativo dos recursos recebidos, gastos e devolvidos ao Público-Assinado",2023-12,6868977.89,Repasse SES Custeio + Rendimentos + Outras entradas,HEAPA,IGH,2023,12,mensal,5596978.01,2813743.76
2023,"C:\OSS-Goias\documentos\IGH\HEAPA\2023\21_Relatorio_Comparativo_Recursos\2023.12 - HEAPA - Relatório mensal comparativo dos recursos recebidos, gastos e devolvidos ao Público.xlsx","2023.12 - HEAPA - Relatório mensal comparativo dos recursos recebidos, gastos e devolvidos ao Público",2023-12,6868977.89,Repasse SES Custeio + Rendimentos + Outras entradas,HEAPA,IGH,2023,12,mensal,5596978.01,2813743.76
2023,C:\OSS-Goias\documentos\FUNEV\HEANA\2023\21_Relatorio_Comparativo_Recursos\3.9.1 Fluxo de Caixa 02-2023.xlsx,3.9.1 Fluxo de Caixa 02-2023,2023-02,8487978.78,Repasse SES + Rendimentos + Outras,HEANA,FUNEV,2023,2,mensal,7509813.13,9127430.73
2023,C:\OSS-Goias\documentos\FUNEV\HEANA\2023\21_Relatorio_Comparativo_Recursos\3.9.1 Fluxo de Caixa 03-2023.xlsx,3.9.1 Fluxo de Caixa 03-2023,2023-03,9584796.91,SES - Custeio / Rendimentos / Outras entradas,HEANA,FUNEV,2023,3,mensal,8712298.69,9999928.95
2023,C:\OSS-Goias\documentos\FUNEV\HEANA\2023\21_Relatorio_Comparativo_Recursos\3.9.1 Fluxo de Caixa 04-2023.xlsx,3.9.1 Fluxo de Caixa 04-2023,2023-04,8559218.78,Repasse SES + Rendimentos + Outras entradas,HEANA,FUNEV,2023,4,mensal,7545640.85,11013506.88
2023,C:\OSS-Goias\documentos\FUNEV\HEANA\2023\21_Relatorio_Comparativo_Recursos\3.9.1 Fluxo de Caixa 05-2023.xlsx,3.9.1 Fluxo de Caixa 05-2023,2023-05,8917358.91,Repasse SES (custeio) + rendimentos + outras entradas,HEANA,FUNEV,2023,5,mensal,8252762.67,11678103.12
2023,C:\OSS-Goias\documentos\FUNEV\HEANA\2023\21_Relatorio_Comparativo_Recursos\3.9.1 Fluxo de Caixa 06-2023.xlsx,3.9.1 Fluxo de Caixa 06-2023,2023-06,8948243.06,Repasse SES + Rendimentos + Outras entradas,HEANA,FUNEV,2023,6,mensal,9327404.23,11298941.95
2023,C:\OSS-Goias\documentos\FUNEV\HEANA\2023\21_Relatorio_Comparativo_Recursos\3.9.1 Fluxo de Caixa 08-2023.xlsx,3.9.1 Fluxo de Caixa 08-2023,2023-08,8439543.3,Repasse CUSTEIO SES + Rendimentos + Outras entradas,HEANA,FUNEV,2023,8,mensal,8995162.33,10807899.34
2023,C:\OSS-Goias\documentos\FUNEV\HEANA\2023\21_Relatorio_Comparativo_Recursos\3.9.1 Fluxo de Caixa 10-2022 (1).pdf,3.9.1 Fluxo de Caixa 10-2022 (1),2022-10,7676485.06,Repasse CUSTEIO CEF C/C 4526-3; Rendimentos; Outras entradas,HEANA,FUNEV,2022,10,mensal,7283601.19,6738229.78
2023,C:\OSS-Goias\documentos\FUNEV\HEANA\2023\21_Relatorio_Comparativo_Recursos\3.9.1 Fluxo de Caixa 11-2022.pdf.xlsx,3.9.1 Fluxo de Caixa 11-2022.pdf,2022-11,9295407.34,Repasse SES + Rendimentos + Outras,HEANA,FUNEV,2022,11,mensal,9111052.41,6922584.71
2023,C:\OSS-Goias\documentos\FUNEV\HEANA\2023\21_Relatorio_Comparativo_Recursos\3.9.1 Fluxo de Caixa 12-2022.xlsx,3.9.1 Fluxo de Caixa 12-2022,2022-12,10489202.91,Repasse SES + Rendimentos + Outras entradas,HEANA,FUNEV,2022,12,mensal,9194658.9,8217128.72
2023,C:\OSS-Goias\documentos\FUNEV\HEANA\2023\21_Relatorio_Comparativo_Recursos\8. Relatório Financeiro Mensal.pdf,8. Relatório Financeiro Mensal,2023-08,8439543.3,Repasse CUSTEIO CAIXA ECON FEDERAL C/C 4526-3,HEANA,FUNEV,2023,8,mensal,8995162.33,10807899.34
2023,C:\OSS-Goias\documentos\FUNEV\HEANA\2023\21_Relatorio_Comparativo_Recursos\Fluxo de Caixa .xlsx,Fluxo de Caixa ,2023-07,8933588.88,Repasse SES + Rendimentos + Outras entradas,HEANA,FUNEV,2023,7,mensal,8869012.46,11363518.37
2023,C:\OSS-Goias\documentos\FUNEV\HEANA\2023\21_Relatorio_Comparativo_Recursos\Fluxo de Caixa 11-2022.pdf,Fluxo de Caixa 11-2022,2022-11,9295407.34,Repasse CUSTEIO CAIXA ECON FEDERAL C/C 4526-3,HEANA,FUNEV,2022,11,mensal,9111052.41,6922584.71
2023,documentos\IMED\HETRIN\2023\99_NaoClassificado\G.11-RELATORIO-DOS-RECURSOS-RECEBIDOS-E-GASTOS-ABR23.pdf,G.11-RELATORIO-DOS-RECURSOS-RECEBIDOS-E-GASTOS-ABR23,2023-04,4575243.63,Repasse SES + Rendimentos + Outras entradas,HUTRIN,IMED,2023,4,mensal,5206714.91,37925666.86
2023,documentos\IMED\HETRIN\2023\99_NaoClassificado\G.9-RELACAO-MENSAL-DOS-RECURSOS-RECEBIDOS-E-GASTOS-OUT23.xlsx,G.9-RELACAO-MENSAL-DOS-RECURSOS-RECEBIDOS-E-GASTOS-OUT23,2023-10,11019473.74,Repasse SES + Rendimentos + Recursos Extracontratuais,HUTRIN,IMED,2023,10,mensal,4975688.65,41619663.63
2023,documentos\IMED\HETRIN\2023\99_NaoClassificado\G.9-RELATORIO-FINANCEIRO-JAN23.pdf,G.9-RELATORIO-FINANCEIRO-JAN23,2023-01,4697341.0,Repasse SES + Rendimentos + Outras entradas,HUTRIN,IMED,2023,1,mensal,4930088.02,37445614.24
2023,documentos\IMED\HETRIN\2023\99_NaoClassificado\G.9-RELATORIO-MENSAL-DE-RECURSOS-RECEBIDOS-E-GASTOS-FEV23.pdf,G.9-RELATORIO-MENSAL-DE-RECURSOS-RECEBIDOS-E-GASTOS-FEV23,2023-02,4543666.58,Repasse SES + Rendimentos + Outras entradas,HUTRIN,IMED,2023,2,mensal,3997166.93,37992113.89
2023,documentos\IMED\HETRIN\2023\99_NaoClassificado\G.9-RELATORIO-MENSAL-DE-RECURSOS-RECEBIDOS-E-GASTOS-MAI23.pdf,G.9-RELATORIO-MENSAL-DE-RECURSOS-RECEBIDOS-E-GASTOS-MAI23,2023-05,4853901.28,Repasse SES + Rendimentos + Outras entradas,HUTRIN,IMED,2023,5,mensal,4406630.52,38230197.47
2023,documentos\IMED\HETRIN\2023\99_NaoClassificado\G.9-RELATORIO-MENSAL-DOS-RECURSOS-RECEBIDOS-E-GASTOS-MAR23.pdf,G.9-RELATORIO-MENSAL-DOS-RECURSOS-RECEBIDOS-E-GASTOS-MAR23,2023-03,4727681.57,Repasse SES + Rendimentos Financeiros,HETRIN,IMED,2023,3,mensal,4109430.51,38557138.14
2023,documentos\IMED\HETRIN\2023\99_NaoClassificado\G.9-RELATORIO-MENSAL-DOS-RECURSOS-RECEBIDOS-E-GASTOS-SET23.xlsx,G.9-RELATORIO-MENSAL-DOS-RECURSOS-RECEBIDOS-E-GASTOS-SET23,2023-09,5431351.96,Repasse SES + Rendimentos + Outras entradas,HUTRIN,IMED,2023,9,mensal,4215627.97,35576037.84
2023,documentos\IMED\HETRIN\2023\99_NaoClassificado\G.9-RELATORIO-MENSAL-RECURSOS-RECEBIDOS-E-GASTOS-AGO23.pdf,G.9-RELATORIO-MENSAL-RECURSOS-RECEBIDOS-E-GASTOS-AGO23,2023-08,4675102.04,Repasse SES + Outras entradas,HETRIN,IMED,2023,8,mensal,5870134.55,35664212.61
2023,documentos\IMED\HETRIN\2023\99_NaoClassificado\G.9-RELATORIO-MENSAL-RECURSOS-RECEBIDOS-E-GASTOS-JUN23.pdf,G.9-RELATORIO-MENSAL-RECURSOS-RECEBIDOS-E-GASTOS-JUN23,2023-06,4593327.84,Repasse SES + Rendimentos + Reembolso,HUTRIN,IMED,2023,6,mensal,4796557.54,38026967.77
2023,documentos\IMED\HETRIN\2023\99_NaoClassificado\G.9-RELATORIO-MENSAL-RECURSOS-RECEBIDOS-E-GASTOS-NOV23.pdf,G.9-RELATORIO-MENSAL-RECURSOS-RECEBIDOS-E-GASTOS-NOV23,2023-11,6207395.09,Repasse SES + Rendimentos + Outras entradas,HETRIN,IMED,2023,11,mensal,5808004.69,42019054.03
2023,C:\OSS-Goias\documentos\FUNEV\HEANA\2023\21_Relatorio_Comparativo_Recursos\Relatorio Financeiro Mensal Heana Maio.pdf,Relatorio Financeiro Mensal Heana Maio,2023-05,8917358.91,Repasse CUSTEIO + Rendimentos + Outras entradas,HEANA,FUNEV,2023,5,mensal,8252762.67,11678103.12
2023,C:\OSS-Goias\documentos\FUNEV\HEANA\2023\21_Relatorio_Comparativo_Recursos\relatorio financeiro Mensal Heana.pdf,relatorio financeiro Mensal Heana,2023-06,8948243.06,Repasse CUSTEIO Caixa Econ Federal C/C 4526-3; Rendimentos sobre Aplicações Financeiras; Outras entradas,HEANA,FUNEV,2023,6,mensal,9327404.23,11298941.95
2023,documentos\IMED\HETRIN\2023\99_NaoClassificado\RELATORIO_FINANCEIRO_HETRIN_07.2023.pdf,RELATORIO_FINANCEIRO_HETRIN_07.2023,2023-07,4640044.97,Repasse SES + Rendimentos + Reembolso,HUTRIN,IMED,2023,7,mensal,4796557.54,35664212.61
2023,documentos\IMED\HETRIN\2023\99_NaoClassificado\RELATORIO_FINANCEIRO_HETRIN_07.2023_-.xlsx,RELATORIO_FINANCEIRO_HETRIN_07.2023_-,2023-07,4640044.97,Repasse SES + Rendimentos + Reembolso,HETRIN,IMED,2023,7,mensal,4796557.54,35664212.61
2023,documentos\IMED\HETRIN\2023\99_NaoClassificado\RELATORIO_FINANCEIRO_HETRIN_12.2022.pdf,RELATORIO_FINANCEIRO_HETRIN_12.2022,2022-12,11246133.13,Repasse SES + Rendimentos + Outras entradas,HUTRIN,IMED,2022,12,mensal,5823316.52,37690651.79
2023,C:\OSS-Goias\documentos\FUNEV\HEANA\2023\21_Relatorio_Comparativo_Recursos\Relatório Financeiro Mensa Heana.pdf,Relatório Financeiro Mensa Heana,2023-07,8933588.88,Repasse CUSTEIO + Rendimentos + Outras entradas,HEANA,FUNEV,2023,7,mensal,8869012.46,11363518.37
2023,"C:\OSS-Goias\documentos\AGIR\HUGOL\2023\21_Relatorio_Comparativo_Recursos\Relatório mensal comparativo de recursos recebidos, gastos e devolvidos ao Poder Público_01-2023-HUGOL.xlsx","Relatório mensal comparativo de recursos recebidos, gastos e devolvidos ao Poder Público_01-2023-HUGOL",2023-01,34480532.32,Repasse SES/Rendimentos/Outras entradas,HUGOL,AGIR,2023,1,mensal,35404715.39,19616.96
2023,"C:\OSS-Goias\documentos\AGIR\HUGOL\2023\21_Relatorio_Comparativo_Recursos\Relatório mensal comparativo de recursos recebidos, gastos e devolvidos ao Poder Público_02-2023-HUGOL.pdf","Relatório mensal comparativo de recursos recebidos, gastos e devolvidos ao Poder Público_02-2023-HUGOL",2023-02,33450290.07,Repasse SES CUSTEIO + Rendimentos + Outras entradas,HUGOL,AGIR,2023,2,mensal,33321046.72,148860.31
2023,"C:\OSS-Goias\documentos\AGIR\HUGOL\2023\21_Relatorio_Comparativo_Recursos\Relatório mensal comparativo de recursos recebidos, gastos e devolvidos ao Poder Público_03-2023-HUGOL.pdf","Relatório mensal comparativo de recursos recebidos, gastos e devolvidos ao Poder Público_03-2023-HUGOL",2023-03,34051077.2,"Repasse SES/CUSTEIO CEF 446-8, Rendimentos, Outras entradas/Reembolsos",HUGOL,AGIR,2023,3,mensal,33999638.76,200298.75
2023,"C:\OSS-Goias\documentos\AGIR\HUGOL\2023\21_Relatorio_Comparativo_Recursos\Relatório mensal comparativo de recursos recebidos, gastos e devolvidos ao Poder Público_04-2023-HUGOL.xlsx","Relatório mensal comparativo de recursos recebidos, gastos e devolvidos ao Poder Público_04-2023-HUGOL",2023-04,32688919.29,Repasse SES CUSTEIO + Rendimentos + Outras entradas,HUGOL,AGIR,2023,4,mensal,30543214.14,2346003.9
2023,"C:\OSS-Goias\documentos\AGIR\HUGOL\2023\21_Relatorio_Comparativo_Recursos\Relatório mensal comparativo de recursos recebidos, gastos e devolvidos ao Poder Público_05-2023-HUGOL.pdf","Relatório mensal comparativo de recursos recebidos, gastos e devolvidos ao Poder Público_05-2023-HUGOL",2023-05,33500402.63,Repasse SES/Rendimentos/Outras entradas,HUGOL,AGIR,2023,5,mensal,34984113.5,862293.03
2023,"C:\OSS-Goias\documentos\AGIR\HUGOL\2023\21_Relatorio_Comparativo_Recursos\Relatório mensal comparativo de recursos recebidos, gastos e devolvidos ao Poder Público_06-2023-HUGOL.xlsx","Relatório mensal comparativo de recursos recebidos, gastos e devolvidos ao Poder Público_06-2023-HUGOL",2023-06,32520971.3,Repasse SES CUSTEIO + Rendimentos + Outras entradas,HUGOL,AGIR,2023,6,mensal,33091558.11,291706.22
2023,"C:\OSS-Goias\documentos\AGIR\HUGOL\2023\21_Relatorio_Comparativo_Recursos\Relatório mensal comparativo de recursos recebidos, gastos e devolvidos ao Poder Público_07-2023-HUGOL_RET.xlsx","Relatório mensal comparativo de recursos recebidos, gastos e devolvidos ao Poder Público_07-2023-HUGOL_RET",2023-07,26492640.38,"Repasse SES (CEF 446-8), Rendimento Aplicações, Outras Entradas (Reembolso/Empréstimo)",HUGOL,AGIR,2023,7,mensal,18099360.66,8684985.94
2023,"C:\OSS-Goias\documentos\AGIR\HUGOL\2023\21_Relatorio_Comparativo_Recursos\Relatório mensal comparativo de recursos recebidos, gastos e devolvidos ao Poder Público_08-2023-HUGOL_RET.xlsx","Relatório mensal comparativo de recursos recebidos, gastos e devolvidos ao Poder Público_08-2023-HUGOL_RET",2023-08,42223552.76,Repasse SES CUSTEIO + Rendimentos + Outras entradas,HUGOL,AGIR,2023,8,mensal,49922119.03,986419.67
2023,"C:\OSS-Goias\documentos\AGIR\HUGOL\2023\21_Relatorio_Comparativo_Recursos\Relatório mensal comparativo de recursos recebidos, gastos e devolvidos ao Poder Público_09-2023-HUGOL_RET.xlsx","Relatório mensal comparativo de recursos recebidos, gastos e devolvidos ao Poder Público_09-2023-HUGOL_RET",2023-09,31732003.85,Repasse SES-GO (Custeio) + Rendimentos + Outras entradas,HUGOL,AGIR,2023,9,mensal,30680220.72,2038202.8
2023,"C:\OSS-Goias\documentos\AGIR\HUGOL\2023\21_Relatorio_Comparativo_Recursos\Relatório mensal comparativo de recursos recebidos, gastos e devolvidos ao Poder Público_10-2023-HUGOL_RET.pdf","Relatório mensal comparativo de recursos recebidos, gastos e devolvidos ao Poder Público_10-2023-HUGOL_RET",2023-10,32719911.24,"Repasse SES (CEF 446-8), Rendimentos, Outras entradas",HUGOL,AGIR,2023,10,mensal,34099715.79,658398.25
2023,"C:\OSS-Goias\documentos\AGIR\HUGOL\2023\21_Relatorio_Comparativo_Recursos\Relatório mensal comparativo de recursos recebidos, gastos e devolvidos ao Poder Público_11-2023-HUGOL_RET.pdf","Relatório mensal comparativo de recursos recebidos, gastos e devolvidos ao Poder Público_11-2023-HUGOL_RET",2023-11,32198678.9,"Repasse SES (CEF), Rendimentos, Outras entradas",HUGOL,AGIR,2023,11,mensal,31022912.35,1834164.8
2023,"C:\OSS-Goias\documentos\AGIR\HUGOL\2023\21_Relatorio_Comparativo_Recursos\Relatório mensal comparativo de recursos recebidos, gastos e devolvidos ao Poder Público_12-2023-HUGOL_RET.pdf","Relatório mensal comparativo de recursos recebidos, gastos e devolvidos ao Poder Público_12-2023-HUGOL_RET",2023-12,32929110.5,Repasse SES CUSTEIO + Rendimentos + Outras entradas,HUGOL,AGIR,2023,12,mensal,33812030.54,943067.82
2024,C:\OSS-Goias\documentos\ISG\HDT\2024\21_Relatorio_Comparativo_Recursos\01.2024-Fluxo-de-Caixa-HDT-ass.pdf,01.2024-Fluxo-de-Caixa-HDT-ass,2024-01,6423283.44,Repasse SES CUSTEIO + Rendimentos + Outras entradas,HDT,ISG,2024,1,mensal,6968399.76,647796.3
2024,C:\OSS-Goias\documentos\ISG\HDT\2024\21_Relatorio_Comparativo_Recursos\02.2024-Relatorio.pdf,02.2024-Relatorio,2024-02,7075906.13,Repasse SES + Rendimentos + Outras entradas,HDT,ISG,2024,2,mensal,7118524.1,605178.33
2024,C:\OSS-Goias\documentos\ISG\HDT\2024\21_Relatorio_Comparativo_Recursos\03.2024-Relatorio.pdf,03.2024-Relatorio,2024-03,7497965.54,Repasse SES CUSTEIO + Rendimentos + Outras Entradas,HDT,ISG,2024,3,mensal,7439174.3,659852.79
2024,C:\OSS-Goias\documentos\ISG\HDT\2024\21_Relatorio_Comparativo_Recursos\04.2024-Relatorio-ass.pdf,04.2024-Relatorio-ass,2024-04,13591478.59,Repasse SES + Rendimentos + Outras entradas,HDT,ISG,2024,4,mensal,10388314.03,3659893.43
2024,C:\OSS-Goias\documentos\ISG\HDT\2024\21_Relatorio_Comparativo_Recursos\05.2024-Relatorio-Excel-ass.pdf,05.2024-Relatorio-Excel-ass,2024-05,11088793.57,Repasse SES CUSTEIO + Rendimentos + Outras entradas,HDT,ISG,2024,5,mensal,9676040.61,5020935.57
2024,C:\OSS-Goias\documentos\ISG\HDT\2024\21_Relatorio_Comparativo_Recursos\06.2024-Relatorio-Excel.pdf,06.2024-Relatorio-Excel,2024-06,5950249.87,Repasse CUSTEIO SES + Rendimentos + Outras Entradas,HDT,ISG,2024,6,mensal,9340383.05,1754275.83
2024,C:\OSS-Goias\documentos\ISG\HDT\2024\21_Relatorio_Comparativo_Recursos\07.2024-Relatorio-Excel.pdf,07.2024-Relatorio-Excel,2024-07,10306034.38,Repasse SES CUSTEIO + Rendimentos + Outras entradas,HDT,ISG,2024,7,mensal,7137489.47,4911338.95
2024,C:\OSS-Goias\documentos\ISG\HDT\2024\21_Relatorio_Comparativo_Recursos\08.2024-Relatorio-Excel.pdf,08.2024-Relatorio-Excel,2024-08,8465926.88,Repasse SES Custeio + Investimento + Rendimentos + Outras entradas,HDT,ISG,2024,8,mensal,11203167.72,2174098.11
2024,C:\OSS-Goias\documentos\ISG\HDT\2024\21_Relatorio_Comparativo_Recursos\09.2024-Relatorio-pdf-assi.pdf,09.2024-Relatorio-pdf-assi,2024-09,7953451.03,Repasse SES CUSTEIO + Rendimentos + Outras Entradas,HDT,ISG,2024,9,mensal,6317930.79,3804413.4
2024,C:\OSS-Goias\documentos\ISG\HDT\2024\21_Relatorio_Comparativo_Recursos\10.2024-Relatorio-Excel.pdf,10.2024-Relatorio-Excel,2024-10,8269207.62,Repasse SES + Rendimentos + Outras entradas,HDT,ISG,2024,10,mensal,10450158.83,1623462.19
2024,C:\OSS-Goias\documentos\ISG\HDT\2024\21_Relatorio_Comparativo_Recursos\11.2024-Relatorio-Excel-ass.pdf,11.2024-Relatorio-Excel-ass,2024-11,8099548.55,Repasse SES CUSTEIO + Rendimentos + Outras Entradas,HDT,ISG,2024,11,mensal,6580826.02,3142184.72
2024,C:\OSS-Goias\documentos\FUNEV\HEANA\2024\21_Relatorio_Comparativo_Recursos\1704912940604-12. Relatorio financeiro mensal.pdf,1704912940604-12. Relatorio financeiro mensal,2023-12,13957685.98,Repasse SES (custeio + fundo rescisório) + rendimentos + outras entradas,HEANA,FUNEV,2023,12,mensal,11333100.52,8915589.71
2024,C:\OSS-Goias\documentos\FUNEV\HEANA\2024\21_Relatorio_Comparativo_Recursos\1704912940607-3.9.1 Fluxo de Caixa HEANA 12-2023.xlsx,1704912940607-3.9.1 Fluxo de Caixa HEANA 12-2023,2023-12,13957685.98,Repasse SES/Rendimentos/Resgates,HEANA,FUNEV,2023,12,mensal,11333100.52,8915589.71
2024,C:\OSS-Goias\documentos\FUNEV\HEANA\2024\21_Relatorio_Comparativo_Recursos\1708513389832-1. Relatório financeiro mensal HEANA.pdf,1708513389832-1. Relatório financeiro mensal HEANA,2024-01,9626920.99,Repasse SES + Rendimentos + Outras entradas,HEANA,FUNEV,2024,1,mensal,10387232.0,8155278.7
2024,C:\OSS-Goias\documentos\FUNEV\HEANA\2024\21_Relatorio_Comparativo_Recursos\1708513389834-3.9.1 Fluxo de Caixa HEANA 01-2024.xlsx,1708513389834-3.9.1 Fluxo de Caixa HEANA 01-2024,2024-01,9626920.99,Repasse SES/CEF + rendimentos + outras entradas,HEANA,FUNEV,2024,1,mensal,10387232.0,8155278.7
2024,C:\OSS-Goias\documentos\FUNEV\HEANA\2024\21_Relatorio_Comparativo_Recursos\1711106252965-2. Relatorio financeiro mensal Heana.pdf,1711106252965-2. Relatorio financeiro mensal Heana,2024-02,9718074.8,Repasse SES + Rendimentos + Outras entradas,HEANA,FUNEV,2024,2,mensal,9987631.4,7868675.45
2024,C:\OSS-Goias\documentos\FUNEV\HEANA\2024\21_Relatorio_Comparativo_Recursos\1711106252973-3.9.1 Fluxo de Caixa HEANA 02-2024.xlsx,1711106252973-3.9.1 Fluxo de Caixa HEANA 02-2024,2024-02,9718074.8,SES/Custeio + Fundo Rescisório + Rendimentos + Outras,HEANA,FUNEV,2024,2,mensal,9987631.4,7868675.45
2024,C:\OSS-Goias\documentos\FUNEV\HEANA\2024\21_Relatorio_Comparativo_Recursos\17137932074123. Relatório Financeiro Mensal Heana.pdf,17137932074123. Relatório Financeiro Mensal Heana,2024-03,10868659.59,Repasse SES + Rendimentos + Outras entradas,HEANA,FUNEV,2024,3,mensal,9810613.62,8926721.42
2024,C:\OSS-Goias\documentos\FUNEV\HEANA\2024\21_Relatorio_Comparativo_Recursos\17137932074153.9.1 Fluxo de Caixa HEANA 03-2024.xlsx,17137932074153.9.1 Fluxo de Caixa HEANA 03-2024,2024-03,10868659.59,SES/Repasse CEF C/C 6886-1 CUSTEIO + Fundo Rescisório + Rendimentos + Outras entradas,HEANA,FUNEV,2024,3,mensal,9810613.62,8926721.42
2024,C:\OSS-Goias\documentos\FUNEV\HEANA\2024\21_Relatorio_Comparativo_Recursos\1716254057909Fluxo de Caixa HEANA.pdf,1716254057909Fluxo de Caixa HEANA,2024-04,12256389.04,Repasse SES + Rendimentos sobre Aplicações Financeiras,HEANA,FUNEV,2024,4,mensal,9947561.64,11235548.82
2024,C:\OSS-Goias\documentos\FUNEV\HEANA\2024\21_Relatorio_Comparativo_Recursos\17162540579123.9.1 Fluxo de Caixa HEANA 04-2024.xlsx,17162540579123.9.1 Fluxo de Caixa HEANA 04-2024,2024-04,12256389.04,Repasse SES + Rendimentos Aplicação Financeira,HEANA,FUNEV,2024,4,mensal,9947561.64,11235548.82
2024,C:\OSS-Goias\documentos\FUNEV\HEANA\2024\21_Relatorio_Comparativo_Recursos\17187062760845. Relatorio financeiro mensal.pdf,17187062760845. Relatorio financeiro mensal,2024-05,8853954.95,Repasse SES (Custeio + Fundo Rescisório + Investimento) + Rendimentos + Outras entradas,HEANA,FUNEV,2024,5,mensal,10676075.99,9413427.78
2024,C:\OSS-Goias\documentos\FUNEV\HEANA\2024\21_Relatorio_Comparativo_Recursos\17187062760883.9.1 Fluxo de Caixa HEANA 05-2024.xlsx,17187062760883.9.1 Fluxo de Caixa HEANA 05-2024,2024-05,8853954.95,SES/Repasse CEF C/C 6886-1 CUSTEIO + Fundo Rescisório + Investimento + Rendimentos + Resgates,HEANA,FUNEV,2024,5,mensal,10676075.99,9413427.78
2024,C:\OSS-Goias\documentos\FUNEV\HEANA\2024\21_Relatorio_Comparativo_Recursos\1721573734825Fluxo de Caixa HEANA 06-2024.pdf,1721573734825Fluxo de Caixa HEANA 06-2024,2024-06,12148078.62,"Repasse SES (Custeio/Investimento), Fundo Rescisório, Rendimentos e Outras Entradas",HEANA,FUNEV,2024,6,mensal,9821662.74,11739843.66
2024,C:\OSS-Goias\documentos\FUNEV\HEANA\2024\21_Relatorio_Comparativo_Recursos\17215737348263.9.1 Fluxo de Caixa HEANA 06-2024.xlsx,17215737348263.9.1 Fluxo de Caixa HEANA 06-2024,2024-06,12148078.62,SES/Rendimentos/Outras,HEANA,FUNEV,2024,6,mensal,9821662.74,11739843.66
2024,C:\OSS-Goias\documentos\FUNEV\HEANA\2024\21_Relatorio_Comparativo_Recursos\1723552185345-7_Relatorio_financeiro_mensal_Heana.pdf,1723552185345-7_Relatorio_financeiro_mensal_Heana,2024-07,11740160.08,Repasse SES (Custeio + Fundo Rescisório + Investimento) e Rendimentos sobre Aplicações Financeiras,HEANA,FUNEV,2024,7,mensal,10590086.75,12889916.99
2024,C:\OSS-Goias\documentos\FUNEV\HEANA\2024\21_Relatorio_Comparativo_Recursos\1723552185346-391_Fluxo_de_Caixa_HEANA_072024.xlsx,1723552185346-391_Fluxo_de_Caixa_HEANA_072024,2024-07,11740160.08,Repasse SES + Rendimentos + Outras entradas,HEANA,FUNEV,2024,7,mensal,10590086.75,12889916.99
2024,C:\OSS-Goias\documentos\FUNEV\HEANA\2024\21_Relatorio_Comparativo_Recursos\1726016401105-Fluxo_de_Caixa_Heana.pdf,1726016401105-Fluxo_de_Caixa_Heana,2024-08,10702633.99,Repasse SES (Custeio/Investimento/Fundo Rescisório) + Rendimentos sobre Aplicação Financeira,HEANA,FUNEV,2024,8,mensal,10712083.05,12880467.93
2024,C:\OSS-Goias\documentos\FUNEV\HEANA\2024\21_Relatorio_Comparativo_Recursos\1726016401108-39.1_Fluxo_de_Caixa_HEANA_08-2024.xlsx,1726016401108-39.1_Fluxo_de_Caixa_HEANA_08-2024,2024-08,10702633.99,Repasse SES + Rendimentos Aplicação Financeira,HEANA,FUNEV,2024,8,mensal,10712083.051,12880467.929
2024,C:\OSS-Goias\documentos\FUNEV\HEANA\2024\21_Relatorio_Comparativo_Recursos\1728603326457-Fluxo_de_Caixa_HEANA_092024.pdf,1728603326457-Fluxo_de_Caixa_HEANA_092024,2024-09,10874165.74,SES/Rendimentos/Outras,HEANA,FUNEV,2024,9,mensal,12551042.95,11203590.72
2024,C:\OSS-Goias\documentos\FUNEV\HEANA\2024\21_Relatorio_Comparativo_Recursos\1728603326459-39.1_Fluxo_de_Caixa_HEANA_09-2024.xlsx,1728603326459-39.1_Fluxo_de_Caixa_HEANA_09-2024,2024-09,10874165.74,SES/Rendimentos/Outras,HEANA,FUNEV,2024,9,mensal,12551042.95,11203590.72
2024,C:\OSS-Goias\documentos\FUNEV\HEANA\2024\21_Relatorio_Comparativo_Recursos\1731607238264-Fluxo_de_Caixa_HEANA.pdf,1731607238264-Fluxo_de_Caixa_HEANA,2024-10,10250561.17,Repasse SES + Rendimentos + Outras entradas,HEANA,FUNEV,2024,10,mensal,12700913.37,8753238.52
2024,C:\OSS-Goias\documentos\FUNEV\HEANA\2024\21_Relatorio_Comparativo_Recursos\1731607238266-39.1_Fluxo_de_Caixa_HEANA_10-2024.xlsx,1731607238266-39.1_Fluxo_de_Caixa_HEANA_10-2024,2024-10,10250561.17,Repasse SES + Rendimentos + Outras entradas,HEANA,FUNEV,2024,10,mensal,12700913.37,8753238.52
2024,C:\OSS-Goias\documentos\FUNEV\HEANA\2024\21_Relatorio_Comparativo_Recursos\1733918588516-11_Relatorio_financeiro_mensal_Heana.pdf,1733918588516-11_Relatorio_financeiro_mensal_Heana,2024-11,11532676.83,Repasse SES (Custeio + Fundo Rescisório + Investimento) + Rendimentos sobre Aplicações Financeiras,HEANA,FUNEV,2024,11,mensal,12705266.87,7580648.48
2024,C:\OSS-Goias\documentos\FUNEV\HEANA\2024\21_Relatorio_Comparativo_Recursos\1733918588518-11_Relatorio_financeiro_mensal_Heana.xlsx,1733918588518-11_Relatorio_financeiro_mensal_Heana,2024-11,11532676.83,Repasse SES + Rendimentos + Resgates,HEANA,FUNEV,2024,11,mensal,12705266.87,7580648.48
2024,"C:\OSS-Goias\documentos\IGH\HEAPA\2024\21_Relatorio_Comparativo_Recursos\2024.01 - HEAPA - Relatório mensal comparativo dos recursos recebidos, gastos e devolvidos ao Público-Assinado.pdf","2024.01 - HEAPA - Relatório mensal comparativo dos recursos recebidos, gastos e devolvidos ao Público-Assinado",2024-01,7258332.2,Repasse SES/GO + Rendimentos + Outras entradas,HEAPA,IGH,2024,1,mensal,8481695.65,1590380.31
2024,"C:\OSS-Goias\documentos\IGH\HEAPA\2024\21_Relatorio_Comparativo_Recursos\2024.01 - HEAPA - Relatório mensal comparativo dos recursos recebidos, gastos e devolvidos ao Público.xlsx","2024.01 - HEAPA - Relatório mensal comparativo dos recursos recebidos, gastos e devolvidos ao Público",2024-01,7258332.2,"Repasse SES (Custeio), Rendimentos de Aplicações, Recuperação de despesas, Desbloqueio judicial, Regularização de recursos entre unidades",HEAPA,IGH,2024,1,mensal,8481695.65,1590380.31
2024,"C:\OSS-Goias\documentos\IGH\HEAPA\2024\21_Relatorio_Comparativo_Recursos\2024.02 - HEAPA - Relatório mensal comparativo dos recursos recebidos, gastos e devolvidos ao Público-Assinado.pdf","2024.02 - HEAPA - Relatório mensal comparativo dos recursos recebidos, gastos e devolvidos ao Público-Assinado",2024-02,6516713.53,Repasse SES custeio + rendimentos + outras entradas,HEAPA,IGH,2024,2,mensal,6011777.18,2095316.66
2024,"C:\OSS-Goias\documentos\IGH\HEAPA\2024\21_Relatorio_Comparativo_Recursos\2024.02 - HEAPA - Relatório mensal comparativo dos recursos recebidos, gastos e devolvidos ao Público.xlsx","2024.02 - HEAPA - Relatório mensal comparativo dos recursos recebidos, gastos e devolvidos ao Público",2024-02,6516713.53,Repasse SES Custeio + Rendimentos + Outras entradas,HEAPA,IGH,2024,2,mensal,6011777.18,2095316.66
2024,"C:\OSS-Goias\documentos\IGH\HEAPA\2024\21_Relatorio_Comparativo_Recursos\2024.03 - HEAPA - Relatório mensal comparativo dos recursos recebidos, gastos e devolvidos ao Público.xlsx","2024.03 - HEAPA - Relatório mensal comparativo dos recursos recebidos, gastos e devolvidos ao Público",2024-03,7051310.71,Repasse SES-GO (Custeio) + Rendimentos + Outras entradas,HEAPA,IGH,2024,3,mensal,6993495.24,2153132.13
2024,"C:\OSS-Goias\documentos\IGH\HEAPA\2024\21_Relatorio_Comparativo_Recursos\2024.04 - HEAPA - Relatório mensal comparativo dos recursos recebidos, gastos e devolvidos ao Público-Assinado.pdf","2024.04 - HEAPA - Relatório mensal comparativo dos recursos recebidos, gastos e devolvidos ao Público-Assinado",2024-04,6822687.45,Repasse SES custeio + rendimentos + outras entradas,HEAPA,IGH,2024,4,mensal,7441143.26,1534676.32
2024,"C:\OSS-Goias\documentos\IGH\HEAPA\2024\21_Relatorio_Comparativo_Recursos\2024.04 - HEAPA - Relatório mensal comparativo dos recursos recebidos, gastos e devolvidos ao Público.xlsx","2024.04 - HEAPA - Relatório mensal comparativo dos recursos recebidos, gastos e devolvidos ao Público",2024-04,6822687.45,"Repasse SES (Custeio/Investimento), Rendimentos de Aplicações Financeiras, Recuperação de despesas, Desbloqueio judicial",HEAPA,IGH,2024,4,mensal,7441143.26,1534676.32
2024,"C:\OSS-Goias\documentos\IGH\HEAPA\2024\21_Relatorio_Comparativo_Recursos\2024.05 - HEAPA - Relatório mensal comparativo dos recursos recebidos, gastos e devolvidos ao Público-Assinado.pdf","2024.05 - HEAPA - Relatório mensal comparativo dos recursos recebidos, gastos e devolvidos ao Público-Assinado",2024-05,12658420.63,Repasse SES custeio + rendimentos + outras entradas,HEAPA,IGH,2024,5,mensal,7887708.46,6305388.49
2024,"C:\OSS-Goias\documentos\IGH\HEAPA\2024\21_Relatorio_Comparativo_Recursos\2024.05 - HEAPA - Relatório mensal comparativo dos recursos recebidos, gastos e devolvidos ao Público.xlsx","2024.05 - HEAPA - Relatório mensal comparativo dos recursos recebidos, gastos e devolvidos ao Público",2024-05,12658420.63,"Repasse SES custeio, investimento, rendimentos aplicações, recuperação de despesas, desbloqueio judicial, regularização de recursos entre unidades",HEAPA,IGH,2024,5,mensal,7887708.46,6305388.49
2024,"C:\OSS-Goias\documentos\IGH\HEAPA\2024\21_Relatorio_Comparativo_Recursos\2024.06 - HEAPA - Relatório mensal comparativo dos recursos recebidos, gastos e devolvidos ao Público-Assinado.pdf","2024.06 - HEAPA - Relatório mensal comparativo dos recursos recebidos, gastos e devolvidos ao Público-Assinado",2024-06,405966.87,Repasse SES custeio + rendimentos + outras entradas,HEAPA,IGH,2024,6,mensal,6150516.16,560839.2
2024,"C:\OSS-Goias\documentos\IGH\HEAPA\2024\21_Relatorio_Comparativo_Recursos\2024.06 - HEAPA - Relatório mensal comparativo dos recursos recebidos, gastos e devolvidos ao Público.xlsx","2024.06 - HEAPA - Relatório mensal comparativo dos recursos recebidos, gastos e devolvidos ao Público",2024-06,405966.87,"Repasse SES-GO (Custeio), Rendimentos de Aplicações Financeiras, Recuperação de despesas, Desbloqueio judicial",HEAPA,IGH,2024,6,mensal,6150516.16,560839.2
2024,"C:\OSS-Goias\documentos\IGH\HEAPA\2024\21_Relatorio_Comparativo_Recursos\2024.07- HEAPA - Relatório mensal comparativo dos recursos recebidos, gastos e devolvidos ao Público.pdf","2024.07- HEAPA - Relatório mensal comparativo dos recursos recebidos, gastos e devolvidos ao Público",2024-07,103381.31,"Rendimentos sobre aplicações financeiras e outras entradas (recuperação de despesas, desbloqueio judicial)",HEAPA,IGH,2024,7,mensal,502077.93,161195.49
2024,"C:\OSS-Goias\documentos\IGH\HEAPA\2024\21_Relatorio_Comparativo_Recursos\2024.08 - HEAPA - Relatório mensal comparativo dos recursos recebidos, gastos e devolvidos ao Público.xlsx","2024.08 - HEAPA - Relatório mensal comparativo dos recursos recebidos, gastos e devolvidos ao Público",2024-08,465085.65,"Repasse SES (custeio), rendimentos, outras entradas",HEAPA,IGH,2024,8,mensal,435150.0,191131.14
2024,"C:\OSS-Goias\documentos\IGH\HEAPA\2024\21_Relatorio_Comparativo_Recursos\2024.09 - HEAPA - Relatório mensal comparativo dos recursos recebidos, gastos e devolvidos ao Público.pdf","2024.09 - HEAPA - Relatório mensal comparativo dos recursos recebidos, gastos e devolvidos ao Público",2024-09,65363.55,"Rendimentos financeiros e outras entradas (recuperação de despesas, desbloqueio judicial)",HEAPA,IGH,2024,9,mensal,50053.09,206441.6
2024,"C:\OSS-Goias\documentos\IGH\HEAPA\2024\21_Relatorio_Comparativo_Recursos\2024.10 - HEAPA - Relatório mensal comparativo dos recursos recebidos, gastos e devolvidos ao Público-Assinado.pdf","2024.10 - HEAPA - Relatório mensal comparativo dos recursos recebidos, gastos e devolvidos ao Público-Assinado",2024-10,104425.23,"Rendimentos sobre aplicações financeiras e outras entradas (recuperação de despesas, desbloqueio judicial)",HEAPA,IGH,2024,10,mensal,264734.0,46132.83
2024,"C:\OSS-Goias\documentos\IGH\HEAPA\2024\21_Relatorio_Comparativo_Recursos\2024.10 - HEAPA - Relatório mensal comparativo dos recursos recebidos, gastos e devolvidos ao Público.xlsx","2024.10 - HEAPA - Relatório mensal comparativo dos recursos recebidos, gastos e devolvidos ao Público",2024-10,104425.23,Repasse SES (custeio/investimento): 0; Rendimento aplicações: 1004.25; Outras entradas: 103419.98,HEAPA,IGH,2024,10,mensal,264734.0,46132.83
2024,"C:\OSS-Goias\documentos\IGH\HEAPA\2024\21_Relatorio_Comparativo_Recursos\2024.11 - HEAPA - Relatório mensal comparativo dos recursos recebidos, gastos e devolvidos ao Público (1).xlsx","2024.11 - HEAPA - Relatório mensal comparativo dos recursos recebidos, gastos e devolvidos ao Público (1)",2024-11,129261.72,Rendimentos sobre aplicações financeiras e outras entradas (128943.98),HEAPA,IGH,2024,11,mensal,129191.23,46203.32
2024,"C:\OSS-Goias\documentos\IGH\HEAPA\2024\21_Relatorio_Comparativo_Recursos\2024.11 - HEAPA - Relatório mensal comparativo dos recursos recebidos, gastos e devolvidos ao Público.pdf","2024.11 - HEAPA - Relatório mensal comparativo dos recursos recebidos, gastos e devolvidos ao Público",2024-11,129261.72,Rendimentos sobre aplicações financeiras e outras entradas (recuperação de despesas),HEAPA,IGH,2024,11,mensal,129191.23,46203.32
2024,"C:\OSS-Goias\documentos\IGH\HEAPA\2024\21_Relatorio_Comparativo_Recursos\2024.12 - HEAPA - Relatório mensal comparativo dos recursos recebidos, gastos e devolvidos ao Público-Assinado.pdf","2024.12 - HEAPA - Relatório mensal comparativo dos recursos recebidos, gastos e devolvidos ao Público-Assinado",2024-12,133933.84,"Rendimentos sobre aplicações financeiras e outras entradas (recuperação de despesas, desbloqueio judicial)",HEAPA,IGH,2024,12,mensal,127816.11,52321.05
2024,"C:\OSS-Goias\documentos\IGH\HEAPA\2024\21_Relatorio_Comparativo_Recursos\2024.12 - HEAPA - Relatório mensal comparativo dos recursos recebidos, gastos e devolvidos ao Público.xlsx","2024.12 - HEAPA - Relatório mensal comparativo dos recursos recebidos, gastos e devolvidos ao Público",2024-12,133933.84,Repasse SES: 0; Rendimentos: 362.14; Outras entradas: 133569.7,HEAPA,IGH,2024,12,mensal,127816.11,52321.05
2024,C:\OSS-Goias\documentos\ABEVIDA\CRESM\2024\21_Relatorio_Comparativo_Recursos\FLUXO-DE-CAIXA-01.2018-1.xlsx,FLUXO-DE-CAIXA-01.2018-1,2018-01,1897213.89,"Repasse SES, Rendimento sobre Aplicações Financeiras, Recuperação de Despesas, Aporte de Caixa",CREDEQ,ABEVIDA,2018,1,mensal,3196195.52,5350295.55
2024,C:\OSS-Goias\documentos\ABEVIDA\CRESM\2024\21_Relatorio_Comparativo_Recursos\FLUXO-DE-CAIXA-01.2018.pdf,FLUXO-DE-CAIXA-01.2018,2018-01,1897213.89,"Repasse SES, Rendimento sobre Aplicação Financeiras, Recuperação de Despesas, Aporte de Caixa",CREDEQ,ABEVIDA,2018,1,mensal,3196195.52,5350295.55
2024,C:\OSS-Goias\documentos\ABEVIDA\CRESM\2024\21_Relatorio_Comparativo_Recursos\FLUXO-DE-CAIXA-01.2019.xlsx,FLUXO-DE-CAIXA-01.2019,2019-01,1264451.64,"Repasse SES, Rendimento sobre Aplicações Financeiras, Aporte de Caixa",CREDEQ,ABEVIDA,2019,1,mensal,1288409.32,70838.64
2024,C:\OSS-Goias\documentos\ABEVIDA\CRESM\2024\21_Relatorio_Comparativo_Recursos\FLUXO-DE-CAIXA-01.2020-1.pdf,FLUXO-DE-CAIXA-01.2020-1,2020-01,1870627.87,"Repasse SES, Rendimento sobre Aplicação Financeiras, Recuperação de Despesas, Aporte de Caixa",CREDEQ,ABEVIDA,2020,1,mensal,1864651.61,10049.64
2024,C:\OSS-Goias\documentos\ABEVIDA\CRESM\2024\21_Relatorio_Comparativo_Recursos\FLUXO-DE-CAIXA-01.2020.xlsx,FLUXO-DE-CAIXA-01.2020,2020-01,1870627.87,"Repasse SES, Rendimento sobre Aplicações Financeiras, Recuperação de Despesas, Aporte de Caixa",CREDEQ,ABEVIDA,2020,1,mensal,1864651.61,10049.64
2024,C:\OSS-Goias\documentos\ABEVIDA\CRESM\2024\21_Relatorio_Comparativo_Recursos\FLUXO-DE-CAIXA-02.2018-1.xlsx,FLUXO-DE-CAIXA-02.2018-1,2018-02,724049.29,"Repasse SES, Rendimento sobre Aplicações Financeiras, Recuperação de Despesas, Aporte de Caixa",CREDEQ,ABEVIDA,2018,2,mensal,2401388.93,3672955.91
2024,C:\OSS-Goias\documentos\ABEVIDA\CRESM\2024\21_Relatorio_Comparativo_Recursos\FLUXO-DE-CAIXA-02.2018.pdf,FLUXO-DE-CAIXA-02.2018,2018-02,724049.29,Repasse SES + Rendimentos + Recuperação de Despesas + Aporte de Caixa,CREDEQ,ABEVIDA,2018,2,mensal,2401388.93,3672955.91
2024,C:\OSS-Goias\documentos\ABEVIDA\CRESM\2024\21_Relatorio_Comparativo_Recursos\FLUXO-DE-CAIXA-02.2019.pdf,FLUXO-DE-CAIXA-02.2019,2019-02,2490108.5,"Repasse SES, Rendimento sobre Aplicação Financeiras, Recuperação de Despesas, Aporte de Caixa",CREDEQ,ABEVIDA,2019,2,mensal,1556370.1,1004577.04
2024,C:\OSS-Goias\documentos\ABEVIDA\CRESM\2024\21_Relatorio_Comparativo_Recursos\FLUXO-DE-CAIXA-02.2020-1.xlsx,FLUXO-DE-CAIXA-02.2020-1,2020-02,4474371.81,"Repasse SES, Rendimento sobre Aplicações Financeiras, Recuperação de Despesas, Aporte de Caixa",CREDEQ,ABEVIDA,2020,2,mensal,3509991.55,974429.9
2024,C:\OSS-Goias\documentos\ABEVIDA\CRESM\2024\21_Relatorio_Comparativo_Recursos\FLUXO-DE-CAIXA-02.2020.xlsx,FLUXO-DE-CAIXA-02.2020,2020-02,4474371.81,"Repasse SES, Rendimento sobre Aplicações Financeiras, Recuperação de Despesas, Aporte de Caixa",CREDEQ,ABEVIDA,2020,2,mensal,3509991.55,974429.9
2024,C:\OSS-Goias\documentos\ABEVIDA\CRESM\2024\21_Relatorio_Comparativo_Recursos\FLUXO-DE-CAIXA-03.2018-1.xlsx,FLUXO-DE-CAIXA-03.2018-1,2018-03,1896546.89,"Repasse SES, Rendimento sobre Aplicações Financeiras, Recuperação de Despesas, Aporte de Caixa",CREDEQ,ABEVIDA,2018,3,mensal,2375455.39,3194047.41
2024,C:\OSS-Goias\documentos\ABEVIDA\CRESM\2024\21_Relatorio_Comparativo_Recursos\FLUXO-DE-CAIXA-03.2018.pdf,FLUXO-DE-CAIXA-03.2018,2018-03,1896546.89,"Repasse SES, Rendimento sobre Aplicação Financeiras, Recuperação de Despesas, Aporte de Caixa",CREDEQ,ABEVIDA,2018,3,mensal,2375455.39,3194047.41
2024,C:\OSS-Goias\documentos\ABEVIDA\CRESM\2024\21_Relatorio_Comparativo_Recursos\FLUXO-DE-CAIXA-03.2019.pdf,FLUXO-DE-CAIXA-03.2019,2019-03,2361864.7,"Repasse SES, Rendimento sobre Aplicação Financeiras, Recuperação de Despesas, Aporte de Caixa",CREDEQ,ABEVIDA,2019,3,mensal,2204942.74,1161499.0
2024,C:\OSS-Goias\documentos\ABEVIDA\CRESM\2024\21_Relatorio_Comparativo_Recursos\FLUXO-DE-CAIXA-03.2020.xlsx,FLUXO-DE-CAIXA-03.2020,2020-03,4016155.56,"Repasse SES, Rendimento sobre Aplicações Financeiras, Recuperação de Despesas, Aporte de Caixa",CREDEQ,ABEVIDA,2020,3,mensal,3395787.25,1594798.21
2024,C:\OSS-Goias\documentos\ABEVIDA\CRESM\2024\21_Relatorio_Comparativo_Recursos\FLUXO-DE-CAIXA-04.2018-1.xlsx,FLUXO-DE-CAIXA-04.2018-1,2018-04,1843754.45,"Repasse SES, Rendimento sobre Aplicações Financeiras, Recuperação de Despesas, Aporte de Caixa",CREDEQ,ABEVIDA,2018,4,mensal,2602206.73,2015653.67
2024,C:\OSS-Goias\documentos\ABEVIDA\CRESM\2024\21_Relatorio_Comparativo_Recursos\FLUXO-DE-CAIXA-04.2018.pdf,FLUXO-DE-CAIXA-04.2018,2018-04,1843754.45,"Repasse SES, Rendimento sobre Aplicação Financeiras, Recuperação de Despesas, Aporte de Caixa",CREDEQ,ABEVIDA,2018,4,mensal,2602206.73,2015653.67
2024,C:\OSS-Goias\documentos\ABEVIDA\CRESM\2024\21_Relatorio_Comparativo_Recursos\FLUXO-DE-CAIXA-04.2019.xlsx,FLUXO-DE-CAIXA-04.2019,2019-04,2229385.97,"Repasse SES, Rendimento sobre Aplicações Financeiras, Recuperação de Despesas, Aporte de Caixa",CREDEQ,ABEVIDA,2019,4,mensal,1864963.55,1462921.42
2024,C:\OSS-Goias\documentos\ABEVIDA\CRESM\2024\21_Relatorio_Comparativo_Recursos\FLUXO-DE-CAIXA-04.2020.pdf,FLUXO-DE-CAIXA-04.2020,2020-04,616522.14,"Repasse SES, Rendimento sobre Aplicação Financeiras, Recuperação de Despesas, Aporte de Caixa, Receitas não governamentais (Doações)",CREDEQ,ABEVIDA,2020,4,mensal,1591989.85,619330.5
2024,C:\OSS-Goias\documentos\ABEVIDA\CRESM\2024\21_Relatorio_Comparativo_Recursos\FLUXO-DE-CAIXA-05.2018-1.xlsx,FLUXO-DE-CAIXA-05.2018-1,2018-05,2577883.92,"Repasse SES, Rendimento sobre Aplicações Financeiras, Recuperação de Despesas, Aporte de Caixa, Bloqueio Judicial",CREDEQ,ABEVIDA,2018,5,mensal,3275987.16,1737492.01
2024,C:\OSS-Goias\documentos\ABEVIDA\CRESM\2024\21_Relatorio_Comparativo_Recursos\FLUXO-DE-CAIXA-05.2018.pdf,FLUXO-DE-CAIXA-05.2018,2018-05,2577883.92,"Repasse SES, Rendimento sobre Aplicação Financeiras, Recuperação de Despesas, Aporte de Caixa, Bloqueio Judicial",CREDEQ,ABEVIDA,2018,5,mensal,3275987.16,1737492.01
2024,C:\OSS-Goias\documentos\ABEVIDA\CRESM\2024\21_Relatorio_Comparativo_Recursos\FLUXO-DE-CAIXA-05.2019.xlsx,FLUXO-DE-CAIXA-05.2019,2019-05,2455695.6,"Repasse SES, Rendimento sobre Aplicação Financeiras, Recuperação de Despesas, Aporte de Caixa",CREDEQ,ABEVIDA,2019,5,mensal,2348515.62,1632570.03
2024,C:\OSS-Goias\documentos\ABEVIDA\CRESM\2024\21_Relatorio_Comparativo_Recursos\FLUXO-DE-CAIXA-05.2020.xlsx,FLUXO-DE-CAIXA-05.2020,2020-05,2808434.36,"Repasse SES, Rendimento sobre Aplicações Financeiras, Recuperação de Despesas, Aporte de Caixa, Receitas não governamentais (Doações)",CREDEQ,ABEVIDA,2020,5,mensal,2004725.24,1423039.62
2024,C:\OSS-Goias\documentos\ABEVIDA\CRESM\2024\21_Relatorio_Comparativo_Recursos\FLUXO-DE-CAIXA-06.2018-1.xlsx,FLUXO-DE-CAIXA-06.2018-1,2018-06,1488356.67,"Repasse SES, Rendimento sobre Aplicações Financeiras, Recuperação de Despesas, Aporte de Caixa",CREDEQ,ABEVIDA,2018,6,mensal,2360396.63,865452.05
2024,C:\OSS-Goias\documentos\ABEVIDA\CRESM\2024\21_Relatorio_Comparativo_Recursos\FLUXO-DE-CAIXA-06.2018.pdf,FLUXO-DE-CAIXA-06.2018,2018-06,1488356.67,"Repasse SES, Rendimento sobre Aplicação Financeiras, Recuperação de Despesas, Aporte de Caixa",CREDEQ,ABEVIDA,2018,6,mensal,2360396.63,865452.05
2024,C:\OSS-Goias\documentos\ABEVIDA\CRESM\2024\21_Relatorio_Comparativo_Recursos\FLUXO-DE-CAIXA-06.2019.xlsx,FLUXO-DE-CAIXA-06.2019,2019-06,4484567.97,"Repasse SES, Rendimento sobre Aplicações Financeiras, Recuperação de Despesas, Aporte de Caixa",CREDEQ,ABEVIDA,2019,6,mensal,2827307.73,3289271.3
2024,C:\OSS-Goias\documentos\ABEVIDA\CRESM\2024\21_Relatorio_Comparativo_Recursos\FLUXO-DE-CAIXA-06.2020.pdf,FLUXO-DE-CAIXA-06.2020,2020-06,2294465.17,"Repasse SES, Rendimento sobre Aplicação Financeiras, Recuperação de Despesas, Aporte de Caixa",CREDEQ,ABEVIDA,2020,6,mensal,2354112.63,1363392.16
2024,C:\OSS-Goias\documentos\ABEVIDA\CRESM\2024\21_Relatorio_Comparativo_Recursos\FLUXO-DE-CAIXA-07.2018-1.xlsx,FLUXO-DE-CAIXA-07.2018-1,2018-07,2026992.08,"Repasse SES, Rendimento sobre Aplicações Financeiras, Recuperação de Despesas, Aporte de Caixa",CREDEQ,ABEVIDA,2018,7,mensal,2171942.19,720501.94
2024,C:\OSS-Goias\documentos\ABEVIDA\CRESM\2024\21_Relatorio_Comparativo_Recursos\FLUXO-DE-CAIXA-07.2018.pdf,FLUXO-DE-CAIXA-07.2018,2018-07,2026992.08,"Repasse SES, Rendimento sobre Aplicação Financeiras, Recuperação de Despesas, Aporte de Caixa",CREDEQ,ABEVIDA,2018,7,mensal,2171942.19,720501.94
2024,C:\OSS-Goias\documentos\ABEVIDA\CRESM\2024\21_Relatorio_Comparativo_Recursos\FLUXO-DE-CAIXA-07.2019.pdf,FLUXO-DE-CAIXA-07.2019,2019-07,2414074.79,"Repasse SES, Rendimento sobre Aplicação Financeiras, Recuperação de Despesas, Aporte de Caixa",CREDEQ,ABEVIDA,2019,7,mensal,3363954.91,2331391.18
2024,C:\OSS-Goias\documentos\ABEVIDA\CRESM\2024\21_Relatorio_Comparativo_Recursos\FLUXO-DE-CAIXA-07.2020.xlsx,FLUXO-DE-CAIXA-07.2020,2020-07,2305695.55,"Repasse SES, Rendimento sobre Aplicações Financeiras, Recuperação de Despesas, Aporte de Caixa",CREDEQ,ABEVIDA,2020,7,mensal,2378799.17,1490288.54
2024,C:\OSS-Goias\documentos\ABEVIDA\CRESM\2024\21_Relatorio_Comparativo_Recursos\FLUXO-DE-CAIXA-08.2018-1.xlsx,FLUXO-DE-CAIXA-08.2018-1,2018-08,1515174.96,Repasse SES + Rendimento sobre Aplicações Financeiras + Aporte de Caixa,CREDEQ,ABEVIDA,2018,8,mensal,1663952.426,571724.48
2024,C:\OSS-Goias\documentos\ABEVIDA\CRESM\2024\21_Relatorio_Comparativo_Recursos\FLUXO-DE-CAIXA-08.2018.pdf,FLUXO-DE-CAIXA-08.2018,2018-08,1515174.96,"Repasse SES, Rendimento sobre Aplicação Financeiras, Aporte de Caixa",CREDEQ,ABEVIDA,2018,8,mensal,1663952.43,571724.48
2024,C:\OSS-Goias\documentos\ABEVIDA\CRESM\2024\21_Relatorio_Comparativo_Recursos\FLUXO-DE-CAIXA-08.2019.pdf,FLUXO-DE-CAIXA-08.2019,2019-08,20001.58,"Rendimento sobre Aplicação Financeiras, Recuperação de Despesas, Aporte de Caixa",CREDEQ,ABEVIDA,2019,8,mensal,2259397.79,91995.0
2024,C:\OSS-Goias\documentos\ABEVIDA\CRESM\2024\21_Relatorio_Comparativo_Recursos\FLUXO-DE-CAIXA-08.2020.pdf,FLUXO-DE-CAIXA-08.2020,2020-08,1666410.3,"Repasse SES, Rendimento sobre Aplicação Financeiras, Recuperação de Despesas, Aporte de Caixa",CREDEQ,ABEVIDA,2020,8,mensal,2181608.83,974290.01
2024,C:\OSS-Goias\documentos\ABEVIDA\CRESM\2024\21_Relatorio_Comparativo_Recursos\FLUXO-DE-CAIXA-09.2018-1.xlsx,FLUXO-DE-CAIXA-09.2018-1,2018-09,957994.38,"Repasse SES, Rendimento sobre Aplicações Financeiras, Recuperação de Despesas, Aporte de Caixa",CREDEQ,ABEVIDA,2018,9,mensal,1462449.73,67269.13
2024,C:\OSS-Goias\documentos\ABEVIDA\CRESM\2024\21_Relatorio_Comparativo_Recursos\FLUXO-DE-CAIXA-09.2018.pdf,FLUXO-DE-CAIXA-09.2018,2018-09,957994.38,"Repasse SES, Rendimento sobre Aplicação Financeiras, Recuperação de Despesas, Aporte de Caixa",CREDEQ,ABEVIDA,2018,9,mensal,1462449.73,67269.13
2024,C:\OSS-Goias\documentos\ABEVIDA\CRESM\2024\21_Relatorio_Comparativo_Recursos\FLUXO-DE-CAIXA-09.2019.xlsx,FLUXO-DE-CAIXA-09.2019,2019-09,2152.14,"Rendimento sobre Aplicação Financeiras, Recuperação de Despesas",CREDEQ,ABEVIDA,2019,9,mensal,93116.98,1030.16
2024,C:\OSS-Goias\documentos\ABEVIDA\CRESM\2024\21_Relatorio_Comparativo_Recursos\FLUXO-DE-CAIXA-09.2020.pdf,FLUXO-DE-CAIXA-09.2020,2020-09,2216098.42,"Repasse SES, Rendimento sobre Aplicação Financeiras, Recuperação de Despesas, Aporte de Caixa",CREDEQ,ABEVIDA,2020,9,mensal,2082816.83,1108371.6
2024,C:\OSS-Goias\documentos\ABEVIDA\CRESM\2024\21_Relatorio_Comparativo_Recursos\FLUXO-DE-CAIXA-10.2018-1.xlsx,FLUXO-DE-CAIXA-10.2018-1,2018-10,2727243.74,"Repasse SES, Rendimento sobre Aplicações Financeiras, Recuperação de Despesas, Aporte de Caixa",CREDEQ,ABEVIDA,2018,10,mensal,1664423.96,1130089.28
2024,C:\OSS-Goias\documentos\ABEVIDA\CRESM\2024\21_Relatorio_Comparativo_Recursos\FLUXO-DE-CAIXA-10.2018.pdf,FLUXO-DE-CAIXA-10.2018,2018-10,2727243.74,"Repasse SES, Rendimento sobre Aplicação Financeiras, Recuperação de Despesas, Aporte de Caixa",CREDEQ,ABEVIDA,2018,10,mensal,1664423.96,1130089.28
2024,C:\OSS-Goias\documentos\ABEVIDA\CRESM\2024\21_Relatorio_Comparativo_Recursos\FLUXO-DE-CAIXA-10.2019.xlsx,FLUXO-DE-CAIXA-10.2019,2019-10,8467731.94,"Repasse SES, Rendimento sobre Aplicações Financeiras, Recuperação de Despesas, Aporte de Caixa",CREDEQ,ABEVIDA,2019,10,mensal,5765637.47,2703124.63
2024,C:\OSS-Goias\documentos\ABEVIDA\CRESM\2024\21_Relatorio_Comparativo_Recursos\FLUXO-DE-CAIXA-10.2020.pdf,FLUXO-DE-CAIXA-10.2020,2020-10,2022313.27,"Repasse SES, Rendimento sobre Aplicação Financeiras, Recuperação de Despesas, Aporte de Caixa",CREDEQ,ABEVIDA,2020,10,mensal,2107473.3,1023211.57
2024,C:\OSS-Goias\documentos\ABEVIDA\CRESM\2024\21_Relatorio_Comparativo_Recursos\FLUXO-DE-CAIXA-11.2018-1.xlsx,FLUXO-DE-CAIXA-11.2018-1,2018-11,2077907.79,"Repasse SES, Rendimento sobre Aplicações Financeiras, Recuperação de Despesas, Aporte de Caixa",CREDEQ,ABEVIDA,2018,11,mensal,2034491.11,1173505.59
2024,C:\OSS-Goias\documentos\ABEVIDA\CRESM\2024\21_Relatorio_Comparativo_Recursos\FLUXO-DE-CAIXA-11.2018.pdf,FLUXO-DE-CAIXA-11.2018,2018-11,2077907.79,"Repasse SES, Rendimento sobre Aplicação Financeiras, Recuperação de Despesas, Aporte de Caixa",CREDEQ,ABEVIDA,2018,11,mensal,2034491.11,1173505.59
2024,C:\OSS-Goias\documentos\ABEVIDA\CRESM\2024\21_Relatorio_Comparativo_Recursos\FLUXO-DE-CAIXA-11.2019.xlsx,FLUXO-DE-CAIXA-11.2019,2019-11,1987787.4,"Repasse SES, Rendimento sobre Aplicações Financeiras, Recuperação de Despesas, Aporte de Caixa",CREDEQ,ABEVIDA,2019,11,mensal,2461692.48,2229219.55
2024,C:\OSS-Goias\documentos\ABEVIDA\CRESM\2024\21_Relatorio_Comparativo_Recursos\FLUXO-DE-CAIXA-11.2020.xlsx,FLUXO-DE-CAIXA-11.2020,2020-11,3152584.35,"Repasse SES, Rendimento sobre Aplicações Financeiras, Recuperação de Despesas, Aporte de Caixa",CREDEQ,ABEVIDA,2020,11,mensal,2793282.02,1382513.9
2024,C:\OSS-Goias\documentos\ABEVIDA\CRESM\2024\21_Relatorio_Comparativo_Recursos\FLUXO-DE-CAIXA-12.2018-1.xlsx,FLUXO-DE-CAIXA-12.2018-1,2018-12,739910.31,"Repasse SES, Rendimento sobre Aplicações Financeiras, Recuperação de Despesas, Aporte de Caixa",CREDEQ,ABEVIDA,2018,12,mensal,1818698.07,94717.83
2024,C:\OSS-Goias\documentos\ABEVIDA\CRESM\2024\21_Relatorio_Comparativo_Recursos\FLUXO-DE-CAIXA-12.2019.xlsx,FLUXO-DE-CAIXA-12.2019,2019-12,38181.75,"Repasse SES, Rendimento sobre Aplicações Financeiras, Recuperação de Despesas, Aporte de Caixa",CREDEQ,ABEVIDA,2019,12,mensal,2263327.92,4073.38
2024,C:\OSS-Goias\documentos\ABEVIDA\CRESM\2024\21_Relatorio_Comparativo_Recursos\FLUXO-DE-CAIXA-12.2020.pdf,FLUXO-DE-CAIXA-12.2020,2020-12,1893965.43,"Repasse SES, Rendimento sobre Aplicação Financeiras, Recuperação de Despesas, Aporte de Caixa",CREDEQ,ABEVIDA,2020,12,mensal,2422427.97,854051.36
2024,C:\OSS-Goias\documentos\Albert Einstein\HUGO\2024\21_Relatorio_Comparativo_Recursos\Fluxo-de-Caixa-Novembro-2024.xlsx,Fluxo-de-Caixa-Novembro-2024,2024-11,41651853.43,"SES-GO (Custeio, Investimento, Rescisório) + Rendimentos + Recuperação de Despesas + Reembolso",HUGO,Albert Einstein,2024,11,mensal,25963461.91,49254775.72
2024,documentos\IMED\HETRIN\2024\99_NaoClassificado\G.9-RELACAO-MENSAL-DOS-RECURSOS-RECEBIDOS-E-GASTOS-JUL24-H.xlsx,G.9-RELACAO-MENSAL-DOS-RECURSOS-RECEBIDOS-E-GASTOS-JUL24-H,2024-07,6635993.2,"Repasse SES Custeio, Repasse Investimento, Rendimentos, Outras Entradas",HUTRIN,IMED,2024,7,mensal,6351828.08,39477490.01
2024,documentos\IMED\HETRIN\2024\99_NaoClassificado\G.9-RELACAO-MENSAL-RECURSOS-RECEBIDOS-E-GASTOS-JAN24.pdf,G.9-RELACAO-MENSAL-RECURSOS-RECEBIDOS-E-GASTOS-JAN24,2024-01,6175418.13,Repasse SES (Custeio) + Rendimentos + Outras entradas,HETRIN,IMED,2024,1,mensal,5797500.49,40507177.5
2024,documentos\IMED\HETRIN\2024\99_NaoClassificado\G.9-RELATORIO-MENSAL-RECURSOS-RECEBIDOS-E-GASTOS-ABR24.pdf,G.9-RELATORIO-MENSAL-RECURSOS-RECEBIDOS-E-GASTOS-ABR24,2024-04,6017703.33,Repasse SES Custeio + Rendimentos + Outras Entradas,HETRIN,IMED,2024,4,mensal,5758552.12,38892855.91
2024,documentos\IMED\HETRIN\2024\99_NaoClassificado\G.9-RELATORIO-MENSAL-RECURSOS-RECEBIDOS-E-GASTOS-DEZ23.pdf,G.9-RELATORIO-MENSAL-RECURSOS-RECEBIDOS-E-GASTOS-DEZ23,2023-12,7553286.75,SES Repasse Custeio + Rendimentos + Outras Entradas,HUTRIN,IMED,2023,12,mensal,9439180.94,40129299.85
2024,documentos\IMED\HETRIN\2024\99_NaoClassificado\G.9-RELATORIO-MENSAL-RECURSOS-RECEBIDOS-E-GASTOS-FEV24.pdf,G.9-RELATORIO-MENSAL-RECURSOS-RECEBIDOS-E-GASTOS-FEV24,2024-02,6095547.81,Repasse SES Custeio + Rendimentos + Outras Entradas,HUTRIN,IMED,2024,2,mensal,5423372.57,41179352.73
2024,documentos\IMED\HETRIN\2024\99_NaoClassificado\G.9-RELATORIO-MENSAL-RECURSOS-RECEBIDOS-E-GASTOS-JUN24.pdf,G.9-RELATORIO-MENSAL-RECURSOS-RECEBIDOS-E-GASTOS-JUN24,2024-06,6369200.86,Repasse SES + Rendimentos + Outras Entradas,HETRIN,IMED,2024,6,mensal,7071846.62,39093324.89
2024,documentos\IMED\HETRIN\2024\99_NaoClassificado\G.9-RELATORIO-MENSAL-RECURSOS-RECEBIDOS-E-GASTOS-MAR24.xlsx,G.9-RELATORIO-MENSAL-RECURSOS-RECEBIDOS-E-GASTOS-MAR24,2024-03,6280710.09,"Repasse SES (Custeio), Rendimentos de Aplicações, Recuperação de Despesas",HUTRIN,IMED,2024,3,mensal,8826358.12,38633704.7
2024,C:\OSS-Goias\documentos\Instituto Patris\HEL\2024\21_Relatorio_Comparativo_Recursos\id3169_Relatório Financeiro - Janeiro_2024 (.xls).xlsx,id3169_Relatório Financeiro - Janeiro_2024 (.xls),2024-01,4681415.52,Repasse SES custeio + fundo rescisório + rendimentos aplicações,HEL,Instituto Patris,2024,1,mensal,4929991.94,5425695.38
2024,C:\OSS-Goias\documentos\Instituto Patris\HEL\2024\21_Relatorio_Comparativo_Recursos\id3170_Relatório Financeiro - Janeiro_2024 (PDF).pdf,id3170_Relatório Financeiro - Janeiro_2024 (PDF),2024-01,4681415.52,Repasse SES Custeio + Fundo Rescisório + Rendimentos,HEL,Instituto Patris,2024,1,mensal,4929991.94,5425695.38
2024,C:\OSS-Goias\documentos\Instituto Patris\HEL\2024\21_Relatorio_Comparativo_Recursos\id3357_Relatório Financeiro - Fevereiro_2024 (PDF).pdf,id3357_Relatório Financeiro - Fevereiro_2024 (PDF),2024-02,4748629.7,Repasse SES custeio + Fundo Rescisório + Rendimentos financeiros,HEL,Instituto Patris,2024,2,mensal,5540765.99,4633559.09
2024,C:\OSS-Goias\documentos\Instituto Patris\HEL\2024\21_Relatorio_Comparativo_Recursos\id3358_Relatório Financeiro - Fevereiro_2024 (.xls).xlsx,id3358_Relatório Financeiro - Fevereiro_2024 (.xls),2024-02,4748629.7,Repasse SES custeio + fundo rescisório + rendimentos financeiros,HEL,Instituto Patris,2024,2,mensal,5540765.99,4633559.09
2024,C:\OSS-Goias\documentos\Instituto Patris\HEL\2024\21_Relatorio_Comparativo_Recursos\id3442_Relatório Financeiro - Março_2024 (.pdf).PDF,id3442_Relatório Financeiro - Março_2024 (.pdf),2024-03,4153390.21,Repasse SES Custeio + Piso Enfermagem + Rendimentos Financeiros,HEL,Instituto Patris,2024,3,mensal,3977102.94,4809846.36
2024,C:\OSS-Goias\documentos\Instituto Patris\HEL\2024\21_Relatorio_Comparativo_Recursos\id3443_Relatório Financeiro - Março_2024 (.xls).xlsx,id3443_Relatório Financeiro - Março_2024 (.xls),2024-03,4153390.21,Repasse SES Custeio + Piso Enfermagem + Rendimentos,HEL,Instituto Patris,2024,3,mensal,3977102.94,4809846.36
2024,C:\OSS-Goias\documentos\Instituto Patris\HEL\2024\21_Relatorio_Comparativo_Recursos\id3505_Relatório Financeiro - Abril_2024 (.pdf).pdf,id3505_Relatório Financeiro - Abril_2024 (.pdf),2024-04,6256355.85,Repasse SES Custeio + Fundo Rescisório + Piso Enfermagem + Rendimentos,HEL,Instituto Patris,2024,4,mensal,5540518.56,5525683.65
2024,C:\OSS-Goias\documentos\Instituto Patris\HEL\2024\21_Relatorio_Comparativo_Recursos\id3506_Relatório Financeiro - Abril_2024 (.xls).xlsx,id3506_Relatório Financeiro - Abril_2024 (.xls),2024-04,6256355.85,"Repasse SES (Custeio, Fundo Rescisório, Piso Enfermagem) + Rendimentos sobre Aplicações Financeiras",HEL,Instituto Patris,2024,4,mensal,5540518.56,5525683.65
2024,C:\OSS-Goias\documentos\Instituto Patris\HEL\2024\21_Relatorio_Comparativo_Recursos\id3589_Relatório Financeiro - Maio_2024 (.pdf).pdf,id3589_Relatório Financeiro - Maio_2024 (.pdf),2024-05,4740853.17,Repasse SES Custeio + Piso Enfermagem + Rendimentos,HEL,Instituto Patris,2024,5,mensal,6235362.92,4031173.9
2024,C:\OSS-Goias\documentos\Instituto Patris\HEL\2024\21_Relatorio_Comparativo_Recursos\id3590_Relatório Financeiro - Maio_2024 (.xls).xlsx,id3590_Relatório Financeiro - Maio_2024 (.xls),2024-05,4740853.17,Repasse SES Custeio + Piso Enfermagem + Rendimentos,HEL,Instituto Patris,2024,5,mensal,6235362.92,4031173.9
2024,C:\OSS-Goias\documentos\Instituto Patris\HEL\2024\21_Relatorio_Comparativo_Recursos\id3664_Relatório Financeiro - Junho_2024 (.pdf).pdf,id3664_Relatório Financeiro - Junho_2024 (.pdf),2024-06,4356901.02,Repasse SES + Rendimentos Financeiros,HEL,Instituto Patris,2024,6,mensal,5065761.55,3322313.37
2024,C:\OSS-Goias\documentos\Instituto Patris\HEL\2024\21_Relatorio_Comparativo_Recursos\id3665_Relatório Financeiro - Junho_2024 (.xls).xlsx,id3665_Relatório Financeiro - Junho_2024 (.xls),2024-06,4356901.02,Repasse SES + Rendimentos Financeiros,HEL,Instituto Patris,2024,6,mensal,5065761.55,3322313.37
2024,C:\OSS-Goias\documentos\Instituto Patris\HEL\2024\21_Relatorio_Comparativo_Recursos\id3698_Relatório Financeiro - Julho_2024 (.pdf).pdf,id3698_Relatório Financeiro - Julho_2024 (.pdf),2024-07,5102762.06,Repasse SES Custeio + Piso Enfermagem + Rendimentos,HEL,Instituto Patris,2024,7,mensal,4923222.67,3501852.76
2024,C:\OSS-Goias\documentos\Instituto Patris\HEL\2024\21_Relatorio_Comparativo_Recursos\id3699_Relatório Financeiro - Julho_2024 (.xls).xlsx,id3699_Relatório Financeiro - Julho_2024 (.xls),2024-07,5102762.06,Repasse SES Custeio + Piso Enfermagem + Rendimentos,HEL,Instituto Patris,2024,7,mensal,4923222.67,3501852.76
2024,C:\OSS-Goias\documentos\Instituto Patris\HEL\2024\21_Relatorio_Comparativo_Recursos\id3765_Relatório Financeiro - Agosto_2024 (.pdf).pdf,id3765_Relatório Financeiro - Agosto_2024 (.pdf),2024-08,4721591.71,Repasse SES Custeio + Piso Enfermagem + Rendimentos,HEL,Instituto Patris,2024,8,mensal,4849457.48,3373986.99
2024,C:\OSS-Goias\documentos\Instituto Patris\HEL\2024\21_Relatorio_Comparativo_Recursos\id3766_Relatório Financeiro - Agosto_2024 (.xls).xlsx,id3766_Relatório Financeiro - Agosto_2024 (.xls),2024-08,4721591.71,SES - Custeio + Piso Enfermagem + Rendimentos,HEL,Instituto Patris,2024,8,mensal,4849457.48,3373986.99
2024,C:\OSS-Goias\documentos\Instituto Patris\HEL\2024\21_Relatorio_Comparativo_Recursos\id3809_Relatório Financeiro - Setembro_2024 (.pdf).pdf,id3809_Relatório Financeiro - Setembro_2024 (.pdf),2024-09,4707200.05,Repasse SES Custeio + Fundo Rescisório + Rendimentos,HEL,Instituto Patris,2024,9,mensal,5026145.24,3055041.8
2024,C:\OSS-Goias\documentos\Instituto Patris\HEL\2024\21_Relatorio_Comparativo_Recursos\id3810_Relatório Financeiro - Setembro_2024 (.xls).xlsx,id3810_Relatório Financeiro - Setembro_2024 (.xls),2024-09,4707200.05,Repasse SES Custeio + Fundo Rescisório + Rendimentos,HEL,Instituto Patris,2024,9,mensal,5026145.24,3055041.8
2024,C:\OSS-Goias\documentos\Instituto Patris\HEL\2024\21_Relatorio_Comparativo_Recursos\id3885_Relatório Financeiro - Outubro_2024 (.pdf).pdf,id3885_Relatório Financeiro - Outubro_2024 (.pdf),2024-10,5386807.41,Repasse SES Custeio + Piso Enfermagem + Rendimentos Financeiros,HEL,Instituto Patris,2024,10,mensal,5073413.9,3368435.31
2024,C:\OSS-Goias\documentos\Instituto Patris\HEL\2024\21_Relatorio_Comparativo_Recursos\id3886_Relatório Financeiro - Outubro_2024 (.xls).xlsx,id3886_Relatório Financeiro - Outubro_2024 (.xls),2024-10,5386807.41,Repasse SES Custeio + Piso Enfermagem + Rendimentos,HEL,Instituto Patris,2024,10,mensal,5073413.9,3368435.31
2024,C:\OSS-Goias\documentos\Instituto Patris\HEL\2024\21_Relatorio_Comparativo_Recursos\id3953_Relatório Financeiro - Novembro_2024 (.pdf).pdf,id3953_Relatório Financeiro - Novembro_2024 (.pdf),2024-11,5081274.11,Repasse SES Custeio + Fundo Rescisório + Piso Enfermagem + Rendimentos,HEL,Instituto Patris,2024,11,mensal,4900141.96,3549567.46
2024,C:\OSS-Goias\documentos\Instituto Patris\HEL\2024\21_Relatorio_Comparativo_Recursos\id3954_Relatório Financeiro - Novembro_2024 (.xls).xlsx,id3954_Relatório Financeiro - Novembro_2024 (.xls),2024-11,5081274.11,"Repasse SES (Custeio, Fundo Rescisório, Piso Enfermagem) + Rendimentos",HEL,Instituto Patris,2024,11,mensal,4900141.96,3549567.46
2024,C:\OSS-Goias\documentos\Instituto Patris\HEL\2024\21_Relatorio_Comparativo_Recursos\id3955_Relatório Financeiro - Dezembro_2024 (.pdf).pdf,id3955_Relatório Financeiro - Dezembro_2024 (.pdf),2024-12,6898716.39,Repasse SES Custeio + Fundo Rescisório + Piso Enfermagem + Rendimentos,HEL,Instituto Patris,2024,12,mensal,6478759.04,3969524.81
2024,C:\OSS-Goias\documentos\Instituto Patris\HEL\2024\21_Relatorio_Comparativo_Recursos\id3956_Relatório Financeiro - Dezembro_2024 (.xls).xlsx,id3956_Relatório Financeiro - Dezembro_2024 (.xls),2024-12,6898716.39,"Repasse SES (Custeio, Fundo Rescisório, Piso Enfermagem) + Rendimentos Financeiros",HEL,Instituto Patris,2024,12,mensal,6478759.04,3969524.81
2024,documentos\IMED\PFRE\2024\99_NaoClassificado\RELATORIO-FINANCEIRO-DOS-RECURSOS_082024_POLICLINICA_DE_FORMOSA.pdf,RELATORIO-FINANCEIRO-DOS-RECURSOS_082024_POLICLINICA_DE_FORMOSA,2024-08,8313610.6,Repasse SES + Rendimentos + Outras Entradas,HCAMP,IMED,2024,8,mensal,6611403.57,115902625.74
2024,documentos\IMED\PFRE\2024\99_NaoClassificado\RELATORIO-FINANCEIRO-DOS-RECURSOS_092024_POLICLINICA_DE_FORMOSA.pdf,RELATORIO-FINANCEIRO-DOS-RECURSOS_092024_POLICLINICA_DE_FORMOSA,2024-09,2056523.37,SES - Repasse Custeio + Rendimentos + Recuperação de Despesas,PFRE,IMED,2024,9,mensal,1755020.9,0.0
2024,documentos\IMED\PFRE\2024\99_NaoClassificado\RELATORIO-FINANCEIRO-DOS-RECURSOS_112024_POLICLINICA_DE_FORMOSA.pdf,RELATORIO-FINANCEIRO-DOS-RECURSOS_112024_POLICLINICA_DE_FORMOSA,2024-11,2188640.06,SES Custeio + Rendimentos + Outras Entradas,PFRE,IMED,2024,11,mensal,1222101.27,4392696.3
2024,documentos\IMED\HETRIN\2024\99_NaoClassificado\RELATORIO-FINANCEIRO-DOS-RECURSOS_AGOSTO_HETRIN.pdf,RELATORIO-FINANCEIRO-DOS-RECURSOS_AGOSTO_HETRIN,2024-08,6635450.01,Repasse SES + Rendimentos + Outras Entradas,HETRIN,IMED,2024,8,mensal,8841825.41,37271114.61
2024,documentos\IMED\HETRIN\2024\99_NaoClassificado\RELATORIO-FINANCEIRO-DOS-RECURSOS_MAIO_HETRIN.pdf,RELATORIO-FINANCEIRO-DOS-RECURSOS_MAIO_HETRIN,2024-05,6061610.22,Repasse SES Custeio + Rendimentos Aplicações + Outras Entradas,HETRIN,IMED,2024,5,mensal,5158660.59,39795970.65
2024,documentos\IMED\HETRIN\2024\99_NaoClassificado\RELATORIO-FINANCEIRO-DOS-RECURSOS_NOVEMBRO_HETRIN.pdf,RELATORIO-FINANCEIRO-DOS-RECURSOS_NOVEMBRO_HETRIN,2024-11,6094254.4,Repasse SES + Rendimentos + Outras Entradas,HETRIN,IMED,2024,11,mensal,7919425.63,31583973.63
2024,documentos\IMED\HETRIN\2024\99_NaoClassificado\RELATORIO-FINANCEIRO-DOS-RECURSOS_SETEMBRO_HETRIN.pdf,RELATORIO-FINANCEIRO-DOS-RECURSOS_SETEMBRO_HETRIN,2024-09,9005648.56,Repasse SES + Rendimentos + Outras Entradas,HETRIN,IMED,2024,9,mensal,6192623.0,40084140.17
2024,C:\OSS-Goias\documentos\ABEVIDA\CRESM\2024\21_Relatorio_Comparativo_Recursos\RELATORIO-FINANCEIRO-MENSAL-01.2022-1.xlsx,RELATORIO-FINANCEIRO-MENSAL-01.2022-1,2022-01,3603719.4,Repasse SES Custeio + Rendimentos + Outras Entradas,CREDEQ,ABEVIDA,2022,1,mensal,2188594.29,2294883.01
2024,C:\OSS-Goias\documentos\ABEVIDA\CRESM\2024\21_Relatorio_Comparativo_Recursos\RELATORIO-FINANCEIRO-MENSAL-01.2023-1.pdf,RELATORIO-FINANCEIRO-MENSAL-01.2023-1,2023-01,2228222.32,Repasse SES-GO Custeio + Rendimentos + Recuperação de Despesas,CREDEQ,ABEVIDA,2023,1,mensal,2234800.65,10485.02
2024,C:\OSS-Goias\documentos\ABEVIDA\CRESM\2024\21_Relatorio_Comparativo_Recursos\RELATORIO-FINANCEIRO-MENSAL-01.2024-1.xlsx,RELATORIO-FINANCEIRO-MENSAL-01.2024-1,2024-01,2746882.54,Repasse SES + Rendimentos + Outras Entradas,CREDEQ,ABEVIDA,2024,1,mensal,3123254.73,3334340.51
2024,C:\OSS-Goias\documentos\ABEVIDA\CRESM\2024\21_Relatorio_Comparativo_Recursos\RELATORIO-FINANCEIRO-MENSAL-02.2022.pdf,RELATORIO-FINANCEIRO-MENSAL-02.2022,2022-02,972452.11,Repasse CUSTEIO SES + Rendimentos + Recuperação de Despesas,CREDEQ,ABEVIDA,2022,2,mensal,2052810.85,1214524.27
2024,C:\OSS-Goias\documentos\ABEVIDA\CRESM\2024\21_Relatorio_Comparativo_Recursos\RELATORIO-FINANCEIRO-MENSAL-02.2023-1.xlsx,RELATORIO-FINANCEIRO-MENSAL-02.2023-1,2023-02,2167230.73,Repasse SES Custeio + Rendimentos + Recuperação de Despesas,CREDEQ,ABEVIDA,2023,2,mensal,2177447.86,267.89
2024,C:\OSS-Goias\documentos\ABEVIDA\CRESM\2024\21_Relatorio_Comparativo_Recursos\RELATORIO-FINANCEIRO-MENSAL-02.2024.xlsx,RELATORIO-FINANCEIRO-MENSAL-02.2024,2024-02,2793554.01,Repasse SES + Rendimentos + Outras Entradas,CREDEQ,ABEVIDA,2024,2,mensal,2892760.72,3235133.8
2024,C:\OSS-Goias\documentos\ABEVIDA\CRESM\2024\21_Relatorio_Comparativo_Recursos\RELATORIO-FINANCEIRO-MENSAL-03.2022.xlsx,RELATORIO-FINANCEIRO-MENSAL-03.2022,2022-03,4467434.7,Repasse SES Custeio + Rendimentos + Outras entradas,CREDEQ,ABEVIDA,2022,3,mensal,2126885.37,3555073.6
2024,C:\OSS-Goias\documentos\ABEVIDA\CRESM\2024\21_Relatorio_Comparativo_Recursos\RELATORIO-FINANCEIRO-MENSAL-03.2023-1.xlsx,RELATORIO-FINANCEIRO-MENSAL-03.2023-1,2023-03,2286532.17,Repasse SES-GO + Recuperação de Despesas,CREDEQ,ABEVIDA,2023,3,mensal,2118143.85,177632.0
2024,C:\OSS-Goias\documentos\ABEVIDA\CRESM\2024\21_Relatorio_Comparativo_Recursos\RELATORIO-FINANCEIRO-MENSAL-03.2024-1.pdf,RELATORIO-FINANCEIRO-MENSAL-03.2024-1,2024-03,2851871.76,Repasse SES Custeio + Rendimentos + Recuperação de Despesas,CRESM,ABEVIDA,2024,3,mensal,2910543.66,3175286.9
2024,C:\OSS-Goias\documentos\ABEVIDA\CRESM\2024\21_Relatorio_Comparativo_Recursos\RELATORIO-FINANCEIRO-MENSAL-04.2022.xlsx,RELATORIO-FINANCEIRO-MENSAL-04.2022,2022-04,2247502.38,Repasse SES-GO (Custeio) + Rendimentos + Outras Entradas,CREDEQ,ABEVIDA,2022,4,mensal,2163118.44,3639457.54
2024,C:\OSS-Goias\documentos\ABEVIDA\CRESM\2024\21_Relatorio_Comparativo_Recursos\RELATORIO-FINANCEIRO-MENSAL-04.2023-1.pdf,RELATORIO-FINANCEIRO-MENSAL-04.2023-1,2023-04,2290826.02,Repasse SES (Custeio) + Rendimentos + Recuperação de Despesas,CRESM,ABEVIDA,2023,4,mensal,2281189.0,18880.7
2024,C:\OSS-Goias\documentos\ABEVIDA\CRESM\2024\21_Relatorio_Comparativo_Recursos\RELATORIO-FINANCEIRO-MENSAL-04.2024.pdf,RELATORIO-FINANCEIRO-MENSAL-04.2024,2024-04,2976785.6,Repasse SES Custeio + Fundo Rescisório + Piso Enfermagem + Rendimentos + Outras entradas,CRESM,ABEVIDA,2024,4,mensal,2792515.49,3359557.01
2024,C:\OSS-Goias\documentos\ABEVIDA\CRESM\2024\21_Relatorio_Comparativo_Recursos\RELATORIO-FINANCEIRO-MENSAL-05.2022.pdf,RELATORIO-FINANCEIRO-MENSAL-05.2022,2022-05,2661760.38,"Repasse SES-GO (Custeio), Rendimento Aplicações, Recuperação de Despesas",CREDEQ,ABEVIDA,2022,5,mensal,2524724.08,3776493.84
2024,C:\OSS-Goias\documentos\ABEVIDA\CRESM\2024\21_Relatorio_Comparativo_Recursos\RELATORIO-FINANCEIRO-MENSAL-05.2023-1.xlsx,RELATORIO-FINANCEIRO-MENSAL-05.2023-1,2023-05,2257912.73,Repasse SES Custeio + Rendimentos + Recuperação de Despesas,CREDEQ,ABEVIDA,2023,5,mensal,2247427.07,29366.36
2024,C:\OSS-Goias\documentos\ABEVIDA\CRESM\2024\21_Relatorio_Comparativo_Recursos\RELATORIO-FINANCEIRO-MENSAL-05.2024-1.xlsx,RELATORIO-FINANCEIRO-MENSAL-05.2024-1,2024-05,2858704.64,"Repasse SES (Custeio, Fundo Rescisório, Piso Enfermagem), Rendimentos de Aplicações, Outras entradas",CRESM,ABEVIDA,2024,5,mensal,2978898.27,3239363.38
2024,C:\OSS-Goias\documentos\ABEVIDA\CRESM\2024\21_Relatorio_Comparativo_Recursos\RELATORIO-FINANCEIRO-MENSAL-06.2022.xlsx,RELATORIO-FINANCEIRO-MENSAL-06.2022,2022-06,27898.8,Rendimento sobre Aplicações Financeiras e Recuperação de Despesas,CREDEQ,ABEVIDA,2022,6,mensal,2260579.96,1543812.68
2024,C:\OSS-Goias\documentos\ABEVIDA\CRESM\2024\21_Relatorio_Comparativo_Recursos\RELATORIO-FINANCEIRO-MENSAL-06.2023-1.xlsx,RELATORIO-FINANCEIRO-MENSAL-06.2023-1,2023-06,2226087.49,"Repasse SES Custeio, Rendimentos, Recuperação de Despesas",CREDEQ,ABEVIDA,2023,6,mensal,2216541.91,38911.94
2024,C:\OSS-Goias\documentos\ABEVIDA\CRESM\2024\21_Relatorio_Comparativo_Recursos\RELATORIO-FINANCEIRO-MENSAL-06.2024-1.pdf,RELATORIO-FINANCEIRO-MENSAL-06.2024-1,2024-06,2751061.87,Repasse SES Custeio + Fundo Rescisório + Rendimentos + Outras entradas,CRESM,ABEVIDA,2024,6,mensal,3019833.16,2954700.98
2024,C:\OSS-Goias\documentos\ABEVIDA\CRESM\2024\21_Relatorio_Comparativo_Recursos\RELATORIO-FINANCEIRO-MENSAL-07.2022.xlsx,RELATORIO-FINANCEIRO-MENSAL-07.2022,2022-07,1908872.12,Repasse SES Custeio + Rendimentos + Outras Entradas,CREDEQ,ABEVIDA,2022,7,mensal,2434909.02,1017775.78
2024,C:\OSS-Goias\documentos\ABEVIDA\CRESM\2024\21_Relatorio_Comparativo_Recursos\RELATORIO-FINANCEIRO-MENSAL-07.2023-1.pdf,RELATORIO-FINANCEIRO-MENSAL-07.2023-1,2023-07,8245397.89,Repasse SES Custeio + Rendimentos + Recuperação de Despesas,CRESM,ABEVIDA,2023,7,mensal,2930329.35,5353980.48
2024,C:\OSS-Goias\documentos\ABEVIDA\CRESM\2024\21_Relatorio_Comparativo_Recursos\RELATORIO-FINANCEIRO-MENSAL-07.2024.xlsx,RELATORIO-FINANCEIRO-MENSAL-07.2024,2024-07,2713929.93,"Repasse SES Custeio, Fundo Rescisório, Piso Enfermagem, Investimento, Rendimentos, Outras entradas",CRESM,ABEVIDA,2024,7,mensal,3044218.46,2624412.45
2024,C:\OSS-Goias\documentos\ABEVIDA\CRESM\2024\21_Relatorio_Comparativo_Recursos\RELATORIO-FINANCEIRO-MENSAL-08.2022.xlsx,RELATORIO-FINANCEIRO-MENSAL-08.2022,2022-08,2670609.46,Repasse SES-GO Custeio + Rendimentos + Outras entradas,CREDEQ,ABEVIDA,2022,8,mensal,2252657.22,1435728.79
2024,C:\OSS-Goias\documentos\ABEVIDA\CRESM\2024\21_Relatorio_Comparativo_Recursos\RELATORIO-FINANCEIRO-MENSAL-08.2023-1-1.xlsx,RELATORIO-FINANCEIRO-MENSAL-08.2023-1-1,2023-08,2919141.04,Repasse SES Custeio + Rendimentos + Outras entradas,CRESM,ABEVIDA,2023,8,mensal,2363321.0,6010213.7
2024,C:\OSS-Goias\documentos\ABEVIDA\CRESM\2024\21_Relatorio_Comparativo_Recursos\RELATORIO-FINANCEIRO-MENSAL-08.2024-1.xlsx,RELATORIO-FINANCEIRO-MENSAL-08.2024-1,2024-08,4761513.26,"Repasse SES (Custeio, Fundo Rescisório, Piso Enfermagem, Investimento), Rendimentos, Outras entradas",CRESM,ABEVIDA,2024,8,mensal,2984991.96,4406294.75
2024,C:\OSS-Goias\documentos\ABEVIDA\CRESM\2024\21_Relatorio_Comparativo_Recursos\RELATORIO-FINANCEIRO-MENSAL-09.2022.xlsx,RELATORIO-FINANCEIRO-MENSAL-09.2022,2022-09,2248674.78,Repasse SES Custeio + Rendimentos + Outras entradas,CREDEQ,ABEVIDA,2022,9,mensal,2381137.1,1303265.7
2024,C:\OSS-Goias\documentos\ABEVIDA\CRESM\2024\21_Relatorio_Comparativo_Recursos\RELATORIO-FINANCEIRO-MENSAL-09.2023-1.xlsx,RELATORIO-FINANCEIRO-MENSAL-09.2023-1,2023-09,3116272.3,Repasse SES Custeio + Rendimentos + Outras Entradas,CRESM,ABEVIDA,2023,9,mensal,2553015.85,6573470.15
2024,C:\OSS-Goias\documentos\ABEVIDA\CRESM\2024\21_Relatorio_Comparativo_Recursos\RELATORIO-FINANCEIRO-MENSAL-09.2024-1.xlsx,RELATORIO-FINANCEIRO-MENSAL-09.2024-1,2024-09,3048274.6,"Repasse SES Custeio, Piso Enfermagem, Investimento, Rendimentos, Outras entradas",CRESM,ABEVIDA,2024,9,mensal,2780824.8,4673744.55
2024,C:\OSS-Goias\documentos\ABEVIDA\CRESM\2024\21_Relatorio_Comparativo_Recursos\RELATORIO-FINANCEIRO-MENSAL-10.2022.xlsx,RELATORIO-FINANCEIRO-MENSAL-10.2022,2022-10,2066715.29,Repasse SES Custeio + Rendimentos + Outras Entradas,CREDEQ,ABEVIDA,2022,10,mensal,1271601.45,2098379.54
2024,C:\OSS-Goias\documentos\ABEVIDA\CRESM\2024\21_Relatorio_Comparativo_Recursos\RELATORIO-FINANCEIRO-MENSAL-10.2023-1.pdf,RELATORIO-FINANCEIRO-MENSAL-10.2023-1,2023-10,2914945.65,"Repasse SES (Custeio), Rendimento sobre Aplicações, Recuperação de Despesas",CRESM,ABEVIDA,2023,10,mensal,3832297.68,5656118.12
2024,C:\OSS-Goias\documentos\ABEVIDA\CRESM\2024\21_Relatorio_Comparativo_Recursos\RELATORIO-FINANCEIRO-MENSAL-10.2024.xlsx,RELATORIO-FINANCEIRO-MENSAL-10.2024,2024-10,3005503.42,Repasse SES Custeio + Piso Enfermagem + Rendimentos + Outras entradas,CRESM,ABEVIDA,2024,10,mensal,2904561.97,4774686.0
2024,C:\OSS-Goias\documentos\ABEVIDA\CRESM\2024\21_Relatorio_Comparativo_Recursos\RELATORIO-FINANCEIRO-MENSAL-11.2022.pdf,RELATORIO-FINANCEIRO-MENSAL-11.2022,2022-11,2408230.12,Repasse SES (Custeio) + Rendimentos + Recuperação de Despesas,CREDEQ,ABEVIDA,2022,11,mensal,3932958.94,573650.72
2024,C:\OSS-Goias\documentos\ABEVIDA\CRESM\2024\21_Relatorio_Comparativo_Recursos\RELATORIO-FINANCEIRO-MENSAL-11.2023-1.xlsx,RELATORIO-FINANCEIRO-MENSAL-11.2023-1,2023-11,2830097.69,Repasse SES Custeio + Rendimentos + Outras entradas,CRESM,ABEVIDA,2023,11,mensal,3670611.19,4815604.62
2024,C:\OSS-Goias\documentos\ABEVIDA\CRESM\2024\21_Relatorio_Comparativo_Recursos\RELATORIO-FINANCEIRO-MENSAL-11.2024.pdf,RELATORIO-FINANCEIRO-MENSAL-11.2024,2024-11,3022803.66,"Repasse SES Custeio, Fundo Rescisório, Piso Enfermagem, Rendimentos, Outras entradas",CRESM,ABEVIDA,2024,11,mensal,3962770.26,3834719.4
2024,C:\OSS-Goias\documentos\ABEVIDA\CRESM\2024\21_Relatorio_Comparativo_Recursos\RELATORIO-FINANCEIRO-MENSAL-12.2018.pdf,RELATORIO-FINANCEIRO-MENSAL-12.2018,2018-12,739910.31,"Repasse SES, Rendimento sobre Aplicação Financeiras, Recuperação de Despesas, Aporte de Caixa",CREDEQ,ABEVIDA,2018,12,mensal,1818698.07,94717.83
2024,C:\OSS-Goias\documentos\ABEVIDA\CRESM\2024\21_Relatorio_Comparativo_Recursos\RELATORIO-FINANCEIRO-MENSAL-12.2022.pdf,RELATORIO-FINANCEIRO-MENSAL-12.2022,2022-12,2451656.56,Repasse SES Custeio + Rendimentos + Recuperação de Despesas,CREDEQ,ABEVIDA,2022,12,mensal,3008243.93,17063.35
2024,C:\OSS-Goias\documentos\ABEVIDA\CRESM\2024\21_Relatorio_Comparativo_Recursos\RELATORIO-FINANCEIRO-MENSAL-12.2023-1.xlsx,RELATORIO-FINANCEIRO-MENSAL-12.2023-1,2023-12,2915854.13,Repasse SES Custeio + Rendimentos + Outras Entradas,CRESM,ABEVIDA,2023,12,mensal,4020746.05,3710712.7
2024,C:\OSS-Goias\documentos\ABEVIDA\CRESM\2024\21_Relatorio_Comparativo_Recursos\RELATORIO-FINANCEIRO-MENSAL-12.2024-2.pdf,RELATORIO-FINANCEIRO-MENSAL-12.2024-2,2024-12,3095002.62,"Repasse SES Custeio, Fundo Rescisório, Rendimentos, Outras entradas",CRESM,ABEVIDA,2024,12,mensal,4265881.11,2663840.91
2024,C:\OSS-Goias\documentos\Albert Einstein\HUGO\2024\21_Relatorio_Comparativo_Recursos\Relatorio-mensal-comparativo-de-recursos-recebidos-gastos-e-dev-Dezembro-2024.pdf,Relatorio-mensal-comparativo-de-recursos-recebidos-gastos-e-dev-Dezembro-2024,2024-12,26146565.47,Repasse SES Custeio + Investimento + Rescisório + Rendimentos + Outras entradas,HUGO,Albert Einstein,2024,12,mensal,30994301.6,44407039.59
2024,C:\OSS-Goias\documentos\Albert Einstein\HUGO\2024\21_Relatorio_Comparativo_Recursos\Relatorio-mensal-comparativo-de-recursos-recebidos-gastos-e-dev-Outubro-2024.xlsx,Relatorio-mensal-comparativo-de-recursos-recebidos-gastos-e-dev-Outubro-2024,2024-10,27907773.89,Repasse SES (Custeio + Investimento) + Rendimentos + Recuperação de Despesas + Devolução Saldo de Caixa,HUGO,Albert Einstein,2024,10,mensal,26705475.2,33566384.2
2024,C:\OSS-Goias\documentos\Albert Einstein\HUGO\2024\21_Relatorio_Comparativo_Recursos\Relatorio-mensal-comparativo-de-recursos-recebidos-gastos-e-devolvidos-ao-Poder-Publico-Novembro-2024.pdf,Relatorio-mensal-comparativo-de-recursos-recebidos-gastos-e-devolvidos-ao-Poder-Publico-Novembro-2024,2024-11,41651853.43,"Repasse SES Custeio, Investimento, Rescisório, Rendimentos, Recuperação de Despesas, Reembolso",HUGO,Albert Einstein,2024,11,mensal,25963461.91,49254775.72
2024,documentos\IMED\PFRE\2024\99_NaoClassificado\RELATORIO_FINANCEIRO_DOS_RECURSOS_102024_POLICLINICA_DE_FORMOSA.xlsx,RELATORIO_FINANCEIRO_DOS_RECURSOS_102024_POLICLINICA_DE_FORMOSA,2024-10,2133715.14,Repasse SES + Rendimento Aplicação + Recuperação de Despesas,PFRE,IMED,2024,10,mensal,1889649.65,4958862.04
2024,documentos\IMED\HETRIN\2024\99_NaoClassificado\RELATORIO_FINANCEIRO_DOS_RECURSOS_OUTUBRO_HETRIN.pdf,RELATORIO_FINANCEIRO_DOS_RECURSOS_OUTUBRO_HETRIN,2024-10,6010735.28,Repasse SES Custeio + Rendimentos + Outras Entradas,HETRIN,IMED,2024,10,mensal,12960420.58,33409144.85
2024,C:\OSS-Goias\documentos\ABEVIDA\CRESM\2024\21_Relatorio_Comparativo_Recursos\RELATOTIO-FINANCEIRO-MENSAL-01.2021.xlsx,RELATOTIO-FINANCEIRO-MENSAL-01.2021,2021-01,1407826.29,Repasse SES (Custeio) + Rendimentos + Recuperação de Despesas,CREDEQ,ABEVIDA,2021,1,mensal,1680056.51,581821.14
2024,C:\OSS-Goias\documentos\ABEVIDA\CRESM\2024\21_Relatorio_Comparativo_Recursos\RELATOTIO-FINANCEIRO-MENSAL-02.2021.xlsx,RELATOTIO-FINANCEIRO-MENSAL-02.2021,2021-02,308138.17,"Repasse SES-GO (Custeio), Rendimento Aplicação Financeira, Recuperação de Despesas",CREDEQ,ABEVIDA,2021,2,mensal,889502.35,456.96
2024,C:\OSS-Goias\documentos\ABEVIDA\CRESM\2024\21_Relatorio_Comparativo_Recursos\RELATOTIO-FINANCEIRO-MENSAL-03.2021.xlsx,RELATOTIO-FINANCEIRO-MENSAL-03.2021,2021-03,6464838.02,"Repasse SES (Custeio + Investimento), Rendimentos, Outras entradas",CREDEQ,ABEVIDA,2021,3,mensal,3299069.99,3166224.99
2024,C:\OSS-Goias\documentos\ABEVIDA\CRESM\2024\21_Relatorio_Comparativo_Recursos\RELATOTIO-FINANCEIRO-MENSAL-04.2021.xlsx,RELATOTIO-FINANCEIRO-MENSAL-04.2021,2021-04,2005742.95,Repasse SES-GO (Custeio) + Rendimento Aplicação Financeira,CREDEQ,ABEVIDA,2021,4,mensal,2771807.83,2400160.06
2024,C:\OSS-Goias\documentos\ABEVIDA\CRESM\2024\21_Relatorio_Comparativo_Recursos\RELATOTIO-FINANCEIRO-MENSAL-05.2021.pdf,RELATOTIO-FINANCEIRO-MENSAL-05.2021,2021-05,2129738.41,Repasse CUSTEIO + INVESTIMENTO + Rendimentos + Outras entradas,CREDEQ,ABEVIDA,2021,5,mensal,2443699.5,2086198.97
2024,C:\OSS-Goias\documentos\ABEVIDA\CRESM\2024\21_Relatorio_Comparativo_Recursos\RELATOTIO-FINANCEIRO-MENSAL-06.2021.xlsx,RELATOTIO-FINANCEIRO-MENSAL-06.2021,2021-06,1742752.58,Repasse SES Custeio + Rendimentos + Outras Entradas,CREDEQ,ABEVIDA,2021,6,mensal,2030303.63,1798647.92
2024,C:\OSS-Goias\documentos\ABEVIDA\CRESM\2024\21_Relatorio_Comparativo_Recursos\RELATOTIO-FINANCEIRO-MENSAL-07.2021-1.pdf,RELATOTIO-FINANCEIRO-MENSAL-07.2021-1,2021-07,438638.68,Repasse Custeio + Repasse Investimento + Rendimentos + Recuperação de Despesas,CREDEQ,ABEVIDA,2021,7,mensal,1785410.48,451876.12
2024,C:\OSS-Goias\documentos\ABEVIDA\CRESM\2024\21_Relatorio_Comparativo_Recursos\RELATOTIO-FINANCEIRO-MENSAL-08.2021.pdf,RELATOTIO-FINANCEIRO-MENSAL-08.2021,2021-08,1962462.37,Repasse SES-GO Custeio + Rendimentos + Recuperação de Despesas,CREDEQ,ABEVIDA,2021,8,mensal,1519087.04,895251.45
2024,C:\OSS-Goias\documentos\ABEVIDA\CRESM\2024\21_Relatorio_Comparativo_Recursos\RELATOTIO-FINANCEIRO-MENSAL-09.2021.xlsx,RELATOTIO-FINANCEIRO-MENSAL-09.2021,2021-09,2222012.92,Repasse SES Custeio + Rendimentos + Outras entradas,CREDEQ,ABEVIDA,2021,9,mensal,2996348.4,120915.97
2024,C:\OSS-Goias\documentos\ABEVIDA\CRESM\2024\21_Relatorio_Comparativo_Recursos\RELATOTIO-FINANCEIRO-MENSAL-10.2021.pdf,RELATOTIO-FINANCEIRO-MENSAL-10.2021,2021-10,2998632.05,Repasse SES-GO Custeio + Rendimentos + Recuperação de Despesas,CREDEQ,ABEVIDA,2021,10,mensal,2159891.83,959656.19
2024,C:\OSS-Goias\documentos\ABEVIDA\CRESM\2024\21_Relatorio_Comparativo_Recursos\RELATOTIO-FINANCEIRO-MENSAL-11.2021-1.xlsx,RELATOTIO-FINANCEIRO-MENSAL-11.2021-1,2021-11,2433250.03,"Repasse SES, Rendimento sobre Aplicações, Recuperação de Despesas, Aporte de Caixa",CREDEQ,ABEVIDA,2021,11,mensal,2714211.04,678695.18
2024,C:\OSS-Goias\documentos\ABEVIDA\CRESM\2024\21_Relatorio_Comparativo_Recursos\RELATOTIO-FINANCEIRO-MENSAL-12.2021.pdf,RELATOTIO-FINANCEIRO-MENSAL-12.2021,2021-12,3775027.87,"Repasse SES (Custeio + Investimento), Rendimentos, Recuperação de Despesas",CREDEQ,ABEVIDA,2021,12,mensal,3573965.15,879757.9
2024,"C:\OSS-Goias\documentos\AGIR\HUGOL\2024\21_Relatorio_Comparativo_Recursos\Relatório mensal comparativo de recursos recebidos, gastos e devolvidos ao Poder Público_01-2024-HUGOL_RET.pdf","Relatório mensal comparativo de recursos recebidos, gastos e devolvidos ao Poder Público_01-2024-HUGOL_RET",2024-01,35848020.02,Repasse SES (Custeio) + Rendimentos + Outras entradas,HUGOL,AGIR,2024,1,mensal,36418960.71,372004.38
2024,"C:\OSS-Goias\documentos\AGIR\HUGOL\2024\21_Relatorio_Comparativo_Recursos\Relatório mensal comparativo de recursos recebidos, gastos e devolvidos ao Poder Público_02-2024-HUGOL_RET.pdf","Relatório mensal comparativo de recursos recebidos, gastos e devolvidos ao Poder Público_02-2024-HUGOL_RET",2024-02,32903172.38,"Repasse SES (Custeio + Fundo Rescisão), Rendimentos, Reembolsos/Empréstimo",HUGOL,AGIR,2024,2,mensal,32877978.77,397197.99
2024,"C:\OSS-Goias\documentos\AGIR\HUGOL\2024\21_Relatorio_Comparativo_Recursos\Relatório mensal comparativo de recursos recebidos, gastos e devolvidos ao Poder Público_03-2024-HUGOL_RET.pdf","Relatório mensal comparativo de recursos recebidos, gastos e devolvidos ao Poder Público_03-2024-HUGOL_RET",2024-03,32813434.79,Repasse SES CUSTEIO + Rendimentos + Outras entradas,HUGOL,AGIR,2024,3,mensal,33177766.42,32866.36
2024,"C:\OSS-Goias\documentos\AGIR\HUGOL\2024\21_Relatorio_Comparativo_Recursos\Relatório mensal comparativo de recursos recebidos, gastos e devolvidos ao Poder Público_04-2024-HUGOL_RET.pdf","Relatório mensal comparativo de recursos recebidos, gastos e devolvidos ao Poder Público_04-2024-HUGOL_RET",2024-04,34233820.09,SES Repasse Custeio + Rendimentos + Outras entradas,HUGOL,AGIR,2024,4,mensal,32996448.62,1270237.83
2024,"C:\OSS-Goias\documentos\AGIR\HUGOL\2024\21_Relatorio_Comparativo_Recursos\Relatório mensal comparativo de recursos recebidos, gastos e devolvidos ao Poder Público_05-2024-HUGOL_RET.pdf","Relatório mensal comparativo de recursos recebidos, gastos e devolvidos ao Poder Público_05-2024-HUGOL_RET",2024-05,49736778.51,Repasse SES Custeio + Repasse Investimento + Rendimentos + Outras entradas,HUGOL,AGIR,2024,5,mensal,42243705.87,8763310.47
2024,"C:\OSS-Goias\documentos\AGIR\HUGOL\2024\21_Relatorio_Comparativo_Recursos\Relatório mensal comparativo de recursos recebidos, gastos e devolvidos ao Poder Público_06-2024-HUGOL_RET.xlsx","Relatório mensal comparativo de recursos recebidos, gastos e devolvidos ao Poder Público_06-2024-HUGOL_RET",2024-06,33281372.67,Repasse SES Custeio + Investimento + Rendimentos + Outras entradas,HUGOL,AGIR,2024,6,mensal,33994358.01,8050325.13
2024,"C:\OSS-Goias\documentos\AGIR\HUGOL\2024\21_Relatorio_Comparativo_Recursos\Relatório mensal comparativo de recursos recebidos, gastos e devolvidos ao Poder Público_07-2024-HUGOL_RET.pdf","Relatório mensal comparativo de recursos recebidos, gastos e devolvidos ao Poder Público_07-2024-HUGOL_RET",2024-07,38464935.95,"Repasse SES (Custeio+Investimento), Rendimentos, Reembolsos",HUGOL,AGIR,2024,7,mensal,39078606.27,7436654.81
2024,"C:\OSS-Goias\documentos\AGIR\HUGOL\2024\21_Relatorio_Comparativo_Recursos\Relatório mensal comparativo de recursos recebidos, gastos e devolvidos ao Poder Público_08-2024-HUGOL_RET.xlsx","Relatório mensal comparativo de recursos recebidos, gastos e devolvidos ao Poder Público_08-2024-HUGOL_RET",2024-08,35411456.9,"Repasse SES (Custeio e Investimento), Rendimentos, Reembolsos",HUGOL,AGIR,2024,8,mensal,32344676.93,10503434.78
2024,"C:\OSS-Goias\documentos\AGIR\HUGOL\2024\21_Relatorio_Comparativo_Recursos\Relatório mensal comparativo de recursos recebidos, gastos e devolvidos ao Poder Público_09-2024-HUGOL.pdf","Relatório mensal comparativo de recursos recebidos, gastos e devolvidos ao Poder Público_09-2024-HUGOL",2024-09,34463817.74,Repasse SES Custeio + Repasse Investimento + Rendimentos + Outras entradas,HUGOL,AGIR,2024,9,mensal,32269257.72,12697994.8
2024,"C:\OSS-Goias\documentos\AGIR\HUGOL\2024\21_Relatorio_Comparativo_Recursos\Relatório mensal comparativo de recursos recebidos, gastos e devolvidos ao Poder Público_10-2024-HUGOL.xlsx","Relatório mensal comparativo de recursos recebidos, gastos e devolvidos ao Poder Público_10-2024-HUGOL",2024-10,33774586.47,"SES/GO - Repasse Custeio e Investimento, Rendimentos, Reembolsos",HUGOL,AGIR,2024,10,mensal,34432732.31,12011366.44
2024,"C:\OSS-Goias\documentos\AGIR\HUGOL\2024\21_Relatorio_Comparativo_Recursos\Relatório mensal comparativo de recursos recebidos, gastos e devolvidos ao Poder Público_11-2024-HUGOL.pdf","Relatório mensal comparativo de recursos recebidos, gastos e devolvidos ao Poder Público_11-2024-HUGOL",2024-11,36306313.52,Repasse SES Custeio + Repasse Investimento + Rendimentos + Outras entradas,HUGOL,AGIR,2024,11,mensal,35258966.73,12879210.5
2024,"C:\OSS-Goias\documentos\AGIR\HUGOL\2024\21_Relatorio_Comparativo_Recursos\Relatório mensal comparativo de recursos recebidos, gastos e devolvidos ao Poder Público_12-2024-HUGOL.xlsx","Relatório mensal comparativo de recursos recebidos, gastos e devolvidos ao Poder Público_12-2024-HUGOL",2024-12,41321680.6,"Repasse SES (Custeio+Investimento), Rendimentos, Outras Entradas",HUGOL,AGIR,2024,12,mensal,42025958.78,12152942.32
2025,C:\OSS-Goias\documentos\ISG\HDT\2025\21_Relatorio_Comparativo_Recursos\01.2025-Relatorio-Pdf_-ass.pdf,01.2025-Relatorio-Pdf_-ass,2025-01,7889333.13,Repasse SES custeio + rendimentos + outras entradas,HDT,ISG,2025,1,mensal,6913693.09,2826775.59
2025,C:\OSS-Goias\documentos\ISG\HDT\2025\21_Relatorio_Comparativo_Recursos\02.2025-Relatorio-Excel.pdf,02.2025-Relatorio-Excel,2025-02,15223917.56,Repasse SES + Rendimentos + Outras entradas,HDT,ISG,2025,2,mensal,9918951.07,8131742.08
2025,C:\OSS-Goias\documentos\ISG\HDT\2025\21_Relatorio_Comparativo_Recursos\03.2025-Relatorio.pdf,03.2025-Relatorio,2025-03,8279022.66,Repasse SES custeio + rendimentos + outras entradas,HDT,ISG,2025,3,mensal,7352963.37,9057801.37
2025,C:\OSS-Goias\documentos\ISG\HDT\2025\21_Relatorio_Comparativo_Recursos\04.2025-Relatorio-1.pdf,04.2025-Relatorio-1,2025-04,906428.06,Repasse SES CUSTEIO + Rendimentos + Outras entradas,HDT,ISG,2025,4,mensal,8340798.16,1623431.27
2025,C:\OSS-Goias\documentos\ISG\HDT\2025\21_Relatorio_Comparativo_Recursos\05.2025-Relatorio-Excel.pdf,05.2025-Relatorio-Excel,2025-05,8274030.7,Repasse SES (custeio) + rendimentos + outras entradas,HDT,ISG,2025,5,mensal,8281577.86,1615884.11
2025,C:\OSS-Goias\documentos\ISG\HDT\2025\21_Relatorio_Comparativo_Recursos\06.2025-Relatorio-Excel.pdf,06.2025-Relatorio-Excel,2025-06,6244202.48,Repasse SES custeio + rendimentos + devoluções + outras entradas,HDT,ISG,2025,6,mensal,6851231.56,1008855.03
2025,C:\OSS-Goias\documentos\IPGSE\HERSO\2025\21_Relatorio_Comparativo_Recursos\07-relatorio-mensal-julho-11-08-2025-7ca55ec83c.xlsx,07-relatorio-mensal-julho-11-08-2025-7ca55ec83c,2025-07,7167641.24,Repasse SES-GO + Rendimentos + Devolução de Pagamento Indevido,HERSO,IPGSE,2025,7,mensal,7168833.94,7786709.68
2025,C:\OSS-Goias\documentos\IPGSE\HERSO\2025\21_Relatorio_Comparativo_Recursos\07-relatorio-mensal-julho-11-08-2025-e42f812108.pdf,07-relatorio-mensal-julho-11-08-2025-e42f812108,2025-07,7167641.24,Repasse SES + Rendimentos + Devolução de Pagamento Indevido,HERSO,IPGSE,2025,7,mensal,7168833.94,7786709.68
2025,C:\OSS-Goias\documentos\ISG\HDT\2025\21_Relatorio_Comparativo_Recursos\07.2025-Relatorio-Excel.pdf,07.2025-Relatorio-Excel,2025-07,13188816.55,Repasse SES CUSTEIO + Rendimentos + Outras entradas,HDT,ISG,2025,7,mensal,9120956.35,5076715.23
2025,C:\OSS-Goias\documentos\IPGSE\HERSO\2025\21_Relatorio_Comparativo_Recursos\08-relatorio-mensal-agosto-09-09-2025-221dce2631.xlsx,08-relatorio-mensal-agosto-09-09-2025-221dce2631,2025-08,7821526.69,Repasse SES-GO + Rendimentos + Devolução de Pagamento Indevido,HERSO,IPGSE,2025,8,mensal,6571353.71,9034838.42
2025,C:\OSS-Goias\documentos\IPGSE\HERSO\2025\21_Relatorio_Comparativo_Recursos\08-relatorio-mensal-agosto-09-09-2025-cb3ff8007f.pdf,08-relatorio-mensal-agosto-09-09-2025-cb3ff8007f,2025-08,7821526.69,"Repasse SES-GO (Custeio, Investimento, Aplicação 3%) + Rendimentos + Devolução Pagamento Indevido",HERSO,IPGSE,2025,8,mensal,6571353.71,9034838.42
2025,C:\OSS-Goias\documentos\ISG\HDT\2025\21_Relatorio_Comparativo_Recursos\08.2025-Relatorio.pdf,08.2025-Relatorio,2025-08,9467626.31,Repasse SES + Rendimentos + Outras entradas,HDT,ISG,2025,8,mensal,8944840.83,5599500.71
2025,documentos\IMED\HETRIN\2025\99_NaoClassificado\08_2025_RELATORIO_RECURSOS_RECEBIDOS_GASTOS_AGO25.pdf,08_2025_RELATORIO_RECURSOS_RECEBIDOS_GASTOS_AGO25,2025-08,7306879.25,Repasse SES Custeio + Rendimentos + Outras Entradas,HETRIN,IMED,2025,8,mensal,15164582.39,36739906.93
2025,C:\OSS-Goias\documentos\IPGSE\HERSO\2025\21_Relatorio_Comparativo_Recursos\09-relatorio-mensal-setembro-13-10-2025-74e7d79b66.xlsx,09-relatorio-mensal-setembro-13-10-2025-74e7d79b66,2025-09,7055202.71,SES-GO + Rendimentos + Recuperação de Despesas + Devolução de Pagamento Indevido,HERSO,IPGSE,2025,9,mensal,7418786.5,8669220.17
2025,C:\OSS-Goias\documentos\IPGSE\HERSO\2025\21_Relatorio_Comparativo_Recursos\09-relatorio-mensal-setembro-13-10-2025-f8140b1b5e.pdf,09-relatorio-mensal-setembro-13-10-2025-f8140b1b5e,2025-09,7055202.71,SES-GO / Rendimentos / Recuperação de Despesas / Devolução de Pagamento Indevido,HERSO,IPGSE,2025,9,mensal,7418786.5,8669220.17
2025,C:\OSS-Goias\documentos\ISG\HDT\2025\21_Relatorio_Comparativo_Recursos\09.2025-Relatorio.pdf,09.2025-Relatorio,2025-09,8941555.94,Repasse SES custeio + rendimentos + outras entradas,HDT,ISG,2025,9,mensal,8883384.39,5657672.26
2025,C:\OSS-Goias\documentos\IPGSE\HERSO\2025\21_Relatorio_Comparativo_Recursos\10-relatorio-mensal-outubro-10-11-2025-ec4ea0d7c3.xlsx,10-relatorio-mensal-outubro-10-11-2025-ec4ea0d7c3,2025-10,7478294.0,Repasse SES + Rendimentos + Recuperação de Despesas,HERSO,IPGSE,2025,10,mensal,6330298.15,9815919.79
2025,C:\OSS-Goias\documentos\IPGSE\HERSO\2025\21_Relatorio_Comparativo_Recursos\10-relatorio-mensal-outubro-10-11-2025-f0f7587945.pdf,10-relatorio-mensal-outubro-10-11-2025-f0f7587945,2025-10,7478294.0,Repasse SES-GO + Rendimentos + Recuperação de Despesas,HERSO,IPGSE,2025,10,mensal,6330298.15,9815919.79
2025,C:\OSS-Goias\documentos\ISG\HDT\2025\21_Relatorio_Comparativo_Recursos\10.2025-Relatorio.pdf,10.2025-Relatorio,2025-10,9482151.92,Repasse SES Custeio + Repasse Investimento + Devolução Pagamento Indevido + Outras Entradas,HDT,ISG,2025,10,mensal,7554534.44,7585289.74
2025,C:\OSS-Goias\documentos\IMED\HETRIN\2025\99_NaoClassificado\10_2025_RELATORIO-MENSAL-RECURSOS-RECEBIDOS-E-GASTOS_OUT25.pdf,10_2025_RELATORIO-MENSAL-RECURSOS-RECEBIDOS-E-GASTOS_OUT25,2025-09,7176412.16,SES + Rendimentos + Outras,HETRIN,IMED,2025,10,mensal,12954522.23,32669086.76
2025,C:\OSS-Goias\documentos\Albert Einstein\HUGO\2025\21_Relatorio_Comparativo_Recursos\11-2025-Relatorio-mensal-comparativo-de-recursos-recebidos-gastosv2.pdf,11-2025-Relatorio-mensal-comparativo-de-recursos-recebidos-gastosv2,2025-11,24904666.76,Repasse SES - Custeio/Investimento/Rescisório + Rendimentos + Doações,HUGO,Albert Einstein,2025,11,mensal,27887865.76,48726571.18
2025,C:\OSS-Goias\documentos\IPGSE\HERSO\2025\21_Relatorio_Comparativo_Recursos\11-relatorio-mensal-novembro-09-12-2025-67658df41b.pdf,11-relatorio-mensal-novembro-09-12-2025-67658df41b,2025-11,9757936.42,Repasse SES + Aplicação 3% + Rendimentos + Devolução Pagamento,HERSO,IPGSE,2025,11,mensal,6637043.53,12934875.19
2025,C:\OSS-Goias\documentos\IPGSE\HERSO\2025\21_Relatorio_Comparativo_Recursos\11-relatorio-mensal-novembro-09-12-2025-de28a77415.xlsx,11-relatorio-mensal-novembro-09-12-2025-de28a77415,2025-11,9757936.42,Repasse SES-GO (Custeio + Aplicação 3%) + Rendimentos + Devolução de Pagamento Indevido,HERSO,IPGSE,2025,11,mensal,6637043.53,12934875.19
2025,C:\OSS-Goias\documentos\ISG\HDT\2025\21_Relatorio_Comparativo_Recursos\11.2025-Relatorio-Excel.pdf,11.2025-Relatorio-Excel,2025-11,8731895.08,Repasse SES (custeio) + rendimentos + outras entradas,HDT,ISG,2025,11,mensal,8885500.5,7431684.32
2025,documentos\IMED\HETRIN\2025\99_NaoClassificado\11_2025_RELATORIO-MENSAL-RECURSOS-RECEBIDOS-E-GASTOS_NOV25.xlsx,11_2025_RELATORIO-MENSAL-RECURSOS-RECEBIDOS-E-GASTOS_NOV25,2025-11,6286870.27,Repasse SES Custeio + Rendimentos + Outras Entradas,HUTRIN,IMED,2025,11,mensal,10362193.4,26007055.23
2025,C:\OSS-Goias\documentos\Albert Einstein\HUGO\2025\21_Relatorio_Comparativo_Recursos\12-2025-Relatorio-mensal-comparativo-de-recursos-recebidos-gastos-1.xlsx,12-2025-Relatorio-mensal-comparativo-de-recursos-recebidos-gastos-1,2025-12,29066556.23,SES-GO / Rendimentos / Outras entradas,HUGO,Albert Einstein,2025,12,mensal,32773924.2,45019203.21
2025,C:\OSS-Goias\documentos\ISG\HDT\2025\21_Relatorio_Comparativo_Recursos\12.2024-Relatorio.pdf,12.2024-Relatorio,2024-12,8095081.52,Repasse SES CUSTEIO + Rendimentos + Outras Entradas,HDT,ISG,2024,12,mensal,9386130.69,1851135.55
2025,C:\OSS-Goias\documentos\Albert Einstein\HUGO\2025\21_Relatorio_Comparativo_Recursos\12.2025-Fluxo_de_Caixa_12-2025_assinado-1.pdf,12.2025-Fluxo_de_Caixa_12-2025_assinado-1,2025-12,29066556.23,"Repasse SES Custeio, Investimento, Rescisório, Rendimentos, Recuperação de Despesas, Receitas Não Governamentais",HUGO,Albert Einstein,2025,12,mensal,32773924.2,45019203.21
2025,C:\OSS-Goias\documentos\FUNEV\HEANA\2025\21_Relatorio_Comparativo_Recursos\1736537185897-12_Relatorio_financeiro_mensal_HEANA.pdf,1736537185897-12_Relatorio_financeiro_mensal_HEANA,2024-12,13132399.67,"Repasse SES (Custeio/Fundo Rescisório), Rendimentos, Outras entradas/recuperação de despesas",HEANA,FUNEV,2024,12,mensal,12350252.04,8360209.28
2025,C:\OSS-Goias\documentos\FUNEV\HEANA\2025\21_Relatorio_Comparativo_Recursos\1736537185900-12_Relatorio_financeiro_mensal_HEANA.xlsx,1736537185900-12_Relatorio_financeiro_mensal_HEANA,2024-12,13132399.67,SES + Rendimentos + Outras,HEANA,FUNEV,2024,12,mensal,12350252.04,8360209.28
2025,C:\OSS-Goias\documentos\FUNEV\HEANA\2025\21_Relatorio_Comparativo_Recursos\1744328509747-0325_Relatorio_financeiro_mensal.pdf,1744328509747-0325_Relatorio_financeiro_mensal,2025-03,9758603.17,"Repasse SES/CEF, Fundo Rescisório, Rendimentos, Outras entradas",HEANA,FUNEV,2025,3,mensal,11270052.17,13025923.67
2025,C:\OSS-Goias\documentos\FUNEV\HEANA\2025\21_Relatorio_Comparativo_Recursos\1744328509750-39.1_Fluxo_de_Caixa_03-2025_HEANA.xlsx,1744328509750-39.1_Fluxo_de_Caixa_03-2025_HEANA,2025-03,9758603.17,SES/Repasse CEF C/C 580133922-8 Custeio + Fundo Rescisório + Rendimentos + Outras entradas,HEANA,FUNEV,2025,3,mensal,11270052.17,13025923.67
2025,C:\OSS-Goias\documentos\FUNEV\HEANA\2025\21_Relatorio_Comparativo_Recursos\1744374338220-0125_Relatorio_financeiro_mensal.pdf,1744374338220-0125_Relatorio_financeiro_mensal,2025-01,9976680.98,Repasse SES + Rendimentos + Outras entradas,HEANA,FUNEV,2025,1,mensal,11726231.63,6610658.63
2025,C:\OSS-Goias\documentos\FUNEV\HEANA\2025\21_Relatorio_Comparativo_Recursos\1744374338226-39.1_Fluxo_de_Caixa_HEANA_01-2025.xlsx,1744374338226-39.1_Fluxo_de_Caixa_HEANA_01-2025,2025-01,9976680.98,Repasse SES + Rendimentos + Outras entradas,HEANA,FUNEV,2025,1,mensal,11726231.63,6610658.63
2025,C:\OSS-Goias\documentos\FUNEV\HEANA\2025\21_Relatorio_Comparativo_Recursos\1744374363775-0225_Relatorio_financeiro_mensal.pdf,1744374363775-0225_Relatorio_financeiro_mensal,2025-02,18651606.58,Repasse SES CUSTEIO + FUNDO RESCISÓRIO + INVESTIMENTO + Rendimentos + Outras entradas,HEANA,FUNEV,2025,2,mensal,10707882.54,14537372.67
2025,C:\OSS-Goias\documentos\FUNEV\HEANA\2025\21_Relatorio_Comparativo_Recursos\1744374363777-39.1_Fluxo_de_Caixa_02-2025_HEANA.xlsx,1744374363777-39.1_Fluxo_de_Caixa_02-2025_HEANA,2025-02,18651606.58,"Repasse SES/CEF, rendimentos aplicações, resgates",HEANA,FUNEV,2025,2,mensal,10707882.54,14537372.67
2025,C:\OSS-Goias\documentos\FUNEV\HEANA\2025\21_Relatorio_Comparativo_Recursos\1746996630591-0425_Relatório_Financeiro_Mensal.pdf,1746996630591-0425_Relatório_Financeiro_Mensal,2025-04,2102252.63,Repasse SES CUSTEIO + FUNDO RESCISÓRIO + Rendimentos,HEANA,FUNEV,2025,4,mensal,10815514.69,4312661.61
2025,C:\OSS-Goias\documentos\FUNEV\HEANA\2025\21_Relatorio_Comparativo_Recursos\1746996630595-39.1_Fluxo_de_Caixa_04-2025_HEANA.xlsx,1746996630595-39.1_Fluxo_de_Caixa_04-2025_HEANA,2025-04,2102252.63,Repasse SES (custeio) + Fundo Rescisório + Rendimentos,HEANA,FUNEV,2025,4,mensal,10815514.69,4312661.61
2025,C:\OSS-Goias\documentos\FUNEV\HEANA\2025\21_Relatorio_Comparativo_Recursos\1749582024755-0525_Relatório_Financeiro_Mensal.pdf,1749582024755-0525_Relatório_Financeiro_Mensal,2025-05,10189026.08,Repasse SES CUSTEIO + Fundo Rescisório + Rendimentos + Outras entradas,HEANA,FUNEV,2025,5,mensal,10901582.31,3593965.38
2025,C:\OSS-Goias\documentos\FUNEV\HEANA\2025\21_Relatorio_Comparativo_Recursos\1749582024758-39.1_Fluxo_de_Caixa_05-2025_HEANA.xlsx,1749582024758-39.1_Fluxo_de_Caixa_05-2025_HEANA,2025-05,10189026.08,Repasse SES + Rendimentos + Outras entradas,HEANA,FUNEV,2025,5,mensal,10901582.31,3593965.38
2025,C:\OSS-Goias\documentos\FUNEV\HEANA\2025\21_Relatorio_Comparativo_Recursos\1752192527154-Fluxo_de_Caixa_062025_HEANA.pdf,1752192527154-Fluxo_de_Caixa_062025_HEANA,2025-06,10544363.26,Repasse SES + Rendimentos + Outras entradas,HEANA,FUNEV,2025,6,mensal,10252862.71,3885465.93
2025,C:\OSS-Goias\documentos\FUNEV\HEANA\2025\21_Relatorio_Comparativo_Recursos\1752192527159-39.1_Fluxo_de_Caixa_06-2025_HEANA.xlsx,1752192527159-39.1_Fluxo_de_Caixa_06-2025_HEANA,2025-06,10544363.26,Repasse SES (custeio) + rendimentos + outras entradas,HEANA,FUNEV,2025,6,mensal,10252862.71,3885465.93
2025,C:\OSS-Goias\documentos\FUNEV\HEANA\2025\21_Relatorio_Comparativo_Recursos\1754862488094-91_Fluxo_de_Caixa_07-2025_HEANA..pdf,1754862488094-91_Fluxo_de_Caixa_07-2025_HEANA.,2025-07,10349209.47,"Repasse SES (Custeio/Investimento), Fundo Rescisório, Rendimentos, Outras entradas",HEANA,FUNEV,2025,7,mensal,11187336.65,3047338.75
2025,C:\OSS-Goias\documentos\FUNEV\HEANA\2025\21_Relatorio_Comparativo_Recursos\1754862488096-91_Fluxo_de_Caixa_07-2025_HEANA.xlsx,1754862488096-91_Fluxo_de_Caixa_07-2025_HEANA,2025-07,10349209.47,"SES/FUNEV - Repasse Custeio, Fundo Rescisório, Investimento, Rendimentos, Outras entradas",HEANA,FUNEV,2025,7,mensal,11187336.65,3047338.75
2025,C:\OSS-Goias\documentos\FUNEV\HEANA\2025\21_Relatorio_Comparativo_Recursos\1757442166551-0825_Relatório_Financeiro_Mensal_Heana.pdf,1757442166551-0825_Relatório_Financeiro_Mensal_Heana,2025-08,11067210.21,"Repasse SES, Fundo Rescisório, Investimento, Rendimentos, Outras entradas",HEANA,FUNEV,2025,8,mensal,10789781.35,3324767.61
2025,C:\OSS-Goias\documentos\FUNEV\HEANA\2025\21_Relatorio_Comparativo_Recursos\1757442166554-0825_Relatório_Financeiro_Mensal_Heana.xlsx,1757442166554-0825_Relatório_Financeiro_Mensal_Heana,2025-08,11067210.21,Repasse SES + Rendimentos + Outras Entradas,HEANA,FUNEV,2025,8,mensal,10789781.35,3324767.61
2025,C:\OSS-Goias\documentos\FUNEV\HEANA\2025\21_Relatorio_Comparativo_Recursos\1760114043386-0925_Relatório_Financeiro_Mensal_Heana.pdf,1760114043386-0925_Relatório_Financeiro_Mensal_Heana,2025-09,10572697.56,Repasse SES + Rendimentos + Outras entradas,HEANA,FUNEV,2025,9,mensal,11572456.65,2325008.52
2025,C:\OSS-Goias\documentos\FUNEV\HEANA\2025\21_Relatorio_Comparativo_Recursos\1760114043391-0925_Relatório_Financeiro_Mensal_Heana.xlsx,1760114043391-0925_Relatório_Financeiro_Mensal_Heana,2025-09,10572697.56,Repasse SES + Rendimentos + Outras entradas,HEANA,FUNEV,2025,9,mensal,11572456.65,2325008.52
2025,"C:\OSS-Goias\documentos\FUNEV\HEANA\2025\21_Relatorio_Comparativo_Recursos\1762807853611-Relatrio_mensal_comparativo_de_recursos_recebidos,_gastos_e_devolvidos_ao_poder_público_-_Outubro_2025.pdf","1762807853611-Relatrio_mensal_comparativo_de_recursos_recebidos,_gastos_e_devolvidos_ao_poder_público_-_Outubro_2025",2025-10,14523831.27,Repasse SES CUSTEIO + FUNDO RESCISÓRIO + INVESTIMENTO + Rendimentos + Outras entradas,HEANA,FUNEV,2025,10,mensal,12975130.05,3873709.74
2025,"C:\OSS-Goias\documentos\FUNEV\HEANA\2025\21_Relatorio_Comparativo_Recursos\1762807853614-Relatrio_mensal_comparativo_de_recursos_recebidos,_gastos_e_devolvidos_ao_poder_público_-_Outubro_2025.xlsx","1762807853614-Relatrio_mensal_comparativo_de_recursos_recebidos,_gastos_e_devolvidos_ao_poder_público_-_Outubro_2025",2025-10,14523831.27,SES Custeio + Fundo Rescisório + Investimento + Rendimentos + Outras entradas,HEANA,FUNEV,2025,10,mensal,12975130.05,3873709.74
2025,C:\OSS-Goias\documentos\FUNEV\HEANA\2025\21_Relatorio_Comparativo_Recursos\1765304656664-1125_Relatório_Financeiro_Mensal_Heana.pdf,1765304656664-1125_Relatório_Financeiro_Mensal_Heana,2025-11,13910417.1,Repasse SES + Rendimentos + Outras entradas,HEANA,FUNEV,2025,11,mensal,13114489.8,4669637.04
2025,C:\OSS-Goias\documentos\FUNEV\HEANA\2025\21_Relatorio_Comparativo_Recursos\1765304656666-1125_Relatório_Financeiro_Mensal_Heana.xlsx,1765304656666-1125_Relatório_Financeiro_Mensal_Heana,2025-11,13910417.1,Repasse SES (custeio + fundo rescisório + investimento) + rendimentos + outras entradas,HEANA,FUNEV,2025,11,mensal,13114489.801,4669637.039
2025,"C:\OSS-Goias\documentos\IGH\HEAPA\2025\21_Relatorio_Comparativo_Recursos\2025.01 - HEAPA - Relatório mensal comparativo dos recursos recebidos, gastos e devolvidos ao Público.pdf","2025.01 - HEAPA - Relatório mensal comparativo dos recursos recebidos, gastos e devolvidos ao Público",2025-01,159540.05,"Rendimentos sobre aplicações financeiras e outras entradas (recuperação de despesas, receitas não governamentais)",HEAPA,IGH,2025,1,mensal,37365.01,212.71
2025,"C:\OSS-Goias\documentos\IGH\HEAPA\2025\21_Relatorio_Comparativo_Recursos\2025.02 - HEAPA - Relatório mensal comparativo dos recursos recebidos, gastos e devolvidos ao Público.pdf","2025.02 - HEAPA - Relatório mensal comparativo dos recursos recebidos, gastos e devolvidos ao Público",2025-02,139230.53,"Outras entradas (recuperação de despesas, receitas não governamentais) + rendimentos sobre aplicações",HEAPA,IGH,2025,2,mensal,28524.75,47875.92
2025,"C:\OSS-Goias\documentos\IGH\HEAPA\2025\21_Relatorio_Comparativo_Recursos\2025.03 - HEAPA - Relatório mensal comparativo dos recursos recebidos, gastos e devolvidos ao Público.xlsx","2025.03 - HEAPA - Relatório mensal comparativo dos recursos recebidos, gastos e devolvidos ao Público",2025-03,139528.18,Rendimentos sobre aplicações financeiras + Outras entradas (receitas não governamentais/regularização),HEAPA,IGH,2025,3,mensal,17143.43,0
2025,C:\OSS-Goias\documentos\Albert Einstein\HUGO\2025\21_Relatorio_Comparativo_Recursos\Fluxo-de-Caixa-Janeiro-2025.xlsx,Fluxo-de-Caixa-Janeiro-2025,2025-01,21458955.21,Repasse SES + Rendimentos + Recuperação de Despesas + Devolução Saldo Caixa,HUGO,Albert Einstein,2025,1,mensal,28519063.63,37222928.32
2025,C:\OSS-Goias\documentos\Albert Einstein\HUGO\2025\21_Relatorio_Comparativo_Recursos\Fluxo_de_Caixa_-_Janeiro_2025_of_assinado.pdf,Fluxo_de_Caixa_-_Janeiro_2025_of_assinado,2025-01,21458955.21,Repasse SES Custeio + Rendimentos + Outras Entradas,HUGO,Albert Einstein,2025,1,mensal,28519063.63,37222928.32
2025,documentos\IMED\PFRE\2025\99_NaoClassificado\G.9-RELATORIO-MENSAL-DE-RECURSOS-RECEBIDOS-E-GASTOS-DEZ24.pdf,G.9-RELATORIO-MENSAL-DE-RECURSOS-RECEBIDOS-E-GASTOS-DEZ24,2024-12,2232834.47,Repasse Custeio SES + Outras Entradas,PFRE,IMED,2024,12,mensal,2456722.8,4169509.97
2025,documentos\IMED\HETRIN\2025\99_NaoClassificado\G.9-RELATORIO-MENSAL-RECURSOS-RECEBIDOS-E-GASTOS-DEZ24.xlsx,G.9-RELATORIO-MENSAL-RECURSOS-RECEBIDOS-E-GASTOS-DEZ24,2024-12,8223297.29,Repasse SES Custeio + Rendimentos + Outras Entradas,HUTRIN,IMED,2024,12,mensal,9902481.75,22868552.79
2025,C:\OSS-Goias\documentos\AGIR\HEJ\2025\21_Relatorio_Comparativo_Recursos\HEJ - Relatorio Financeiro 09.2025 -TCE assinado.pdf,HEJ - Relatorio Financeiro 09.2025 -TCE assinado,2025-09,9414344.94,Repasse SES custeio + rendimentos financeiros + estorno de pagamento,HEJ,AGIR,2025,9,mensal,1871674.88,7542670.06
2025,C:\OSS-Goias\documentos\AGIR\HEJ\2025\21_Relatorio_Comparativo_Recursos\HEJ - Relatorio Financeiro 12.2025 -TCE - RETIFICADO 09-02 - Assinado.pdf,HEJ - Relatorio Financeiro 12.2025 -TCE - RETIFICADO 09-02 - Assinado,2025-12,12031767.81,Repasse SES Custeio + Rendimentos + Outras Entradas,HEJ,AGIR,2025,12,mensal,11018890.34,11956716.27
2025,C:\OSS-Goias\documentos\AGIR\HEJ\2025\21_Relatorio_Comparativo_Recursos\HEJ - Relatorio Financeiro 12.2025 -TCE.xlsx,HEJ - Relatorio Financeiro 12.2025 -TCE,2025-12,12031767.81,Repasse SES Custeio + Rendimentos + Outras Entradas,HEJ,AGIR,2025,12,mensal,11018890.34,11956716.27
2025,C:\OSS-Goias\documentos\AGIR\HEJ\2025\21_Relatorio_Comparativo_Recursos\HEJ - Relatorio Financeiro X.2025 -TCE.xlsx,HEJ - Relatorio Financeiro X.2025 -TCE,2025-09,0,CEF/ITAU - CUSTEIO E INVESTIMENTO,HEJ,AGIR,2025,9,mensal,0,0
2025,C:\OSS-Goias\documentos\AGIR\HUGOL\2025\21_Relatorio_Comparativo_Recursos\HUGOL - Relatorio Financeiro 04.2025 -TCE.xlsx,HUGOL - Relatorio Financeiro 04.2025 -TCE,2025-04,46356996.18,SES Custeio + Rendimentos + Outras Entradas,HUGOL,AGIR,2025,4,mensal,45998216.19,18628421.46
2025,C:\OSS-Goias\documentos\AGIR\HUGOL\2025\21_Relatorio_Comparativo_Recursos\HUGOL - Relatorio Financeiro 04.2025 -TCE_.pdf,HUGOL - Relatorio Financeiro 04.2025 -TCE_,2025-04,46356996.18,Repasse SES Custeio + Rendimentos + Outras entradas,HUGOL,AGIR,2025,4,mensal,45998216.19,18628421.46
2025,C:\OSS-Goias\documentos\AGIR\HUGOL\2025\21_Relatorio_Comparativo_Recursos\HUGOL - Relatorio Financeiro 05.2025 -TCE.xlsx,HUGOL - Relatorio Financeiro 05.2025 -TCE,2025-05,31835812.22,Repasse SES Custeio + Rendimentos + Outras entradas,HUGOL,AGIR,2025,5,mensal,32526169.25,17630940.58
2025,C:\OSS-Goias\documentos\AGIR\HUGOL\2025\21_Relatorio_Comparativo_Recursos\HUGOL - Relatorio Financeiro 08.2025 -TCE.xlsx,HUGOL - Relatorio Financeiro 08.2025 -TCE,2025-08,37715913.34,SES-GO (Custeio + Investimento) + Rendimentos + Outras Entradas,HUGOL,AGIR,2025,8,mensal,29810497.68,30074952.55
2025,C:\OSS-Goias\documentos\AGIR\HUGOL\2025\21_Relatorio_Comparativo_Recursos\HUGOL - Relatorio Financeiro 11.2025 -TCE assinado.pdf,HUGOL - Relatorio Financeiro 11.2025 -TCE assinado,2025-11,41969539.59,Repasse SES Custeio + Investimento + Rendimentos + Outras Entradas,HUGOL,AGIR,2025,11,mensal,43996104.75,27266134.26
2025,C:\OSS-Goias\documentos\AGIR\HUGOL\2025\21_Relatorio_Comparativo_Recursos\HUGOL - Relatorio Financeiro 12.2025 -TCE - Ass.pdf,HUGOL - Relatorio Financeiro 12.2025 -TCE - Ass,2025-12,40596449.01,Repasse SES CUSTEIO + Rendimentos + Outras entradas,HUGOL,AGIR,2025,12,mensal,39276505.92,28586077.35
2025,C:\OSS-Goias\documentos\AGIR\HUGOL\2025\21_Relatorio_Comparativo_Recursos\HUGOL - Relatorio Financeiro 12.2025 -TCE.xlsx,HUGOL - Relatorio Financeiro 12.2025 -TCE,2025-12,40596449.01,"Repasse SES (Custeio/Investimento), Rendimentos, Outras Entradas",HUGOL,AGIR,2025,12,mensal,39276505.92,28586077.35
2025,C:\OSS-Goias\documentos\Instituto Patris\HEL\2025\21_Relatorio_Comparativo_Recursos\id4056_Relatório Financeiro - Janeiro_2025 (.pdf).pdf,id4056_Relatório Financeiro - Janeiro_2025 (.pdf),2025-01,5412644.22,Repasse SES custeio + Piso Enfermagem + Rendimentos financeiros,HEL,Instituto Patris,2025,1,mensal,5581147.4,3801021.63
2025,C:\OSS-Goias\documentos\Instituto Patris\HEL\2025\21_Relatorio_Comparativo_Recursos\id4057_Relatório Financeiro - Janeiro_2025 (.xls).xlsx,id4057_Relatório Financeiro - Janeiro_2025 (.xls),2025-01,5412644.22,Repasse SES Custeio + Piso Enfermagem + Rendimentos Financeiros,HEL,Instituto Patris,2025,1,mensal,5581147.4,3801021.63
2025,C:\OSS-Goias\documentos\Instituto Patris\HEL\2025\21_Relatorio_Comparativo_Recursos\id4095_Relatório Financeiro - Fevereiro_2025 (.pdf).pdf,id4095_Relatório Financeiro - Fevereiro_2025 (.pdf),2025-01,6798259.91,Repasse SES (Custeio + Fundo Rescisório + Piso Enfermagem) + Rendimentos,HEL,Instituto Patris,2025,1,mensal,5660984.13,4938297.41
2025,C:\OSS-Goias\documentos\Instituto Patris\HEL\2025\21_Relatorio_Comparativo_Recursos\id4096_Relatório Financeiro - Fevereiro_2025 (.xls).xlsx,id4096_Relatório Financeiro - Fevereiro_2025 (.xls),2025-02,6798259.91,SES custeio + fundo rescisório + piso enfermagem + rendimentos,HEL,Instituto Patris,2025,2,mensal,5660984.13,4938297.41
2025,C:\OSS-Goias\documentos\Instituto Patris\HEL\2025\21_Relatorio_Comparativo_Recursos\id4167_Relatório Financeiro - Março_2025 (.xls).xlsx,id4167_Relatório Financeiro - Março_2025 (.xls),2025-02,9627479.77,Repasse SES Custeio + Fundo Rescisório + Piso Enfermagem + Rendimentos,HEL,Instituto Patris,2025,2,mensal,5199317.923,9366459.26
2025,C:\OSS-Goias\documentos\Instituto Patris\HEL\2025\21_Relatorio_Comparativo_Recursos\id4168_Relatório Financeiro - Março_2025 (.pdf).pdf,id4168_Relatório Financeiro - Março_2025 (.pdf),2025-03,9627479.77,Repasse SES Custeio + Fundo Rescisório + Piso Enfermagem + Rendimentos,HEL,Instituto Patris,2025,3,mensal,5199317.92,9366459.26
2025,C:\OSS-Goias\documentos\Instituto Patris\HEL\2025\21_Relatorio_Comparativo_Recursos\id4212_Relatório Financeiro - Abril_2025 (.xls).xlsx,id4212_Relatório Financeiro - Abril_2025 (.xls),2025-04,1929723.91,SES Repasse Custeio + Fundo Rescisório + Piso Enfermagem + Rendimentos,HEL,Instituto Patris,2025,4,mensal,5515329.75,5780853.42
2025,C:\OSS-Goias\documentos\Instituto Patris\HEL\2025\21_Relatorio_Comparativo_Recursos\id4213_Relatório Financeiro - Abril_2025 (.pdf).pdf,id4213_Relatório Financeiro - Abril_2025 (.pdf),2025-04,1929723.91,Repasse SES custeio + fundo rescisório + piso enfermagem + rendimentos financeiros,HEL,Instituto Patris,2025,4,mensal,5515329.75,5780853.42
2025,C:\OSS-Goias\documentos\Instituto Patris\HEL\2025\21_Relatorio_Comparativo_Recursos\id4254_Relatório Financeiro - Maio_2025 (.pdf).pdf,id4254_Relatório Financeiro - Maio_2025 (.pdf),2025-05,4709997.01,Repasse SES Custeio + Fundo Rescisório + Piso Enfermagem + Rendimentos,HEL,Instituto Patris,2025,5,mensal,5417881.21,5072969.22
2025,C:\OSS-Goias\documentos\Instituto Patris\HEL\2025\21_Relatorio_Comparativo_Recursos\id4255_Relatório Financeiro - Maio_2025 (.xls).xlsx,id4255_Relatório Financeiro - Maio_2025 (.xls),2025-05,4709997.01,"Repasse SES Custeio, Fundo Rescisório, Piso Enfermagem, Rendimentos Aplicações Financeiras",HEL,Instituto Patris,2025,5,mensal,5417881.21,5072969.22
2025,C:\OSS-Goias\documentos\Instituto Patris\HEL\2025\21_Relatorio_Comparativo_Recursos\id4326_Relatório Financeiro - Junho_2025 (.pdf).pdf,id4326_Relatório Financeiro - Junho_2025 (.pdf),2025-06,5541284.49,Repasse SES Custeio + Piso Enfermagem + Rendimentos Financeiros,HEL,Instituto Patris,2025,6,mensal,5023180.83,5591072.88
2025,C:\OSS-Goias\documentos\Instituto Patris\HEL\2025\21_Relatorio_Comparativo_Recursos\id4327_Relatório Financeiro - Junho_2025 (.xls).xlsx,id4327_Relatório Financeiro - Junho_2025 (.xls),2025-06,5541284.49,Repasse SES Custeio + Piso Enfermagem + Rendimentos Aplicações,HEL,Instituto Patris,2025,6,mensal,5023180.83,5591072.88
2025,C:\OSS-Goias\documentos\Instituto Patris\HEL\2025\21_Relatorio_Comparativo_Recursos\id4405_Relatório Financeiro - Julho_2025 (.pdf).pdf,id4405_Relatório Financeiro - Julho_2025 (.pdf),2025-07,5477606.63,Repasse SES custeio + fundo rescisório + piso enfermagem + rendimentos financeiros,HEL,Instituto Patris,2025,7,mensal,5020031.5,6048648.01
2025,C:\OSS-Goias\documentos\Instituto Patris\HEL\2025\21_Relatorio_Comparativo_Recursos\id4406_Relatório Financeiro - Julho_2025 (.xls).xlsx,id4406_Relatório Financeiro - Julho_2025 (.xls),2025-07,5477606.63,Repasse SES (Custeio + Fundo Rescisório + Piso Enfermagem) + Rendimentos de Aplicações,HEL,Instituto Patris,2025,7,mensal,5020031.5,6048648.01
2025,C:\OSS-Goias\documentos\Instituto Patris\HEL\2025\21_Relatorio_Comparativo_Recursos\id4495_Relatório Financeiro - Agosto_2025 (.pdf).pdf,id4495_Relatório Financeiro - Agosto_2025 (.pdf),2025-08,5601509.66,"Repasse SES (custeio, fundo rescisório, piso enfermagem) + rendimentos financeiros",HEL,Instituto Patris,2025,8,mensal,5389281.74,6260875.93
2025,C:\OSS-Goias\documentos\Instituto Patris\HEL\2025\21_Relatorio_Comparativo_Recursos\id4496_Relatório Financeiro - Agosto_2025 (.xls).xlsx,id4496_Relatório Financeiro - Agosto_2025 (.xls),2025-08,5601509.66,"Repasse SES (custeio, fundo rescisório, piso enfermagem) + rendimentos financeiros",HEL,Instituto Patris,2025,8,mensal,5389281.74,6260875.93
2025,C:\OSS-Goias\documentos\Instituto Patris\HEL\2025\21_Relatorio_Comparativo_Recursos\id4647_Relatório Financeiro - Setembro_2025 (.pdf).pdf,id4647_Relatório Financeiro - Setembro_2025 (.pdf),2025-09,5846379.93,Repasse SES Custeio + Fundo Rescisório + Piso Enfermagem + Rendimentos,HEL,Instituto Patris,2025,9,mensal,5463841.66,6643414.2
2025,C:\OSS-Goias\documentos\Instituto Patris\HEL\2025\21_Relatorio_Comparativo_Recursos\id4648_Relatório Financeiro - Setembro_2025 (.xls).xlsx,id4648_Relatório Financeiro - Setembro_2025 (.xls),2025-09,5846379.93,"Repasse SES (Custeio, Fundo Rescisório, Piso Enfermagem) + Rendimentos Financeiros",HEL,Instituto Patris,2025,9,mensal,5463841.66,6643414.2
2025,C:\OSS-Goias\documentos\Instituto Patris\HEL\2025\21_Relatorio_Comparativo_Recursos\id4649_Relatório Financeiro - Outubro_2025 (.pdf).pdf,id4649_Relatório Financeiro - Outubro_2025 (.pdf),2025-10,5930490.26,Repasse SES Custeio + Fundo Rescisório + Piso Enfermagem + Rendimentos,HEL,Instituto Patris,2025,10,mensal,5013299.66,7560604.8
2025,C:\OSS-Goias\documentos\Instituto Patris\HEL\2025\21_Relatorio_Comparativo_Recursos\id4650_Relatório Financeiro - Outubro_2025 (.xls).xlsx,id4650_Relatório Financeiro - Outubro_2025 (.xls),2025-10,5930490.26,Repasse SES (Custeio + Fundo Rescisório + Piso Enfermagem) + Rendimentos Aplicações Financeiras,HEL,Instituto Patris,2025,10,mensal,5013299.66,7560604.8
2025,C:\OSS-Goias\documentos\Instituto Patris\HEL\2025\21_Relatorio_Comparativo_Recursos\id4673_Relatório Financeiro - Novembro_2025 (.pdf).pdf,id4673_Relatório Financeiro - Novembro_2025 (.pdf),2025-11,8323994.68,Repasse SES Custeio + Fundo Rescisório + Piso Enfermagem + Rendimentos,HEL,Instituto Patris,2025,11,mensal,6197764.26,9686835.22
2025,C:\OSS-Goias\documentos\Instituto Patris\HEL\2025\21_Relatorio_Comparativo_Recursos\id4674_Relatório Financeiro - Novembro_2025 (.xls).xlsx,id4674_Relatório Financeiro - Novembro_2025 (.xls),2025-11,8323994.68,Repasse SES (Custeio + Fundo Rescisório + Piso Enfermagem) + Rendimentos sobre Aplicações,HEL,Instituto Patris,2025,11,mensal,6197764.26,9686835.22
2025,C:\OSS-Goias\documentos\Instituto Patris\HEL\2025\21_Relatorio_Comparativo_Recursos\id4675_Relatório Financeiro - Dezembro_2025 (.pdf).xlsx,id4675_Relatório Financeiro - Dezembro_2025 (.pdf),2025-12,6158244.05,"Repasse SES Custeio, Fundo Rescisório, Piso Enfermagem, Rendimentos Aplicações",HEL,Instituto Patris,2025,12,mensal,6434395.48,9410683.79
2025,C:\OSS-Goias\documentos\Instituto Patris\HEL\2025\21_Relatorio_Comparativo_Recursos\id4676_Relatório Financeiro - Dezembro_2025 (.xls).pdf,id4676_Relatório Financeiro - Dezembro_2025 (.xls),2025-12,6158244.05,Repasse SES Custeio + Fundo Rescisório + Piso Enfermagem + Rendimentos,HEL,Instituto Patris,2025,12,mensal,6434395.48,9410683.79
2025,C:\OSS-Goias\documentos\IMED\HETRIN\2025\99_NaoClassificado\RELAT93RIO_FINANCEIRO_DOS_RECURSOS_HETRIN_022025.pdf,RELAT93RIO_FINANCEIRO_DOS_RECURSOS_HETRIN_022025,2025-02,6325261.01,Repasse SES + Rendimentos sobre Aplicações Financeiras,HUTRIN,IMED,2025,2,mensal,10325895.65,24043057.32
2025,C:\OSS-Goias\documentos\IMED\HETRIN\2025\99_NaoClassificado\RELATC393RIO_FINANCEIRO_DOS_RECURSOS_HETRIN_092025.pdf,RELATC393RIO_FINANCEIRO_DOS_RECURSOS_HETRIN_092025,2025-09,7176412.16,Repasse SES Custeio + Rendimentos + Outras Entradas,HUTRIN,IMED,2025,9,mensal,12954522.23,32669086.76
2025,C:\OSS-Goias\documentos\ABEVIDA\CRESM\2025\21_Relatorio_Comparativo_Recursos\RELATORIO-FINANCEIRO-MENSAL-01.2025.pdf,RELATORIO-FINANCEIRO-MENSAL-01.2025,2025-01,2974317.86,Repasse SES Custeio + Fundo Rescisório + Rendimentos + Outras entradas,CRESM,ABEVIDA,2025,1,mensal,2950169.51,2687989.16
2025,C:\OSS-Goias\documentos\ABEVIDA\CRESM\2025\21_Relatorio_Comparativo_Recursos\RELATORIO-FINANCEIRO-MENSAL-02.2025.xlsx,RELATORIO-FINANCEIRO-MENSAL-02.2025,2025-02,5808110.66,Repasse SES Custeio + Rendimentos + Outras entradas,CRESM,ABEVIDA,2025,2,mensal,3024491.85,5471608.07
2025,C:\OSS-Goias\documentos\ABEVIDA\CRESM\2025\21_Relatorio_Comparativo_Recursos\RELATORIO-FINANCEIRO-MENSAL-03.2025.xlsx,RELATORIO-FINANCEIRO-MENSAL-03.2025,2025-03,331820.37,"Repasse SES Custeio, Fundo Rescisório, Investimento, Rendimentos, Outras entradas",CRESM,ABEVIDA,2025,3,mensal,2862236.76,2941191.68
2025,C:\OSS-Goias\documentos\ABEVIDA\CRESM\2025\21_Relatorio_Comparativo_Recursos\RELATORIO-FINANCEIRO-MENSAL-04.2025.xlsx,RELATORIO-FINANCEIRO-MENSAL-04.2025,2025-04,3074667.77,"Repasse SES Custeio, Fundo Rescisório, Rendimentos, Outras Entradas",CRESM,ABEVIDA,2025,4,mensal,3017117.0,2998742.45
2025,C:\OSS-Goias\documentos\ABEVIDA\CRESM\2025\21_Relatorio_Comparativo_Recursos\RELATORIO-FINANCEIRO-MENSAL-05.2025.pdf,RELATORIO-FINANCEIRO-MENSAL-05.2025,2025-05,3048152.36,Repasse SES Custeio + Fundo Rescisório + Rendimentos + Outras entradas,CRESM,ABEVIDA,2025,5,mensal,3221564.46,2825330.35
2025,C:\OSS-Goias\documentos\ABEVIDA\CRESM\2025\21_Relatorio_Comparativo_Recursos\RELATORIO-FINANCEIRO-MENSAL-06.2025-1.pdf,RELATORIO-FINANCEIRO-MENSAL-06.2025-1,2025-06,3050930.25,Repasse SES Custeio + Fundo Rescisório + Rendimentos + Outras entradas,CRESM,ABEVIDA,2025,6,mensal,3022255.36,2854005.24
2025,C:\OSS-Goias\documentos\ABEVIDA\CRESM\2025\21_Relatorio_Comparativo_Recursos\RELATORIO-FINANCEIRO-MENSAL-06.2025.xlsx,RELATORIO-FINANCEIRO-MENSAL-06.2025,2025-06,3050930.25,Repasse SES Custeio + Fundo Rescisório + Rendimentos + Outras entradas,CRESM,ABEVIDA,2025,6,mensal,3022255.36,2854005.24
2025,C:\OSS-Goias\documentos\ABEVIDA\CRESM\2025\21_Relatorio_Comparativo_Recursos\RELATORIO-FINANCEIRO-MENSAL-07.2025.xlsx,RELATORIO-FINANCEIRO-MENSAL-07.2025,2025-07,3012322.37,"Repasse SES Custeio, Fundo Rescisório, Investimento, Rendimentos, Outras entradas",CRESM,ABEVIDA,2025,7,mensal,3003055.76,2853271.85
2025,C:\OSS-Goias\documentos\ABEVIDA\CRESM\2025\21_Relatorio_Comparativo_Recursos\RELATORIO-FINANCEIRO-MENSAL-08.2025-1.pdf,RELATORIO-FINANCEIRO-MENSAL-08.2025-1,2025-08,3097107.62,Repasse SES Custeio + Fundo Rescisório + Rendimentos + Outras entradas,CRESM,ABEVIDA,2025,8,mensal,2962694.01,2987685.46
2025,C:\OSS-Goias\documentos\ABEVIDA\CRESM\2025\21_Relatorio_Comparativo_Recursos\RELATORIO-FINANCEIRO-MENSAL-08.2025.xlsx,RELATORIO-FINANCEIRO-MENSAL-08.2025,2025-08,3097107.62,"Repasse SES Custeio, Fundo Rescisório, Rendimentos sobre Aplicações Financeiras, Outras Entradas",CRESM,ABEVIDA,2025,8,mensal,2962694.01,2987685.46
2025,C:\OSS-Goias\documentos\ABEVIDA\CRESM\2025\21_Relatorio_Comparativo_Recursos\RELATORIO-FINANCEIRO-MENSAL-09.2025.pdf,RELATORIO-FINANCEIRO-MENSAL-09.2025,2025-09,3046737.96,"Repasse SES Custeio, Fundo Rescisório, Rendimentos Financeiros, Outras Entradas",CRESM,ABEVIDA,2025,9,mensal,3010223.32,3024200.1
2025,C:\OSS-Goias\documentos\ABEVIDA\CRESM\2025\21_Relatorio_Comparativo_Recursos\RELATORIO-FINANCEIRO-MENSAL-10.2025.xlsx,RELATORIO-FINANCEIRO-MENSAL-10.2025,2025-10,3531677.47,"Repasse SES (Custeio + Fundo Rescisório), Rendimentos Financeiros, Outras Entradas",CRESM,ABEVIDA,2025,10,mensal,3294003.27,3261874.31
2025,C:\OSS-Goias\documentos\ABEVIDA\CRESM\2025\21_Relatorio_Comparativo_Recursos\RELATORIO-FINANCEIRO-MENSAL-11.2025.xlsx,RELATORIO-FINANCEIRO-MENSAL-11.2025,2025-11,3539694.26,"Repasse SES (Custeio + Fundo Rescisório), Rendimentos de Aplicações Financeiras, Outras entradas",CRESM,ABEVIDA,2025,11,mensal,3722020.57,3079548.0
2025,C:\OSS-Goias\documentos\ABEVIDA\CRESM\2025\21_Relatorio_Comparativo_Recursos\RELATORIO-FINANCEIRO-MENSAL-12.2025.xlsx,RELATORIO-FINANCEIRO-MENSAL-12.2025,2025-12,3550005.55,Repasse SES Custeio + Fundo Rescisório + Rendimentos + Outras entradas,CRESM,ABEVIDA,2025,12,mensal,4128125.87,2501427.68
2025,C:\OSS-Goias\documentos\Albert Einstein\HUGO\2025\21_Relatorio_Comparativo_Recursos\Relatorio-Financeiro-Mensal-Comparativo-De-Recursos-Recebidos-Gastos-E-Devolvidos-Ao-Poder-Publico-Maio-2025_Assinado.pdf,Relatorio-Financeiro-Mensal-Comparativo-De-Recursos-Recebidos-Gastos-E-Devolvidos-Ao-Poder-Publico-Maio-2025_Assinado,2025-05,37999272.68,"Repasse SES/GO - Custeio, Investimento, Rescisório, Rendimentos, Recuperação de Despesas, Reembolso",HUGO,Albert Einstein,2025,5,mensal,27544385.76,49396481.22
2025,C:\OSS-Goias\documentos\Albert Einstein\HUGO\2025\21_Relatorio_Comparativo_Recursos\Relatorio-Mensal-Comparativo-de-Recursos-Recebidos-fevereiro-2025.xlsx,Relatorio-Mensal-Comparativo-de-Recursos-Recebidos-fevereiro-2025,2025-01,33061499.21,"Repasse SES custeio, investimento, rescisório, rendimentos, recuperação de despesas",HUGO,Albert Einstein,2025,1,mensal,26361462.99,43922964.54
2025,C:\OSS-Goias\documentos\Hospital de Amor\CORA\2025\21_Relatorio_Comparativo_Recursos\relatorio-mensal-comparativo-de-recursos-recebidos-gastos-e-devolvidos-ao-poder-publico-abril-2025.pdf,Relatorio-mensal-comparativo-de-recursos-recebidos-gastos-e-devolvidos-ao-poder-publico-Abril-2025,2025-04,2659861.08,Repasse SES Custeio + Rendimentos Aplicações Financeiras,CORA,Fundação Pio XII,2025,4,mensal,20005.23,2639855.85
2025,C:\OSS-Goias\documentos\Albert Einstein\HUGO\2025\21_Relatorio_Comparativo_Recursos\Relatorio-Mensal-Comparativo-de-Recursos-Recebidos-Gastos-e-Devolvidos-ao-Poder-Publico-Abril-2025.pdf.pdf,Relatorio-Mensal-Comparativo-de-Recursos-Recebidos-Gastos-e-Devolvidos-ao-Poder-Publico-Abril-2025.pdf,2025-04,10954434.13,"Repasse SES (Custeio, Investimento, Rescisório), Rendimentos e Outras Entradas",HUGO,Albert Einstein,2025,4,mensal,28151143.07,38941594.3
2025,C:\OSS-Goias\documentos\IPGSE\HERSO\2025\21_Relatorio_Comparativo_Recursos\relatorio-mensal-comparativo-de-recursos-recebidos-gastos-e-devolvidos-ao-poder-publico-abril-24-07-2025-02cab3d47a.pdf,relatorio-mensal-comparativo-de-recursos-recebidos-gastos-e-devolvidos-ao-poder-publico-abril-24-07-2025-02cab3d47a,2025-04,1286467.73,Repasse SES + Aplicação 3% + Rendimentos + Recuperação de Despesas,HERSO,IPGSE,2025,4,mensal,5955074.69,5636193.69
2025,C:\OSS-Goias\documentos\IPGSE\HERSO\2025\21_Relatorio_Comparativo_Recursos\relatorio-mensal-comparativo-de-recursos-recebidos-gastos-e-devolvidos-ao-poder-publico-abril-24-07-2025-d66f0a8bd4.xlsx,relatorio-mensal-comparativo-de-recursos-recebidos-gastos-e-devolvidos-ao-poder-publico-abril-24-07-2025-d66f0a8bd4,2025-04,1286467.73,Repasse SES + Rendimentos + Recuperação de Despesas,HERSO,IPGSE,2025,4,mensal,5955074.69,5636193.69
2025,C:\OSS-Goias\documentos\Albert Einstein\HUGO\2025\21_Relatorio_Comparativo_Recursos\Relatorio-mensal-comparativo-de-recursos-recebidos-gastos-e-devolvidos-ao-poder-publico-Agosto-2025.pdf.pdf,Relatorio-mensal-comparativo-de-recursos-recebidos-gastos-e-devolvidos-ao-poder-publico-Agosto-2025.pdf,2025-08,27230564.69,"Repasse SES Custeio, Investimento, Rescisório, Rendimentos, Receitas Não Governamentais",HUGO,Albert Einstein,2025,8,mensal,25055706.32,52087581.36
2025,C:\OSS-Goias\documentos\Albert Einstein\HUGO\2025\21_Relatorio_Comparativo_Recursos\Relatorio-mensal-comparativo-de-recursos-recebidos-gastos-e-devolvidos-ao-poder-publico-Agosto-2025.xl_.xlsx,Relatorio-mensal-comparativo-de-recursos-recebidos-gastos-e-devolvidos-ao-poder-publico-Agosto-2025.xl_,2025-08,27230564.69,"Repasse SES, Rendimentos, Receitas Não Governamentais",HUGO,Albert Einstein,2025,8,mensal,25055706.32,52087581.36
2025,C:\OSS-Goias\documentos\Hospital de Amor\CORA\2025\21_Relatorio_Comparativo_Recursos\relatorio-mensal-comparativo-de-recursos-recebidos-gastos-e-devolvidos-ao-poder-publico-dezembro-2025.pdf,relatorio-mensal-comparativo-de-recursos-recebidos-gastos-e-devolvidos-ao-poder-publico-dezembro-2025,2025-12,4982257.83,Repasse SES custeio + rendimentos aplicações + outras entradas,CORA,Fundação Pio XII,2025,12,mensal,4998835.35,708300.16
2025,C:\OSS-Goias\documentos\IPGSE\HERSO\2025\21_Relatorio_Comparativo_Recursos\relatorio-mensal-comparativo-de-recursos-recebidos-gastos-e-devolvidos-ao-poder-publico-dezembro-24-07-2025-505bd16bdd.xlsx,relatorio-mensal-comparativo-de-recursos-recebidos-gastos-e-devolvidos-ao-poder-publico-dezembro-24-07-2025-505bd16bdd,2024-12,6049564.6,Repasse SES + Rendimentos + Devolução de Pagamento Indevido,HERSO,IPGSE,2024,12,mensal,7119965.93,4955702.24
2025,C:\OSS-Goias\documentos\IPGSE\HERSO\2025\21_Relatorio_Comparativo_Recursos\relatorio-mensal-comparativo-de-recursos-recebidos-gastos-e-devolvidos-ao-poder-publico-dezembro-24-07-2025-d4a656de51.pdf,relatorio-mensal-comparativo-de-recursos-recebidos-gastos-e-devolvidos-ao-poder-publico-dezembro-24-07-2025-d4a656de51,2024-12,6049564.6,Repasse SES-GO (Custeio + Investimento + Aplicação 3%) + Rendimentos + Devolução Pagamento Indevido,HERSO,IPGSE,2024,12,mensal,7119965.93,4955702.24
2025,C:\OSS-Goias\documentos\IPGSE\HERSO\2025\21_Relatorio_Comparativo_Recursos\relatorio-mensal-comparativo-de-recursos-recebidos-gastos-e-devolvidos-ao-poder-publico-fevereiro-24-07-2025-0fcc592d00.pdf,relatorio-mensal-comparativo-de-recursos-recebidos-gastos-e-devolvidos-ao-poder-publico-fevereiro-24-07-2025-0fcc592d00,2025-02,11799600.87,Repasse SES-GO + Rendimentos + Recuperação de Despesas,HERSO,IPGSE,2025,2,mensal,6430426.59,9838183.01
2025,C:\OSS-Goias\documentos\IPGSE\HERSO\2025\21_Relatorio_Comparativo_Recursos\relatorio-mensal-comparativo-de-recursos-recebidos-gastos-e-devolvidos-ao-poder-publico-fevereiro-24-07-2025-6f7ebc428a.xlsx,relatorio-mensal-comparativo-de-recursos-recebidos-gastos-e-devolvidos-ao-poder-publico-fevereiro-24-07-2025-6f7ebc428a,2025-02,11799600.87,Repasse SES + Rendimentos + Recuperação de Despesas,HERSO,IPGSE,2025,2,mensal,6430426.59,9838183.01
2025,C:\OSS-Goias\documentos\IPGSE\HERSO\2025\21_Relatorio_Comparativo_Recursos\relatorio-mensal-comparativo-de-recursos-recebidos-gastos-e-devolvidos-ao-poder-publico-janeiro-24-07-2025-2bc94d2e5a.pdf,relatorio-mensal-comparativo-de-recursos-recebidos-gastos-e-devolvidos-ao-poder-publico-janeiro-24-07-2025-2bc94d2e5a,2025-01,5970499.89,Repasse SES + Aplicação 3% + Rendimentos + Recuperação de Despesas,HERSO,IPGSE,2025,1,mensal,6454398.38,4470397.11
2025,C:\OSS-Goias\documentos\IPGSE\HERSO\2025\21_Relatorio_Comparativo_Recursos\relatorio-mensal-comparativo-de-recursos-recebidos-gastos-e-devolvidos-ao-poder-publico-janeiro-24-07-2025-91b6b1806e.xlsx,relatorio-mensal-comparativo-de-recursos-recebidos-gastos-e-devolvidos-ao-poder-publico-janeiro-24-07-2025-91b6b1806e,2025-01,5970499.89,Repasse SES + Rendimentos + Outras entradas,HERSO,IPGSE,2025,1,mensal,6454398.38,4470397.11
2025,C:\OSS-Goias\documentos\Albert Einstein\HUGO\2025\21_Relatorio_Comparativo_Recursos\Relatorio-mensal-comparativo-de-recursos-recebidos-gastos-e-devolvidos-ao-poder-publico-Julho-2025.pdf,Relatorio-mensal-comparativo-de-recursos-recebidos-gastos-e-devolvidos-ao-poder-publico-Julho-2025,2025-07,30472658.37,Repasse SES Custeio + Investimento + Rescisório + Rendimentos + Recuperação de Despesas,HUGO,Albert Einstein,2025,7,mensal,28197551.55,50084491.77
2025,C:\OSS-Goias\documentos\Hospital de Amor\CORA\2025\21_Relatorio_Comparativo_Recursos\relatorio-mensal-comparativo-de-recursos-recebidos-gastos-e-devolvidos-ao-poder-publico-junho-2025.pdf,relatorio-mensal-comparativo-de-recursos-recebidos-gastos-e-devolvidos-ao-poder-publico-junho-2025,2025-06,6118700.91,Repasse SES Custeio + Rendimentos + Reembolsos,CORA,Fundação Pio XII,2025,6,mensal,3422433.28,3869669.42
2025,C:\OSS-Goias\documentos\Albert Einstein\HUGO\2025\21_Relatorio_Comparativo_Recursos\Relatorio-Mensal-Comparativo-de-Recursos-Recebidos-Gastos-e-Devolvidos-ao-Poder-Publico-Junho-2025.pdf.pdf,Relatorio-Mensal-Comparativo-de-Recursos-Recebidos-Gastos-e-Devolvidos-ao-Poder-Publico-Junho-2025.pdf,2025-06,25390595.2,SES - Repasse Custeio + Investimento + Rendimentos + Outras entradas,HUGO,Albert Einstein,2025,6,mensal,26969691.47,47809384.95
2025,C:\OSS-Goias\documentos\IPGSE\HERSO\2025\21_Relatorio_Comparativo_Recursos\relatorio-mensal-comparativo-de-recursos-recebidos-gastos-e-devolvidos-ao-poder-publico-junho-24-07-2025-6376a63ffc.xlsx,relatorio-mensal-comparativo-de-recursos-recebidos-gastos-e-devolvidos-ao-poder-publico-junho-24-07-2025-6376a63ffc,2025-05,5960351.1,Repasse SES-GO + Rendimentos,HERSO,IPGSE,2025,5,mensal,6885969.69,4707454.48
2025,C:\OSS-Goias\documentos\IPGSE\HERSO\2025\21_Relatorio_Comparativo_Recursos\relatorio-mensal-comparativo-de-recursos-recebidos-gastos-e-devolvidos-ao-poder-publico-junho-24-07-2025-af8b119307.pdf,relatorio-mensal-comparativo-de-recursos-recebidos-gastos-e-devolvidos-ao-poder-publico-junho-24-07-2025-af8b119307,2025-06,10564258.76,Repasse SES + Rendimentos sobre Aplicações Financeiras,HERSO,IPGSE,2025,6,mensal,5893156.38,7791975.26
2025,C:\OSS-Goias\documentos\Hospital de Amor\CORA\2025\21_Relatorio_Comparativo_Recursos\relatorio-mensal-comparativo-de-recursos-recebidos-gastos-e-devolvidos-ao-poder-publico-maio-2025.pdf,relatorio-mensal-comparativo-de-recursos-recebidos-gastos-e-devolvidos-ao-poder-publico-maio-2025,2025-05,17770.93,Rendimento sobre Aplicações Financeiras - CUSTEIO,CORA,Fundação Pio XII,2025,5,mensal,1484224.99,1173401.79
2025,C:\OSS-Goias\documentos\IPGSE\HERSO\2025\21_Relatorio_Comparativo_Recursos\relatorio-mensal-comparativo-de-recursos-recebidos-gastos-e-devolvidos-ao-poder-publico-maio-24-07-2025-16673a52f6.pdf,relatorio-mensal-comparativo-de-recursos-recebidos-gastos-e-devolvidos-ao-poder-publico-maio-24-07-2025-16673a52f6,2025-05,5960351.1,Repasse SES + Rendimentos sobre Aplicações Financeiras,HERSO,IPGSE,2025,5,mensal,6885969.69,4707454.48
2025,C:\OSS-Goias\documentos\IPGSE\HERSO\2025\21_Relatorio_Comparativo_Recursos\relatorio-mensal-comparativo-de-recursos-recebidos-gastos-e-devolvidos-ao-poder-publico-maio-24-07-2025-5b48917996.xlsx,relatorio-mensal-comparativo-de-recursos-recebidos-gastos-e-devolvidos-ao-poder-publico-maio-24-07-2025-5b48917996,2025-05,5960351.1,Repasse SES-GO + Rendimentos sobre Aplicações Financeiras,HERSO,IPGSE,2025,5,mensal,6885969.69,4707454.48
2025,C:\OSS-Goias\documentos\Albert Einstein\HUGO\2025\21_Relatorio_Comparativo_Recursos\Relatorio-mensal-comparativo-de-recursos-recebidos-gastos-e-devolvidos-ao-Poder-Publico-Marco-2025.xlsx,Relatorio-mensal-comparativo-de-recursos-recebidos-gastos-e-devolvidos-ao-Poder-Publico-Marco-2025,2025-03,45582023.07,"Repasse SES Custeio, Investimento, Rescisório, Rendimentos, Recuperação de Despesas, Reembolso",HUGO,Albert Einstein,2025,3,mensal,33332086.58,56138303.24
2025,C:\OSS-Goias\documentos\IPGSE\HERSO\2025\21_Relatorio_Comparativo_Recursos\relatorio-mensal-comparativo-de-recursos-recebidos-gastos-e-devolvidos-ao-poder-publico-marco-24-07-2025-1062b88bba.pdf,relatorio-mensal-comparativo-de-recursos-recebidos-gastos-e-devolvidos-ao-poder-publico-marco-24-07-2025-1062b88bba,2025-03,7056321.95,Repasse SES-GO + Rendimentos + Recuperação de Despesas,HERSO,IPGSE,2025,3,mensal,6587180.35,10306047.79
2025,C:\OSS-Goias\documentos\IPGSE\HERSO\2025\21_Relatorio_Comparativo_Recursos\relatorio-mensal-comparativo-de-recursos-recebidos-gastos-e-devolvidos-ao-poder-publico-marco-24-07-2025-faead6d0ad.xlsx,relatorio-mensal-comparativo-de-recursos-recebidos-gastos-e-devolvidos-ao-poder-publico-marco-24-07-2025-faead6d0ad,2025-03,7056321.95,SES-GO + Rendimentos + Recuperação de Despesas,HERSO,IPGSE,2025,3,mensal,6587180.35,10306047.79
2025,C:\OSS-Goias\documentos\Hospital de Amor\CORA\2025\21_Relatorio_Comparativo_Recursos\relatorio-mensal-comparativo-de-recursos-recebidos-gastos-e-devolvidos-ao-poder-publico-novembro-2025.pdf,relatorio-mensal-comparativo-de-recursos-recebidos-gastos-e-devolvidos-ao-poder-publico-novembro-2025,2025-11,4522608.05,Repasse SES + Rendimentos + Outras entradas,CORA,Fundação Pio XII,2025,11,mensal,5637167.53,930645.14
2025,C:\OSS-Goias\documentos\Albert Einstein\HUGO\2025\21_Relatorio_Comparativo_Recursos\Relatorio-mensal-comparativo-de-recursos-recebidos-gastos-e-devolvidos-ao-poder-publico-Novembro-2025.xlsx.xlsx,Relatorio-mensal-comparativo-de-recursos-recebidos-gastos-e-devolvidos-ao-poder-publico-Novembro-2025.xlsx,2025-11,24904666.76,"Repasse SES custeio, investimento, rescisório, rendimentos, outras entradas, doações",HUGOL,Albert Einstein,2025,11,mensal,27732790.7,48869945.52
2025,C:\OSS-Goias\documentos\IPGSE\HERSO\2025\21_Relatorio_Comparativo_Recursos\relatorio-mensal-comparativo-de-recursos-recebidos-gastos-e-devolvidos-ao-poder-publico-novembro-24-07-2025-d7daa62bb6.xlsx,relatorio-mensal-comparativo-de-recursos-recebidos-gastos-e-devolvidos-ao-poder-publico-novembro-24-07-2025-d7daa62bb6,2024-11,6684095.86,Repasse SES + Rendimento Aplicações + Recuperação de Despesas,HERSO,IPGSE,2024,11,mensal,7061637.6,6026103.57
2025,C:\OSS-Goias\documentos\IPGSE\HERSO\2025\21_Relatorio_Comparativo_Recursos\relatorio-mensal-comparativo-de-recursos-recebidos-gastos-e-devolvidos-ao-poder-publico-novembro-24-07-2025-f8d95b4b57.pdf,relatorio-mensal-comparativo-de-recursos-recebidos-gastos-e-devolvidos-ao-poder-publico-novembro-24-07-2025-f8d95b4b57,2024-11,6684095.86,Repasse SES + Rendimentos + Recuperação de Despesas,HERSO,IPGSE,2024,11,mensal,7061637.6,6026103.57
2025,C:\OSS-Goias\documentos\Hospital de Amor\CORA\2025\21_Relatorio_Comparativo_Recursos\relatorio-mensal-comparativo-de-recursos-recebidos-gastos-e-devolvidos-ao-poder-publico-outubro-2025.xlsx,relatorio-mensal-comparativo-de-recursos-recebidos-gastos-e-devolvidos-ao-poder-publico-outubro-2025,2025-10,4435164.27,Repasse SES custeio + rendimentos aplicações + outras entradas,CORA,Fundação Pio XII,2025,10,mensal,4673326.86,2417895.2
2025,C:\OSS-Goias\documentos\IPGSE\HERSO\2025\21_Relatorio_Comparativo_Recursos\relatorio-mensal-comparativo-de-recursos-recebidos-gastos-e-devolvidos-ao-poder-publico-outubro-24-07-2025-b650aeebf3.xlsx,relatorio-mensal-comparativo-de-recursos-recebidos-gastos-e-devolvidos-ao-poder-publico-outubro-24-07-2025-b650aeebf3,2024-10,6179978.68,Repasse SES-GO (Custeio + Investimento) + Rendimentos + Recuperação de Despesas,HERSO,IPGSE,2024,10,mensal,6942518.84,6405050.53
2025,C:\OSS-Goias\documentos\IPGSE\HERSO\2025\21_Relatorio_Comparativo_Recursos\relatorio-mensal-comparativo-de-recursos-recebidos-gastos-e-devolvidos-ao-poder-publico-outubro-24-07-2025-fbade2f266.pdf,relatorio-mensal-comparativo-de-recursos-recebidos-gastos-e-devolvidos-ao-poder-publico-outubro-24-07-2025-fbade2f266,2024-10,6179978.68,Repasse SES + Rendimentos + Recuperação de Despesas,HERSO,IPGSE,2024,10,mensal,6942518.84,6405050.53
2025,C:\OSS-Goias\documentos\IPGSE\HERSO\2025\21_Relatorio_Comparativo_Recursos\relatorio-mensal-comparativo-de-recursos-recebidos-gastos-e-devolvidos-ao-poder-publico-setembro-24-07-2025-7a4139909f.xlsx,relatorio-mensal-comparativo-de-recursos-recebidos-gastos-e-devolvidos-ao-poder-publico-setembro-24-07-2025-7a4139909f,2024-09,6777126.55,Repasse SES-GO + Rendimentos + Recuperação de Despesas,HERSO,IPGSE,2024,9,mensal,5920191.04,7167684.85
2025,C:\OSS-Goias\documentos\IPGSE\HERSO\2025\21_Relatorio_Comparativo_Recursos\relatorio-mensal-comparativo-de-recursos-recebidos-gastos-e-devolvidos-ao-poder-publico-setembro-24-07-2025-b44c3ed454.pdf,relatorio-mensal-comparativo-de-recursos-recebidos-gastos-e-devolvidos-ao-poder-publico-setembro-24-07-2025-b44c3ed454,2024-09,6777126.55,Repasse SES + Rendimentos + Recuperação de Despesas,HERSO,IPGSE,2024,9,mensal,5920191.04,7167684.85
2025,C:\OSS-Goias\documentos\Albert Einstein\HUGO\2025\21_Relatorio_Comparativo_Recursos\Relatorio-mensal-comparativo-de-recursos-recebidos-gastos-e-devolvidos-ao-poder-publicos-Outubro-2025.xlsx,Relatorio-mensal-comparativo-de-recursos-recebidos-gastos-e-devolvidos-ao-poder-publicos-Outubro-2025,2025-10,26729085.95,Repasse SES Custeio + Investimento + Rescisório + Rendimentos + Recuperação de Despesas,HUGO,Albert Einstein,2025,10,mensal,27732790.7,51709770.18
2025,documentos\IMED\HETRIN\2025\99_NaoClassificado\RELATORIO_FINANCEIRO_DOS_RECURSOS_012025_HETRIN.xlsx,RELATORIO_FINANCEIRO_DOS_RECURSOS_012025_HETRIN,2025-01,6077728.91,SES Custeio + Rendimentos + Outras Entradas,HETRIN,IMED,2025,1,mensal,5421628.92,28043689.96
2025,documentos\IMED\PFRE\2025\99_NaoClassificado\RELATORIO_FINANCEIRO_DOS_RECURSOS_012025_POLICLINICA_DE_FORMOSA.xlsx,RELATORIO_FINANCEIRO_DOS_RECURSOS_012025_POLICLINICA_DE_FORMOSA,2025-01,2236561.43,Repasse SES + Rendimentos + Outras Entradas,PFRE,IMED,2025,1,mensal,2297953.06,4105400.81
2025,documentos\IMED\HETRIN\2025\99_NaoClassificado\RELATORIO_FINANCEIRO_DOS_RECURSOS_HETRIN_032025.xlsx,RELATORIO_FINANCEIRO_DOS_RECURSOS_HETRIN_032025,2025-03,5894858.52,Repasse SES Custeio + Rendimentos + Outras Entradas,HETRIN,IMED,2025,3,mensal,7755745.19,23416709.14
2025,documentos\IMED\HETRIN\2025\99_NaoClassificado\RELATORIO_FINANCEIRO_DOS_RECURSOS_HETRIN_04.2025-1.xlsx,RELATORIO_FINANCEIRO_DOS_RECURSOS_HETRIN_04.2025-1,2025-04,16189053.51,Repasse SES Custeio + Rendimentos + Outras Entradas,HETRIN,IMED,2025,4,mensal,10559990.94,29026498.82
2025,documentos\IMED\HETRIN\2025\99_NaoClassificado\RELATORIO_FINANCEIRO_DOS_RECURSOS_HETRIN_05.2025-1.xlsx,RELATORIO_FINANCEIRO_DOS_RECURSOS_HETRIN_05.2025-1,2025-05,6334069.82,"Repasse SES (Custeio), Rendimentos sobre Aplicações, Recuperação de Despesas",HUTRIN,IMED,2025,5,mensal,9453795.68,26172247.44
2025,documentos\IMED\HETRIN\2025\99_NaoClassificado\RELATORIO_FINANCEIRO_DOS_RECURSOS_HETRIN_06.2025-1.xlsx,RELATORIO_FINANCEIRO_DOS_RECURSOS_HETRIN_06.2025-1,2025-06,6115470.04,Repasse SES + Rendimentos + Outras Entradas,HETRIN,IMED,2025,6,mensal,7743025.46,24667692.02
2025,documentos\IMED\HETRIN\2025\99_NaoClassificado\RELATORIO_FINANCEIRO_DOS_RECURSOS_HETRIN_06.2025.pdf,RELATORIO_FINANCEIRO_DOS_RECURSOS_HETRIN_06.2025,2025-06,6115470.04,Repasse SES (Custeio) + Rendimentos + Outras Entradas,HETRIN,IMED,2025,6,mensal,7743025.46,24667692.02
2025,documentos\IMED\PFRE\2025\99_NaoClassificado\RELATORIO_FINANCEIRO_DOS_RECURSOS_PLC_FORMOSA_022025.xlsx,RELATORIO_FINANCEIRO_DOS_RECURSOS_PLC_FORMOSA_022025,2025-02,2422918.37,Repasse SES + Rendimentos + Outras Entradas,PFRE,IMED,2025,2,mensal,2130792.98,4397526.2
2025,documentos\IMED\PFRE\2025\99_NaoClassificado\RELATORIO_FINANCEIRO_DOS_RECURSOS_PLC_FORMOSA_032025.xlsx,RELATORIO_FINANCEIRO_DOS_RECURSOS_PLC_FORMOSA_032025,2025-03,1578344.65,Repasse SES + Rendimentos + Outras Entradas,PFRE,IMED,2025,3,mensal,2034116.33,3937567.88
2025,documentos\IMED\PFRE\2025\99_NaoClassificado\RELATORIO_FINANCEIRO_DOS_RECURSOS_PLC_FORMOSA_04.2025.xlsx,RELATORIO_FINANCEIRO_DOS_RECURSOS_PLC_FORMOSA_04.2025,2025-04,4008718.9,Repasse SES Custeio + Rendimentos + Outras Entradas,PLC Formosa,IMED,2025,4,mensal,2440051.43,5506235.35
2025,documentos\IMED\PFRE\2025\99_NaoClassificado\RELATORIO_FINANCEIRO_DOS_RECURSOS_PLC_FORMOSA_05.2025.xlsx,RELATORIO_FINANCEIRO_DOS_RECURSOS_PLC_FORMOSA_05.2025,2025-05,2226289.84,Repasse SES Custeio + Rendimentos + Outras Entradas,PFRE,IMED,2025,5,mensal,2187687.25,5544837.94
2025,documentos\IMED\PFRE\2025\99_NaoClassificado\RELATORIO_FINANCEIRO_DOS_RECURSOS_PLC_FORMOSA_06.2025.xlsx,RELATORIO_FINANCEIRO_DOS_RECURSOS_PLC_FORMOSA_06.2025,2025-06,2402162.21,Repasse SES Custeio + Rendimentos + Recuperação de Despesas,PLC FORMOSA,IMED,2025,6,mensal,1782770.58,6164229.57
2025,C:\OSS-Goias\documentos\Hospital de Amor\CORA\2025\21_Relatorio_Comparativo_Recursos\Relatório mensal comparativo de recursos recebidos gastos e devolvidos ao Poder Público - Agosto 2025.pdf,Relatório mensal comparativo de recursos recebidos gastos e devolvidos ao Poder Público - Agosto 2025,2025-08,4243532.08,Repasse SES custeio + rendimentos aplicações + outras entradas,CORA,Fundação Pio XII,2025,8,mensal,4073459.07,4061636.14
2025,C:\OSS-Goias\documentos\Hospital de Amor\CORA\2025\21_Relatorio_Comparativo_Recursos\Relatório mensal comparativo de recursos recebidos gastos e devolvidos ao Poder Público - Dezembro 2025.xlsx,Relatório mensal comparativo de recursos recebidos gastos e devolvidos ao Poder Público - Dezembro 2025,2025-12,4982257.83,Repasse SES + Rendimentos + Outras entradas,CORA,Fundação Pio XII,2025,12,mensal,4998835.35,708300.16
2025,C:\OSS-Goias\documentos\Hospital de Amor\CORA\2025\21_Relatorio_Comparativo_Recursos\Relatório mensal comparativo de recursos recebidos gastos e devolvidos ao Poder Público - Julho 2025.pdf,Relatório mensal comparativo de recursos recebidos gastos e devolvidos ao Poder Público - Julho 2025,2025-07,4357780.36,Repasse SES custeio + rendimentos aplicações + outras entradas,CORA,Fundação Pio XII,2025,7,mensal,4335886.65,3891563.13
2025,C:\OSS-Goias\documentos\Hospital de Amor\CORA\2025\21_Relatorio_Comparativo_Recursos\Relatório mensal comparativo de recursos recebidos gastos e devolvidos ao Poder Público - Novembro 2025.xlsx,Relatório mensal comparativo de recursos recebidos gastos e devolvidos ao Poder Público - Novembro 2025,2025-11,4522608.05,Repasse SES + Rendimentos + Outras entradas,CORA,Hospital de Amor,2025,11,mensal,5637167.53,930645.14
2025,C:\OSS-Goias\documentos\Hospital de Amor\CORA\2025\21_Relatorio_Comparativo_Recursos\Relatório mensal comparativo de recursos recebidos gastos e devolvidos ao Poder Público - Setembro 2025.xlsx,Relatório mensal comparativo de recursos recebidos gastos e devolvidos ao Poder Público - Setembro 2025,2025-09,4382424.79,Repasse SES Custeio + Rendimentos + Outras Entradas,CORA,Hospital de Amor,2025,9,mensal,5568561.38,2714452.09
2025,"C:\OSS-Goias\documentos\AGIR\HUGOL\2025\21_Relatorio_Comparativo_Recursos\Relatório mensal comparativo de recursos recebidos, gastos e devolvidos ao Poder Público_01-2025-HUGOL.xlsx","Relatório mensal comparativo de recursos recebidos, gastos e devolvidos ao Poder Público_01-2025-HUGOL",2025-01,37061799.26,SES/GO - Repasse Custeio + Rendimentos + Outras Entradas,HUGOL,AGIR,2025,1,mensal,37142733.59,12072007.99
2025,"C:\OSS-Goias\documentos\AGIR\HUGOL\2025\21_Relatorio_Comparativo_Recursos\Relatório mensal comparativo de recursos recebidos, gastos e devolvidos ao Poder Público_02-2025-HUGOL.pdf","Relatório mensal comparativo de recursos recebidos, gastos e devolvidos ao Poder Público_02-2025-HUGOL",2025-02,75097112.2,Repasse SES CUSTEIO + Rendimentos + Outras entradas,HUGOL,AGIR,2025,2,mensal,40584364.96,46584755.23
2025,"C:\OSS-Goias\documentos\AGIR\HUGOL\2025\21_Relatorio_Comparativo_Recursos\Relatório mensal comparativo de recursos recebidos, gastos e devolvidos ao Poder Público_03-2025-HUGOL.xlsx","Relatório mensal comparativo de recursos recebidos, gastos e devolvidos ao Poder Público_03-2025-HUGOL",2025-03,8191867.48,Repasse SES Custeio + Rendimentos + Outras Entradas,HUGOL,AGIR,2025,3,mensal,36483702.74,18269641.47
2025,"C:\OSS-Goias\documentos\AGIR\HUGOL\2025\21_Relatorio_Comparativo_Recursos\Relatório mensal comparativo de recursos recebidos, gastos e devolvidos ao Poder Público_06-2025-HUGOL.pdf","Relatório mensal comparativo de recursos recebidos, gastos e devolvidos ao Poder Público_06-2025-HUGOL",2025-06,38684135.71,Repasse SES Custeio + Rendimentos + Outras entradas,HUGOL,AGIR,2025,6,mensal,34134195.69,20272273.98
2025,"C:\OSS-Goias\documentos\AGIR\HUGOL\2025\21_Relatorio_Comparativo_Recursos\Relatório mensal comparativo de recursos recebidos, gastos e devolvidos ao Poder Público_07-2025-HUGOL.pdf","Relatório mensal comparativo de recursos recebidos, gastos e devolvidos ao Poder Público_07-2025-HUGOL",2025-07,37099785.76,Repasse CUSTEIO SES + Rendimentos + Outras entradas,HUGOL,AGIR,2025,7,mensal,35037348.57,22169536.89
2025,"C:\OSS-Goias\documentos\AGIR\HUGOL\2025\21_Relatorio_Comparativo_Recursos\Relatório mensal comparativo de recursos recebidos, gastos e devolvidos ao Poder Público_08-2025-HUGOL.pdf","Relatório mensal comparativo de recursos recebidos, gastos e devolvidos ao Poder Público_08-2025-HUGOL",2025-08,37715913.34,Repasse SES (Custeio + Investimento) + Rendimentos + Outras entradas,HUGOL,AGIR,2025,8,mensal,29810497.68,30074952.55
2025,"C:\OSS-Goias\documentos\AGIR\HUGOL\2025\21_Relatorio_Comparativo_Recursos\Relatório mensal comparativo de recursos recebidos, gastos e devolvidos ao Poder Público_09-2025-HUGOL.pdf","Relatório mensal comparativo de recursos recebidos, gastos e devolvidos ao Poder Público_09-2025-HUGOL",2025-09,40674528.21,SES (Custeio + Investimento) + Rendimentos + Outras entradas,HUGOL,AGIR,2025,9,mensal,44874657.66,25874823.1
2025,"C:\OSS-Goias\documentos\AGIR\HEJ\2025\21_Relatorio_Comparativo_Recursos\Relatório mensal comparativo de recursos recebidos, gastos e devolvidos ao Poder Público_10-2025-HEJ.pdf","Relatório mensal comparativo de recursos recebidos, gastos e devolvidos ao Poder Público_10-2025-HEJ",2025-10,9724792.25,Repasse SES-GO Custeio + Rendimentos sobre Aplicações Financeiras,HEJ,AGIR,2025,10,mensal,6428272.34,10839189.97
2025,"C:\OSS-Goias\documentos\AGIR\HUGOL\2025\21_Relatorio_Comparativo_Recursos\Relatório mensal comparativo de recursos recebidos, gastos e devolvidos ao Poder Público_10-2025-HUGOL.xlsx","Relatório mensal comparativo de recursos recebidos, gastos e devolvidos ao Poder Público_10-2025-HUGOL",2025-10,44746288.11,SES Custeio + Investimento + Rendimentos + Outras entradas,HUGOL,AGIR,2025,10,mensal,40147074.94,30463970.02
2025,"C:\OSS-Goias\documentos\AGIR\HEJ\2025\21_Relatorio_Comparativo_Recursos\Relatório mensal comparativo de recursos recebidos, gastos e devolvidos ao Poder Público_11-2025-HEJ.pdf","Relatório mensal comparativo de recursos recebidos, gastos e devolvidos ao Poder Público_11-2025-HEJ",2025-11,9832658.63,Repasse SES Custeio + Rendimentos + Outras entradas,HEJ,AGIR,2025,11,mensal,9728009.8,10943838.8
2025,"C:\OSS-Goias\documentos\AGIR\HUGOL\2025\21_Relatorio_Comparativo_Recursos\Relatório mensal comparativo de recursos recebidos, gastos e devolvidos ao Poder Público_11-2025-HUGOL.xlsx","Relatório mensal comparativo de recursos recebidos, gastos e devolvidos ao Poder Público_11-2025-HUGOL",2025-11,41969539.59,Repasse SES Custeio + Investimento + Rendimentos + Outras Entradas,HUGOL,AGIR,2025,11,mensal,43996104.75,27266134.26
2025,C:\OSS-Goias\documentos\Hospital de Amor\CORA\2025\21_Relatorio_Comparativo_Recursos\u2190bdc3_Relatório mensal comparativo de recursos recebidos gastos e devolvidos ao Poder Público - Agosto 2025.xlsx,u2190bdc3_Relatório mensal comparativo de recursos recebidos gastos e devolvidos ao Poder Público - Agosto 2025,2025-08,4243532.08,SES repasse custeio + rendimentos + outras entradas,CORA,Fundação Pio XII,2025,8,mensal,4073459.07,4061636.14
2025,C:\OSS-Goias\documentos\Hospital de Amor\CORA\2025\21_Relatorio_Comparativo_Recursos\u394850de_Relatório mensal comparativo de recursos recebidos gastos e devolvidos ao Poder Público - Dezembro 2025.xlsx,u394850de_Relatório mensal comparativo de recursos recebidos gastos e devolvidos ao Poder Público - Dezembro 2025,2025-12,4982257.83,Repasse SES Custeio + Rendimentos Aplicações + Outras Entradas,CORA,Hospital de Amor,2025,12,mensal,4998835.35,708300.16
2025,C:\OSS-Goias\documentos\Hospital de Amor\CORA\2025\21_Relatorio_Comparativo_Recursos\u425d35e1_Relatório mensal comparativo de recursos recebidos gastos e devolvidos ao Poder Público - Julho 2025.pdf,u425d35e1_Relatório mensal comparativo de recursos recebidos gastos e devolvidos ao Poder Público - Julho 2025,2025-07,4357780.36,Repasse SES (custeio) + rendimentos aplicações + outras entradas,CORA,Fundação Pio XII,2025,7,mensal,4335886.65,3891563.13
2025,C:\OSS-Goias\documentos\Hospital de Amor\CORA\2025\21_Relatorio_Comparativo_Recursos\u9e6d715b_Relatório mensal comparativo de recursos recebidos gastos e devolvidos ao Poder Público - Setembro 2025.xlsx,u9e6d715b_Relatório mensal comparativo de recursos recebidos gastos e devolvidos ao Poder Público - Setembro 2025,2025-09,4382424.79,Repasse SES CUSTEIO + Rendimentos + Outras entradas,CORA,Hospital de Amor,2025,9,mensal,5568561.38,2714452.09
2025,C:\OSS-Goias\documentos\Hospital de Amor\CORA\2025\21_Relatorio_Comparativo_Recursos\uecbbfe19_Relatório mensal comparativo de recursos recebidos gastos e devolvidos ao Poder Público - Setembro 2025.pdf,uecbbfe19_Relatório mensal comparativo de recursos recebidos gastos e devolvidos ao Poder Público - Setembro 2025,2025-09,4382424.79,Repasse SES Custeio + Rendimentos + Outras entradas,CORA,Fundação Pio XII,2025,9,mensal,5568561.38,2714452.09
2025,C:\OSS-Goias\documentos\Hospital de Amor\CORA\2025\21_Relatorio_Comparativo_Recursos\uef6d9cf3_Relatório mensal comparativo de recursos recebidos gastos e devolvidos ao Poder Público - Novembro 2025.xlsx,uef6d9cf3_Relatório mensal comparativo de recursos recebidos gastos e devolvidos ao Poder Público - Novembro 2025,2025-11,4522608.05,Repasse SES + Rendimentos + Outras entradas,CORA,Hospital de Amor,2025,11,mensal,5637167.53,930645.14
2025,C:\OSS-Goias\documentos\Hospital de Amor\CORA\2025\21_Relatorio_Comparativo_Recursos\ufd5fe1b0_Relatório mensal comparativo de recursos recebidos gastos e devolvidos ao Poder Público - Agosto 2025.pdf,ufd5fe1b0_Relatório mensal comparativo de recursos recebidos gastos e devolvidos ao Poder Público - Agosto 2025,2025-08,4243532.08,Repasse SES custeio + rendimentos aplicações + outras entradas,CORA,Fundação Pio XII,2025,8,mensal,4073459.07,4061636.14
2026,C:\OSS-Goias\documentos\IPGSE\HERSO\2026\21_Relatorio_Comparativo_Recursos\01-relatorio-mensal-janeiro-09-02-2026-04f9beaed7.pdf,01-relatorio-mensal-janeiro-09-02-2026-04f9beaed7,2026-01,6771068.96,Repasse SES + Aplicação 3% + Rendimentos + Recuperação de Despesas,HERSO,IPGSE,2026,1,mensal,6588916.42,12741982.47
2026,C:\OSS-Goias\documentos\IPGSE\HERSO\2026\21_Relatorio_Comparativo_Recursos\01-relatorio-mensal-janeiro-09-02-2026-678a7349b5.xlsx,01-relatorio-mensal-janeiro-09-02-2026-678a7349b5,2026-01,6771068.96,Repasse SES-GO (Custeio + Aplicação 3%) + Rendimentos + Recuperação de Despesas,HERSO,IPGSE,2026,1,mensal,6588916.42,12741982.47
2026,C:\OSS-Goias\documentos\ISG\HDT\2026\21_Relatorio_Comparativo_Recursos\01.2026-Relatorio-1.pdf,01.2026-Relatorio-1,2026-01,8849135.08,Repasse SES Custeio + Rendimentos + Outras Entradas,HDT,ISG,2026,1,mensal,8259013.9,7455628.62
2026,documentos\IMED\HETRIN\2026\99_NaoClassificado\01_2026_RELATORIO-MENSAL-RECURSOS-RECEBIDOS-E-GASTOS_JAN25.pdf,01_2026_RELATORIO-MENSAL-RECURSOS-RECEBIDOS-E-GASTOS_JAN25,2026-01,6061954.55,Repasse SES + Rendimentos + Outras entradas,HETRIN,IMED,2026,1,mensal,7274910.26,24086306.1
2026,documentos\IMED\PFRE\2026\99_NaoClassificado\01_2026_RELATORIO-MENSAL-RECURSOS-RECEBIDOS-E-GASTOS_JAN26.xlsx,01_2026_RELATORIO-MENSAL-RECURSOS-RECEBIDOS-E-GASTOS_JAN26,2026-01,2518456.58,Repasse SES Custeio + Rendimentos de Aplicações,PFRE,IMED,2026,1,mensal,2148326.64,9177773.48
2026,C:\OSS-Goias\documentos\IPGSE\HERSO\2026\21_Relatorio_Comparativo_Recursos\02-relatorio-mensal-fevereiro-16-03-2026-f3bddea9e9.xlsx,02-relatorio-mensal-fevereiro-16-03-2026-f3bddea9e9,2026-02,6788606.87,Repasse SES + Rendimentos + Outras entradas,HERSO,IPGSE,2026,2,mensal,6404833.48,13125755.86
2026,C:\OSS-Goias\documentos\IPGSE\HERSO\2026\21_Relatorio_Comparativo_Recursos\02-relatorio-mensal-fevereiro-16-03-2026-f5c6585ef1.pdf,02-relatorio-mensal-fevereiro-16-03-2026-f5c6585ef1,2026-02,6788606.87,Repasse SES-GO (Custeio + Aplicação 3%) + Rendimentos + Outras Entradas,HERSO,IPGSE,2026,2,mensal,6404833.48,13125755.86
2026,C:\OSS-Goias\documentos\ISG\HDT\2026\21_Relatorio_Comparativo_Recursos\02.2026-Relatorio.pdf,02.2026-Relatorio,2026-02,9205120.07,Repasse SES custeio + rendimentos + outras entradas,HDT,ISG,2026,2,mensal,8164253.46,8496495.23
2026,documentos\IMED\HETRIN\2026\99_NaoClassificado\02_2026_RELATORIO-MENSAL-RECURSOS-RECEBIDOS-E-GASTOS_FEV26.pdf,02_2026_RELATORIO-MENSAL-RECURSOS-RECEBIDOS-E-GASTOS_FEV26,2026-02,6055409.72,Repasse SES + Rendimentos + Outras Entradas,HETRIN,IMED,2026,2,mensal,6277992.09,23923553.11
2026,C:\OSS-Goias\documentos\IPGSE\HERSO\2026\21_Relatorio_Comparativo_Recursos\03-relatorio-mensal-marco-10-04-2026-a39a547a06.xlsx,03-relatorio-mensal-marco-10-04-2026-a39a547a06,2026-03,6625849.74,Repasse SES + Rendimentos + Recuperação de Despesas + Reembolso Rateio,HERSO,IPGSE,2026,3,mensal,6187280.37,13560126.29
2026,C:\OSS-Goias\documentos\IPGSE\HERSO\2026\21_Relatorio_Comparativo_Recursos\03-relatorio-mensal-marco-10-04-2026-f785020813.pdf,03-relatorio-mensal-marco-10-04-2026-f785020813,2026-03,6625849.74,Repasse SES + Aplicação 3% + Rendimentos + Recuperação de Despesas + Reembolso Rateio,HERSO,IPGSE,2026,3,mensal,6187280.37,13560126.29
2026,C:\OSS-Goias\documentos\ISG\HDT\2026\21_Relatorio_Comparativo_Recursos\03.2026-Relatorio-1.pdf,03.2026-Relatorio-1,2026-03,9121591.44,Repasse SES custeio + rendimentos + outras entradas,HDT,ISG,2026,3,mensal,8121208.63,9496878.04
2026,documentos\IMED\HETRIN\2026\99_NaoClassificado\03_2026_RELATORIO-DE-RECURSOS-RECEBIDOS-E-GASTOS_MAR26.pdf,03_2026_RELATORIO-DE-RECURSOS-RECEBIDOS-E-GASTOS_MAR26,2026-03,6617525.56,Repasse SES (custeio) + Rendimentos + Outras entradas,HETRIN,IMED,2026,3,mensal,8644454.27,22564780.4
2026,documentos\IMED\PFRE\2026\99_NaoClassificado\03_2026_Relatorio-Mensal-Recursos-Recebidos-e-Gastos_Mar26.xlsx,03_2026_Relatorio-Mensal-Recursos-Recebidos-e-Gastos_Mar26,2026-03,2182957.32,Repasse SES + Rendimentos + Outras Entradas,PFRE,IMED,2026,3,mensal,2193105.48,9631329.43
2026,C:\OSS-Goias\documentos\IPGSE\HERSO\2026\21_Relatorio_Comparativo_Recursos\04-relatorio-mensal-abril-08-05-2026-6dcdc4724d.xlsx,04-relatorio-mensal-abril-08-05-2026-6dcdc4724d,2026-04,6792445.64,Repasse SES-GO + Rendimentos + Outras entradas,HERSO,IPGSE,2026,4,mensal,6283330.47,14066795.27
2026,C:\OSS-Goias\documentos\IPGSE\HERSO\2026\21_Relatorio_Comparativo_Recursos\04-relatorio-mensal-abril-08-05-2026-948684e6a8.pdf,04-relatorio-mensal-abril-08-05-2026-948684e6a8,2026-04,6792445.64,Repasse SES-GO (Custeio + Fundo Rescisório) + Rendimentos + Recuperação de Despesas + Devolução de Pagamento Indevido,HERSO,IPGSE,2026,4,mensal,6283330.47,14066795.27
2026,C:\OSS-Goias\documentos\IPGSE\HERSO\2026\21_Relatorio_Comparativo_Recursos\12-relatorio-mensal-dezembro-13-01-2026-31c3f79e44.xlsx,12-relatorio-mensal-dezembro-13-01-2026-31c3f79e44,2025-12,7002007.45,Repasse SES + Rendimentos + Recuperação de Despesas,HERSO,IPGSE,2025,12,mensal,7373024.55,12561886.03
2026,C:\OSS-Goias\documentos\IPGSE\HERSO\2026\21_Relatorio_Comparativo_Recursos\12-relatorio-mensal-dezembro-13-01-2026-f6275c43a8.pdf,12-relatorio-mensal-dezembro-13-01-2026-f6275c43a8,2025-12,7002007.45,SES-GO / Rendimentos / Recuperação de Despesas,HERSO,IPGSE,2025,12,mensal,7373024.55,12561886.03
2026,C:\OSS-Goias\documentos\ISG\HDT\2026\21_Relatorio_Comparativo_Recursos\12.2025-Relatorio.pdf,12.2025-Relatorio,2025-12,9235297.49,Repasse SES custeio + rendimentos + outras entradas,HDT,ISG,2025,12,mensal,9801474.37,6865507.44
2026,documentos\IMED\HETRIN\2026\99_NaoClassificado\12_2025_RELATORIO-MENSAL-RECURSOS-RECEBIDOS-E-GASTOS_DEZ25.xlsx,12_2025_RELATORIO-MENSAL-RECURSOS-RECEBIDOS-E-GASTOS_DEZ25,2025-12,6226527.32,Repasse SES Custeio + Rendimentos + Outras Entradas,HUTRIN,IMED,2025,12,mensal,7259018.16,25108081.65
2026,C:\OSS-Goias\documentos\FUNEV\HEANA\2026\21_Relatorio_Comparativo_Recursos\1767989171177-1225_Relatório_Financeiro_Mensal_Heana.pdf,1767989171177-1225_Relatório_Financeiro_Mensal_Heana,2025-12,13994747.18,"Repasse SES Custeio, Fundo Rescisório, Rendimentos, Outras entradas",HEANA,FUNEV,2025,12,mensal,15628418.88,3035965.34
2026,C:\OSS-Goias\documentos\FUNEV\HEANA\2026\21_Relatorio_Comparativo_Recursos\1767989171181-1225_Relatório_Financeiro_Mensal_Heana.xlsx,1767989171181-1225_Relatório_Financeiro_Mensal_Heana,2025-12,13994747.18,Repasse SES Custeio + Fundo Rescisório + Rendimentos + Outras entradas,HEANA,FUNEV,2025,12,mensal,15628418.88,3035965.34
2026,C:\OSS-Goias\documentos\FUNEV\HEANA\2026\21_Relatorio_Comparativo_Recursos\1770743791623-0126_Relatorio_Financeiro_Mensal.pdf,1770743791623-0126_Relatorio_Financeiro_Mensal,2026-01,12497934.48,Repasse SES (Custeio + Fundo Rescisório) + Rendimentos + Outras entradas,HEANA,FUNEV,2026,1,mensal,13178614.73,2355285.09
2026,C:\OSS-Goias\documentos\FUNEV\HEANA\2026\21_Relatorio_Comparativo_Recursos\1770743791627-0126_Relatorio_Financeiro_Mensal.xlsx,1770743791627-0126_Relatorio_Financeiro_Mensal,2026-01,12497934.48,"Repasse SES (custeio + fundo rescisório), rendimentos aplicações, outras entradas",HEANA,FUNEV,2026,1,mensal,13178614.73,2355285.09
2026,C:\OSS-Goias\documentos\FUNEV\HEANA\2026\21_Relatorio_Comparativo_Recursos\1773167819367-0225_Relatório_Financeiro_mensal_Heana.pdf,1773167819367-0225_Relatório_Financeiro_mensal_Heana,2026-02,13664782.42,Repasse SES + Rendimentos + Outras entradas,HEANA,FUNEV,2026,2,mensal,11605468.82,4414598.69
2026,C:\OSS-Goias\documentos\FUNEV\HEANA\2026\21_Relatorio_Comparativo_Recursos\1773167819371-0225_Relatório_Financeiro_mensal_Heana.xlsx,1773167819371-0225_Relatório_Financeiro_mensal_Heana,2026-02,13664782.42,"SES/CEF - Custeio, Fundo Rescisório, Rendimentos, Outras entradas",HEANA,FUNEV,2026,2,mensal,11605468.82,4414598.69
2026,C:\OSS-Goias\documentos\FUNEV\HEANA\2026\21_Relatorio_Comparativo_Recursos\1775765213559-Fluxo_de_Caixa_032026_-_HEANA.pdf,1775765213559-Fluxo_de_Caixa_032026_-_HEANA,2026-03,12438111.67,Repasse SES/Rendimentos/Outras entradas,HEANA,FUNEV,2026,3,mensal,11860882.86,4870827.5
2026,C:\OSS-Goias\documentos\FUNEV\HEANA\2026\21_Relatorio_Comparativo_Recursos\1775765213567-91_Fluxo_de_Caixa_03-2026_-_HEANA.xlsx,1775765213567-91_Fluxo_de_Caixa_03-2026_-_HEANA,2026-03,12438111.67,"Repasse SES (custeio + fundo rescisório), rendimentos aplicações financeiras",HEANA,FUNEV,2026,3,mensal,11860882.86,4870827.5
2026,C:\OSS-Goias\documentos\AGIR\HEJ\2026\21_Relatorio_Comparativo_Recursos\HEJ - Relatorio Financeiro 01.2026 -TCE - Assinado.pdf,HEJ - Relatorio Financeiro 01.2026 -TCE - Assinado,2026-01,10046703.17,Repasse SES-GO + Rendimentos + Outras entradas,HEJ,AGIR,2026,1,mensal,7807143.8,14196275.64
2026,C:\OSS-Goias\documentos\AGIR\HEJ\2026\21_Relatorio_Comparativo_Recursos\HEJ - Relatorio Financeiro 01.2026 -TCE.xlsx,HEJ - Relatorio Financeiro 01.2026 -TCE,2026-01,10046703.17,Repasse SES + Rendimentos + Outras Entradas,HEJ,AGIR,2026,1,mensal,7807143.8,14196275.64
2026,C:\OSS-Goias\documentos\AGIR\HEJ\2026\21_Relatorio_Comparativo_Recursos\HEJ - Relatorio Financeiro 02.2026 -TCE - ass.pdf,HEJ - Relatorio Financeiro 02.2026 -TCE - ass,2026-02,10595237.9,Repasse SES Custeio + Rendimentos + Outras Entradas,HEJ,AGIR,2026,2,mensal,11419859.26,13371654.28
2026,C:\OSS-Goias\documentos\AGIR\HEJ\2026\21_Relatorio_Comparativo_Recursos\HEJ - Relatorio Financeiro 02.2026 -TCE.xlsx,HEJ - Relatorio Financeiro 02.2026 -TCE,2026-02,10595237.9,Repasse SES CUSTEIO + Rendimentos + Outras entradas,HEJ,AGIR,2026,2,mensal,11419859.26,13371654.28
2026,C:\OSS-Goias\documentos\AGIR\HEJ\2026\21_Relatorio_Comparativo_Recursos\HEJ - Relatorio Financeiro 03.2026 -TCE ass.pdf,HEJ - Relatorio Financeiro 03.2026 -TCE ass,2026-03,11353597.4,Repasse SES Custeio + Investimento + Rendimentos + Outras entradas,HEJ,AGIR,2026,3,mensal,11301970.38,13423281.3
2026,C:\OSS-Goias\documentos\AGIR\HEJ\2026\21_Relatorio_Comparativo_Recursos\HEJ - Relatorio Financeiro 03.2026 -TCE.xlsx,HEJ - Relatorio Financeiro 03.2026 -TCE,2026-03,11353597.4,Repasse SES Custeio + Investimento + Rendimentos + Outras entradas,HEJ,AGIR,2026,3,mensal,11301970.38,13423281.3
2026,C:\OSS-Goias\documentos\AGIR\HUGOL\2026\21_Relatorio_Comparativo_Recursos\HUGOL - Relatorio Financeiro 01.2026 -TCE - Assinado.pdf,HUGOL - Relatorio Financeiro 01.2026 -TCE - Assinado,2026-01,49210949.71,Repasse SES Custeio + Investimento + Rendimentos + Outras entradas,HUGOL,AGIR,2026,1,mensal,40045018.53,37723002.93
2026,C:\OSS-Goias\documentos\AGIR\HUGOL\2026\21_Relatorio_Comparativo_Recursos\HUGOL - Relatorio Financeiro 01.2026 -TCE.xlsx,HUGOL - Relatorio Financeiro 01.2026 -TCE,2026-01,49210949.71,Repasse SES Custeio + Investimento + Rendimentos + Outras Entradas,HUGOL,AGIR,2026,1,mensal,40045018.53,37723002.93
2026,C:\OSS-Goias\documentos\AGIR\HUGOL\2026\21_Relatorio_Comparativo_Recursos\HUGOL - Relatorio Financeiro 02.2026 -TCE - Ass.pdf,HUGOL - Relatorio Financeiro 02.2026 -TCE - Ass,2026-02,39687124.02,Repasse SES Custeio + Rendimentos + Outras entradas,HUGOL,AGIR,2026,2,mensal,37689479.18,39720647.77
2026,C:\OSS-Goias\documentos\AGIR\HUGOL\2026\21_Relatorio_Comparativo_Recursos\HUGOL - Relatorio Financeiro 02.2026 -TCE.xlsx,HUGOL - Relatorio Financeiro 02.2026 -TCE,2026-02,39687124.02,"Repasse SES (Custeio + Fundo Rescisão + Piso Enfermagem), Rendimentos, Outras Entradas",HUGOL,AGIR,2026,2,mensal,37689479.18,39720647.77
2026,C:\OSS-Goias\documentos\AGIR\HUGOL\2026\21_Relatorio_Comparativo_Recursos\HUGOL - Relatorio Financeiro 03.2026 -TCE ass.pdf,HUGOL - Relatorio Financeiro 03.2026 -TCE ass,2026-03,38966115.59,Repasse SES Custeio + Rendimentos + Outras Entradas,HUGOL,AGIR,2026,3,mensal,34566593.38,34288170.14
2026,C:\OSS-Goias\documentos\AGIR\HUGOL\2026\21_Relatorio_Comparativo_Recursos\HUGOL - Relatorio Financeiro 03.2026 -TCE.xlsx,HUGOL - Relatorio Financeiro 03.2026 -TCE,2026-03,38966115.59,"Repasse SES (Custeio/Investimento), Rendimentos, Outras Entradas",HUGOL,AGIR,2026,3,mensal,34566593.38,34288170.14
2026,C:\OSS-Goias\documentos\Instituto Patris\HEL\2026\21_Relatorio_Comparativo_Recursos\id4899_Relatório Financeiro - Janeiro_2026 (.pdf).pdf,id4899_Relatório Financeiro - Janeiro_2026 (.pdf),2025-12,5317344.92,Repasse SES Custeio + Fundo Rescisório + Rendimentos,HEL,Instituto Patris,2025,12,mensal,6340620.76,8387407.95
2026,C:\OSS-Goias\documentos\Instituto Patris\HEL\2026\21_Relatorio_Comparativo_Recursos\id4900_Relatório Financeiro - Janeiro_2026 (.xls).xlsx,id4900_Relatório Financeiro - Janeiro_2026 (.xls),2025-12,5317344.92,Repasse SES Custeio + Fundo Rescisório + Rendimentos,HEL,Instituto Patris,2025,12,mensal,6340620.76,8387407.95
2026,C:\OSS-Goias\documentos\ABEVIDA\CRESM\2026\21_Relatorio_Comparativo_Recursos\RELATORIO-FINANCEIRO-MENSAL-01.2026-1.pdf,RELATORIO-FINANCEIRO-MENSAL-01.2026-1,2026-01,3440892.28,Repasse SES Custeio + Fundo Rescisório + Rendimentos + Outras entradas,CRESM,ABEVIDA,2026,1,mensal,3183206.77,2759113.19
2026,C:\OSS-Goias\documentos\ABEVIDA\CRESM\2026\21_Relatorio_Comparativo_Recursos\RELATORIO-FINANCEIRO-MENSAL-01.2026.xlsx,RELATORIO-FINANCEIRO-MENSAL-01.2026,2026-01,3440892.28,"Repasse SES Custeio, Fundo Rescisório, Rendimentos Financeiros, Outras Entradas",CRESM,ABEVIDA,2026,1,mensal,3183206.77,2759113.19
2026,C:\OSS-Goias\documentos\ABEVIDA\CRESM\2026\21_Relatorio_Comparativo_Recursos\RELATORIO-FINANCEIRO-MENSAL-02.2026-1.pdf,RELATORIO-FINANCEIRO-MENSAL-02.2026-1,2026-02,3440203.66,Repasse SES Custeio + Fundo Rescisório + Rendimentos + Outras entradas,CRESM,ABEVIDA,2026,2,mensal,3221057.98,2978258.87
2026,C:\OSS-Goias\documentos\ABEVIDA\CRESM\2026\21_Relatorio_Comparativo_Recursos\RELATORIO-FINANCEIRO-MENSAL-03.2026.pdf,RELATORIO-FINANCEIRO-MENSAL-03.2026,2026-03,3490562.86,Repasse SES Custeio + Fundo Rescisório + Rendimentos + Outras Entradas,CRESM,ABEVIDA,2026,3,mensal,3355615.68,3113206.05
2026,C:\OSS-Goias\documentos\ABEVIDA\CRESM\2026\21_Relatorio_Comparativo_Recursos\RELATORIO-FINANCEIRO-MENSAL-04.2026.xlsx,RELATORIO-FINANCEIRO-MENSAL-04.2026,2026-04,3498011.78,"Repasse SES Custeio, Fundo Rescisório, Rendimentos, Outras entradas",CRESM,ABEVIDA,2026,4,mensal,3067625.47,3543592.36
2026,C:\OSS-Goias\documentos\Albert Einstein\HUGO\2026\21_Relatorio_Comparativo_Recursos\Relatorio-mensal-comparativo-de-recursos-recebido-marco-2026.pdf,Relatorio-mensal-comparativo-de-recursos-recebido-marco-2026,2026-03,26186489.66,Repasse SES + Rendimentos + Outras entradas,HUGO,Albert Einstein,2026,3,mensal,29314000.55,37791974.12
2026,C:\OSS-Goias\documentos\Hospital de Amor\CORA\2026\21_Relatorio_Comparativo_Recursos\relatorio-mensal-comparativo-de-recursos-recebidos-gastos-e-devolvidos-ao-poder-publico-Abril-2026.pdf,relatorio-mensal-comparativo-de-recursos-recebidos-gastos-e-devolvidos-ao-poder-publico-Abril-2026,2026-04,5086931.44,Repasse SES Custeio + Rendimentos + Outras Entradas,CORA,Fundação Pio XII,2026,4,mensal,4989756.92,1418654.85
2026,C:\OSS-Goias\documentos\Hospital de Amor\CORA\2026\21_Relatorio_Comparativo_Recursos\relatorio-mensal-comparativo-de-recursos-recebidos-gastos-e-devolvidos-ao-poder-publico-Fevereiro-2026.pdf,Relatorio-mensal-comparativo-de-recursos-recebidos-gastos-e-devolvidos-ao-poder-publico-fevereiro-2026,2026-02,5080905.49,Repasse SES custeio + rendimentos + outras entradas,CORA,Hospital de Amor,2026,2,mensal,4663133.03,1140984.34
2026,C:\OSS-Goias\documentos\Hospital de Amor\CORA\2026\21_Relatorio_Comparativo_Recursos\relatorio-mensal-comparativo-de-recursos-recebidos-gastos-e-devolvidos-ao-poder-publico-janeiro-2026.pdf,Relatorio-mensal-comparativo-de-recursos-recebidos-gastos-e-devolvidos-ao-poder-publico-janeiro-2026,2026-01,7379947.71,Repasse SES + Rendimentos + Outras entradas,CORA,Fundação Pio XII,2026,1,mensal,7213665.97,858045.27
2026,C:\OSS-Goias\documentos\Hospital de Amor\CORA\2026\21_Relatorio_Comparativo_Recursos\relatorio-mensal-comparativo-de-recursos-recebidos-gastos-e-devolvidos-ao-poder-publico-Marco-2026.pdf,relatorio-mensal-comparativo-de-recursos-recebidos-gastos-e-devolvidos-ao-poder-publico-Marco-2026,2026-03,5177278.02,Repasse SES Custeio + Rendimentos + Outras Entradas,CORA,Fundação Pio XII,2026,3,mensal,4854767.82,1393610.77
2026,C:\OSS-Goias\documentos\Hospital de Amor\CORA\2026\21_Relatorio_Comparativo_Recursos\Relatório mensal comparativo de recursos recebidos gastos e devolvidos ao Poder Público - Abril 2026.xlsx,Relatório mensal comparativo de recursos recebidos gastos e devolvidos ao Poder Público - Abril 2026,2026-04,5086931.44,"Repasse SES (Custeio), Rendimento Aplicação Financeira, Outras Entradas (Estorno, Ressarcimento, Reembolso, Transferência da Matriz)",CORA,Fundação Pio XII,2026,4,mensal,4989756.92,1418654.85
2026,C:\OSS-Goias\documentos\Hospital de Amor\CORA\2026\21_Relatorio_Comparativo_Recursos\Relatório mensal comparativo de recursos recebidos gastos e devolvidos ao Poder Público - Fevereiro 2026.xlsx,Relatório mensal comparativo de recursos recebidos gastos e devolvidos ao Poder Público - Fevereiro 2026,2026-02,5080905.49,Repasse SES + Rendimentos + Outras Entradas,CORA,Hospital de Amor,2026,2,mensal,4663133.03,1140984.34
2026,C:\OSS-Goias\documentos\Hospital de Amor\CORA\2026\21_Relatorio_Comparativo_Recursos\Relatório mensal comparativo de recursos recebidos gastos e devolvidos ao Poder Público - Janeiro 2026.xlsx,Relatório mensal comparativo de recursos recebidos gastos e devolvidos ao Poder Público - Janeiro 2026,2026-01,7379947.71,SES Repasse Custeio + Rendimentos + Outras Entradas,CORA,Hospital de Amor,2026,1,mensal,7213665.97,858045.27
2026,C:\OSS-Goias\documentos\Hospital de Amor\CORA\2026\21_Relatorio_Comparativo_Recursos\Relatório mensal comparativo de recursos recebidos gastos e devolvidos ao Poder Público - Marco 2026.xlsx,Relatório mensal comparativo de recursos recebidos gastos e devolvidos ao Poder Público - Marco 2026,2026-03,5177278.02,Repasse SES + Rendimentos + Outras Entradas,CORA,Hospital de Amor,2026,3,mensal,4854767.82,1393610.77
2026,C:\OSS-Goias\documentos\Hospital de Amor\CORA\2026\21_Relatorio_Comparativo_Recursos\u035e4c78_Relatório mensal comparativo de recursos recebidos gastos e devolvidos ao Poder Público - Fevereiro 2026.xlsx,u035e4c78_Relatório mensal comparativo de recursos recebidos gastos e devolvidos ao Poder Público - Fevereiro 2026,2026-02,5080905.49,"Repasse SES, Rendimentos, Outras entradas",CORA,Fundação Pio XII,2026,2,mensal,4663133.03,1140984.34
2026,C:\OSS-Goias\documentos\Hospital de Amor\CORA\2026\21_Relatorio_Comparativo_Recursos\u0ea155f6_Relatório mensal comparativo de recursos recebidos gastos e devolvidos ao Poder Público - Marco 2026.xlsx,u0ea155f6_Relatório mensal comparativo de recursos recebidos gastos e devolvidos ao Poder Público - Marco 2026,2026-03,5177278.02,Repasse SES + Rendimentos + Outras Entradas,CORA,Fundação Pio XII,2026,3,mensal,4854767.82,1393610.77
2026,C:\OSS-Goias\documentos\Hospital de Amor\CORA\2026\21_Relatorio_Comparativo_Recursos\u9200a5a2_Relatório mensal comparativo de recursos recebidos gastos e devolvidos ao Poder Público - Janeiro 2026.xlsx,u9200a5a2_Relatório mensal comparativo de recursos recebidos gastos e devolvidos ao Poder Público - Janeiro 2026,2026-01,7379947.71,Repasse SES + Rendimentos + Outras entradas,CORA,Fundação Pio XII,2026,1,mensal,7213665.97,858045.27
2026,C:\OSS-Goias\documentos\Hospital de Amor\CORA\2026\21_Relatorio_Comparativo_Recursos\ucce08fb4_Relatório mensal comparativo de recursos recebidos gastos e devolvidos ao Poder Público - Abril 2026.xlsx,ucce08fb4_Relatório mensal comparativo de recursos recebidos gastos e devolvidos ao Poder Público - Abril 2026,2026-04,5086931.44,Repasse SES Custeio + Rendimentos + Outras entradas,CORA,Hospital de Amor,2026,4,mensal,4989756.92,1418654.85
