_ano_pasta,_doc_path,_filename,atendimentos.altas_hospitalares,atendimentos.atendimentos_emergencia,atendimentos.cirurgias_eletivas,atendimentos.cirurgias_total,atendimentos.cirurgias_urgencia,atendimentos.consultas_ambulatoriais,atendimentos.exames_total,atendimentos.internacoes,atendimentos.internacoes_uti,atendimentos.obitos,hospital,indicadores_qualidade_hospitalar.satisfacao_paciente,indicadores_qualidade_hospitalar.taxa_infeccao_hospitalar,indicadores_qualidade_hospitalar.taxa_mortalidade_geral,indicadores_qualidade_hospitalar.taxa_mortalidade_uti,indicadores_qualidade_hospitalar.taxa_reinternacao_30d,indicadores_sus.aih_processadas,indicadores_sus.atendimentos_sia_sus,indicadores_sus.procedimentos_sigtap,leitos.leitos_uti,leitos.media_permanencia_dias,leitos.taxa_ocupacao_perc,leitos.total_leitos,observacoes,oss_gestora,periodo.ano,periodo.mes,periodo.tipo_periodo,periodo.trimestre,producao_por_especialidade_count,producao_vs_meta_count
2022,C:\OSS-Goias\documentos\Instituto Patris\HEL\2022\34_Relatorio_Producao\id1838_Relatório Gerencial de Produção (Junho_2022).pdf,id1838_Relatório Gerencial de Produção (Junho_2022),-1,1123,0,0,-1,0,425,71,-1,-1,HEL,-1,-1,-1,-1,-1,-1,-1,-1,-1,-1,-1,-1,"Relatório de Produção Hospitalar do Hospital Estadual de Luziânia (HEL) referente a Julho de 2022. Gestora: Instituto Patris (Presidente: Vittor Galdino). Diretor Geral: Sidnei Rugeri. Diretor Administrativo/Financeiro: Isnar Passos. Classificação de risco no atendimento de urgência/emergência: Vermelho=6, Laranja=54, Amarelo=174, Verde=353, Azul=536, Total=1.123. SADT Externo ofertado=1.270, realizado=425. O documento indica meta de cirurgias programadas como 180 e cirurgias ambulatoriais como 88. Todas as cirurgias realizadas em julho foram zero. O filename sugere junho/2022 mas o documento registra dados de Julho/2022.",Instituto Patris,2022,7,mensal,,17,21
2022,C:\OSS-Goias\documentos\Instituto Patris\HEL\2022\34_Relatorio_Producao\id1839_Relatório Gerencial de Produção (Julho_2022).pdf,id1839_Relatório Gerencial de Produção (Julho_2022),-1,1123,0,0,-1,0,425,71,-1,-1,HEL,-1,-1,-1,-1,-1,-1,-1,-1,-1,-1,-1,-1,"Relatório de Produção Hospitalar do Hospital Estadual de Luziânia (HEL), julho de 2022, gerido pelo Instituto Patris. Diretor Geral: Sidnei Rugeri; Diretor Administrativo/Financeiro: Isnar Passos; Presidente Instituto Patris: Vittor Galdino. Classificação de risco de urgência/emergência: Vermelho=6, Laranja=54, Amarelo=174, Verde=353, Azul=536, Total=1.123. Cirurgias ambulatoriais por especialidade: Varizes=0, Postectomias=0, Vasectomia=0. SADT Externo Ofertado=1270 (meta cumprida em oferta), mas realizado=425. Hospital em fase inicial de operação em julho/2022, com diversas especialidades sem atendimento registrado.",Instituto Patris,2022,7,mensal,,20,22
2022,C:\OSS-Goias\documentos\Instituto Patris\HEL\2022\34_Relatorio_Producao\id1840_Relatório Gerencial de Produção (Agosto_2022).pdf,id1840_Relatório Gerencial de Produção (Agosto_2022),-1,1157,0,0,-1,10,522,72,-1,-1,HEL,-1,-1,-1,-1,-1,-1,-1,-1,-1,-1,-1,-1,"Relatório de Produção Hospitalar do Hospital Estadual de Luziânia (HEL) referente ao mês de Agosto/2022. OSS gestora: Instituto Patris (Vittor Galdino - Presidente). Diretor Geral HEL: Sidnei Rugeri. Diretor Administrativo/Financeiro HEL: Isnar Passos. Classificação de Risco agosto: Vermelho=5, Laranja=77, Amarelo=153, Verde=334, Azul=588, Total=1.157. SADT Externo Ofertado Total=1472 vs meta 1270; SADT Externo Realizado Total=660 vs meta 1270. Nota: a tabela principal de internações apresenta 72 na linha de cabeçalho mas 65 no total detalhado por clínica (49+16+0=65).",Instituto Patris,2022,8,mensal,,20,31
2022,C:\OSS-Goias\documentos\Instituto Patris\HEL\2022\34_Relatorio_Producao\id1841_Relatório Gerencial de Produção (Setembro_2022).pdf,id1841_Relatório Gerencial de Produção (Setembro_2022),-1,1668,0,0,-1,17,991,164,-1,-1,HEL,-1,-1,-1,-1,-1,-1,-1,-1,-1,-1,-1,-1,"Relatório de Produção Hospitalar do Hospital Estadual de Luziânia (HEL) referente a Setembro de 2022. OSS gestora: Instituto Patris. Diretor Geral: Sidnei Rugeri. Diretor Administrativo/Financeiro: Isnar Passos. Presidente Instituto Patris: Vittor Galdino. O SADT Externo apresenta dois registros distintos: ofertado (1.472) e realizado (991). Acolhimento e Classificação de Risco: Vermelho=5, Laranja=95, Amarelo=271, Verde=775, Azul=522, Total=1.668. Cirurgias zeradas em todas as especialidades no mês de setembro.",Instituto Patris,2022,9,mensal,,23,31
2022,C:\OSS-Goias\documentos\Instituto Patris\HEL\2022\34_Relatorio_Producao\id1842_Relatório Gerencial de Produção (Outubro_2022).pdf,id1842_Relatório Gerencial de Produção (Outubro_2022),176,1422,0,0,-1,13,895,191,-1,-1,HEL,-1,-1,-1,-1,-1,-1,-1,-1,-1,-1,-1,-1,"Relatório de Produção Hospitalar do Hospital Estadual de Luziânia (HEL) referente ao mês de Outubro de 2022. OSS gestora: Instituto Patris (Presidente: Vittor Galdino). Diretor Geral: Sidnei Rugeri. Diretor Administrativo/Financeiro: Isnar Passos. SADT Externo apresenta valores distintos para ofertado (1.472) e realizado (895). Classificação de risco do atendimento de urgência/emergência: Vermelho 14, Laranja 69, Amarelo 280, Verde 876, Azul 183, Total 1.422. Consultas não médicas (Fisioterapia, Fonoterapia, Terapia ocupacional, Enfermeiro, Nutricionista, Farmácia-VVS, Psicologia-VVS, Serviço social-VVS) todas zeradas no mês.",Instituto Patris,2022,10,mensal,,12,23
2022,C:\OSS-Goias\documentos\Instituto Patris\HEL\2022\34_Relatorio_Producao\id1843_Relatório Gerencial de Produção (Novembro_2022).pdf,id1843_Relatório Gerencial de Produção (Novembro_2022),-1,1199,0,0,-1,23,824,205,-1,-1,HEL,-1,-1,-1,-1,-1,-1,-1,-1,-1,-1,-1,-1,"Relatório de Produção Hospitalar de Novembro de 2022 do Hospital Estadual de Luziânia (HEL), gerido pelo Instituto Patris. O documento apresenta classificação de risco do acolhimento: Vermelho=10, Laranja=77, Amarelo=234, Verde=787, Azul=91, Total=1.199. Cirurgias zeradas em todas as especialidades no mês de novembro. Atendimento ambulatorial de consulta não médica também zerado. SADT Externo Realizado total=824. Hospital Dia realizado=6 contra meta de 176. Assinado por Sidnei Rugeri (Diretor Geral HEL), Isnar Passos (Diretor Administrativo/Financeiro HEL), Vittor Galdino (Presidente Instituto Patris) e Guilherme Abraão Simão de Almeida (Presidente do Conselho de Administração).",Instituto Patris,2022,11,mensal,,23,31
2022,C:\OSS-Goias\documentos\Instituto Patris\HEL\2022\34_Relatorio_Producao\id1844_Relatório Gerencial de Produção (Dezembro_2022).pdf,id1844_Relatório Gerencial de Produção (Dezembro_2022),-1,493,0,0,-1,8,790,69,-1,-1,HEL,-1,-1,-1,-1,-1,-1,-1,-1,-1,-1,-1,-1,"Relatório de produção hospitalar do Hospital Estadual de Luziânia (HEL) referente ao mês de Dezembro de 2022, gerido pelo Instituto Patris. O período de atendimento ambulatorial e urgência/emergência foi de 01/12 a 12/12. A classificação de risco da urgência/emergência registrou: Vermelho 3, Laranja 20, Amarelo 87, Verde 326, Azul 57, totalizando 493. SADT Externo Ofertado totalizou 1472 contra meta de 1270. Cirurgias e consultas ambulatoriais foram praticamente zeradas no mês. Diretor Geral: Sidnei Rugeri. Diretor Administrativo/Financeiro: Isnar Passos. Presidente Instituto Patris: Vittor Galdino.",Instituto Patris,2022,12,mensal,,12,24
2023,C:\OSS-Goias\documentos\ISG\HDT\2023\34_Relatorio_Producao\07.2023-Relatorio-Gerencial-de-Producao.pdf,07.2023-Relatorio-Gerencial-de-Producao,220,-1,-1,-1,-1,2191,17539,220,-1,-1,HDT,-1,-1,-1,-1,2.94,-1,-1,-1,-1,10.7,88,-1,"Hospital Estadual de Doenças Tropicais Dr. Anuar Auad (HDT), gerido pela ISG. Relatório assinado por Nathalya Mosonowa Souza (Assessora Técnica) e Dra. Karine Borges de Medeiros (Diretora Técnica). O dado de Percentual de ocorrência de rejeições no SIH não está disponível pois é obtido em dois meses subsequentes (marcado com asterisco). As saídas hospitalares totalizam 220, sendo utilizadas como proxy de internações/altas. SADT Externo de análises clínicas apresentou realização muito acima da meta (852% de cumprimento).",ISG,2023,7,mensal,,3,33
2023,C:\OSS-Goias\documentos\ISG\HDT\2023\34_Relatorio_Producao\08.2023-Relatorio-Gerencial-de-Producao.pdf,08.2023-Relatorio-Gerencial-de-Producao,267,-1,-1,-1,-1,3713,21126,267,-1,-1,HDT,-1,-1,-1,-1,2.67,-1,-1,-1,-1,8.5,89,-1,"Relatório Gerencial de Produção do HDT (Hospital Estadual de Doenças Tropicais Dr. Anuar Auad), competência agosto/2023, gerido pela OSS ISG. O dado de Percentual de ocorrência de rejeições no SIH não está disponível pois é obtido em dois meses subsequentes. Taxa de readmissão hospitalar referência é 29 dias conforme contrato. Cirurgias eletivas com TMAT expirado: meta era reduzir abaixo de 50%, realizado 28% (atingido). Percentual de Suspensão de Cirurgias Eletivas por Condições Operacionais: realizado 0% contra meta de 5% (atingido). Assinado por Nathalya Mosonowa Souza (Assessora Técnica) e Dra. Karine Borges de Medeiros (Diretora Técnica).",ISG,2023,8,mensal,,3,33
2023,C:\OSS-Goias\documentos\ISG\HDT\2023\34_Relatorio_Producao\09.2023-Relatorio-Gerencial-de-Producao.pdf,09.2023-Relatorio-Gerencial-de-Producao,251,-1,7,-1,-1,3641,4970,251,-1,-1,HDT,-1,-1,-1,-1,2.85,-1,-1,-1,-1,8.4,86,-1,"Relatório Gerencial de Produção - Competência Setembro/2023. Hospital Estadual de Doenças Tropicais Dr. Anuar Auad (HDT), gerido pela ISG. Tabela 5 (SADT Externo) tem cabeçalho indicando Agosto/2023 mas está inserida no relatório de Setembro/2023. O dado de rejeições no SIH é obtido em dois meses subsequentes, por isso marcado com asterisco (*) sem valor reportado. Assinado por Nathalya Mosonowa Souza (Assessora Técnica) e Dra. Karine Borges de Medeiros (Diretora Técnica).",ISG,2023,9,mensal,,3,33
2023,C:\OSS-Goias\documentos\FUNEV\HEANA\2023\34_Relatorio_Producao\1. HEANA - Relatório Gerencial de Produção - Março2023.pdf,1. HEANA - Relatório Gerencial de Produção - Março2023,-1,2482,-1,115,-1,1170,37145,591,-1,43,HEANA,-1,-1,-1,-1,0.5,-1,-1,-1,51,7.0,94.0,-1,"Relatório referente ao 4º Termo Aditivo ao Contrato de Gestão nº 66/2019, Referência Ano 3 - Março/2023. UTI com 51 leitos críticos totais distribuídos em 6 unidades. Óbitos em UTI: 43 (total saídas por óbito); Transferências Externas UTI: 11. SADT Interno total: 37.145 procedimentos (incluindo Análises Clínicas: 32.036, Radiografia: 2.162, Tomografia: 1.712, Hemodiálise: 168 sessões, Eletrocardiograma: 482, entre outros). Núcleo Hospitalar de Epidemiologia: Representatividade 100%, Notificação Oportuna 100%, Sensibilidade NHE: Ativo e sensível, Completitude 100%, Investigação Oportuna 100%, Taxa de Óbitos por DAE: 4%. Atendimento domiciliar realizado: 479 contra meta de 120. Suspensão de cirurgias por condições operacionais atingiu 1,5%, acima da meta de 1%.",FUNEV,2023,3,mensal,,10,29
2023,C:\OSS-Goias\documentos\ISG\HDT\2023\34_Relatorio_Producao\10.2023-Relatorio-Gerencial-de-Producao.pdf,10.2023-Relatorio-Gerencial-de-Producao,245,-1,8,8,-1,2793,3234,245,-1,-1,HDT,-1,-1,-1,-1,2.71,-1,-1,-1,-1,8.9,86,-1,"O dado de rejeições no SIH (Percentual de ocorrência de rejeições no SIH) não estava disponível no período, sendo obtido em dois meses subsequentes. OSS gestora identificada como ISG conforme assinaturas (Assessora Técnica HDT/ISG e Diretora Técnica HDT/ISG). Hospital Dia registrou 363 atendimentos realizados vs 286 contratados (127%). Cirurgias eletivas de alto giro: 8 realizadas vs 10 contratadas (80%).",ISG,2023,10,mensal,,3,33
2023,C:\OSS-Goias\documentos\ISG\HDT\2023\34_Relatorio_Producao\11.2023-Relatorio-Gerencial-de-Producao.pdf,11.2023-Relatorio-Gerencial-de-Producao,246,-1,7,-1,-1,3963,2673,246,-1,-1,HDT,-1,-1,-1,-1,1.89,-1,-1,-1,-1,9.1,90,-1,"Relatório Gerencial de Produção do Hospital Estadual de Doenças Tropicais (HDT) - Dr. Anuar Auad, gerido pela OSS ISG. Competência: Novembro/2023. Percentual de ocorrência de rejeições no SIH: realizado marcado como asterisco (*) no documento, indicando dado não disponível. Taxa de readmissão em UTI (48 horas) realizado: 0,0%. Hospital Dia registrou 349 atendimentos contra meta de 286 (122%). Assinado por Nathalya Mosonowa Souza (Assessora Técnica) e Dra. Karine Borges de Medeiros (Diretora Técnica), ambas HDT/ISG.",ISG,2023,11,mensal,,3,31
2023,C:\OSS-Goias\documentos\ISG\HDT\2023\34_Relatorio_Producao\12.2023-Relatorio-Gerencial-de-Producao.pdf,12.2023-Relatorio-Gerencial-de-Producao,-1,-1,3,-1,-1,3764,2395,273,-1,-1,HDT,-1,-1,-1,-1,1.06,-1,-1,-1,-1,8.9,93,-1,"Hospital Estadual de Doenças Tropicais Dr. Anuar Auad (HDT), gerido pela OSS ISG. O dado de Percentual de ocorrência de rejeições no SIH não estava disponível pois é obtido em dois meses subsequentes. Taxa de readmissão em UTI realizada: 0,0%. Percentual de suspensão de cirurgias eletivas realizado: 0%. Percentual de cirurgias com TMAT expirado realizado: 0%.",ISG,2023,12,mensal,,3,33
2023,C:\OSS-Goias\documentos\FUNEV\HEANA\2023\34_Relatorio_Producao\1697051956163-HEANA - Relatório Gerencial de Produção - Setembro 2023.pdf,1697051956163-HEANA - Relatório Gerencial de Produção - Setembro 2023,-1,2033,-1,119,-1,2451,34304,605,-1,47,HEANA,-1,-1,-1,-1,2.4,-1,-1,-1,51,7,99,-1,"Relatório referente ao 4º Termo Aditivo ao Contrato de Gestão nº 66/2019, Referência Ano 4 - Setembro/2023. Leitos críticos UTI: 51 leitos no total, com 47 saídas (óbitos) e 06 transferências externas no mês. SADT Interno total: 34.304 procedimentos (Análises Clínicas 29.560, Radiografia 2.552, Tomografia 1.068, Eletrocardiograma 422, Hemoterapia 304, Hemodiálise 141, Anatomia Patológica 74, Ecocardiograma 60, Ecodoppler 37, Ultrassonografia 82, Ecodoppler Transcraniano 04). Atendimento domiciliar (SAD): 809 atendimentos realizados contra meta de 120. Taxa de Óbitos Decorrentes de DAE: 3%. Núcleo Hospitalar de Epidemiologia com representatividade, notificação oportuna e completitude de notificações em 100%. Diretor Executivo: João Pedro dos Santos Pereira/FUNEV.",FUNEV,2023,9,mensal,,9,33
2023,C:\OSS-Goias\documentos\FUNEV\HEANA\2023\34_Relatorio_Producao\1697477607975-HEANA - RELATÓRIOS GERENCIAIS DE PRODUÇÃO APROVADOS PELO CONSELHO DE ADMINISTRAÇÃO - 2020.pdf,1697477607975-HEANA - RELATÓRIOS GERENCIAIS DE PRODUÇÃO APROVADOS PELO CONSELHO DE ADMINISTRAÇÃO - 2020,-1,-1,-1,-1,-1,-1,-1,-1,-1,-1,HUANA,-1,-1,-1,-1,-1,-1,-1,-1,-1,-1,-1,-1,"Relatório Gerencial de Produção do HUANA (Hospital Estadual de Urgências de Anápolis Dr. Henrique Santillo), aprovado pelo Conselho de Administração da FUNEV na 31ª Reunião Ordinária realizada em 28/04/2021, referente ao ano de 2020. A tabela apresenta dados mensais (JAN a DEZ) para cada linha de contratação, com coluna 'CONTRATADA' representando a meta. Os totais anuais realizados por linha foram somados a partir dos valores mensais: Internação (saídas) total=5249, Atendimento Urgência e Emergência total=19429, Clínica Médica=1503, Clínica Cirúrgica=3746, Consulta Médica=9780, Procedimentos cirúrgicos ambulatoriais=627, Cirurgias Eletivas=2757. SADT INTERNO inclui: Análises Clínicas, Anatomia Patológica, Agência Transfusional/Hematerapia. SADT inclui Ecocardiograma, Ecodoppller, Eletrocardiograma, Hemodiálise, Radiologia, Tomografia, Ultrassonografia com totais anuais variando conforme a tabela. O documento também contém ata da reunião do Conselho de Administração da FUNEV e certidão de registro.",FUNEV,2020,,anual,,14,8
2023,C:\OSS-Goias\documentos\FUNEV\HEANA\2023\34_Relatorio_Producao\1697478581936-Relatório Gerencial de Produção 2019 - Consolidado.pdf,1697478581936-Relatório Gerencial de Produção 2019 - Consolidado,392,1423,100,-1,-1,733,16606,392,-1,-1,HUANA,-1,-1,-1,-1,-1,-1,-1,-1,-1,-1,-1,-1,"Relatório referente ao ano de 2019, aprovado pelo Conselho de Administração da FUNEV em junho de 2020. Os dados apresentados incluem período parcial de novembro (18 a 30/11/2019) e dezembro de 2019. SADT Interno DEZ/2019: Agência Transfusional/Hemoterapia=209, Análises Clínicas=13529, Anatomia Patológica=42, Ecocardiograma=24, Ecodoppler=18, Eletrocardiograma=122, Hemodiálise(sessões)=92, Radiologia=1672, Tomografia=858, Ultrassonografia=40, TOTAL=16606. O Ambulatório Universitário Central (AUC) realizou 6.640 atendimentos de especialidades e 375 retornos em 2019 (unidade própria da FUNEV, não HUANA).",FUNEV,2019,,anual,,2,5
2023,C:\OSS-Goias\documentos\FUNEV\HEANA\2023\34_Relatorio_Producao\1697725043971-CONSOLIDADO 2021.pdf,1697725043971-CONSOLIDADO 2021,-1,-1,516,516,-1,-1,-1,-1,-1,-1,HEANA,-1,-1,-1,-1,-1,-1,-1,-1,-1,-1,-1,-1,"Relatorio de producao consolidado anual 2021 do HEANA - Hospital Estadual de Anapolis Dr. Henrique Santillo, gerido pela FUNEV. O documento apresenta producao assistencial mensal de janeiro a dezembro de 2021 com as seguintes categorias: Internacao (Saidas Hospitalares) com meta 975 e total anual 2.619; Atendimento de Urgencia e Emergencia com meta 2.100 e total 2.619 (dado de dez=2.619 acumulado); Clinica Medica meta 120; Clinica Cirurgica meta 855; Total cirurgias meta 975 realizado 516 em DEZ. Indicadores de desempenho incluem: Taxa de Ocupacao Hospitalar (meta >=85%), Media de Permanencia Hospitalar (meta <=5 dias), Indice de Substituicao de Intervalo (meta <=12), Taxa de Readmissao em UTI 48h (meta <=5%), Taxa de Readmissao Hospitalar 29 dias (meta <=20%), Percentual de Ocorrencias Glosas no SIH-DATASUS (meta <=1%), Percentual de Cirurgias Suspensas por condicoes operacionais (meta <=5%). Exames de apoio diagnostico com total anual de 30.352 procedimentos. Approved by Conselho de Administracao em reuniao de 10/05/2022.",FUNEV,2021,,anual,,21,3
2023,C:\OSS-Goias\documentos\FUNEV\HEANA\2023\34_Relatorio_Producao\1697725341069-Ata 36ª Reunião Ordinária CA.pdf,1697725341069-Ata 36ª Reunião Ordinária CA,-1,-1,-1,-1,-1,-1,-1,-1,-1,-1,HEANA,-1,-1,-1,-1,-1,-1,-1,-1,-1,-1,-1,-1,"Documento trata-se da Ata da 36ª Reunião Ordinária do Conselho de Administração da FUNEV, realizada em 09/05/2023. Não contém dados quantitativos de produção hospitalar do HEANA. O relatório menciona apenas que foram apresentados relatórios gerenciais e de atividades desenvolvidas no gerenciamento do HEANA e HEELJ (unidades provenientes de contrato de gestão com Estado de Goiás), e que as contas e demonstrações contábeis foram aprovadas para o exercício de 2022. Contas consolidadas: Ativo R$ 30.342.744,03; Passivo + PL R$ 30.342.744,03; Ativo Compensado R$ 242.387.845,92; Passivo Compensado R$ 242.387.845,92; Superávit do Exercício R$ 201.105,36.",FUNEV,2022,,anual,,0,0
2023,C:\OSS-Goias\documentos\FUNEV\HEANA\2023\34_Relatorio_Producao\1697725397192-Ata 36ª Reunião Ordinária CA.pdf,1697725397192-Ata 36ª Reunião Ordinária CA,-1,-1,-1,-1,-1,-1,-1,-1,-1,-1,HEANA,-1,-1,-1,-1,-1,-1,-1,-1,-1,-1,-1,-1,"Documento trata-se de Ata da 36ª Reunião Ordinária do Conselho de Administração da FUNEV, realizada em 09/05/2023. Menciona que foram apresentados relatórios gerenciais e de atividades desenvolvidas no gerenciamento do HEANA e HEELJ (unidades provenientes de contrato de gestão com o Estado de Goiás) referentes ao exercício de 2022, porém sem detalhar indicadores quantitativos de produção. As contas e demonstrações contábeis e financeiras do exercício de 2022 foram aprovadas. Contas consolidadas (todas as unidades): Ativo R$ 30.342.744,03; Passivo + PL R$ 30.342.744,03; Ativo Compensado R$ 242.387.845,92; Passivo Compensado R$ 242.387.845,92; Superávit do Exercício R$ 201.105,36. Não há tabela de produção hospitalar, metas ou indicadores de qualidade no documento.",FUNEV,2022,,anual,,0,0
2023,C:\OSS-Goias\documentos\FUNEV\HEANA\2023\34_Relatorio_Producao\1697725521140-Ata 36ª Reunião Ordinária CA.pdf,1697725521140-Ata 36ª Reunião Ordinária CA,-1,-1,-1,-1,-1,-1,-1,-1,-1,-1,HEANA,-1,-1,-1,-1,-1,-1,-1,-1,-1,-1,-1,-1,"Documento trata-se da Ata da 36ª Reunião Ordinária do Conselho de Administração da FUNEV, realizada em 09/05/2023. Menciona que foram apresentados relatórios gerenciais e de atividades desenvolvidas no gerenciamento do HEANA e HEELJ referentes ao exercício de 2022, porém sem detalhar indicadores de produção ou qualidade. Contas consolidadas do exercício 2022: Ativo R$ 30.342.744,03; Passivo + PL R$ 30.342.744,03; Ativo Compensado R$ 242.387.845,92; Passivo Compensado R$ 242.387.845,92; Superávit do Exercício R$ 201.105,36. O conselho deliberou pela aprovação das contas e relatórios do HEANA e HEELJ sem ressalva.",FUNEV,2022,,anual,,0,0
2023,C:\OSS-Goias\documentos\FUNEV\HEANA\2023\34_Relatorio_Producao\1697725963939-ATA EXTRAORDINÁRIA MAIO 2022.pdf,1697725963939-ATA EXTRAORDINÁRIA MAIO 2022,-1,-1,-1,-1,-1,-1,-1,-1,-1,-1,HEANA,-1,-1,-1,-1,-1,-1,-1,-1,-1,-1,-1,-1,"Este documento é uma Ata de Reunião Extraordinária do Conselho de Administração da FUNEV, datada de 10/05/2022, registrada em cartório em 02/06/2022. Não contém dados de produção hospitalar quantitativos. O documento trata de: eleição de membros do Conselho Fiscal, ratificação da composição dos órgãos diretivos, aprovação das contas e demonstrações contábeis de 2021 (Ativo R$28.851.662,89; Passivo+PL R$28.851.662,89; Ativo Compensado R$200.567.996,46; Passivo Compensado R$200.567.996,46; Superávit R$315.214,27), e aprovação dos relatórios gerenciais do HEANA, HEELJ e UPA Perfil Pediátrico. Nenhum indicador de produção hospitalar está reportado neste documento.",FUNEV,2022,5,mensal,,0,0
2023,C:\OSS-Goias\documentos\FUNEV\HEANA\2023\34_Relatorio_Producao\1697726067704-ATA EXTRAORDINÁRIA MAIO 2022.pdf,1697726067704-ATA EXTRAORDINÁRIA MAIO 2022,-1,-1,-1,-1,-1,-1,-1,-1,-1,-1,HEANA,-1,-1,-1,-1,-1,-1,-1,-1,-1,-1,-1,-1,"O documento é uma Ata da Reunião Extraordinária do Conselho de Administração da FUNEV, realizada em 10/05/2022, registrada em 02/06/2022. Não contém dados de produção hospitalar quantitativos. O documento trata de eleição de membros do Conselho Fiscal, ratificação de composição de órgãos diretivos, aprovação de contas e demonstrações contábeis do exercício de 2021 (Ativo R$ 28.851.662,89; Passivo+PL R$ 28.851.662,89; Ativo Compensado R$ 200.567.996,46; Passivo Compensado R$ 200.567.996,46; Superávit do Exercício R$ 315.214,27), bem como aprovação de relatórios gerenciais do HEANA, HEELJ e UPA Perfil Pediátrico. Nenhum indicador de produção hospitalar está reportado.",FUNEV,2022,,outro,,0,0
2023,C:\OSS-Goias\documentos\FUNEV\HEANA\2023\34_Relatorio_Producao\1697726181863-ATA EXTRAORDINÁRIA MAIO 2022.pdf,1697726181863-ATA EXTRAORDINÁRIA MAIO 2022,-1,-1,-1,-1,-1,-1,-1,-1,-1,-1,HEANA,-1,-1,-1,-1,-1,-1,-1,-1,-1,-1,-1,-1,"Este documento é uma Ata de Reunião Extraordinária do Conselho de Administração da FUNEV, realizada em 10/05/2022. Não contém dados de produção hospitalar, indicadores de qualidade ou metas assistenciais. O documento trata de eleição de membros do Conselho Fiscal, ratificação da composição dos órgãos diretivos da FUNEV, aprovação de contas e demonstrações contábeis do exercício de 2021 e aprovação de relatórios gerenciais das unidades HEANA, HEELJ e UPA Perfil Pediátrico.",FUNEV,2022,,outro,,0,0
2023,C:\OSS-Goias\documentos\FUNEV\HEANA\2023\34_Relatorio_Producao\1697736548366-CONSOLIDADO 2022.pdf,1697736548366-CONSOLIDADO 2022,-1,24432,-1,1593,-1,9444,4853,-1,-1,-1,HEANA,-1,-1,-1,-1,-1,-1,-1,-1,-1,-1,-1,-1,"Relatório Gerencial de Produção aprovado pelo Conselho de Administração da FUNEV na 36ª Reunião Ordinária em 09/05/2023. O documento apresenta produção acumulada anual de 2022 com dados mensais de Jan a Jul pelo Meta Contrato nº 66/2019, e de Ago a Dez pelo Meta 4º Termo Aditivo Contrato nº 66/2019. Internações: Jan-Jul totalizaram 3.069 (523+498+546+491+498+511+501) e Ago-Dez 3.401 (513+530+541+571+644+616=3.415, total reportado 6.470). Cirurgias programadas reportadas com forte queda a partir de maio (86, 56, 76) e retomada no segundo semestre. Hospital Dia sem produção de Jan a Jul. SADT Externo sem produção de Jan a Jul, toda produção concentrada em Ago-Dez (4.853). Serviço de Atenção Domiciliar sem produção de Jan a Jul, produção em Ago-Dez (565).",FUNEV,2022,,anual,,0,11
2023,C:\OSS-Goias\documentos\FUNEV\HEANA\2023\34_Relatorio_Producao\1697738280067-Ata 31ª Reunião Ordinária CA_28__04_2021 Contas 2020.pdf,1697738280067-Ata 31ª Reunião Ordinária CA_28__04_2021 Contas 2020,-1,-1,-1,-1,-1,-1,-1,-1,-1,-1,HUANA,-1,-1,-1,-1,-1,-1,-1,-1,-1,-1,-1,-1,"Documento é a Ata da 31ª Reunião Ordinária do Conselho de Administração da FUNEV, realizada em 28/04/2021, referente à prestação de contas do exercício de 2020. Não contém tabelas de produção hospitalar com indicadores quantitativos detalhados. Menciona que o HUANA (Hospital Universitário Evangélico de Goianésia) é unidade proveniente de contrato de gestão e que foram apresentados relatórios gerenciais e de atividades desenvolvidas no gerenciamento do HUANA. As principais contas consolidadas: Ativo R$16.495.429,97; Passivo R$16.495.429,97; Ativo Compensado R$213.358.131,85; Passivo Compensado R$213.358.131,85; Superávit do Exercício R$95.496,15. O Ambulatório Universitário Central (AUC) promoveu atendimentos em especialidades: cardiologia, dermatologia, endocrinologia, gastroenterologia, ginecologia, hebiatra, hematologia, infectologia, nefrologia, neurologia, ortopedia, pediatria, pneumologia, pequenas cirurgias, psicologia, psiquiatria e reumatologia.",FUNEV,2020,,anual,,0,0
2023,C:\OSS-Goias\documentos\FUNEV\HEANA\2023\34_Relatorio_Producao\1697739177022-Ata 31ª Reunião Ordinária CA_28__04_2021 Contas 2020.pdf,1697739177022-Ata 31ª Reunião Ordinária CA_28__04_2021 Contas 2020,-1,-1,-1,-1,-1,-1,-1,-1,-1,-1,HUANA,-1,-1,-1,-1,-1,-1,-1,-1,-1,-1,-1,-1,"Documento é a Ata da 31ª Reunião Ordinária do Conselho de Administração da FUNEV, realizada em 28/04/2021, referente à prestação de contas do exercício de 2020. Não contém tabelas de produção hospitalar com indicadores numéricos detalhados. Menciona que o HUANA (Hospital Universitário Evangélico de Goianésia) teve relatórios gerenciais e de atividades desenvolvidas no gerenciamento apresentados, e que a UPA Perfil Pediátrico também teve relatórios apresentados. As principais contas consolidadas: Ativo R$ 16.495.429,97; Passivo R$ 16.495.429,97; Ativo Compensado R$ 213.358.131,85; Passivo Compensado R$ 213.358.131,85; Superávit do Exercício R$ 95.496,15. Contas aprovadas sem ressalva pelo Conselho Fiscal e pela CATEP-MP-GO (contas de 2019).",FUNEV,2020,,anual,,0,0
2023,C:\OSS-Goias\documentos\FUNEV\HEANA\2023\34_Relatorio_Producao\1697739402986-Ata 31ª Reunião Ordinária CA_28__04_2021 Contas 2020.pdf,1697739402986-Ata 31ª Reunião Ordinária CA_28__04_2021 Contas 2020,-1,-1,-1,-1,-1,-1,-1,-1,-1,-1,HUANA,-1,-1,-1,-1,-1,-1,-1,-1,-1,-1,-1,-1,"Documento é a Ata da 31ª Reunião Ordinária do Conselho de Administração da FUNEV, realizada em 28/04/2021, referente à prestação de contas do exercício de 2020. O documento menciona que foram apresentados relatórios gerenciais e de atividades do HUANA (unidade proveniente de contrato de gestão), do AUC (Ambulatório Universitário Central) e da UPA Perfil Pediátrico, bem como contas e demonstrações contábeis. As principais contas consolidadas: Ativo R$ 16.495.429,97; Passivo R$ 16.495.429,97; Ativo Compensado R$ 213.358.131,85; Passivo Compensado R$ 213.358.131,85; Superávit do Exercício R$ 95.496,15. Não há tabelas de produção hospitalar com indicadores quantitativos detalhados neste documento.",FUNEV,2020,,anual,,0,0
2023,C:\OSS-Goias\documentos\FUNEV\HEANA\2023\34_Relatorio_Producao\1700141210876-HEANA - Relatório Gerencial de Produção - Outubro2023.pdf,1700141210876-HEANA - Relatório Gerencial de Produção - Outubro2023,-1,2295,148,148,-1,2816,37791,680,-1,41,HEANA,-1,-1,-1,-1,2.3,-1,-1,-1,51,7.0,99.0,-1,"OSS gestora: FUNEV (Fundação Universitária Evangélica). Relatório referente ao 4º Termo Aditivo ao Contrato de Gestão nº 66/2019, Referência Ano 4 - Outubro/2023. UTI com 51 leitos totais (6 unidades: UTI I a VI). Óbitos em UTI: 41 no total (UTI I:10, UTI II:09, UTI III:03, UTI IV:08, UTI V:06, UTI VI:05). Transferências externas UTI: 08 total. SADT Interno total: 37.791 procedimentos, incluindo Análises Clínicas (32.106), Radiografia (2.561), Tomografia (1.815), Eletrocardiograma (453), Hemoterapia (378), Hemodiálise (162), Anatomia Patológica (78), Ecocardiograma (77), Ultrassonografia (85), Ecodoppler (69), Ecodoppler Transcraniano (07). Núcleo Hospitalar de Epidemiologia: Representatividade 100%, Notificação Oportuna 100%, Sensibilidade NHE ativo e sensível, Taxa Completitude 100%, Investigação Oportuna 100%, Taxa Óbitos DAE 7%. Consultas ambulatoriais calculadas como soma de Consultas Médicas (1.536) + Consultas Não Médicas (1.280) = 2.816.",FUNEV,2023,10,mensal,,9,26
2023,C:\OSS-Goias\documentos\FUNEV\HEANA\2023\34_Relatorio_Producao\1702316095065-HEANA - Relatório Gerencial de Produção - Novembro2023.pdf,1702316095065-HEANA - Relatório Gerencial de Produção - Novembro2023,-1,2184,-1,129,-1,1479,35341,691,51,40,HEANA,-1,-1,-1,-1,0.1,-1,-1,-1,51,6,99,-1,Leitos críticos (UTI): 51 leitos totais distribuídos em 6 unidades de UTI. Total de saídas UTI: 40 óbitos e 07 transferências externas. SADT Interno total: 35.341 procedimentos. Atendimento domiciliar: 898 atendimentos e 443 visitas. Taxa de Óbitos Decorrentes de DAE: 10%. Relatório assinado pelo Diretor Executivo da FUNEV em 10/12/2023. Documento referente ao 4º Termo Aditivo ao Contrato de Gestão nº 66/2019.,FUNEV,2023,11,mensal,,9,26
2023,C:\OSS-Goias\documentos\IGH\HEAPA\2023\34_Relatorio_Producao\2022.03 - HEAPA - Relatório Gerencial de Produção.pdf,2022.03 - HEAPA - Relatório Gerencial de Produção,560,1830,88,456,368,1300,17881,-1,-1,-1,HEAPA,-1,-1,-1,-1,-1,-1,-1,-1,10,-1,-1,102,"SADT Interno totalizou média de 17.881 serviços (Análises Clínicas: 14.319, Radiografia: 2.325, Tomografia: 988, Ultrassonografia/Doppler: 197, Eletrocardiograma: 52). Consultas Médicas: 1.114 realizadas / 1.056 contratadas; Consultas Multidisciplinares: 186 realizadas / 80 contratadas. Estrutura física: Enfermaria Cirúrgica 47 leitos, Enfermaria Clínica 24 leitos, Observação 14, UTI Adulto 10, Leito Dia 7, SRPA 5, Total 102. Gestão pelo IGH via 9º Termo Aditivo ao Contrato de Gestão 096/2016-SES/GO, vigência até 22/09/2023.",IGH,2023,3,mensal,,5,13
2023,C:\OSS-Goias\documentos\IGH\HEAPA\2023\34_Relatorio_Producao\2022.03 - HEAPA Relatório Gerencial de Produção.xlsx,2022.03 - HEAPA Relatório Gerencial de Produção,-1,-1,-1,560,-1,1300,-1,-1,-1,-1,HEAPA,-1,-1,-1,-1,-1,-1,-1,-1,10,-1,-1,102,"Leitos: Enfermaria Cirúrgica=47, Enfermaria Clínica=24, Observação=14, UTI Adulto=10, Leito Dia=7, SRPA=5, Total=102. Exames realizados: Eletrocardiograma=52, Ultrassonografia/Doppler=197, Tomografia=988, Radiografia=2325, Análises Clínicas=14319. A coluna REALIZADO para Tomografia computadorizada aparece sem valor preenchido na tabela meta vs realizado (valor 506 aparece isolado abaixo do total 155, origem incerta). Filename: 2022.03 - HEAPA Relatório Gerencial de Produção.xlsx.",IGH,2022,3,mensal,,5,15
2023,C:\OSS-Goias\documentos\IGH\HEAPA\2023\34_Relatorio_Producao\2022.04 HEAPA Relatório Gerencial de Produção-Assinado.pdf,2022.04 HEAPA Relatório Gerencial de Produção-Assinado,540,1654,89,438,349,1153,18492,-1,-1,-1,HEAPA,-1,-1,-1,-1,-1,-1,-1,-1,10,-1,-1,102,"SADT Interno totaliza 18.492 procedimentos: Análises Clínicas 15.127, Radiografia 2.245, Tomografia 921, Ultrassonografia/Doppler 156, Eletrocardiograma 43. Estrutura física: Enfermaria Cirúrgica 47 leitos, Enfermaria Clínica 24 leitos, Observação 14, UTI Adulto 10, Leito Dia 7, SRPA 5, Total 102. Total de cirurgias: 89 eletivas + 349 urgência/emergência = 438. Atendimento ambulatorial atingiu 101,50% da meta. Gestão via 9º Termo Aditivo ao Contrato de Gestão 096/2016 - SES/GO, vigência até 22/09/2023.",IGH,2023,4,mensal,,5,15
2023,C:\OSS-Goias\documentos\IGH\HEAPA\2023\34_Relatorio_Producao\2022.04 HEAPA Relatório Gerencial de Produção.xlsx,2022.04 HEAPA Relatório Gerencial de Produção,-1,-1,-1,540,-1,1153,-1,-1,-1,-1,HEAPA,-1,-1,-1,-1,-1,-1,-1,-1,10,-1,-1,102,"Leitos reportados: Enfermaria Cirúrgica 47, Enfermaria Clínica 24, Observação 14, UTI Adulto 10, Leito Dia 7, SRPA 5, Total 102. Exames realizados: Eletrocardiograma 43, Ultrassonografia/Doppler 156, Tomografia 921, Radiografia 2245, Análises Clínicas 15127. A coluna REALIZADO da Tomografia Computadorizada na tabela meta vs realizado aparece sem valor numérico explícito. O valor 423 aparece como subtotal adicional na tabela de exames meta vs realizado sem indicador claro.",IGH,2022,4,mensal,,5,15
2023,C:\OSS-Goias\documentos\IGH\HEAPA\2023\34_Relatorio_Producao\2022.07 HEAPA Relatório Gerencial de Produção-VersaoImpressao.pdf,2022.07 HEAPA Relatório Gerencial de Produção-VersaoImpressao,711,1892,201,535,334,1516,18345,-1,-1,-1,HEAPA,-1,-1,-1,-1,-1,-1,-1,-1,10,-1,-1,102,"Estrutura física: Enfermaria Cirúrgica 47 leitos, Enfermaria Clínica 24 leitos, Observação 14 leitos, UTI Adulto 10 leitos, Leito Dia 7, SRPA 5, Total 102. SADT Interno realizado: Análises Clínicas 14.534, Radiografia 2.669, Tomografia 932, Ultrassonografia/Doppler 156, Eletrocardiograma 54, total médio 18.345. SADT Externo total realizado 603 frente a 630 contratados. Cirurgias: 201 eletivas + 334 urgência/emergência = 535 total. Gestão pelo IGH via 9º Termo Aditivo ao Contrato de Gestão 096/2016 - SES/GO, vigência até 22/09/2023.",IGH,2023,7,mensal,,5,15
2023,C:\OSS-Goias\documentos\IGH\HEAPA\2023\34_Relatorio_Producao\2022.07 HEAPA Relatório Gerencial de Produção.xlsx,2022.07 HEAPA Relatório Gerencial de Produção,-1,-1,-1,74,-1,1300,-1,-1,-1,-1,HEAPA,-1,-1,-1,-1,-1,-1,-1,-1,10,-1,-1,102,"Leitos por tipo: Enfermaria Cirúrgica 47, Enfermaria Clínica 24, Observação 14, UTI Adulto 10, Leito Dia 7, SRPA 5, Total 102. Exames realizados: Eletrocardiograma 54, Ultrassonografia/Doppler 156, Tomografia 932, Radiografia 2669, Análises Clínicas 14534. O valor de 603 aparece isolado na tabela de exames sem indicador explícito. O campo Total de Consultas Realizadas contém valor não numérico ('nho') no documento original.",IGH,2022,7,mensal,,5,15
2023,C:\OSS-Goias\documentos\IGH\HEAPA\2023\34_Relatorio_Producao\2023 - 4° Trimestre - Ata de Reunião.pdf,2023 - 4° Trimestre - Ata de Reunião,-1,-1,-1,-1,-1,-1,-1,-1,-1,-1,HEAPA,-1,-1,-1,-1,-1,-1,-1,-1,-1,-1,-1,-1,"Documento trata-se de Ata de Reunião Ordinária do Conselho de Administração do IGH, realizada em 31/01/2024. A pauta incluiu aprovação do relatório gerencial e financeiro referente ao 4º trimestre de 2023 e do relatório anual de 2023. Os relatórios foram aprovados por unanimidade. Nenhum dado quantitativo de produção hospitalar consta no documento.",IGH,2023,,trimestral,4,0,0
2023,C:\OSS-Goias\documentos\IGH\HEAPA\2023\34_Relatorio_Producao\2023 – 1° Trimestre – Ata de Reunião.pdf,2023 – 1° Trimestre – Ata de Reunião,-1,-1,-1,-1,-1,-1,-1,-1,-1,-1,HEAPA,-1,-1,-1,-1,-1,-1,-1,-1,-1,-1,-1,-1,"Documento é uma Ata de Reunião Ordinária do Conselho de Administração do IGH, datada de 27 de abril de 2023, referente ao primeiro trimestre de 2023. A ata registra a aprovação do relatório gerencial e financeiro do primeiro trimestre de 2023 por unanimidade, mas não contém dados quantitativos de produção hospitalar. Presidente do Conselho: José Geraldo Gonçalves de Brito. Superintendente: Joel Sobral de Andrade.",IGH,2023,,trimestral,1,0,0
2023,C:\OSS-Goias\documentos\IGH\HEAPA\2023\34_Relatorio_Producao\2023 – 2° Trimestre – Ata de Reunião.pdf,2023 – 2° Trimestre – Ata de Reunião,-1,-1,-1,-1,-1,-1,-1,-1,-1,-1,HEAPA,-1,-1,-1,-1,-1,-1,-1,-1,-1,-1,-1,-1,"Documento é uma Ata de Reunião Ordinária do Conselho de Administração do IGH, realizada em 31/07/2023, referente ao segundo trimestre de 2023. A ata registra apenas a aprovação por unanimidade do relatório gerencial e financeiro do instituto referente ao 2º trimestre de 2023, sem apresentar dados numéricos de produção hospitalar. Presidente do Conselho: José Geraldo G. de Brito. Superintendente: Joel Sobral de Andrade.",IGH,2023,,trimestral,2,0,0
2023,C:\OSS-Goias\documentos\IGH\HEAPA\2023\34_Relatorio_Producao\2023 – ANUAL – HEAPA – Relatório gerencial de produção consolidado.pdf,2023 – ANUAL – HEAPA – Relatório gerencial de produção consolidado,-1,-1,-1,-1,-1,18135,7258,7390,-1,-1,HEAPA,-1,-1,-1,-1,7.38,-1,-1,-1,-1,5.02,101.78,-1,"Relatório Anual Consolidado referente ao 9º e 10º Termo Aditivo ao Contrato de Gestão nº 096/2016. O 9º Termo Aditivo vigorou de janeiro a setembro de 2023 e o 10º Termo Aditivo de outubro a dezembro de 2023 (em minuta/andamento desde 22/09/2023). As cirurgias programadas no 9º TA eram categorizadas por especialidade (Ortopedia, Cirurgia Geral, Vascular) com meta de 200/mês; no 10º TA passaram a ser categorizadas por complexidade (Alto giro, Média/Alta complexidade, Alto custo) com meta de 190/mês. Atendimento ambulatorial: contratado de 1.136/mês (jan-set) e 2.050/mês (out-dez). Taxa de ocupação e média de permanência reportadas separadamente para os dois termos aditivos; os valores do 10º TA (out-dez/2023) foram usados nos campos leitos. Total de saídas hospitalares: 7.390 (Clínica Médica: 710 + Clínica Cirúrgica: 6.564). Hospital dia total realizado: 3.067. SADT Externo total realizado: 7.258.",IGH,2023,,anual,,5,39
2023,C:\OSS-Goias\documentos\IGH\HEAPA\2023\34_Relatorio_Producao\2023.01 HEAPA Relatório Gerencial de Produção-Assinado.pdf,2023.01 HEAPA Relatório Gerencial de Produção-Assinado,508,1781,69,436,367,1186,18963,-1,-1,-1,HEAPA,-1,-1,-1,-1,-1,-1,-1,-1,10,-1,-1,102,"Estrutura física: Enfermaria Cirúrgica 47 leitos, Enfermaria Clínica 24 leitos, Observação 14 leitos, UTI Adulto 10 leitos, Leito Dia 7, SRPA 5, Total 102. SADT Interno realizado: Eletrocardiograma 103, Ultrassonografia 195, Tomografia 1.057, Radiografia 2.233, Análises Clínicas 15.335, Doppler 40, total médio de 18.963 serviços. SADT Externo total realizado 329, total contratado 630. Cirurgias de urgência e emergência: 367. Total de cirurgias no mês: 436. Gestão realizada pelo IGH por meio do 9º Termo Aditivo ao Contrato de Gestão 096/2016-SES/GO, com vigência até 22/09/2023.",IGH,2023,1,mensal,,5,15
2023,C:\OSS-Goias\documentos\IGH\HEAPA\2023\34_Relatorio_Producao\2023.01 HEAPA Relatório Gerencial de Produção.xlsx,2023.01 HEAPA Relatório Gerencial de Produção,-1,-1,-1,69,-1,1186,-1,-1,-1,-1,HEAPA,-1,-1,-1,-1,-1,-1,-1,-1,10,-1,-1,102,"Leitos: Enfermaria Cirúrgica=47, Enfermaria Clínica=24, Observação=14, UTI Adulto=10, Leito Dia=7, SRPA=5, Total=102. Exames reportados sem meta/contratado: Eletrocardiograma=103, Ultrassonografia=195, Tomografia=1057, Radiografia=2233, Análises Clínicas=15335, Doppler=40. A tabela de exames ambulatoriais com meta apresenta valores distintos dos exames totais reportados no cabeçalho.",IGH,2023,1,mensal,,5,15
2023,C:\OSS-Goias\documentos\IGH\HEAPA\2023\34_Relatorio_Producao\2023.02 HEAPA Relatório Gerencial de Produção-Assinado.pdf,2023.02 HEAPA Relatório Gerencial de Produção-Assinado,511,1695,52,378,326,1077,15949,-1,-1,-1,HEAPA,-1,-1,-1,-1,-1,-1,-1,-1,10,-1,-1,102,"Estrutura física: Enfermaria Cirúrgica 47 leitos, Enfermaria Clínica 24 leitos, Observação 14 leitos, UTI Adulto 10 leitos, Leito Dia 7, SRPA 5, Total 102. SADT Interno realizado: Eletrocardiograma 72, Ultrassonografia 144, Tomografia 940, Radiografia 2.195, Análises Clínicas 12.580, Doppler 18, total médio 15.949. Gestão pelo IGH por meio do 9º Termo Aditivo ao Contrato de Gestão 096/2016-SES/GO, vigência até 22/09/2023.",IGH,2023,2,mensal,,5,15
2023,C:\OSS-Goias\documentos\IGH\HEAPA\2023\34_Relatorio_Producao\2023.02 HEAPA Relatório Gerencial de Produção.xlsx,2023.02 HEAPA Relatório Gerencial de Produção,-1,-1,-1,52,-1,1077,-1,-1,-1,-1,HEAPA,-1,-1,-1,-1,-1,-1,-1,-1,10,-1,-1,102,"Leitos: Enfermaria Cirúrgica=47, Enfermaria Clínica=24, Observação=14, UTI Adulto=10, Leito Dia=7, SRPA=5, Total=102. Exames realizados sem meta: Eletrocardiograma=72, Ultrassonografia=144, Tomografia=940, Radiografia=2195, Análises Clínicas=12580, Doppler=18. Internações por tipo: Clínica Médica realizado=55 (contratado=124), Clínica Cirúrgica realizado=456 (contratado=403), Total realizado=511 (contratado=527).",IGH,2023,2,mensal,,3,15
2023,C:\OSS-Goias\documentos\IGH\HEAPA\2023\34_Relatorio_Producao\2023.05 - HEAPA Relatório Gerencial de Produção.pdf,2023.05 - HEAPA Relatório Gerencial de Produção,663,1870,190,554,364,1153,19940,-1,-1,-1,HEAPA,-1,-1,-1,-1,-1,-1,-1,-1,10,-1,-1,102,"SADT Interno realizado: Análises Clínicas 16.085, Radiografia 2.610, Tomografia 1.005, Ultrassonografia/Doppler 136, Eletrocardiograma 52. Total SADT Interno: média de 19.940 serviços. Estrutura física: Enfermaria Cirúrgica 47 leitos, Enfermaria Clínica 24 leitos, Observação 14 leitos, UTI Adulto 10 leitos, Leito Dia 7, SRPA 5. Contrato de Gestão 096/2016 - SES/GO, 9º Termo Aditivo, vigência até 22/09/2023.",IGH,2023,5,mensal,,5,15
2023,C:\OSS-Goias\documentos\IGH\HEAPA\2023\34_Relatorio_Producao\2023.05 HEAPA Relatório Gerencial de Produção.xlsx,2023.05 HEAPA Relatório Gerencial de Produção,-1,-1,-1,190,-1,1153,-1,-1,-1,-1,HEAPA,-1,-1,-1,-1,-1,-1,-1,-1,10,-1,-1,102,"Leitos por setor: Enfermaria Cirúrgica 47, Enfermaria Clínica 24, Observação 14, UTI Adulto 10, Leito Dia 7, SRPA 5, Total 102. Exames realizados (quantidades absolutas): Eletrocardiograma 52, Ultrassonografia/Doppler 136, Tomografia 1005, Radiografia 2610, Análises Clínicas 16085. Tomografia computadorizada aparece na tabela de metas sem valor realizado explícito na célula correspondente (META=200, REALIZADO=em branco na linha). O valor 691 aparece isolado na tabela de exames sem identificação clara de indicador.",IGH,2023,5,mensal,,3,14
2023,C:\OSS-Goias\documentos\IGH\HEAPA\2023\34_Relatorio_Producao\2023.06 – HEAPA – Relatório gerencial de produção.pdf,2023.06 – HEAPA – Relatório gerencial de produção,655,1699,202,542,340,1452,19653,-1,-1,-1,HEAPA,-1,-1,-1,-1,-1,-1,-1,-1,10,-1,-1,102,"SADT Interno total: 19.653 serviços (Análises Clínicas: 15.906, Radiografia: 2.368, Tomografia: 1.068, Ultrassonografia/Doppler: 157, Eletrocardiograma: 114). SADT Externo total realizado: 606 frente a 630 contratados. Estrutura física: Enfermaria Cirúrgica 47 leitos, Enfermaria Clínica 24 leitos, Observação 14 leitos, UTI Adulto 10 leitos, Leito Dia 7, SRPA 5. Total 102 leitos. Cirurgias de urgência e emergência: 340. Gestão pelo IGH via 9º Termo Aditivo ao Contrato de Gestão 096/2016-SES/GO, vigência até 22/09/2023.",IGH,2023,6,mensal,,5,15
2023,C:\OSS-Goias\documentos\IGH\HEAPA\2023\34_Relatorio_Producao\2023.08 - HEAPA Relatório Gerencial de Produção-Assinado.pdf,2023.08 - HEAPA Relatório Gerencial de Produção-Assinado,-1,1949,216,573,357,1655,19370,684,-1,-1,HEAPA,-1,-1,-1,-1,-1,-1,-1,-1,10,-1,-1,102,"Consultas Médicas realizadas: 1569, Consultas Multidisciplinares realizadas: 86. SADT Interno: Eletrocardiograma 88, Ultrassonografia/Doppler 156, Tomografia 1131, Radiografia 2718, Análises Clínicas 15226, total médio 19370. Cirurgias de urgência e emergência: 357. Total cirurgias: 573. Estrutura física: Enfermaria Cirúrgica 47, Enfermaria Clínica 24, Observação 14, UTI Adulto 10, Leito Dia 7, SRPA 5, Total 102 leitos. Gestão pelo IGH via 9º Termo Aditivo ao Contrato de Gestão 096/2016-SES/GO, vigência até 22/09/2023. O texto do relatório menciona '2016 cirurgias eletivas' que parece ser erro tipográfico; o gráfico indica 216 cirurgias eletivas contratadas e realizadas conforme tabela.",IGH,2023,8,mensal,,5,13
2023,C:\OSS-Goias\documentos\IGH\HEAPA\2023\34_Relatorio_Producao\2023.08 – HEAPA – Relatório gerencial de produção.xlsx,2023.08 – HEAPA – Relatório gerencial de produção,-1,-1,-1,216,-1,1655,-1,-1,-1,-1,HEAPA,-1,-1,-1,-1,-1,-1,-1,-1,10,-1,-1,102,"Leitos detalhados: Enfermaria Cirúrgica 47, Enfermaria Clínica 24, Observação 14, UTI Adulto 10, Leito Dia 7, SRPA 5, Total 102. Exames realizados sem meta comparativa direta: Eletrocardiograma 88, Ultrassonografia/Doppler 156, Tomografia 1131, Radiografia 2718, Análises Clínicas 15226. Tomografia computadorizada aparece na tabela de meta sem valor realizado associado explicitamente na mesma linha; Raio X realizado 262, Ultrassonografia Doppler realizado 159, Eletrocardiograma realizado 93, Total realizado 766 (meta 630). Total de consultas: Consultas Médicas 1569, Consultas Multidisciplinares 86, Total 1655 (meta 1136).",IGH,2023,8,mensal,,5,15
2023,C:\OSS-Goias\documentos\IGH\HEAPA\2023\34_Relatorio_Producao\2023.09 - HEAPA Relatório Gerencial de Produção-Assinado.pdf,2023.09 - HEAPA Relatório Gerencial de Produção-Assinado,656,1824,222,573,358,1413,18338,-1,-1,-1,HEAPA,-1,-1,-1,-1,-1,-1,-1,-1,10,-1,-1,102,"Estrutura física: Enfermaria Cirúrgica 47 leitos, Enfermaria Clínica 24 leitos, Observação 14 leitos, UTI Adulto 10 leitos, Leito Dia 7 leitos, SRPA 5 leitos, Total 102 leitos. SADT Interno realizado: Análises Clínicas 18.338, Radiografia 2.674, Tomografia 1.254, Ultrassonografia/Doppler 68, Eletrocardiograma 88. O relatório será aprovado pelo Conselho de Administração no próximo trimestre conforme o Estatuto Social. Gestão realizada pelo IGH por meio do 9º Termo Aditivo ao Contrato de Gestão 096/2016 - SES/GO, com vigência até 22 de setembro de 2023.",IGH,2023,9,mensal,,5,15
2023,C:\OSS-Goias\documentos\IGH\HEAPA\2023\34_Relatorio_Producao\2023.09 HEAPA Relatório Gerencial de Produção.xlsx,2023.09 HEAPA Relatório Gerencial de Produção,-1,-1,-1,222,-1,1413,-1,-1,-1,-1,HEAPA,-1,-1,-1,-1,-1,-1,-1,-1,10,-1,-1,102,"Leitos: Enfermaria Cirúrgica=47, Enfermaria Clínica=24, Observação=14, UTI Adulto=10, Leito Dia=7, SRPA=5, Total=102. Exames realizados: Eletrocardiograma=88, Ultrassonografia/Doppler=68, Tomografia=1254, Radiografia=2674, Análises Clínicas=18338. Tomografia computadorizada realizado não informado na coluna realizado (783 pode ser total de exames realizados). O relatório referente ao mês de setembro será aprovado pelo Conselho de Administração no próximo trimestre conforme o Estatuto Social.",IGH,2023,9,mensal,,5,15
2023,C:\OSS-Goias\documentos\IGH\HEAPA\2023\34_Relatorio_Producao\2023.10 - HEAPA Relatório Gerencial de Produção-Assinado.pdf,2023.10 - HEAPA Relatório Gerencial de Produção-Assinado,638,1798,195,599,404,2097,22144,-1,-1,-1,HEAPA,-1,-1,-1,-1,-1,-1,-1,-1,10,-1,-1,102,"Estrutura física: Enfermaria Cirúrgica 47 leitos, Enfermaria Clínica 24 leitos, Observação 14 leitos, UTI Adulto 10 leitos, Leito Dia 7 leitos, SRPA 5 leitos, Total 102 leitos. SADT Interno realizado: Eletrocardiograma 303, Ultrassonografia/Doppler 143, Tomografia 1.531, Radiografia 2.690, Análises Clínicas 17.454, total médio 22.144. SADT Externo realizado média de 536, meta 430. O Relatório Gerencial de Produção referente ao mês de setembro será aprovado pelo Conselho de Administração no próximo trimestre conforme o Estatuto Social. Vigência do contrato de gestão IGH até 22/09/2023 conforme 9º Termo Aditivo ao Contrato de Gestão 096/2016-SES/GO.",IGH,2023,10,mensal,,5,16
2023,C:\OSS-Goias\documentos\IGH\HEAPA\2023\34_Relatorio_Producao\2023.10 - HEAPA Relatório Gerencial de Produção.xlsx,2023.10 - HEAPA Relatório Gerencial de Produção,-1,-1,-1,195,-1,2097,-1,-1,-1,-1,HEAPA,-1,-1,-1,-1,-1,-1,-1,-1,10,-1,-1,102,"Leitos reportados: Enfermaria Cirúrgica 47, Enfermaria Clínica 24, Observação 14, UTI Adulto 10, Leito Dia 7, SRPA 5, Total 102. Exames realizados: Eletrocardiograma 303, Ultrassonografia/Doppler 143, Tomografia 1531, Radiografia 2690, Análises Clínicas 17454. Nota no documento: O Relatório Gerencial de Produção referente ao mês de setembro será aprovado pelo Conselho de Administração no próximo trimestre conforme o Estatuto Social.",IGH,2023,10,mensal,,3,13
2023,C:\OSS-Goias\documentos\IGH\HEAPA\2023\34_Relatorio_Producao\2023.11 HEAPA Relatório Gerencial de Produção-Assinado.pdf,2023.11 HEAPA Relatório Gerencial de Produção-Assinado,630,1722,195,517,322,1898,18290,-1,-1,-1,HEAPA,-1,-1,-1,-1,-1,-1,-1,-1,10,-1,-1,102,"Estrutura física: Enfermaria Cirúrgica 47 leitos, Enfermaria Clínica 24 leitos, Observação 14 leitos, UTI Adulto 10 leitos, Leito Dia 7 leitos, SRPA 5 leitos, Total 102 leitos. SADT Interno: Eletrocardiograma 235, Ultrassonografia/Doppler 126, Tomografia 1.431, Radiografia 2.241, Análises Clínicas 18.290. O relatório gerencial de produção referente ao mês de setembro será aprovado pelo Conselho de Administração no próximo trimestre conforme o Estatuto Social. O texto menciona atendimentos ambulatoriais realizados como 'mês de outubro de 2023', porém o relatório é referente a novembro/2023. Gestão realizada pelo IGH por meio do 9º Termo Aditivo ao Contrato de Gestão 096/2016 - SES/GO, com vigência até 22 de setembro de 2023.",IGH,2023,11,mensal,,5,16
2023,C:\OSS-Goias\documentos\IGH\HEAPA\2023\34_Relatorio_Producao\2023.11 HEAPA Relatório Gerencial de Produção.xlsx,2023.11 HEAPA Relatório Gerencial de Produção,-1,-1,-1,630,-1,1898,-1,-1,-1,-1,HEAPA,-1,-1,-1,-1,-1,-1,-1,-1,10,-1,-1,102,"Leitos por tipo: Enfermaria Cirúrgica=47, Enfermaria Clínica=24, Observação=14, UTI Adulto=10, Leito Dia=7, SRPA=5, Total=102. Exames realizados: Eletrocardiograma=235, Ultrassonografia/Doppler=126, Tomografia=1431, Radiografia=2241, Análises Clínicas=18290. Nota no documento: O Relatório Gerencial de Produção referente ao mês de setembro será aprovado pelo Conselho de Administração no próximo trimestre conforme o Estatuto Social. O valor 287 aparece como realizado para o total de exames especiais com meta 430, e 927 como outro total associado.",IGH,2023,11,mensal,,3,13
2023,C:\OSS-Goias\documentos\IGH\HEAPA\2023\34_Relatorio_Producao\2023.12 HEAPA Relatório Gerencial de Produção-Assinado.pdf,2023.12 HEAPA Relatório Gerencial de Produção-Assinado,634,1689,175,560,388,1930,18272,-1,-1,-1,HEAPA,-1,-1,-1,-1,-1,-1,-1,-1,10,-1,-1,102,"O Relatório Gerencial de Produção referente ao mês de setembro será aprovado pelo Conselho de Administração no próximo trimestre conforme o Estatuto Social. SADT Interno: Eletrocardiograma 204, Ultrassonografia/Doppler 130, Tomografia 1431, Radiografia 2295, Análises Clínicas 14181, total médio de 18272. A gestão é realizada pelo IGH por meio do 9º Termo Aditivo ao Contrato de Gestão 096/2016 - SES/GO, com vigência até 22/09/2023. O texto menciona cirurgias do mês de novembro (175 eletivas e 388 urgência/emergência, total 560), enquanto os demais dados se referem a dezembro/2023. Estrutura física: Enfermaria Cirúrgica 47 leitos, Enfermaria Clínica 24, Observação 14, UTI Adulto 10, Leito Dia 7, SRPA 5, Total 102.",IGH,2023,12,mensal,,2,16
2023,C:\OSS-Goias\documentos\IGH\HEAPA\2023\34_Relatorio_Producao\2023.12 HEAPA Relatório Gerencial de Produção.xlsx,2023.12 HEAPA Relatório Gerencial de Produção,-1,-1,-1,634,-1,1930,-1,-1,-1,-1,HEAPA,-1,-1,-1,-1,-1,-1,-1,-1,10,-1,-1,102,"Leitos reportados: Enfermaria Cirúrgica 47, Enfermaria Clínica 24, Observação 14, UTI Adulto 10, Leito Dia 7, SRPA 5, Total 102. Exames reportados: Eletrocardiograma 204, Ultrassonografia/Doppler 130, Tomografia 1431, Radiografia 2295, Análises Clínicas 14181. Tomografia c/ e sem contraste meta 160 (realizado não especificado separadamente). O relatório menciona aprovação pelo Conselho de Administração no próximo trimestre conforme Estatuto Social.",IGH,2023,12,mensal,,2,14
2023,C:\OSS-Goias\documentos\IGH\HEAPA\2023\34_Relatorio_Producao\Ata Reunião Cons. Adm. 31.01.2023.pdf,Ata Reunião Cons. Adm. 31.01.2023,-1,-1,-1,-1,-1,-1,-1,-1,-1,-1,HEAPA,-1,-1,-1,-1,-1,-1,-1,-1,-1,-1,-1,-1,"Documento é uma Ata de Reunião Ordinária do Conselho de Administração do IGH realizada em 31/01/2023, referente à aprovação do relatório gerencial e financeiro do quarto trimestre de 2022. Não contém dados quantitativos de produção hospitalar. O relatório foi aprovado por unanimidade pelos membros do Conselho de Administração.",IGH,2022,,trimestral,4,0,0
2023,C:\OSS-Goias\documentos\ISG\HDT\2023\34_Relatorio_Producao\ATA-DE-REUNIAO-DE-09-DE-MAIO-DE-2023-ASSUNTO-APROVACAO-DEMONSTRACOES-CONTABEIS-E-RELATORIOS-HDT-E-CEAP-SOL-2022-2.pdf-2.pdf,ATA-DE-REUNIAO-DE-09-DE-MAIO-DE-2023-ASSUNTO-APROVACAO-DEMONSTRACOES-CONTABEIS-E-RELATORIOS-HDT-E-CEAP-SOL-2022-2.pdf-2,-1,-1,-1,-1,-1,-1,-1,-1,-1,-1,HDT,-1,-1,-1,-1,-1,-1,-1,-1,-1,-1,-1,-1,"Documento trata-se de Ata de Reunião Ordinária do Conselho de Administração do ISG realizada em 09/05/2023, com pauta de aprovação das demonstrações contábeis e relatórios de atividades do HDT (Hospital Estadual de Doenças Tropicais Dr. Anuar Auad) e do CEAP-SOL referentes ao exercício de 2022. Não contém dados quantitativos de produção hospitalar, metas, leitos ou indicadores de qualidade. A auditoria externa independente (Work 7) concluiu pela regularidade das demonstrações contábeis de 2022. Todos os itens foram aprovados por unanimidade pelos conselheiros presentes.",ISG,2022,,anual,,0,0
2023,C:\OSS-Goias\documentos\ISG\HDT\2023\34_Relatorio_Producao\ATA-DE-REUNIAO-DE-09-DE-MAIO-DE-2023-ASSUNTO-APROVACAO-DEMONSTRACOES-CONTABEIS-E-RELATORIOS-HDT-E-CEAP-SOL-2022-3.pdf-3.pdf,ATA-DE-REUNIAO-DE-09-DE-MAIO-DE-2023-ASSUNTO-APROVACAO-DEMONSTRACOES-CONTABEIS-E-RELATORIOS-HDT-E-CEAP-SOL-2022-3.pdf-3,-1,-1,-1,-1,-1,-1,-1,-1,-1,-1,HDT,-1,-1,-1,-1,-1,-1,-1,-1,-1,-1,-1,-1,"Documento trata-se de Ata de Reunião Ordinária do Conselho de Administração do ISG realizada em 09/05/2023, referente ao exercício de 2022. Foram aprovados por unanimidade: as demonstrações contábeis do HDT (Hospital Estadual de Doenças Tropicais Dr. Anuar Auad) e do CEAP-SOL (Centro Estadual de Atenção Prolongada e Casa de Apoio Condomínio Solidariedade) do exercício de 2022; os relatórios de atividades de 2022; e os relatórios gerenciais mensais de 2018 até 2022. A contabilidade foi realizada pela empresa Quality Associados e a auditoria externa independente pela auditoria Work 7, que concluiu pela regularidade das demonstrações contábeis. Nenhum indicador quantitativo de produção hospitalar foi reportado neste documento.",ISG,2022,,anual,,0,0
2023,C:\OSS-Goias\documentos\ISG\HDT\2023\34_Relatorio_Producao\ATA-DE-REUNIAO-DE-09-DE-MAIO-DE-2023-ASSUNTO-APROVACAO-DEMONSTRACOES-CONTABEIS-E-RELATORIOS-HDT-E-CEAP-SOL-2022-4.pdf-4.pdf,ATA-DE-REUNIAO-DE-09-DE-MAIO-DE-2023-ASSUNTO-APROVACAO-DEMONSTRACOES-CONTABEIS-E-RELATORIOS-HDT-E-CEAP-SOL-2022-4.pdf-4,-1,-1,-1,-1,-1,-1,-1,-1,-1,-1,HDT,-1,-1,-1,-1,-1,-1,-1,-1,-1,-1,-1,-1,"Documento trata-se de Ata de Reunião Ordinária do Conselho de Administração do ISG, realizada em 09/05/2023, para aprovação das Demonstrações Contábeis e Relatórios de Atividades do HDT (Hospital Estadual de Doenças Tropicais Dr. Anuar Auad) e do CEAP-SOL (Centro Estadual de Atenção Prolongada e Casa de Apoio Condomínio Solidariedade) referentes ao exercício de 2022. Não contém dados quantitativos de produção hospitalar. A contabilidade foi realizada pela Quality Associados e a auditoria externa pela Work 7, que concluiu pela regularidade das demonstrações contábeis. Os relatórios gerenciais mensais de 2018 até 2022 também foram aprovados por unanimidade.",ISG,2022,,anual,,0,0
2023,C:\OSS-Goias\documentos\ISG\HDT\2023\34_Relatorio_Producao\ATA-DE-REUNIAO-DE-09-DE-MAIO-DE-2023-ASSUNTO-APROVACAO-DEMONSTRACOES-CONTABEIS-E-RELATORIOS-HDT-E-CEAP-SOL-2022-5.pdf-5.pdf,ATA-DE-REUNIAO-DE-09-DE-MAIO-DE-2023-ASSUNTO-APROVACAO-DEMONSTRACOES-CONTABEIS-E-RELATORIOS-HDT-E-CEAP-SOL-2022-5.pdf-5,-1,-1,-1,-1,-1,-1,-1,-1,-1,-1,HDT,-1,-1,-1,-1,-1,-1,-1,-1,-1,-1,-1,-1,"Documento trata-se de Ata de Reunião Ordinária do Conselho de Administração do ISG realizada em 09/05/2023, referente à aprovação das demonstrações contábeis e relatórios de atividades do HDT (Hospital Estadual de Doenças Tropicais Dr. Anuar Auad) e do CEAP-SOL (Centro Estadual de Atenção Prolongada e Casa de Apoio Condomínio Solidariedade) do exercício de 2022, bem como dos relatórios gerenciais mensais de 2018 a 2022. Não contém dados quantitativos de produção, metas ou indicadores de qualidade. A contabilidade de 2022 foi realizada pela Quality Associados e a auditoria externa independente pela Work 7, que concluiu pela regularidade das demonstrações contábeis. Todos os itens foram aprovados por unanimidade.",ISG,2022,,anual,,0,0
2023,C:\OSS-Goias\documentos\ISG\HDT\2023\34_Relatorio_Producao\ATA-DE-REUNIAO-DE-09-DE-MAIO-DE-2023-ASSUNTO-APROVACAO-DEMONSTRACOES-CONTABEIS-E-RELATORIOS-HDT-E-CEAP-SOL-2022-6.pdf-6.pdf,ATA-DE-REUNIAO-DE-09-DE-MAIO-DE-2023-ASSUNTO-APROVACAO-DEMONSTRACOES-CONTABEIS-E-RELATORIOS-HDT-E-CEAP-SOL-2022-6.pdf-6,-1,-1,-1,-1,-1,-1,-1,-1,-1,-1,HDT,-1,-1,-1,-1,-1,-1,-1,-1,-1,-1,-1,-1,"Documento trata-se de Ata de Reunião Ordinária do Conselho de Administração do ISG realizada em 09/05/2023. Foram aprovados por unanimidade: (1) demonstrações contábeis do HDT e do CEAP-SOL referentes ao exercício de 2022, auditadas pela Work 7 e contabilizadas pela Quality Associados; (2) relatórios de atividades de 2022 das duas unidades; (3) relatórios gerenciais mensais de 2018 até 2022 das duas unidades. O documento não contém dados quantitativos de produção hospitalar, metas, leitos ou indicadores de qualidade.",ISG,2022,,anual,,0,0
2023,C:\OSS-Goias\documentos\AGIR\HUGOL\2023\34_Relatorio_Producao\Atas de Reuniões_1º Ata de reunião Ord. Cons. Adm. 2023_13-03-23.pdf,Atas de Reuniões_1º Ata de reunião Ord. Cons. Adm. 2023_13-03-23,-1,-1,-1,-1,-1,-1,-1,-1,-1,-1,HUGOL,93.85,-1,-1,-1,-1,-1,-1,-1,-1,-1,-1,-1,"Documento trata-se de Ata de Reunião Ordinária do Conselho de Administração da AGIR realizada em 13/03/2023. Para o HUGOL, período de referência da prestação de contas: 01/08/2022 a 31/01/2023, no qual foi atingido percentual acima de 100% para todas as linhas de contratação. Pesquisa de Satisfação do Usuário (NPS) do HUGOL para o período de 01/08/22 a 31/01/23: resultado global de 93,85%, atingindo a Zona de Excelência. Não há tabelas de produção quantitativa detalhadas neste documento; apenas narrativa descritiva dos resultados. O documento também menciona resultados do CRER, HDS e HECAD, mas o foco aqui é o HUGOL.",AGIR,2023,,outro,,0,1
2023,C:\OSS-Goias\documentos\AGIR\HUGOL\2023\34_Relatorio_Producao\Atas de Reuniões_2º Ata de reunião Ord. Cons. Adm. 2023_14-06-23.pdf,Atas de Reuniões_2º Ata de reunião Ord. Cons. Adm. 2023_14-06-23,-1,-1,-1,-1,-1,-1,-1,-1,-1,-1,HUGOL,94.4,-1,-1,-1,-1,-1,-1,-1,-1,-1,-1,-1,"Documento é uma Ata de Reunião Ordinária do Conselho de Administração da AGIR, realizada em 14/06/2023. Não contém tabela de produção detalhada. Para o HUGOL, o período de referência da prestação de contas é 01/02/23 a 30/04/23, sendo reportado que foi atingido percentual acima de 90% para todas as linhas de contratação. A Pesquisa de Satisfação do Usuário (NPS) do HUGOL, referente ao período 01/11/22 a 28/02/23, obteve resultado global de 94,40%, atingindo a Zona de Excelência. O documento trata também de CRER, HDS e HECAD, além de alterações de organograma e PCCR da AGIR.",AGIR,2023,,outro,,0,1
2023,C:\OSS-Goias\documentos\AGIR\HUGOL\2023\34_Relatorio_Producao\Atas de Reuniões_3º Ata de reunião Ord. Cons. Adm. 2023_11-09-23.pdf,Atas de Reuniões_3º Ata de reunião Ord. Cons. Adm. 2023_11-09-23,-1,-1,-1,-1,-1,-1,-1,-1,-1,-1,HUGOL,93.71,-1,-1,-1,-1,-1,-1,-1,-1,-1,-1,-1,"Documento trata-se de Ata de Reunião Ordinária do Conselho de Administração da AGIR, realizada em 11/09/2023. Foram apresentados resultados do HUGOL no período de 01/02/23 a 31/07/23, com percentual de produção acima de 90% para todas as linhas de contratação. O HUGOL atingiu nota global de 10 pontos no período de 01/02/2023 a 30/04/2023 e 10 pontos para o período de 01/05/2023 a 31/07/2023. Pesquisa de Satisfação do Usuário (NPS) de 01/03/23 a 30/06/23 obteve resultado global de 93,71%, atingindo a Zona de Excelência. Também foram apresentados resultados do CRER (nota global 8,7; NPS 89,6%), HDS (nota global 10; NPS 96,70%) e HECAD (nota 9,2 no período 01/01/2023 a 31/03/2023 e 10 pontos no período 01/04/2023 a 30/07/2023; NPS 85,33%). Não há tabelas de produção quantitativa detalhada neste documento.",AGIR,2023,,outro,,0,0
2023,C:\OSS-Goias\documentos\AGIR\HUGOL\2023\34_Relatorio_Producao\Atas de Reuniões_4° Ata de reunião Ord. Cons. Adm. 2023_11-12-23_RET.pdf,Atas de Reuniões_4° Ata de reunião Ord. Cons. Adm. 2023_11-12-23_RET,-1,-1,-1,-1,-1,-1,-1,-1,-1,-1,HUGOL,94.75,-1,-1,-1,-1,-1,-1,-1,-1,-1,-1,-1,"Documento é uma Ata de Reunião Ordinária do Conselho de Administração da AGIR realizada em 11/12/2023. Não contém tabelas de produção detalhadas. Para o HUGOL, período de referência 01/08/23 a 31/10/23 (3º trimestre de 2023), foi atingido percentual acima de 90% para quase todas as linhas de contratação, exceto Inaptidão Clínica que obteve 87,26%. Pontuação global dos indicadores de desempenho: 10 pontos. Pesquisa de Satisfação do Usuário quadrimestral (01/07/23 a 31/10/23) pelo método NPS: resultado global de 94,75%, atingindo Zona de Excelência. HUGOL manteve Certificação ONA 3 e foi premiado em segundo lugar no Prêmio CriAção SUS 2023.",AGIR,2023,,trimestral,3,0,0
2023,C:\OSS-Goias\documentos\IMED\HETRIN\2023\34_Relatorio_Producao\G.11-ITEM-RELATORIO-GERENCIAL-DE-PRODUCAO-H-fev.23.pdf,G.11-ITEM-RELATORIO-GERENCIAL-DE-PRODUCAO-H-fev.23,349,6719,210,210,-1,2336,16029,349,-1,8,HETRIN,-1,-1,-1,-1,-1,-1,-1,-1,-1,-1,-1,-1,"Relatório referente ao 3º Termo Aditivo ao contrato de Gestão 037/2019. Saídas da UTI em fev/23: Óbito=8, Transferência Externa=44, Transferência Interna=2, Total=54. Classificação de risco da emergência: Vermelho=20, Laranja=512, Amarelo=2083, Verde=3920, Azul=6, Situação Incompatível=178, Total=6719. SADT Interno Total=16029 (Laboratório de Análises Clínicas=13353, Doppler=8, Eletrocardiograma=357, Raio X=1901, Tomografia Computadorizada=404, Ultrassom=6). Atendimento por demanda espontânea=6719, regulada=0. Serviço de VVS não teve atendimento em fev/23.",IMED,2023,2,mensal,,7,15
2023,C:\OSS-Goias\documentos\IMED\HETRIN\2023\34_Relatorio_Producao\G.11-RELATORIO-GERENCIAL-DE-PRODUCAO-H-abr.23.pdf,G.11-RELATORIO-GERENCIAL-DE-PRODUCAO-H-abr.23,344,7477,197,197,-1,2441,18649,344,-1,14,HETRIN,-1,-1,-1,-1,-1,-1,-1,-1,-1,-1,-1,-1,"Relatório referente ao 3º T.A ao contrato de Gestão 037/2019. Saídas da UTI: Óbito=14, Transferência Externa=2, Transferência Interna=30, Total=46. SADT Interno Total=17.840 (Laboratório Análises Clínicas=14.920, Doppler=4, Eletrocardiograma=409, Raio X=1.888, Tomografia=613, Ultrassom=6). Atendimento por demanda: Espontânea=7.477, Regulada=0, Total=7.477. Serviço Social VVS, Farmácia VVS e Psicologia VVS reportados como NÃO TEVE VVS no período.",IMED,2023,4,mensal,,9,24
2023,C:\OSS-Goias\documentos\IMED\HETRIN\2023\34_Relatorio_Producao\G.11-RELATORIO-GERENCIAL-DE-PRODUCAO-H-ago.23-1.pdf,G.11-RELATORIO-GERENCIAL-DE-PRODUCAO-H-ago.23-1,0,5258,236,236,-1,2427,944,429,-1,12,HETRIN,-1,-1,-1,-1,-1,-1,-1,-1,-1,-1,-1,-1,"Relatório referente ao 3º Termo Aditivo ao Contrato de Gestão 037/2019. Período agosto/2023 com dados parciais: 1-24/ago e 24-31/ago. SADT Interno total: 14.455 exames (Laboratório de Análises Clínicas: 11.753, Eletrocardiograma: 454, Raio X: 1.557, Tomografia Computadorizada: 679, Ultrassom: 6, Doppler: 6). Saídas da UTI agosto/2023: 34 total (Óbito: 12, Alta: 0, Transferência Externa: 4, Transferência Interna: 18). Atendimento por demanda: Espontânea 5.258, Regulada 0. Acolhimento/classificação de risco: Vermelho 20, Laranja 616, Amarelo 1.709, Verde 2.641, Azul 24, Situação Incompatível 248. Farmácia VVS, Serviço Social VVS e Psicologia VVS não tiveram atendimento VVS no período.",IMED,2023,8,mensal,,8,12
2023,C:\OSS-Goias\documentos\IMED\HETRIN\2023\34_Relatorio_Producao\G.11-RELATORIO-GERENCIAL-DE-PRODUCAO-H-Jan.23.pdf,G.11-RELATORIO-GERENCIAL-DE-PRODUCAO-H-Jan.23,392,6399,255,255,-1,2391,17286,392,-1,16,HETRIN,-1,-1,-1,-1,-1,-1,-1,-1,-1,-1,-1,-1,"Relatório referente ao 3º Termo Aditivo ao contrato de Gestão 037/2019. Saídas da UTI em jan/23: Óbito=16, Transferência Externa=0, Transferência Interna=39, Total=55. SADT Interno total jan/23: 17.286 (Laboratório de Análises Clínicas: 14.859, Doppler: 5, Eletrocardiograma: 406, Raio X: 1.630, Tomografia Computadorizada: 376, Ultrassom: 10). Consulta Multiprofissional não médica: Enfermagem=991, Psicologia=48; Farmácia VVS, Serviço Social VVS e Psicologia VVS: não teve casos de VVS na unidade. Atendimento por demanda espontânea=6.399, regulada=0. Especialidades médicas para porta de entrada: Cirurgia Geral=0, Clínica Médica=6.399.",IMED,2023,1,mensal,,7,12
2023,C:\OSS-Goias\documentos\IMED\HETRIN\2023\34_Relatorio_Producao\G.11-RELATORIO-GERENCIAL-DE-PRODUCAO-H-jul.23.pdf,G.11-RELATORIO-GERENCIAL-DE-PRODUCAO-H-jul.23,1,5358,205,205,-1,2313,13477,362,-1,12,HETRIN,-1,-1,-1,-1,-1,-1,-1,-1,-1,-1,-1,-1,"Relatório referente ao 3º Termo Aditivo ao contrato de Gestão 037/2019. Saídas da UTI em jul/23: Óbito=12, Alta=1, Transferência Externa=1, Transferência Interna=26, Total=40. Atendimento por demanda: Espontânea=5358, Regulada=0, Total=5358. Especialidades médicas porta de entrada: Cirurgia Geral=0, Clínica Médica=5358. Farmácia VVS, Serviço Social VVS e Psicologia VVS não tiveram atendimento no período. SADT Externo Realizado abaixo da meta (855 vs 1000). Documento assinado digitalmente em 10/08/2023 e aprovado pelo Conselho de Administração do IMED em 31/08/2023.",IMED,2023,7,mensal,,9,17
2023,C:\OSS-Goias\documentos\IMED\HETRIN\2023\34_Relatorio_Producao\G.11-RELATORIO-GERENCIAL-DE-PRODUCAO-H-jun.23.pdf,G.11-RELATORIO-GERENCIAL-DE-PRODUCAO-H-jun.23,354,5340,201,201,-1,2263,13905,354,-1,12,HETRIN,-1,-1,-1,-1,-1,-1,-1,-1,-1,-1,-1,-1,"Relatório referente ao 3º Termo Aditivo ao contrato de Gestão 037/2019. Saídas da UTI: Óbito=12, Transferência Externa=3, Transferência Interna=26, Total=41. SADT Interno Total=13.905 (Laboratório de Análises Clínicas=11.163, Doppler=4, Eletrocardiograma=409, Raio X=1.811, Tomografia Computadorizada=502, Ultrassom=16). Atendimento por demanda: Espontânea=5.340, Regulada=0. Especialidades médicas para porta de entrada: Cirurgia Geral=0, Clínica Médica=5.340. Farmácia VVS, Serviço Social VVS e Psicologia VVS não tiveram atendimento (Não teve VVS).",IMED,2023,6,mensal,,8,15
2023,C:\OSS-Goias\documentos\IMED\HETRIN\2023\34_Relatorio_Producao\G.11-RELATORIO-GERENCIAL-DE-PRODUCAO-H-mai.23-2.pdf,G.11-RELATORIO-GERENCIAL-DE-PRODUCAO-H-mai.23-2,385,6427,211,211,-1,2261,16426,385,-1,13,HETRIN,-1,-1,-1,-1,-1,-1,-1,-1,-1,-1,-1,-1,"Relatório referente ao 3º T.A ao contrato de Gestão 037/2019. Saídas da UTI: 13 óbitos, 0 transferências externas, 30 transferências internas, total 43. SADT Externo Realizado: 748 (Doppler 82, Eletrocardiograma 168, Raio X 221, Tomografia 149, Ultrassom 128). SADT Externo Ofertado: 1.379. SADT Interno: 16.426 (Laboratório 13.539, Doppler 16, Eletrocardiograma 415, Raio x 1.849, Tomografia 597, Ultrassom 10). Acolhimento/Classificação de Risco total: 6.427 (Emergência 22, Muito Urgente 769, Urgente 2.180, Pouco Urgente 3.257, Não Urgente 11, Situação Incompatível 188). Farmácia VVS, Serviço Social VVS e Psicologia VVS: NÃO TEVE VVS. Atendimento por demanda: Espontânea 6.427, Regulada 0. Procedimentos Ambulatoriais: 199.",IMED,2023,5,mensal,,9,0
2023,C:\OSS-Goias\documentos\IMED\HETRIN\2023\34_Relatorio_Producao\G.11-RELATORIO-GERENCIAL-DE-PRODUCAO-H-mar.23.pdf,G.11-RELATORIO-GERENCIAL-DE-PRODUCAO-H-mar.23,368,7854,219,219,-1,1868,16242,368,-1,11,HETRIN,-1,-1,-1,-1,-1,-1,-1,-1,-1,-1,-1,-1,"Relatório referente ao 3º Termo Aditivo ao contrato de Gestão 037/2019. Saídas da UTI em mar/23: Óbito=11, Transferência Externa=1, Transferência Interna=44, Total=56. SADT Interno total=16.242 (Laboratório de Análises Clínicas=13.717, Doppler=9, Eletrocardiograma=302, Raio X=1.638, Tomografia=568, Ultrassom=8). Atendimento Ambulatorial Consulta Não Médica: Enfermagem=609, Psicologia=96; Farmácia VVS, Serviço Social VVS e Psicologia VVS não tiveram atendimentos. Classificação de risco: Emergência(Vermelho)=29, Muito Urgente(Laranja)=868, Urgente(Amarelo)=2.329, Pouco Urgente(Verde)=4.441, Não Urgente(Azul)=9, Situação Incompatível=178, Total=7.854. Especialidades médicas para porta de entrada: Cirurgia Geral=0, Clínica Médica=7.854. Atendimento por demanda: Espontânea=7.854, Regulada=0.",IMED,2023,3,mensal,,7,14
2023,C:\OSS-Goias\documentos\IMED\HETRIN\2023\34_Relatorio_Producao\G.11-RELATORIO-GERENCIAL-DE-PRODUCAO-H-Nov.23.xlsx,G.11-RELATORIO-GERENCIAL-DE-PRODUCAO-H-Nov.23,-1,5722,146,146,-1,2228,-1,381,-1,19,HETRIN,-1,-1,-1,-1,-1,-1,-1,-1,-1,-1,-1,-1,"Relatório gerencial de produção do HETRIN referente a novembro de 2023 (4º T.A. ao Contrato de Gestão 037/2019). Saídas da UTI em novembro/2023: 50 total (19 óbitos, 0 altas, 1 transferência externa, 30 transferência interna). SADT Interno total novembro/2023: 18106. Acolhimento/Classificação de Risco novembro/2023: 5722 total (18 vermelho, 927 laranja, 1993 amarelo, 2384 verde, 17 azul, 383 situação incompatível). Atendimento por demanda novembro/2023: 5722 total (5656 espontânea, 66 regulada). Farmácia VVS, Serviço Social VVS e Psicologia VVS: não houve casos de VVS no período.",IMED,2023,11,mensal,,14,28
2023,C:\OSS-Goias\documentos\IMED\HETRIN\2023\34_Relatorio_Producao\G.11-RELATORIO-GERENCIAL-DE-PRODUCAO-H-Out.23.pdf,G.11-RELATORIO-GERENCIAL-DE-PRODUCAO-H-Out.23,-1,6080,203,203,-1,2636,961,385,-1,14,HETRIN,-1,-1,-1,-1,-1,-1,-1,-1,-1,-1,-1,-1,"Relatório de Produção Gerencial referente a outubro/2023 (out-23), contrato de Gestão 037/2019, 3º e 4º Termos Aditivos. SADT Interno total no mês: 17.416. Acolhimento/Classificação de Risco total: 6.088 atendimentos. Saídas da UTI no mês: 43 (sendo 14 óbitos, 0 altas, 2 transferências externas, 27 transferências internas). Atendimento por demanda espontânea: 6.080. SADT Externo Ofertado total: 1.120. Leito Dia realizado: 72 (meta mensal: 68). Elaborado pela Diretora Geral Vânia Gomes Fernandes e aprovado pelo Conselho de Administração do IMED em 08/11/2023.",IMED,2023,10,mensal,,9,20
2023,C:\OSS-Goias\documentos\IMED\HETRIN\2023\34_Relatorio_Producao\G.11-RELATORIO-GERENCIAL-DE-PRODUCAO-H-set.23-2.pdf,G.11-RELATORIO-GERENCIAL-DE-PRODUCAO-H-set.23-2,396,5605,207,207,-1,2528,851,396,51,19,HETRIN,-1,-1,-1,-1,-1,-1,-1,-1,-1,-1,-1,-1,"Relatório de Produção Assistencial referente ao mês de setembro de 2023 (set-23), 3º Termo Aditivo ao Contrato de Gestão 037/2019. SADT Interno total: 13.157 (Laboratório de Análises Clínicas: 10.424, Doppler: 6, Eletrocardiograma: 438, Raio X: 1.579, Tomografia: 699, Ultrassom: 11). Atendimento por demanda espontânea: 5.605, regulada: 0. Saídas da UTI: Óbito 19, Alta 0, Transferência Externa 0, Transferência Interna 32, Total 51. Consulta Ambulatorial Não Médica: Enfermagem 1.127, Psicologia 46, Farmácia VVS: NÃO TEVE VVS, Serviço Social VVS: NÃO TEVE VVS, Psicologia VVS: NÃO TEVE VVS, Total 1.173. Documento aprovado pelo Conselho de Administração do IMED em 19 de outubro de 2023.",IMED,2023,9,mensal,,7,16
2023,C:\OSS-Goias\documentos\FUNEV\HEANA\2023\34_Relatorio_Producao\HEANA - Relatório Gerencial de Produção - Abril2023 Atualizado.pdf,HEANA - Relatório Gerencial de Produção - Abril2023 Atualizado,-1,2575,55,82,-1,855,36221,594,42,42,HEANA,-1,-1,-1,-1,0.7,-1,-1,-1,51,7.0,96.0,-1,"OSS gestora: FUNEV (Fundação Universitária Evangélica). Leitos críticos (UTI): 51 leitos no total distribuídos em 6 UTIs. Saídas UTI: 42 óbitos UTI: 20 transferências externas UTI: 20. SADT Interno total: 36.221 procedimentos (inclui Análises Clínicas 31.304, Radiografia 1.890, Tomografia 1.785, Eletrocardiograma 468, Hemodiálise 156 sessões, Hemoterapia 324, Ultrassonografia 93, Ecodoppler 68, Ecocardiograma 55, Anatomia Patológica 75, Ecodoppler Transcraniano 3). Atendimento domiciliar: 332 realizados contra meta de 120. Núcleo Hospitalar de Epidemiologia: Representatividade 100%, Notificação Oportuna 91%, Taxa de Completitude 100%, Investigação Oportuna 91%, Taxa de Óbitos DAE 0%. Cirurgias programadas gerais: meta 86, realizado 55; Cirurgias de Alto Giro: meta 86, realizado 27.",FUNEV,2023,4,mensal,,10,30
2023,C:\OSS-Goias\documentos\FUNEV\HEANA\2023\34_Relatorio_Producao\HEANA - Relatório Gerencial de Produção - Agosto2023.pdf,HEANA - Relatório Gerencial de Produção - Agosto2023,-1,2308,-1,116,-1,1426,36600,655,51,55,HEANA,-1,-1,-1,-1,0.6,-1,-1,-1,51,7.0,98.0,-1,"OSS gestora é a FUNEV (Fundação Universitária Evangélica). Relatório referente ao 4º Termo Aditivo ao Contrato de Gestão nº 66/2019, Referência Ano 4. Leitos críticos (UTI): 51 leitos no total com 6 unidades de UTI. Total de óbitos em UTI: 55. Total de transferências externas em UTI: 6. SADT Interno total: 36.600 procedimentos. Serviço de Atenção Domiciliar realizado: 673 atendimentos (meta 120). Taxa de Óbitos Decorrentes de DAE (NHE): 1%. Núcleo Hospitalar de Epidemiologia com indicadores todos atingidos. Atendimento de urgência e emergência: 1.949 demanda espontânea + 359 regulados = 2.308 total.",FUNEV,2023,8,mensal,,9,33
2023,C:\OSS-Goias\documentos\FUNEV\HEANA\2023\34_Relatorio_Producao\HEANA - Relatório Gerencial de Produção - Dezembro2022 1.pdf,HEANA - Relatório Gerencial de Produção - Dezembro2022 1,-1,2008,-1,118,-1,1084,33593,616,51,52,HEANA,-1,-1,-1,-1,0.3,-1,-1,-1,51,6.5,92,-1,"Relatório referente ao 4º Termo Aditivo ao Contrato de Gestão nº 66/2019, Referência Ano 3 - Dezembro/2022. UTI com 51 leitos e 6 unidades (UTI I a VI), totalizando 52 óbitos e 18 transferências externas em dezembro. SADT Interno totalizou 33.593 procedimentos. Serviço de Atenção Domiciliar realizou 385 atendimentos (meta 60). Núcleo Hospitalar de Epidemiologia: Representatividade 100%, Notificação Oportuna 100%, Sensibilidade ativo e sensível, Taxa de Completitude 100%, Investigação Oportuna 99%, Taxa de Óbitos Decorrentes de DAE 6%. Documento assinado por João Pedro dos Santos Pereira, Diretor Executivo da FUNEV, em 10/01/2023.",FUNEV,2022,12,mensal,,11,25
2023,C:\OSS-Goias\documentos\FUNEV\HEANA\2023\34_Relatorio_Producao\HEANA - Relatório Gerencial de Produção - Fevereiro2023.pdf,HEANA - Relatório Gerencial de Produção - Fevereiro2023,-1,2160,-1,89,-1,1019,32696,523,51,40,HEANA,-1,-1,-1,-1,0.2,-1,-1,-1,51,7.0,93.0,-1,"Relatório referente ao 4º Termo Aditivo ao Contrato de Gestão nº 66/2019, Referência Ano 3 - Fevereiro/2023. Leitos críticos UTI: 51 leitos no total distribuídos em 6 UTIs. Total de óbitos em UTI: 40. Transferências externas de UTI: 06. Atendimento domiciliar: 383 (meta 60). SADT Interno total: 32.696 procedimentos. Taxa de Óbitos Decorrentes de DAE: 9,8%. NHE com representatividade, notificação oportuna, completitude e investigação oportuna em 100%. Sensibilidade do NHE: Ativo e sensível. Assinado por João Pedro dos Santos Pereira, Diretor Executivo FUNEV, em 10/03/2023.",FUNEV,2023,2,mensal,,11,33
2023,C:\OSS-Goias\documentos\FUNEV\HEANA\2023\34_Relatorio_Producao\HEANA - Relatório Gerencial de Produção - Janeiro2023.pdf,HEANA - Relatório Gerencial de Produção - Janeiro2023,-1,2263,-1,106,-1,1085,37539,600,-1,62,HEANA,-1,-1,-1,-1,1.0,-1,-1,-1,51,7.0,93.0,-1,"Relatório referente ao 4º Termo Aditivo ao Contrato de Gestão nº 66/2019, Referência Ano 3 – Janeiro/2023. UTI com 51 leitos distribuídos em 6 unidades (UTI I a VI), com 62 óbitos e 10 transferências externas no mês. SADT Interno total: 37.539 procedimentos, incluindo Análises Clínicas (32.686), Tomografia (1.806), Radiografia (1.735), Hemodiálise/sessões (202), Eletrocardiograma (430), Hemoterapia (378), Ultrassonografia (109), Ecocardiograma (61), Ecodoppler (49), Anatomia Patológica (76), Ecodoppler Transcraniano (07). SADT Externo ofertados: 880; realizados: 1.043. Atendimento domiciliar: 390 (meta 60). Núcleo Hospitalar de Epidemiologia com indicadores de representatividade e notificação em 100%. Taxa de suspensão de cirurgias por condições operacionais superou a meta (3,5% vs meta ≤1%). Assinado pelo Diretor Executivo João Pedro dos Santos Pereira em 10/02/2023.",FUNEV,2023,1,mensal,,13,26
2023,C:\OSS-Goias\documentos\FUNEV\HEANA\2023\34_Relatorio_Producao\HEANA - Relatório Gerencial de Produção - Julho 2023.pdf,HEANA - Relatório Gerencial de Produção - Julho 2023,-1,2266,-1,99,-1,1012,36199,617,-1,-1,HEANA,-1,-1,-1,-1,0.7,-1,-1,-1,51,7.0,98.0,-1,Leitos críticos UTI: 51 leitos totais distribuídos em 6 UTIs. Saídas UTI total: 44; Óbitos UTI total: 8; Transferências Externas UTI: 8. SADT Interno total: 36.199 procedimentos (Análises Clínicas: 31.144; Radiografia: 2.183; Tomografia: 1.599; Eletrocardiograma: 434; Hemodiálise: 191; Hemoterapia: 389; Anatomia Patológica: 72; Ecocardiograma: 60; Ecodoppler: 53; Ultrassonografia: 68; Ecodoppler Transcraniano: 6). Núcleo Hospitalar de Epidemiologia: Taxa de Óbitos DAE 2%; Representatividade 100%; Notificação Oportuna 100%; Taxa de Completitude 100%; Investigação Oportuna 100%. Atendimento Urgência/Emergência: Demanda Espontânea 1.912; Regulados 354. Documento assinado pelo Diretor Executivo João Pedro dos Santos Pereira em 10/08/2023.,FUNEV,2023,7,mensal,,9,33
2023,C:\OSS-Goias\documentos\FUNEV\HEANA\2023\34_Relatorio_Producao\HEANA - Relatório Gerencial de Produção - Junho2023.pdf,HEANA - Relatório Gerencial de Produção - Junho2023,-1,2330,107,107,-1,2034,35986,609,51,61,HEANA,-1,-1,-1,-1,2.8,-1,-1,-1,51,7.0,98.0,-1,"OSS gestora: FUNEV (Fundação Universitária Evangélica). Contrato de Gestão nº 66/2019 - 4º Termo Aditivo. Leitos críticos (UTI): 51 leitos com 6 unidades de UTI. Total de saídas UTI: 61 óbitos e 13 transferências externas. SADT Interno total: 35.986 procedimentos. Serviço de Atenção Domiciliar: 640 atendimentos (meta 120). Taxa De Óbitos Decorrentes De DAE: 2,5%. Núcleo Hospitalar de Epidemiologia: representatividade 100%, Notificação Oportuna 100%, Completitude 100%, Investigação Oportuna 100%, Sensibilidade ativo e sensível. Consultas ambulatoriais totalizadas somando médicas (1.100) e não médicas (934) = 2.034.",FUNEV,2023,6,mensal,,9,26
2023,C:\OSS-Goias\documentos\FUNEV\HEANA\2023\34_Relatorio_Producao\HEANA - Relatório Gerencial de Produção - Maio2023.pdf,HEANA - Relatório Gerencial de Produção - Maio2023,-1,2517,83,83,-1,1007,37987,616,51,58,HEANA,-1,-1,-1,-1,0.9,-1,-1,-1,51,7.0,98.0,-1,"Relatório referente ao 4º Termo Aditivo ao Contrato de Gestão nº 66/2019, Referência Ano 3 - Maio/2023. UTI possui 51 leitos distribuídos em 6 unidades (UTI I a VI), com total de 58 óbitos e 14 transferências externas. SADT Interno totalizou 37.987 procedimentos, incluindo: Agência Transfusional 429, Análises Clínicas 32.568, Anatomia Patológica 70, Ecocardiograma 60, Ecodoppler 64, Ecodoppler Transcraniano 03, Eletrocardiograma 588, Hemodiálise 137 sessões, Radiografia 2.316, Tomografia 1.661, Ultrassonografia 91. Núcleo Hospitalar de Epidemiologia: Representatividade 100%, Notificação Oportuna 100%, Taxa de Óbitos DAE 6,7%. Serviço de Atenção Domiciliar: 467 atendimentos (meta 120). Documento assinado pelo Diretor Executivo João Pedro dos Santos Pereira em 09/06/2023.",FUNEV,2023,5,mensal,,8,32
2023,C:\OSS-Goias\documentos\FUNEV\HEANA\2023\34_Relatorio_Producao\HEANA - Relatório Gerencial de Produção - Novembro2022 1.pdf,HEANA - Relatório Gerencial de Produção - Novembro2022 1,-1,2044,-1,112,-1,1062,33910,644,51,56,HEANA,-1,-1,-1,-1,0.4,-1,-1,-1,51,6.0,92.0,-1,"Relatório referente ao 4º Termo Aditivo ao Contrato de Gestão nº 66/2019, Referência Ano 3 - Novembro/2022. UTI com 51 leitos e 6 unidades: UTI I (óbitos:8, transf:4), UTI II (óbitos:13, transf:3), UTI III (óbitos:5, transf:1), UTI IV (óbitos:8, transf:2), UTI V (óbitos:16, transf:4), UTI VI (óbitos:6, transf:1), total óbitos UTI:56, total transferências externas UTI:15. SADT Interno total: 33.910 (inclui Hemoterapia:291, Análises Clínicas:29.403, Anatomia Patológica:90, Ecocardiograma:64, Ecodoppler:59, Ecodoppler Transcraniano:2, Eletrocardiograma:445, Hemodiálise sessões:198, Radiologia:1.592, Tomografia:1.672, Ultrassonografia:94). Núcleo Hospitalar de Epidemiologia com representatividade 100%, notificação oportuna 100%, taxa completitude 100%, investigação oportuna 100%, taxa óbitos DAE 0%.",FUNEV,2022,11,mensal,,10,37
2023,C:\OSS-Goias\documentos\FUNEV\HEANA\2023\34_Relatorio_Producao\HEANA - Relatório Gerencial de Produção - Outubro2022 1.pdf,HEANA - Relatório Gerencial de Produção - Outubro2022 1,-1,1935,-1,-1,-1,931,31544,571,51,51,HEANA,-1,-1,-1,-1,0.3,-1,-1,-1,51,6.3,81.0,-1,"Relatório referente ao 4º Termo Aditivo ao Contrato de Gestão nº 66/2019, Referência Ano 3 - Outubro/2022. SADT Interno totaliza 31.544 procedimentos (Agência Transfusional 229, Análises Clínicas 27.438, Anatomia Patológica 80, Ecocardiograma 56, Ecodoppler 57, Ecodoppler Transcraniano 8, Eletrocardiograma 356, Hemodiálise 127 sessões, Radiologia 1.598, Tomografia 1.530, Ultrassonografia 65). SADT Externo Realizado sem meta: Eletrocardiograma 92, Raio x 775, Tomografia 94, Ultrassonografia 34, Total 995. Leitos Críticos: 51 leitos UTI com 51 óbitos e 14 transferências externas no mês. Serviço Social realizou 167 atendimentos (sem meta contratual). Núcleo Hospitalar de Epidemiologia: Representatividade 100%, Notificação Oportuna 100%, Sensibilidade ativo e sensível, Completitude 100%, Investigação Oportuna 100%, Taxa Óbitos DAE 0%.",FUNEV,2022,10,mensal,,10,27
2023,C:\OSS-Goias\documentos\Instituto Patris\HEL\2023\34_Relatorio_Producao\id1825_Relatório Gerencial de Produção (Janeiro_2023).pdf,id1825_Relatório Gerencial de Produção (Janeiro_2023),-1,1655,0,31,-1,66,686,193,-1,-1,HEL,-1,-1,-1,-1,-1,-1,-1,-1,-1,-1,-1,-1,"Relatório de Produção Hospitalar referente a Janeiro de 2023 do Hospital Estadual de Luziânia (HEL), gerido pelo Instituto Patris. Inclui classificação de risco Manchester: Vermelho 16, Laranja 109, Amarelo 351, Verde 1.040, Azul 139, Total 1.655. SADT Externo apresenta valores ofertados (1.270) e realizados (686). Cirurgias programadas e ambulatoriais por especialidade todas zeradas em Janeiro. Hospital dia meta 176, realizado 5. Signatários: Sidnei Rugeri (Diretor Geral HEL), Isnar Passos (Diretor Administrativo/Financeiro HEL), Vittor Galdino (Presidente Instituto Patris), Guilherme Abraão Simão de Almeida (Presidente do Conselho de Administração).",Instituto Patris,2023,1,mensal,,13,22
2023,C:\OSS-Goias\documentos\Instituto Patris\HEL\2023\34_Relatorio_Producao\id1826_Relatório Gerencial de Produção (Fevereiro_2023).pdf,id1826_Relatório Gerencial de Produção (Fevereiro_2023),-1,1717,4,84,-1,211,997,170,-1,-1,HEL,-1,-1,-1,-1,-1,-1,-1,-1,-1,-1,-1,-1,"Relatório de Produção Hospitalar do Hospital Estadual de Luziânia (HEL) referente a Fevereiro de 2023, gerido pelo Instituto Patris (PATRIS). Classificação de risco da urgência/emergência: Vermelho=7, Laranja=112, Amarelo=318, Verde=1.067, Azul=213, Total=1.717. SADT Externo Ofertado total=1.350 (acima da meta de 1.270). Cirurgias Programadas por especialidade e Cirurgias Ambulatoriais por especialidade apresentaram total realizado=0 no período. Assinaturas: Sidnei Rugeri (Diretor Geral HEL), Isnar Passos (Diretor Administrativo/Financeiro HEL), Vittor Galdino (Presidente Instituto Patris), Guilherme Abraão Simão de Almeida (Presidente do Conselho de Administração).",Instituto Patris,2023,2,mensal,,21,23
2023,C:\OSS-Goias\documentos\Instituto Patris\HEL\2023\34_Relatorio_Producao\id1827_Relatório Gerencial de Produção (Março_2023).pdf,id1827_Relatório Gerencial de Produção (Março_2023),-1,2074,21,148,-1,943,1395,219,-1,-1,HEL,-1,-1,-1,-1,-1,-1,-1,-1,-1,-1,-1,-1,"Relatório de Produção Hospitalar referente a Março/2023 do Hospital Estadual de Luziânia (HEL), gerido pelo Instituto Patris. Acolhimento e Classificação de Risco: Vermelho=11, Laranja=82, Amarelo=419, Verde=1209, Azul=353, Total=2074. Consulta não médica por categoria: Fisioterapia=26, Fonoterapia=160, Terapia ocupacional=0, Enfermeiro=163, Nutricionista=25, demais=0, Total=374. SADT Externo Ofertado total=1350. Assinado por Sidnei Rugeri (Diretor Geral HEL), Isnar Passos (Diretor Administrativo/Financeiro HEL), Vittor Galdino (Presidente Instituto Patris) e Guilherme Abraão Simão de Almeida (Presidente do Conselho de Administração).",Instituto Patris,2023,3,mensal,,17,22
2023,C:\OSS-Goias\documentos\Instituto Patris\HEL\2023\34_Relatorio_Producao\id1828_Relatório Gerencial de Produção (Abril_2023).pdf,id1828_Relatório Gerencial de Produção (Abril_2023),-1,2668,36,111,-1,1212,1172,277,-1,-1,HEL,-1,-1,-1,-1,-1,-1,-1,-1,-1,-1,-1,-1,"Relatório de Produção Hospitalar do Hospital Estadual de Luziânia (HEL) referente a Abril de 2023, gerido pelo Instituto PATRIS. Classificação de Risco da UE: Vermelho 8, Laranja 112, Amarelo 765, Verde 1.634, Azul 149, Total 2.668. Cirurgias programadas por especialidade: Cirurgia Geral 29, Ginecologia 4, Ortopedia 30, Gastroenterologia 0, Proctologia 0, Vascular 5, Urologia 16, Total 84 (meta 180). Cirurgias ambulatoriais: Varizes 0, Postectomias 0, Geral 75, Vasectomia 0, Total 75 (meta 88). SADT Externo Ofertado total: 1350 (meta 1270). Fundamento legal: ITEM 12.1.q da Minuta Padrão do Contrato de Gestão-PGE; Item 32, anexo II da Resolução Normativa nº 013/2017 TCE-GO e Art. 6º, § 4º inciso I da lei 18.025/2013.",Instituto Patris,2023,4,mensal,,21,23
2023,C:\OSS-Goias\documentos\Instituto Patris\HEL\2023\34_Relatorio_Producao\id1829_Relatório Gerencial de Produção (Maio_2023).pdf,id1829_Relatório Gerencial de Produção (Maio_2023),-1,3142,33,115,-1,1046,1260,269,-1,-1,HEL,-1,-1,-1,-1,-1,-1,-1,-1,-1,-1,-1,-1,"Relatório de Produção Hospitalar do Hospital Estadual de Luziânia (HEL) referente a Maio/2023, gerido pelo Instituto Patris. Classificação de risco: Vermelho=10, Laranja=134, Amarelo=929, Verde=1.937, Azul=132, Total=3.142. Cirurgias ambulatoriais por especialidade: Varizes=0, Postectomias=0, Geral=82, Vasectomia=0, Total=82. SADT Externo Ofertado total=1350. Atendimento Ambulatorial total realizado=1841 (consulta médica 1046 + não médica 795). Meta global de Cirurgias Programadas=180; meta Cirurgias ambulatoriais=88. Assinado por Sidnei Rugeri (Diretor Geral HEL), Isnar Passos (Diretor Adm/Financeiro), Vittor Galdino (Presidente Instituto Patris) e Guilherme Abraão Simão de Almeida (Presidente do Conselho de Administração).",Instituto Patris,2023,5,mensal,,21,22
2023,C:\OSS-Goias\documentos\Instituto Patris\HEL\2023\34_Relatorio_Producao\id1904_Relatório Gerencial de Produção (Junho_2023).pdf,id1904_Relatório Gerencial de Produção (Junho_2023),-1,2830,104,207,-1,2648,1194,346,-1,-1,HEL,-1,-1,-1,-1,-1,-1,-1,-1,-1,-1,-1,-1,"Relatório de Produção Hospitalar do HEL (Hospital Estadual de Luziânia) referente a Junho de 2023, gerido pelo Instituto Patris (PATRIS). O documento apresenta indicadores de produção com metas e realizados do mês de junho. Atendimento de Urgência e Emergência não possui meta definida (Sem meta). SADT Externo apresenta valores ofertados (1.350) e realizados (1.194). Acolhimento e Classificação de Risco: Vermelho=9, Laranja=99, Amarelo=812, Verde=1.861, Azul=49, Total=2.830. Cirurgias Programadas por especialidade têm meta conjunta de 180. Cirurgias ambulatoriais têm meta conjunta de 88. Assinaturas: Sidnei Rugeri (Diretor Geral HEL), Isnar Passos (Diretor Administrativo/Financeiro HEL), Vittor Galdino (Presidente Instituto Patris), Guilherme Abraão Simão de Almeida (Presidente do Conselho de Administração).",Instituto Patris,2023,6,mensal,,25,23
2023,C:\OSS-Goias\documentos\Instituto Patris\HEL\2023\34_Relatorio_Producao\id2139_Relatório Gerencial de Produção (Julho_2023).pdf,id2139_Relatório Gerencial de Produção (Julho_2023),-1,2774,104,302,-1,1823,1166,343,-1,-1,HEL,-1,-1,-1,-1,-1,-1,-1,-1,-1,-1,-1,-1,"Relatório de Produção Hospitalar referente a Julho/2023 do Hospital Estadual de Luziânia (HEL), gerido pelo Instituto Patris. Classificação de risco: Vermelho 8, Laranja 110, Amarelo 744, Verde 1801, Azul 111, Total 2774. SADT Externo Ofertado total: 1350. Atendimento de Urgência e Emergência sem meta definida. Hospital Dia: realizado 43 contra meta de 176. Diretor Geral: Sidnei Rugeri. Diretor Administrativo/Financeiro: Isnar Passos. Presidente Instituto Patris: Vittor Galdino.",Instituto Patris,2023,7,mensal,,28,22
2023,C:\OSS-Goias\documentos\Instituto Patris\HEL\2023\34_Relatorio_Producao\id2140_Relatório Gerencial de Produção (Agosto_2023).pdf,id2140_Relatório Gerencial de Produção (Agosto_2023),-1,3440,109,415,-1,2558,1599,364,-1,-1,HEL,-1,-1,-1,-1,-1,-1,-1,-1,-1,-1,-1,-1,"Relatório de Produção Hospitalar do Hospital Estadual de Luziânia (HEL) referente ao mês de agosto de 2023, gerado pelo sistema PATRIS. Classificação de risco: Vermelho 17, Laranja 96, Amarelo 969, Verde 1.901, Azul 74, Total 3.057. O total de cirurgias reportado na tabela principal é 415, porém a soma das cirurgias programadas (109) e ambulatoriais (216) é 325 - a divergência pode indicar outras categorias não detalhadas. Atendimento ambulatorial total na tabela de resumo é 2.558, mas a soma das subcategorias médica (1.368) e não médica (1.087) totaliza 2.455. Signatários: Isnar Passos (Diretor Administrativo/Financeiro HEL), Vittor Galdino (Presidente Instituto Patris), Guilherme Abraão Simão de Almeida (Presidente do Conselho de Administração).",Instituto Patris,2023,8,mensal,,25,23
2023,C:\OSS-Goias\documentos\Instituto Patris\HEL\2023\34_Relatorio_Producao\id2201_Relatório Gerencial de Produção (Setembro_2023).pdf,id2201_Relatório Gerencial de Produção (Setembro_2023),-1,2905,105,277,-1,1950,1590,338,-1,-1,HEL,-1,-1,-1,-1,-1,-1,-1,-1,-1,-1,-1,-1,"Relatório de produção hospitalar referente ao mês de Setembro de 2023. Dados apresentados com comparativo de Julho, Agosto e Setembro de 2023 e percentual de atingimento de meta no mês de setembro. Classificação de risco: Vermelho 10, Laranja 111, Amarelo 850, Verde 1827, Azul 107, Total 2905. Cirurgias ambulatoriais por especialidade setembro: Geral 160, Varizes 0, Postectomias 0, Vasectomia 0, Total 160. OSS gestora: Instituto Patris. Signatário: Isnar Passos - Diretor Administrativo/Financeiro HEL. Documento assinado em 10/10/2023.",Instituto Patris,2023,9,mensal,,25,33
2023,C:\OSS-Goias\documentos\Instituto Patris\HEL\2023\34_Relatorio_Producao\id3000_Relatório Gerencial de Produção (Outubro_2023).pdf,id3000_Relatório Gerencial de Produção (Outubro_2023),360,3104,105,252,-1,1800,1233,360,-1,14,HEL,-1,-1,1.67,-1,6.3,-1,-1,324,-1,3.85,66.48,69,"Relatório de Outubro/2023. O documento apresenta dados comparativos entre Setembro e Outubro de 2023. Taxa de cirurgia de Urgência em Outubro: 36%. Total de óbitos: 14 (5 acima de 24h, 9 abaixo de 24h). Total de mortalidade operatória: 0. Percentual de ocorrência de glosas em Setembro: 2.47% (dados de Outubro ausentes para este indicador). Leitos operacionais: 69. UTI com taxa de ocupação de 94.01% e média de permanência de 5.10 dias em Outubro. Acolhimento e Classificação de Risco Outubro: Vermelho 4, Laranja 115, Amarelo 915, Verde 1.913, Azul 157.",Instituto Patris,2023,10,mensal,,22,35
2023,C:\OSS-Goias\documentos\Instituto Patris\HEL\2023\34_Relatorio_Producao\id3002_Relatório Gerencial de Produção (Novembro_2023).pdf,id3002_Relatório Gerencial de Produção (Novembro_2023),385,2850,98,269,-1,1675,1449,385,-1,32,HEL,-1,-1,3.83,-1,3.68,-1,-1,-1,-1,3.69,70.68,69,"Relatório de produção hospitalar referente a Novembro/2023. Total de óbitos no mês: 32 (18 acima de 24h, 14 abaixo de 24h). Taxa de mortalidade operatória: 0. Taxa de cirurgia de urgência: 44%. Total de leitos operacionais: 69. Percentual de ocorrência de glosas (Outubro): 14,48% (43 procedimentos rejeitados / 297 apresentados no SIH - dado de Novembro não disponível). Acolhimento/Classificação de Risco: Vermelho 8, Laranja 99, Amarelo 851, Verde 1.688, Azul 204, Total 2.850. RH Novembro: 62 enfermeiros, 143 funcionários de enfermagem, 335 funcionários total, 146 médicos, 45 médicos especialistas.",Instituto Patris,2023,11,mensal,,12,30
2023,C:\OSS-Goias\documentos\Instituto Patris\HEL\2023\34_Relatorio_Producao\id3004_Relatório Gerencial de Produção (Dezembro_2023).pdf,id3004_Relatório Gerencial de Produção (Dezembro_2023),440,2653,120,247,-1,1620,1599,440,-1,13,HEL,-1,-1,1.43,-1,2.92,-1,-1,216,-1,3.63,73.91,69,"Relatório de Produção Hospitalar referente a Dezembro de 2023 do Hospital Estadual de Luziânia (HEL), gerido pelo Instituto Patris. Total de saídas hospitalares: 440. Total de óbitos no mês: 13 (12 acima de 24h, 1 abaixo de 24h). Taxa de mortalidade global: 1,43%. Taxa de mortalidade operatória: 1 caso. Taxa de cirurgia de urgência: 39,09%. Total de leitos operacionais: 69. Percentual de glosas (Novembro): 4,63% (10 rejeitados / 216 apresentados no SIH). Taxa de readmissão em UTI (48hs) em Dezembro: 6,06% (acima da meta de <5%). Total de partos realizados: 110, sendo 44 cesáreas (40%). Absenteísmo geral Dezembro: 2,93%. Turnover: 4,10%. Total de funcionários: 345. Total de médicos: 93 (48 especialistas).",Instituto Patris,2023,12,mensal,,25,37
2023,C:\OSS-Goias\documentos\ISG\HDT\2023\34_Relatorio_Producao\Relatorio-Gerencial-de-Producao-01.2023.pdf,Relatorio-Gerencial-de-Producao-01.2023,256,-1,-1,-1,-1,2235,-1,-1,-1,-1,HDT,-1,-1,-1,-1,2.91,-1,-1,-1,-1,8.6,83,-1,"O relatório é do Hospital Estadual de Doenças Tropicais (HDT), competência Janeiro/2023, gerido pela OSS ISG. O dado de Percentual de ocorrência de rejeições no SIH não está disponível pois é obtido em dois meses subsequentes. Taxa de readmissão em UTI (48 horas): a meta contratada é ≥5% e o realizado foi 0%, com % cumprimento de 200% conforme documento. Análises clínicas SADT Externo tiveram desempenho muito abaixo da meta (29%).",ISG,2023,1,mensal,,2,26
2023,C:\OSS-Goias\documentos\ISG\HDT\2023\34_Relatorio_Producao\Relatorio-Gerencial-de-Producao-02.2023.pdf,Relatorio-Gerencial-de-Producao-02.2023,226,-1,-1,-1,-1,3329,15647,-1,-1,-1,HDT,-1,-1,-1,-1,5.73,-1,-1,-1,-1,9,88,-1,"Relatório Gerencial de Produção do HDT (Hospital Estadual de Doenças Tropicais Dr. Anuar Auad), competência fevereiro/2023, gerido pela OSS ISG. O dado de Percentual de ocorrência de rejeições no SIH não foi disponibilizado pois é obtido em dois meses subsequentes. Taxa de readmissão em UTI (48 horas) realizado igual a 0%. Hospital Dia registrou 319 atendimentos. Assinado por Nathalya Mosonowa Souza (Assessora Técnica) e Dra. Karine Borges de Medeiros (Diretora Técnica).",ISG,2023,2,mensal,,2,28
2023,C:\OSS-Goias\documentos\ISG\HDT\2023\34_Relatorio_Producao\Relatorio-Gerencial-de-Producao-03.2023-1.pdf,Relatorio-Gerencial-de-Producao-03.2023-1,288,-1,-1,-1,-1,4241,19690,-1,-1,-1,HDT,-1,-1,-1,-1,2.11,-1,-1,-1,-1,8.3,88,-1,"Relatório Gerencial de Produção do HDT (Hospital Estadual de Doenças Tropicais Dr. Anuar Auad), competência Março/2023, gerido pela OSS ISG. O dado de percentual de ocorrência de rejeições no SIH não está disponível pois é obtido em dois meses subsequentes. Taxa de readmissão hospitalar refere-se a 29 dias. Taxa de readmissão em UTI refere-se a 48 horas.",ISG,2023,3,mensal,,2,28
2023,C:\OSS-Goias\documentos\ISG\HDT\2023\34_Relatorio_Producao\Relatorio-Gerencial-de-Producao-04.2023.pdf,Relatorio-Gerencial-de-Producao-04.2023,261,-1,-1,-1,-1,3189,16566,-1,-1,-1,HDT,-1,-1,-1,-1,1.52,-1,-1,-1,-1,8.6,91,-1,"Relatório Gerencial de Produção do Hospital Estadual de Doenças Tropicais (HDT) referente à competência Abril/2023, gerido pela OSS ISG. O percentual de ocorrência de rejeições no SIH não foi reportado pois o dado é obtido em dois meses subsequentes. Taxa de readmissão em UTI (48 horas) realizada: 0%. Hospital Dia registrou 294 atendimentos contra meta de 286.",ISG,2023,4,mensal,,2,28
2023,C:\OSS-Goias\documentos\ISG\HDT\2023\34_Relatorio_Producao\Relatorio-Gerencial-de-Producao-05.2023.pdf,Relatorio-Gerencial-de-Producao-05.2023,296,-1,-1,-1,-1,3424,23468,-1,-1,-1,HDT,-1,-1,-1,-1,2.68,-1,-1,-1,-1,8,90,-1,"Relatório Gerencial de Produção do HDT (Hospital Estadual de Doenças Tropicais Dr. Anuar Auad), competência maio/2023, gerido pela OSS ISG. O percentual de ocorrência de rejeições no SIH não foi reportado pois o dado é obtido em dois meses subsequentes. Taxa de readmissão hospitalar refere-se a 29 dias. Taxa de readmissão em UTI refere-se a 48 horas (realizado: 0%).",ISG,2023,5,mensal,,2,28
2023,C:\OSS-Goias\documentos\ISG\HDT\2023\34_Relatorio_Producao\Relatorio-Gerencial-de-Producao-06.2023.pdf,Relatorio-Gerencial-de-Producao-06.2023,217,-1,-1,-1,-1,3402,19489,-1,-1,-1,HDT,-1,-1,-1,-1,3.08,-1,-1,-1,-1,10.4,91,-1,"Relatório Gerencial de Produção do HDT (Hospital Estadual de Doenças Tropicais Dr. Anuar Auad), competência junho/2023, gerido pela OSS ISG. O dado de percentual de ocorrência de rejeições no SIH não está disponível pois é obtido em dois meses subsequentes. Taxa de readmissão em UTI (48 horas) realizado = 0%. Assinado por Nathalya Mosonowa Souza (Assessora Técnica) e Dra. Karine Borges de Medeiros (Diretora Técnica).",ISG,2023,6,mensal,,2,28
2023,C:\OSS-Goias\documentos\ISG\HDT\2023\34_Relatorio_Producao\RELATORIO-GERENCIAL-DE-PRODUCAO-HDT-ANO-2022-01-02-2023.pdf,RELATORIO-GERENCIAL-DE-PRODUCAO-HDT-ANO-2022-01-02-2023,-1,-1,-1,-1,-1,41824,-1,3282,-1,-1,HDT,-1,-1,-1,-1,-1,-1,-1,-1,-1,-1,-1,-1,"Relatório consolidado anual (janeiro a dezembro de 2022) do HDT - Hospital Estadual de Doenças Tropicais Dr. Anuar Auad, gerido pelo ISG (Instituto Sócrates Guanaes), referente ao Contrato de Gestão Nº 91/2012. O documento apresenta indicadores de produção separados por 1º e 2º semestres. Total de saídas hospitalares (internações): 1855 (1S) + 1427 (2S) = 3282. Total de atividade ambulatorial: 20877 (1S) + 20947 (2S) = 41824. SADT Externo no 2º semestre inclui Análises Clínicas (59.652), Broncoscopia (36), Colonoscopia (84), Endoscopia (108), Eco Transtorácico (268), Elastografia (266), Radiografia (643), Tomografia (1.453), Ultrassonografia (808), totalizando 63.318. Indicadores de desempenho incluem taxa de ocupação, média de permanência, taxa de readmissão, entre outros, com metas e resultados mensais por semestre. Documento assinado por Bruno Almeida (Diretor Geral) e Dra. Karine Borges de Medeiros (Diretora Técnica) em 01/02/2023.",ISG,2022,,anual,,2,22
2023,C:\OSS-Goias\documentos\AGIR\HUGOL\2023\34_Relatorio_Producao\Relatório Gerencial de Produção_HUGOL_07-2023_RET.pdf,Relatório Gerencial de Produção_HUGOL_07-2023_RET,1825,4672,-1,-1,-1,5061,-1,1844,-1,-1,HUGOL,-1,-1,-1,-1,5.26,2558,-1,-1,-1,6.96,97.27,-1,"Relatório de Produção referente a julho/2023. Total de atendimentos médicos ambulatoriais: 2.932; total de atendimentos não médicos: 2.129. Atendimento de Urgências e Emergências: 4.672. SADT Interno: Raio X 6.349, Tomografia 5.284, Ressonância Magnética 103, Ultrassonografia 918. Acolhimento e Classificação de Risco: Vermelho 123, Laranja 753, Amarelo 2.783, Verde 844, Azul 20, Sem classificação 149. Total de saídas no período: 1.825. Mortalidade operatória em cirurgias cardíacas (até 07 dias): 8,54%. Tempo de porta aberta para hemodinâmica: 19 minutos. A OSS gestora não está explicitamente mencionada no documento; foi atribuída AGIR conforme instrução.",AGIR,2023,7,mensal,,23,51
2023,C:\OSS-Goias\documentos\AGIR\HUGOL\2023\34_Relatorio_Producao\Relatório Gerencial de Produção_HUGOL_08-2023_RET.pdf,Relatório Gerencial de Produção_HUGOL_08-2023_RET,1867,4616,-1,-1,-1,5131,-1,1846,-1,-1,HUGOL,-1,-1,-1,-1,4.12,2891,-1,-1,-1,6.5,94.35,-1,"Relatório de Produção referente a agosto de 2023 do HUGOL. OSS gestora não identificada explicitamente no documento; informada como AGIR conforme metadados. Total de Atendimento Médico Detalhado: 3.099 (meta 2.988). Total de Atendimento Não Médico Detalhado: 2.032 (meta 2.000). SADT Interno: Raio X 6.299, Tomografia 5.400, Ressonância Magnética 113, Ultrassonografia 900. Atendimentos do Serviço Social: Ambulatório 0, Urgência/Emergência 435. Acolhimento e Classificação de Risco (AACR): Vermelho 109, Laranja 725, Amarelo 2.859, Verde 760, Azul 24, Sem classificação 139, Total 4.616. Mortalidade operatória em cirurgias cardíacas (em até 07 dias): 11,49%. Tempo de porta aberta para hemodinâmica: 109 minutos. Taxa de Readmissão em UTI (48h): 1,96% (5 retornos / 255 saídas da UTI). Percentual de suspensão de cirurgias eletivas: 1,68% (5 suspensas / 297 programadas). Indicador 8 (TMAT) não apurado.",AGIR,2023,8,mensal,,23,50
2023,C:\OSS-Goias\documentos\AGIR\HUGOL\2023\34_Relatorio_Producao\Relatório Gerencial de Produção_HUGOL_09-2023_RET.xlsx,Relatório Gerencial de Produção_HUGOL_09-2023_RET,1768,4785,-1,1820,-1,2677,-1,1779,-1,106,HUGOL,-1,-1,6.0,-1,6.13,2053,-1,-1,-1,6.8298,99.96,404,"Relatório de setembro/2023. Taxa de ocupação hospitalar geral: 99.96% (meta >90%). Tempo médio de permanência: 6.83 dias (meta <7 dias). Total de saídas: 1768. Total de óbitos: 106 (taxa de mortalidade global: 6%). Óbitos >24h: 95 (taxa 5.37%). Total de cirurgias realizadas: 1820, taxa de cirurgia de urgência: 87.03%. Número de leitos operacionais: 404. Total de funcionários: 3502. Médicos: 835. SADT Interno setembro: Raio X 6335, Tomografia 5353, Ressonância Magnética 112, Ultrassonografia 974. Atendimentos de Urgência e Emergência: 4785. Classificação de risco: Vermelho 72, Laranja 852, Amarelo 2943, Verde 706, Azul 75, Sem classificação 137. Consultas não médicas por categoria: Bucomaxilo 181, Enfermagem 1485, Fisioterapia 173, Fonoaudiologia 1. Taxa de readmissão hospitalar (29 dias): 6.13% (meta <8%). Taxa de readmissão UTI (48h): 2.99% (meta <5%). Percentual de suspensão de cirurgias eletivas: 4.26% (meta <5%). Perda de medicamentos por validade: 0.87% (meta <2%). Glosas SIH: 0.24% (meta <7%). Mortalidade operatória em cirurgias cardíacas (7 dias): 5.71%. Tempo de porta aberta para hemodinâmica: 82 minutos. O documento contém dados do 2º semestre de 2023 e dados acumulados do ano para comparação com metas.",AGIR,2023,9,mensal,,16,46
2023,C:\OSS-Goias\documentos\AGIR\HUGOL\2023\34_Relatorio_Producao\Relatório Gerencial de Produção_HUGOL_10-2023_RET.xlsx,Relatório Gerencial de Produção_HUGOL_10-2023_RET,1768,4815,-1,1543,-1,4333,-1,1771,-1,117,HUGOL,-1,-1,6.62,-1,6.27,2001,-1,-1,-1,7.1346,100.54,408,"Relatório de outubro/2023. Taxa de ocupação hospitalar geral: 99.75% (valor 0.9975 da sheet de efetividade) ou 100.54% conforme indicador de desempenho (1.0054). Total de saídas: 1768. Total de óbitos: 117 (taxa de mortalidade global 6.62%). Taxa de mortalidade institucional (óbitos >24h): 6.05%. Total de cirurgias realizadas: 1543; taxa de cirurgia de urgência: 86.13%. SADT Interno outubro: Raio X 6185, Tomografia 5036, Ressonância Magnética 100, Ultrassonografia 905. Atendimentos de urgência/emergência: 4815. Consultas médicas ambulatoriais: 2727; consultas não médicas: 1606. Número de leitos operacionais: 408. Internações hospitalares (total de internações): 1771. Glosas SIH: 0.1% (2 procedimentos rejeitados em 2001 apresentados). Perda de medicamentos por validade: 1.74%. A OSS gestora identificada pelo contexto do hospital HUGOL é AGIR.",AGIR,2023,10,mensal,,16,48
2023,C:\OSS-Goias\documentos\AGIR\HUGOL\2023\34_Relatorio_Producao\Relatório Gerencial de Produção_HUGOL_11-2023_RET.pdf,Relatório Gerencial de Produção_HUGOL_11-2023_RET,1724,4174,-1,-1,-1,4999,-1,1719,-1,-1,HUGOL,-1,-1,-1,-1,7.97,1230,-1,-1,-1,6.94,97.64,-1,"Relatório de Novembro/2023. OSS gestora não explicitada no documento, atribuída como AGIR conforme instrução. Total de atendimentos médicos ambulatoriais: 2.788 (meta 2.988). Total de atendimentos não médicos: 2.211 (meta 2.000). Atendimentos de Urgência e Emergência: 4.174. AACR: Vermelho 64, Laranja 657, Amarelo 2.218, Verde 1.017, Azul 47, Sem classificação 171. SADT Interno: Raio X 6.182, Tomografia 4.402, Ressonância Magnética 107, Ultrassonografia 788. Atendimentos Serviço Social: Ambulatório 0, Urgência/Emergência 391. Mortalidade operatória em cirurgias cardíacas (em até 07 dias): 4,49%. Tempo de porta aberta para hemodinâmica: 66 minutos. Percentual de glosas no SIH: 0,16% (meta ≤7%). Taxa de readmissão hospitalar em até 29 dias: 7,97% (meta <8%). Taxa de readmissão em UTI em até 48h: 3,59% (meta <5%).",AGIR,2023,11,mensal,,23,49
2023,C:\OSS-Goias\documentos\AGIR\HUGOL\2023\34_Relatorio_Producao\Relatório Gerencial de Produção_HUGOL_12-2023_RET.pdf,Relatório Gerencial de Produção_HUGOL_12-2023_RET,1822,3785,-1,-1,-1,4687,752,1787,-1,-1,HUGOL,-1,-1,-1,-1,11.58,2223,-1,-1,-1,6.71,97.04,-1,"Relatório de Produção referente a Dezembro/2023. Total de saídas no período: 1.822. Total de internações hospitalares: 1.787. Atendimentos de Urgências e Emergências: 3.785. SADT Interno: Raio X 6.367, Tomografia 4.237, Ressonância Magnética 97, Ultrassonografia 795. Acolhimento e Classificação de Risco total: 3.785 (Vermelho 65, Laranja 631, Amarelo 2.037, Verde 845, Azul 32, sem classificação 175). Atendimentos do Serviço Social: Ambulatório 0, Urgência/Emergência 326. Mortalidade operatória em cirurgias cardíacas (em até 07 dias): 7,89%. Tempo de porta aberta para hemodinâmica: 65 minutos. Percentual de glosas no SIH: 0,04% (1 procedimento rejeitado em 2223 apresentados). Taxa de readmissão em UTI em até 48h: 2,49%. Boletim de Produção Ambulatorial (BPA) apresentado: 100%. OSS gestora não explicitada no documento; informada como AGIR conforme metadado.",AGIR,2023,12,mensal,,23,49
2023,C:\OSS-Goias\documentos\AGIR\HUGOL\2023\34_Relatorio_Producao\Relatório Gerencial de Produção_HUGOL_Abr-23.pdf,Relatório Gerencial de Produção_HUGOL_Abr-23,-1,-1,-1,261,-1,4730,1156,1807,-1,-1,HUGOL,-1,-1,-1,-1,-1,-1,-1,-1,-1,-1,-1,-1,"Relatório gerencial de produção referente ao período de abril/2023. 10° Termo Aditivo ao Contrato de Gestão n° 003/2014 SES. Inaptidão Clínica realizada: 21,92% (meta <18%). Perda de Concentrado de Hemácias por Validade: 4,19% (meta <5%). Estoque Excedente Estratégico de Concentrado de Hemácias: 40,77% (meta >=8%, trimestral). BPA apresentado: 100%. Documento assinado digitalmente por Lucas Paula da Silva, Superintendente Executivo da AGIR, em 2023-05-18.",AGIR,2023,4,mensal,,8,30
2023,C:\OSS-Goias\documentos\AGIR\HUGOL\2023\34_Relatorio_Producao\Relatório Gerencial de Produção_HUGOL_Ago-22_RET.pdf,Relatório Gerencial de Produção_HUGOL_Ago-22_RET,-1,-1,-1,233,-1,4738,1103,1935,-1,-1,HUGOL,-1,-1,-1,-1,-1,-1,-1,-1,-1,-1,-1,-1,"Relatório retificado referente a agosto/2022, adequado ao 10º Termo Aditivo ao Contrato de Gestão nº 003/2014 SES. Inaptidão Clínica realizada: 16% (meta <18%). Perda de Concentrado de Hemácias por Validade: 3,0% (meta <5%). Estoque Excedente Estratégico de Concentrado de Hemácias: 22,6% (meta >8%, meta trimestral). Boletim de Produção Ambulatorial (BPA) apresentado: 100% (meta 100%). Relatório será apreciado e aprovado pelo Conselho de Administração da AGIR em 13/03/2023.",AGIR,2022,8,mensal,,4,27
2023,C:\OSS-Goias\documentos\AGIR\HUGOL\2023\34_Relatorio_Producao\Relatório Gerencial de produção_HUGOL_Consolidado 2023_RET.pdf,Relatório Gerencial de produção_HUGOL_Consolidado 2023_RET,-1,-1,-1,-1,-1,-1,-1,-1,-1,-1,HUGOL,-1,-1,-1,-1,-1,-1,-1,-1,-1,-1,-1,-1,"Relatório Gerencial de Produção Consolidado HUGOL 2023, referente ao período de janeiro/2023 a dezembro/2023, contrato de gestão nº 003/2014 SES, 10º e 11º Termos Aditivos ao Contrato de Gestão. Hospital Estadual de Urgências Governador Otávio Lage de Siqueira - HUGOL, gerido pela AGIR. O documento apresenta dados mensais desagregados por indicador (Jan a Dez 2023) sem consolidação anual explícita para a maioria dos indicadores. Indicadores de desempenho incluem Taxa de Ocupação Hospitalar (valores mensais variando de 93,00% a 100,54%) e Tempo Médio de Permanência (valores mensais variando de 6,50 a 7,18 dias). Indicadores de qualidade reportados mensalmente incluem: Taxa de Readmissão Hospitalar 29 dias (meta ≤8%), Taxa de Readmissão em UTI 48h (meta <5%), Índice de Intervalo de Substituição, Índice de Infecção em Sítio Cirúrgico em Cirurgia Cardíaca, Taxa de Glosas SIH-DATASUS, entre outros. Assinado por Guillermo Socrates Pinheiro de Lemos, Diretor(a) da Unidade, em 27 de agosto de 2024.",AGIR,2023,,anual,,8,33
2023,C:\OSS-Goias\documentos\AGIR\HUGOL\2023\34_Relatorio_Producao\Relatório Gerencial de Produção_HUGOL_Dez-22_RET.pdf,Relatório Gerencial de Produção_HUGOL_Dez-22_RET,-1,-1,-1,250,-1,4972,878,1972,-1,-1,HUGOL,-1,-1,-1,-1,-1,-1,-1,-1,-1,-1,-1,-1,"Relatório retificado referente a dezembro/2022. Produções realizadas e quantitativos de metas foram retificados para adequação ao 10º Termo Aditivo ao Contrato de Gestão nº 003/2014 SES. Inaptidão Clínica realizada: 20,00% (meta ≤18% - não atingido). Perda de Concentrado de Hemácias por Validade realizada: 4,00% (meta ≤5% - atingido). Estoque Excedente Estratégico de Concentrado de Hemácias realizada: 36,41% (meta ≥8% - atingido; meta trimestral). Relatório apreciado e aprovado pelo Conselho de Administração da AGIR conforme reunião prevista para 13/03/2023. Assinado por Lucas Paula da Silva, Superintendente Executivo da AGIR.",AGIR,2022,12,mensal,,4,27
2023,C:\OSS-Goias\documentos\AGIR\HUGOL\2023\34_Relatorio_Producao\Relatório Gerencial de Produção_HUGOL_Fev-23_RET.pdf,Relatório Gerencial de Produção_HUGOL_Fev-23_RET,-1,-1,-1,273,-1,4484,1123,1790,-1,-1,HUGOL,-1,-1,-1,-1,-1,-1,-1,-1,-1,-1,-1,-1,"Relatório gerencial de produção referente ao período de fevereiro/2023, aprovado pelo Conselho de Administração da AGIR conforme reunião prevista para 14/06/2023. Inaptidão Clínica realizada: 22,89% (meta <18%). Perda de Concentrado de Hemácias por Validade: 1,33% (meta <5%). Estoque Excedente Estratégico de Concentrado de Hemácias: 34,77% (meta >8%, meta trimestral). BPA apresentado: 100%. Hemodinâmica: 353 procedimentos realizados (meta 345).",AGIR,2023,2,mensal,,8,30
2023,C:\OSS-Goias\documentos\AGIR\HUGOL\2023\34_Relatorio_Producao\Relatório Gerencial de Produção_HUGOL_Jan-23_RET.pdf,Relatório Gerencial de Produção_HUGOL_Jan-23_RET,-1,-1,-1,280,-1,5072,1086,1859,-1,-1,HUGOL,-1,-1,-1,-1,-1,-1,-1,-1,-1,-1,-1,-1,"Relatório gerencial de produção referente ao período de janeiro/2023. Aprovado pelo Conselho de Administração da AGIR conforme reunião prevista para 14/06/2023. Inaptidão Clínica realizada: 20,11% (meta <18%). Perda de Concentrado de Hemácias por Validade: 7,00% (meta <5%). Estoque Excedente (Estratégico) de Concentrado de Hemácias (meta trimestral): 35,60% (meta >=8%). 10° Termo Aditivo ao Contrato de Gestão n° 003/2014 SES.",AGIR,2023,1,mensal,,8,31
2023,C:\OSS-Goias\documentos\AGIR\HUGOL\2023\34_Relatorio_Producao\Relatório Gerencial de Produção_HUGOL_Jul-22_RET.pdf,Relatório Gerencial de Produção_HUGOL_Jul-22_RET,-1,-1,-1,209,-1,2349,1019,1868,-1,-1,HUGOL,-1,-1,-1,-1,-1,-1,-1,-1,-1,-1,-1,-1,"Relatório referente a julho/2022, com duas vigências: 9º Termo Aditivo (1º a 14/07/2022) e 10º Termo Aditivo (15 a 31/07/2022). Produções e metas foram retificadas para adequação ao 10º Termo Aditivo, novamente apreciado e aprovado pelo Conselho de Administração da AGIR, conforme reunião prevista para 13/03/2023. Serviço de Hemoterapia: Inaptidão Clínica meta ≤18% realizado 12%; Perda de Concentrado de Hemácias por Validade meta ≤5% realizado 7,0%; Estoque Excedente de Concentrado de Hemácias (meta trimestral) meta ≥8% realizado 24,9%. Internações do 9º Aditivo: 870 realizadas vs meta 854. Internações do 10º Aditivo: 998 realizadas vs meta 1006. Cirurgias programadas do 9º Aditivo: 123 realizadas vs meta 220. Cirurgias programadas do 10º Aditivo: 86 realizadas vs meta 150. Os valores de internacoes e cirurgias_total no campo atendimentos correspondem à soma dos dois períodos do mês.",AGIR,2022,7,mensal,,4,50
2023,C:\OSS-Goias\documentos\AGIR\HUGOL\2023\34_Relatorio_Producao\Relatório Gerencial de Produção_HUGOL_Jun-23.pdf,Relatório Gerencial de Produção_HUGOL_Jun-23,-1,-1,-1,272,-1,5169,1098,1881,-1,-1,HUGOL,-1,-1,-1,-1,-1,-1,-1,-1,-1,-1,-1,-1,"Relatório gerencial de produção referente ao período de junho/2023, aprovado pelo Conselho de Administração da AGIR conforme reunião prevista para 11/09/2023. Inaptidão Clínica realizada: 20,20% (meta <18%). Perda de Concentrado de Hemácias por Validade: 3,92% (meta <5%). Estoque Excedente Estratégico de Concentrado de Hemácias: 40,60% (meta >8%, meta trimestral). BPA apresentado: 100%.",AGIR,2023,6,mensal,,8,30
2023,C:\OSS-Goias\documentos\AGIR\HUGOL\2023\34_Relatorio_Producao\Relatório Gerencial de Produção_HUGOL_Mai-23.pdf,Relatório Gerencial de Produção_HUGOL_Mai-23,-1,-1,-1,255,-1,5354,1146,1877,-1,-1,HUGOL,-1,-1,-1,-1,-1,-1,-1,-1,-1,-1,-1,-1,"Relatório gerencial de produção referente ao período de maio/2023, aprovado pelo Conselho de Administração da AGIR conforme reunião prevista para 11/09/2023. Assinado por Lucas Paula da Silva, Superintendente Executivo da AGIR. Inaptidão Clínica realizada: 24,90% (meta <18%). Perda de Concentrado de Hemácias por Validade: 3,73% (meta <5%). Estoque Excedente Estratégico de Concentrado de Hemácias: 46,66% (meta >8%, trimestral). Boletim de Produção Ambulatorial (BPA) apresentado: 100%.",AGIR,2023,5,mensal,,8,30
2023,C:\OSS-Goias\documentos\AGIR\HUGOL\2023\34_Relatorio_Producao\Relatório Gerencial de Produção_HUGOL_Mar-23.pdf,Relatório Gerencial de Produção_HUGOL_Mar-23,-1,-1,292,292,-1,5595,1208,2001,-1,-1,HUGOL,-1,-1,-1,-1,-1,-1,-1,-1,-1,-1,-1,-1,"Relatório gerencial de produção referente ao período de março/2023, aprovado pelo Conselho de Administração da AGIR em reunião prevista para 14/06/2023. Inaptidão Clínica realizada: 23,00% (meta <18%). Perda de Concentrado de Hemácias por Validade: 2,00% (meta <5%). Estoque Excedente Estratégico de Concentrado de Hemácias: 45,38% (meta >=8%, meta trimestral). 10° Termo Aditivo ao Contrato de Gestão n° 003/2014 SES.",AGIR,2023,3,mensal,,8,31
2023,C:\OSS-Goias\documentos\AGIR\HUGOL\2023\34_Relatorio_Producao\Relatório Gerencial de Produção_HUGOL_Nov-22_RET.pdf,Relatório Gerencial de Produção_HUGOL_Nov-22_RET,-1,-1,278,278,-1,5617,1103,1959,-1,-1,HUGOL,-1,-1,-1,-1,-1,-1,-1,-1,-1,-1,-1,-1,"Relatório gerencial retificado referente a novembro/2022, com produções e metas adequadas ao 10º Termo Aditivo ao Contrato de Gestão nº 003/2014 SES. Será apreciado e aprovado pelo Conselho de Administração da AGIR em reunião prevista para 13/03/2023. Indicadores de hemoterapia: Inaptidão Clínica meta ≤18% realizado 16%; Perda de Concentrado de Hemácias por Validade meta ≤5% realizado 1,0%; Estoque Excedente (Estratégico) de Concentrado de Hemácias (meta trimestral) meta ≥8% realizado 41,2%; BPA apresentado 100%.",AGIR,2022,11,mensal,,4,27
2023,C:\OSS-Goias\documentos\AGIR\HUGOL\2023\34_Relatorio_Producao\Relatório Gerencial de Produção_HUGOL_Out-22_RET.pdf,Relatório Gerencial de Produção_HUGOL_Out-22_RET,-1,-1,-1,271,-1,4827,1150,2063,-1,-1,HUGOL,-1,-1,-1,-1,-1,-1,-1,-1,-1,-1,-1,-1,"Relatório retificado referente a outubro/2022, adequado ao 10º Termo Aditivo ao Contrato de Gestão nº 003/2014 SES. Inaptidão Clínica realizada: 18% (meta <18%). Perda de Concentrado de Hemácias por Validade: 2,0% (meta <5%). Estoque Excedente Estratégico de Concentrado de Hemácias: 27,2% (meta >8%, meta trimestral). Boletim de Produção Ambulatorial (BPA) apresentado: 100% (meta 100%). Será apreciado e aprovado pelo Conselho de Administração da AGIR em reunião prevista para 13/03/2023.",AGIR,2022,10,mensal,,4,27
2023,C:\OSS-Goias\documentos\AGIR\HUGOL\2023\34_Relatorio_Producao\Relatório Gerencial de Produção_HUGOL_Set-22_RET.pdf,Relatório Gerencial de Produção_HUGOL_Set-22_RET,-1,-1,-1,252,-1,4498,983,1907,-1,-1,HUGOL,-1,-1,-1,-1,-1,-1,-1,-1,-1,-1,-1,-1,"Relatório retificado referente a setembro/2022, adequado ao 10º Termo Aditivo ao Contrato de Gestão nº 003/2014 SES. Produções realizadas e metas foram retificadas para adequação ao 10º Termo Aditivo. Será apreciado e aprovado pelo Conselho de Administração da AGIR em reunião prevista para 13/03/2023. Inaptidão Clínica realizada: 16% (meta: <18%). Perda de Concentrado de Hemácias por Validade: 1,0% (meta: <5%). Estoque Excedente Estratégico de Concentrado de Hemácias: 29,7% (meta: >8%, trimestral). BPA apresentado: 100%.",AGIR,2022,9,mensal,,4,26
2024,C:\OSS-Goias\documentos\FUNEV\HEANA\2024\34_Relatorio_Producao\1704982563264-HEANA - Relatório Gerencial de Produção - Dezembro2023.pdf,1704982563264-HEANA - Relatório Gerencial de Produção - Dezembro2023,-1,2253,150,150,-1,1454,36206,691,-1,49,HEANA,-1,-1,-1,-1,0.1,-1,-1,-1,51,7,99,51,"Relatório referente ao 4º Termo Aditivo ao Contrato de Gestão nº 66/2019, Referência Ano 4 - Dezembro/2023. Leitos críticos: 51 leitos de UTI distribuídos em 6 unidades (UTI I a VI), com total de 49 saídas por óbito e 04 transferências externas. SADT Interno total: 36.206 procedimentos. Serviço de Atenção Domiciliar: 101 pacientes/mês, 1.067 atendimentos, 506 visitas. Núcleo Hospitalar de Epidemiologia: Taxa de Óbitos Decorrentes de DAE = 3%. Cirurgias Programadas de Alto Giro superaram a meta (123 vs 86), porém Cirurgias Programadas Gerais ficaram muito abaixo da meta (27 vs 189). Suspensão de cirurgias por condições operacionais da unidade atingiu 4,5%, acima da meta de ≤1%.",FUNEV,2023,12,mensal,,10,26
2024,C:\OSS-Goias\documentos\FUNEV\HEANA\2024\34_Relatorio_Producao\1708427738572- RELATÓRIOS GERENCIAIS DE PRODUÇÃO APROVADOS PELO CONSELHO DE ADMINISTRAÇÃO.pdf,1708427738572- RELATÓRIOS GERENCIAIS DE PRODUÇÃO APROVADOS PELO CONSELHO DE ADMINISTRAÇÃO,-1,27666,1343,1343,-1,14478,14917,7472,-1,-1,HEANA,-1,-1,-1,-1,-1,-1,-1,-1,-1,-1,-1,-1,"Relatório anual de 2023, aprovado pelo Conselho de Administração da FUNEV em reunião de 02/02/2024. Contrato nº 66/2019 (4º Termo Aditivo). Internações divididas em Saída Clínica Médica (2.304) e Saída Clínica Cirúrgica (5.168). Cirurgias Programadas totalizaram 1.343 contra meta de 2.785. Hospital Dia reporta Leito Dia (344) e Procedimentos (805) ambos abaixo da meta de 1.980 cada. SADT Externo de 14.917 superou meta de 10.560. Serviço de Atenção Domiciliar com 3.646 atendimentos superou meta de 1.440.",FUNEV,2023,,anual,,0,11
2024,C:\OSS-Goias\documentos\FUNEV\HEANA\2024\34_Relatorio_Producao\1715482797806HEANA - Relatórios de Produção e Desempenho - Abril 2024.pdf,1715482797806HEANA - Relatórios de Produção e Desempenho - Abril 2024,698,2893,135,135,-1,1955,44365,698,-1,-1,HEANA,-1,-1,-1,-1,0.14,-1,-1,-1,-1,6.48,98.56,153,"OSS gestora: FUNEV (Fundação Universitária Evangélica). Contrato de Gestão nº 66/2019, 5º Termo Aditivo, Referência Ano 4. Total de leitos operacionais-dia no período: 4.590 (30 dias), resultando em 153 leitos operacionais. SADT Interno total: 44.365 procedimentos (sem meta definida). Saídas hospitalares total: 698. Número total de internações hospitalares: 703. Nº de saídas da UTI por alta: 178. Percentual de Ocorrência de Glosas no SIH-DATASUS: Em Apuração. Indicador 9 (TMAT 2º ano) não aplicável no período. SADT Externo Disponibilizados total: 888 (acima da meta de 425). Serviço de Atenção Domiciliar: 124 pacientes assistidos (meta 120).",FUNEV,2024,4,mensal,,13,32
2024,C:\OSS-Goias\documentos\FUNEV\HEANA\2024\34_Relatorio_Producao\17164034654761.HEANA- Relatório de Produção.pdf,17164034654761.HEANA- Relatório de Produção,-1,2348,136,-1,-1,3172,39138,664,-1,51,HEANA,-1,-1,-1,-1,0.4,790,-1,-1,51,7,99,51,"O relatório de desempenho está incorretamente identificado como JANEIRO/2023 no cabeçalho interno, mas o contexto e a capa indicam JANEIRO/2024. Total de leitos críticos (UTI) reportados: 51 (6 UTIs). Óbitos nas UTIs: 51 no total (soma das 6 UTIs). SADT Interno total: 39.138 procedimentos. Atendimentos de Urgência e Emergência: Demanda Espontânea 1.945 + Regulados 403 = Total 2.348. Percentual de glosas no SIH-DATASUS: 0% (790 laudos apresentados, 0 reprovados). Taxa de Readmissão em UTI (48h): 3% (4 retornos / 130 saídas da UTI por alta).",FUNEV,2024,1,mensal,,11,29
2024,C:\OSS-Goias\documentos\FUNEV\HEANA\2024\34_Relatorio_Producao\17164598416372. HEANA- Relatório de Produção.pdf,17164598416372. HEANA- Relatório de Produção,703,2365,151,151,-1,1606,39525,703,-1,-1,HEANA,-1,-1,-1,-1,0.1,800,-1,-1,-1,6,100,-1,"OSS gestora: FUNEV (Fundação Universitária Evangélica). 5º Termo Aditivo ao Contrato de Gestão nº 66/2019. Referência Ano 4 - Fevereiro/2024. Total de leitos operacionais-dia: 4.400. Total de pacientes-dia: 4.381. Saídas hospitalares (período): 703. Total de internações hospitalares (indicador 4): 707. UTI: saídas por alta = 130, retornos em 48h = 2. Glosas: 800 laudos apresentados, 3 reprovados, percentual 0,4%. SADT Interno total: 39.525 procedimentos (sem meta definida). Indicador de TMAT para o 2º ano não reportado (em implantação). CPRE com início previsto para abril/2024. Número de consultas ofertadas: 2.410; propostas na meta: 1.200.",FUNEV,2024,2,mensal,,11,41
2024,C:\OSS-Goias\documentos\FUNEV\HEANA\2024\34_Relatorio_Producao\17164602901783.HEANA - Relatório de produção.pdf,17164602901783.HEANA - Relatório de produção,725,2661,152,152,-1,1375,43772,725,-1,-1,HEANA,-1,-1,-1,-1,0.1,797,-1,-1,-1,7.0,100.0,-1,"Relatório referente ao 5º Termo Aditivo ao Contrato de Gestão nº 66/2019, Referência Ano 4 - Março/2024. SADT Interno sem meta definida, total de 43.772 procedimentos realizados. Percentual de Glosa SIH-DATASUS de 0,12% (1 procedimento rejeitado de 797 apresentados). Indicador 6 (Glosas) reportado como DELAY no relatório de desempenho, mas posteriormente calculado no documento específico de glosas como 0,12%. Indicador 9 (TMAT 2º ano) não aplicável no período. Total de pacientes-dia no período: 4.733; Total de leitos operacionais-dia: 4.752.",FUNEV,2024,3,mensal,,10,41
2024,C:\OSS-Goias\documentos\FUNEV\HEANA\2024\34_Relatorio_Producao\1718123127676Relatorio produção maio.pdf,1718123127676Relatorio produção maio,715,2997,136,136,-1,1843,46761,715,-1,-1,HEANA,-1,-1,-1,-1,0.14,-1,-1,-1,-1,6.63,99.68,-1,"OSS gestora é a FUNEV (Fundação Universitária Evangélica). O documento refere-se ao 5º Termo Aditivo ao Contrato de Gestão nº 66/2019, Referência Ano 4 - Maio/2024. Total de leitos operacionais-dia do período: 4.758; Total de pacientes-dia: 4.743. SADT Interno total: 46.761 procedimentos (sem meta definida). SADT Externo disponibilizados: 891; realizados: 415. Atendimento de urgência/emergência: 2.497 demanda espontânea + 500 regulados = 2.997 total. Indicador de Glosas no SIH-DATASUS em apuração. Taxa de readmissão hospitalar calculada sobre 711 internações (número de internações hospitalares informado no indicador). Número de consultas ofertadas: 2.931; número de consultas propostas nas metas: 1.200.",FUNEV,2024,5,mensal,,10,26
2024,C:\OSS-Goias\documentos\FUNEV\HEANA\2024\34_Relatorio_Producao\1723726076075-HEANA__Relatrio_Gerencial_de_Produo_Completo.pdf,1723726076075-HEANA__Relatrio_Gerencial_de_Produo_Completo,784,2853,145,145,-1,1466,46711,784,-1,-1,HEANA,-1,-1,-1,-1,0.51,-1,-1,-1,-1,6.64,99.5,5235,"Relatório referente ao 5º Termo Aditivo ao Contrato de Gestão nº 66/2019, Referência Ano 4 – Julho/2024. Total de leitos operacionais-dia no período: 5.235 (usado como proxy para total de leitos). SADT Interno total: 46.711 procedimentos. Glosas no SIH: Em Apuração. Taxa de Readmissão em UTI baseada em 1 retorno em até 48h / 116 saídas da UTI. Número total de internações hospitalares: 783 (conforme indicador 4). Indicador 9 (TMAT 2º ano) não reportado com valores. Serviço de Atenção Domiciliar: 101 pacientes assistidos (meta 120). Assinado por João Pedro dos Santos Pereira, Diretor Executivo FUNEV, em 09/08/2024.",FUNEV,2024,7,mensal,,11,26
2024,C:\OSS-Goias\documentos\FUNEV\HEANA\2024\34_Relatorio_Producao\1724328121939-heana__relatorio_gerencial_de_producao_-_junho202.pdf,1724328121939-heana__relatorio_gerencial_de_producao_-_junho202,694,2482,130,130,-1,1843,43270,694,-1,-1,HEANA,-1,-1,-1,-1,0.27,-1,-1,-1,-1,7.19,99.3,-1,"Relatório Gerencial de Produção referente ao 5º Termo Aditivo ao Contrato de Gestão nº 66/2019, Ano 4 - Junho/2024. Saídas hospitalares totais: 694. Pacientes-dia: 4.992. Leitos operacionais-dia: 5.027. Total internações hospitalares (incluindo UTI): 719. Saídas UTI por alta: 140. SADT Interno total: 43.270 (sem meta definida). SADT Externo disponibilizados: 1.011 vs meta 425. Indicador 6 (Glosas SIH-DATASUS) em apuração. Indicador 9 (TMAT segundo ano) sem dados informados. Anestesiologia - Consulta Pré-Anestésica realizada: 151 (sem meta definida). Atendimento Urgência/Emergência: meta = atender 100% da demanda.",FUNEV,2024,6,mensal,,10,26
2024,C:\OSS-Goias\documentos\FUNEV\HEANA\2024\34_Relatorio_Producao\1726057525552-6_Relatorio_de_produção.pdf,1726057525552-6_Relatorio_de_produção,814,2782,143,143,-1,1941,46387,814,-1,-1,HEANA,-1,-1,-1,-1,1.0,896,-1,-1,-1,6.49,99.56,-1,"Relatório referente ao 5º Termo Aditivo ao Contrato de Gestão nº 66/2019, Referência Ano 4 - Agosto/2024. Total de leitos operacionais-dia no período: 5.312; Total de pacientes-dia: 5.289. SADT Interno total: 46.387 exames (incluindo Análises Clínicas: 38.011, Radiografia: 4.239, Tomografia: 2.531, Hemodiálise: 219 sessões, entre outros). Percentual de Glosas no SIH-DATASUS referente à competência 07/2024: 896 laudos apresentados, 01 reprovado, resultado 0,11% (meta <7%). Indicador 6 (Glosas agosto/2024) consta como Em Apuração. Índice de Intervalo de Substituição: 0,68 horas. 200 saídas da UTI por alta registradas.",FUNEV,2024,8,mensal,,11,27
2024,C:\OSS-Goias\documentos\FUNEV\HEANA\2024\34_Relatorio_Producao\1728907583222-Relatrio_Gerencial_de_Produção_-_Setembro2024.pdf,1728907583222-Relatrio_Gerencial_de_Produção_-_Setembro2024,769,2553,139,139,-1,1542,44242,769,-1,-1,HEANA,-1,-1,-1,-1,0.25,-1,-1,-1,-1,6.7,99.4,173,"Relatório referente ao 5º Termo Aditivo ao Contrato de Gestão nº 66/2019, Referência Ano 4 - Setembro/2024. Total de leitos operacionais-dia: 5.190 (173 leitos x 30 dias). Total de pacientes-dia: 5.159. Total de saídas no período: 769. Número total de internações hospitalares: 779. Saídas da UTI por alta: 153. SADT Interno total: 44.242 procedimentos (inclui hemoterapia 402, análises clínicas 36.432, anatomia patológica 90, ecocardiograma 67, ecodoppler 67, ecodoppler transcraniano 7, eletrocardiograma 481, hemodiálise 191 sessões, radiografia 3.968, tomografia 2.415, ultrassonografia 122). Indicador 6 (Glosas SIH-DATASUS) em apuração. Indicador 9 (TMAT 2º ano) sem dados reportados. Anestesiologia (Consulta Pré-Anestésica): 125 consultas realizadas (sem meta definida). Relatório assinado por João Pedro dos Santos Pereira, Diretor Executivo FUNEV, em 10/10/2024.",FUNEV,2024,9,mensal,,16,26
2024,C:\OSS-Goias\documentos\FUNEV\HEANA\2024\34_Relatorio_Producao\1731608956509-HEANA__Relatório_Gerencial_de_Produção_-_Outubro2024..pdf,1731608956509-HEANA__Relatório_Gerencial_de_Produção_-_Outubro2024.,767,2359,147,147,-1,1474,44667,779,-1,-1,HEANA,-1,-1,-1,-1,0.38,-1,-1,-1,-1,6.67,99.59,-1,"Relatório referente ao 5º Termo Aditivo ao Contrato de Gestão nº 66/2019, Referência Ano 4 – Outubro/2024. SADT Interno total: 44.667 procedimentos (inclui Análises Clínicas 36.564, Anatomia Patológica 89, Ecocardiograma 79, Ecodoppler 64, Ecodoppler Transcraniano 11, Eletrocardiograma 532, Hemodiálise 190 sessões, Radiografia 4.039, Tomografia 2.572, Ultrassonografia 126). Atendimento de Urgência e Emergência: Demanda Espontânea 1.895, Regulados 464, Total 2.359. Percentual de Ocorrência de Glosas no SIH-DATASUS: Em Apuração. Total de internações hospitalares (indicador 4): 784. Número de saídas da UTI por alta: 209. Número de consultas ofertadas: 2.677; Número de consultas propostas nas metas: 1.200. Cirurgias eletivas suspensas: 01; Cirurgias com TMAT expirado: 31 de 175 encaminhadas.",FUNEV,2024,10,mensal,,11,25
2024,C:\OSS-Goias\documentos\FUNEV\HEANA\2024\34_Relatorio_Producao\1734004298799-11_Relatório_Gerencial_de_Produção.pdf,1734004298799-11_Relatório_Gerencial_de_Produção,787,2236,129,129,-1,1468,45484,787,-1,-1,HEANA,-1,-1,-1,-1,0.25,-1,-1,-1,-1,6.63,99.69,-1,"Relatório referente ao 5º Termo Aditivo ao Contrato de Gestão nº 66/2019, Referência Ano 4 – Novembro/2024. SADT Interno total: 45.484 procedimentos (sem meta definida para a maioria dos itens). Número total de internações hospitalares para cálculo da taxa de readmissão: 779. Saídas UTI por alta: 182. Glosa SIH em apuração. Cirurgias eletivas suspensas: 10. Cirurgias com TMAT expirado (1º ano): 47 de 171 encaminhadas. Consultas ofertadas: 2.100; propostas na meta: 1.200. Exames de imagem entregues em até 10 dias: 265 de 267. DAEI digitadas/investigadas oportunamente: 54/54. Documento assinado digitalmente pelo Diretor Executivo FUNEV em 10/12/2024.",FUNEV,2024,11,mensal,,10,40
2024,C:\OSS-Goias\documentos\IGH\HEAPA\2024\34_Relatorio_Producao\2024 – 1° Trimestre – Ata de Reunião.pdf,2024 – 1° Trimestre – Ata de Reunião,-1,-1,-1,-1,-1,-1,-1,-1,-1,-1,HEAPA,-1,-1,-1,-1,-1,-1,-1,-1,-1,-1,-1,-1,"Documento trata-se de Ata de Reunião Ordinária do Conselho de Administração do IGH realizada em 30/04/2024, com aprovação por unanimidade do relatório gerencial e financeiro referente ao primeiro trimestre de 2024. Não contém dados quantitativos de produção hospitalar, apenas registro formal da reunião e certidão de registro cartorial (protocolo 59735, registro 46208, Salvador/BA, 31/05/2024).",IGH,2024,,trimestral,1,0,0
2024,C:\OSS-Goias\documentos\IGH\HEAPA\2024\34_Relatorio_Producao\2024.01 HEAPA Relatório Gerencial de Produção-Assinado.pdf,2024.01 HEAPA Relatório Gerencial de Produção-Assinado,-1,1683,136,514,378,1511,19563,582,-1,-1,HEAPA,-1,-1,-1,-1,-1,-1,-1,-1,10,-1,-1,102,"Estrutura física: Enfermaria Cirúrgica 47 leitos, Enfermaria Clínica 24 leitos, Observação 14, UTI Adulto 10, Leito Dia 7, SRPA 5, Total 102. SADT Interno realizado: Análises Clínicas 15.448, Radiografia 2.295, Tomografia 1.462, Ultrassonografia/Doppler 53, Eletrocardiograma 228, total média 19.563. SADT Externo total realizado 331. O relatório gerencial será aprovado pelo Conselho de Administração no próximo trimestre conforme Estatuto Social. Gestão pelo IGH via 9º Termo Aditivo ao Contrato de Gestão 096/2016-SES/GO, vigência até 22/09/2023.",IGH,2024,1,mensal,,2,15
2024,C:\OSS-Goias\documentos\IGH\HEAPA\2024\34_Relatorio_Producao\2024.01 HEAPA Relatório Gerencial de Produção.xlsx,2024.01 HEAPA Relatório Gerencial de Produção,-1,-1,-1,582,-1,1511,-1,-1,-1,-1,HEAPA,-1,-1,-1,-1,-1,-1,-1,-1,10,-1,-1,102,"Leitos por tipo: Enfermaria Cirúrgica=47, Enfermaria Clínica=24, Observação=14, UTI Adulto=10, Leito Dia=7, SRPA=5, Total=102. Exames realizados: Eletrocardiograma=228, Ultrassonografia/Doppler=53, Tomografia=1462, Radiografia=2295, Análises Clínicas=15448. Realizado total exames contratados=331 (linha adicional). O relatório será aprovado pelo Conselho de Administração no próximo trimestre conforme Estatuto Social.",IGH,2024,1,mensal,,2,15
2024,C:\OSS-Goias\documentos\IGH\HEAPA\2024\34_Relatorio_Producao\2024.02 HEAPA Relatório Gerencial de Produção-Assinado.pdf,2024.02 HEAPA Relatório Gerencial de Produção-Assinado,574,1627,158,499,341,1650,17750,-1,-1,-1,HEAPA,-1,-1,-1,-1,-1,-1,-1,-1,10,-1,-1,102,"Estrutura física: Enfermaria Cirúrgica 47 leitos, Enfermaria Clínica 24 leitos, Observação 14, UTI Adulto 10, Leito Dia 7, SRPA 5, Total 102. SADT Interno realizado: Eletrocardiograma 206, Ultrassonografia/Doppler 111, Tomografia 1.391, Radiografia 2.379, Análises Clínicas 13.619, média total 17.750. SADT Externo realizado média 421. O Relatório Gerencial de Produção referente ao mês será aprovado pelo Conselho de Administração no próximo trimestre conforme o Estatuto Social. Gestão realizada pelo IGH por meio do 9º Termo Aditivo ao Contrato de Gestão 096/2016 - SES/GO.",IGH,2024,2,mensal,,2,15
2024,C:\OSS-Goias\documentos\IGH\HEAPA\2024\34_Relatorio_Producao\2024.02 HEAPA Relatório Gerencial de Produção.xlsx,2024.02 HEAPA Relatório Gerencial de Produção,-1,-1,-1,574,-1,1650,-1,-1,-1,-1,HEAPA,-1,-1,-1,-1,-1,-1,-1,-1,10,-1,-1,102,"Leitos por tipo: Enfermaria Cirúrgica 47, Enfermaria Clínica 24, Observação 14, UTI Adulto 10, Leito Dia 7, Total 102, SRPA 5. Exames realizados: Eletrocardiograma 206, Ultrassonografia/Doppler 111, Tomografia 1391, Radiografia 2379, Análises Clínicas 13619. Meta de Tomografia c/ e sem contraste: 160 (realizado não informado). Meta Raio x simples: 40 (realizado não informado). O Relatório Gerencial de Produção referente ao mês será aprovado pelo Conselho de Administração no próximo trimestre conforme o Estatuto Social.",IGH,2024,2,mensal,,2,13
2024,C:\OSS-Goias\documentos\IGH\HEAPA\2024\34_Relatorio_Producao\2024.03 HEAPA Relatório Gerencial de Produção.pdf,2024.03 HEAPA Relatório Gerencial de Produção,640,1725,167,567,400,1650,17674,-1,-1,-1,HEAPA,-1,-1,-1,-1,-1,-1,-1,-1,10,-1,-1,102,"Estrutura física: Enfermaria Cirúrgica 47 leitos, Enfermaria Clínica 24 leitos, Observação 14 leitos, UTI Adulto 10 leitos, Leito Dia 7 leitos, SRPA 5, Total 102. SADT Interno: Eletrocardiograma 142, Ultrassonografia/Doppler 120, Tomografia 1.499, Radiografia 2.500, Análises Clínicas 13.380, total médio 17.674. SADT Externo total realizado 435, meta 430. O Relatório Gerencial de Produção referente ao mês será aprovado pelo Conselho de Administração no próximo trimestre conforme o Estatuto Social.",IGH,2024,3,mensal,,2,15
2024,C:\OSS-Goias\documentos\IGH\HEAPA\2024\34_Relatorio_Producao\2024.04 HEAPA Relatório Gerencial de Produção.xlsx,2024.04 HEAPA Relatório Gerencial de Produção,-1,-1,-1,658,-1,1571,-1,-1,-1,-1,HEAPA,-1,-1,-1,-1,-1,-1,-1,-1,10,-1,-1,102,"Leitos: Enfermaria Cirúrgica=47, Enfermaria Clínica=24, Observação=14, UTI Adulto=10, Leito Dia=7, SRPA=5, Total=102. Exames realizados: Eletrocardiograma=128, Ultrassonografia/Doppler=147, Tomografia=1867, Radiografia=2700, Análises Clínicas=12974. Meta de Tomografia c/ e sem contraste=160 (realizado não informado). O Relatório Gerencial de Produção referente ao mês será aprovado pelo Conselho de Administração no próximo trimestre conforme o Estatuto Social.",IGH,2024,4,mensal,,2,13
2024,C:\OSS-Goias\documentos\IGH\HEAPA\2024\34_Relatorio_Producao\2024.05 HEAPA Relatório Gerencial de Produção.pdf,2024.05 HEAPA Relatório Gerencial de Produção,495,1655,42,-1,-1,1182,18097,-1,-1,-1,HEAPA,-1,-1,-1,-1,-1,-1,-1,-1,10,-1,-1,102,"Período de referência: 01/05 a 28/05/2024. SADT Interno total: 18.097 serviços (Análises Clínicas: 13.855, Radiografia: 2.280, Tomografia: 1.609, Ultrassonografia/Doppler: 177, Eletrocardiograma: 176). Estrutura física: Enfermaria Cirúrgica 47 leitos, Enfermaria Clínica 24 leitos, Observação 14 leitos, UTI Adulto 10 leitos, Leito Dia 7 leitos, SRPA 5 leitos, Total 102. O relatório será aprovado pelo Conselho de Administração no próximo trimestre conforme Estatuto Social.",IGH,2024,5,mensal,,2,15
2024,C:\OSS-Goias\documentos\AGIR\HUGOL\2024\34_Relatorio_Producao\Ata de Reunião - Aprovação pelo Conselho de Administração - Consolidado 2024.pdf,Ata de Reunião - Aprovação pelo Conselho de Administração - Consolidado 2024,-1,-1,-1,-1,-1,-1,-1,-1,-1,-1,HUGOL,87.27,-1,-1,-1,-1,-1,-1,-1,-1,-1,-1,-1,"Documento é a Ata da Reunião Ordinária do Conselho de Administração da AGIR realizada em 31/03/2025, que aprovou a prestação de contas consolidada de 2024 das unidades CRER, HDS, HUGOL, HECAD e CHS. Para o HUGOL, o período de referência é 01/11/24 a 31/01/25. As linhas de contratação Saídas Hospitalares, Atendimento Ambulatorial, Procedimentos Hemodinâmica, Procedimentos Programados (Ambulatório), SAD e SADT Externo foram avaliadas. Cirurgias Programadas atingiram 81,66% e SADT Externo 60,87% (migração para sistema GERCON). Hemoterapia - Bolsas de Sangue Total Coletadas atingiu 85,09%. Todos os Indicadores de Desempenho atingiram as metas (acima de 90%, nota global 10). Pesquisa de Satisfação do Usuário NPS: resultado global de 87,27% (Zona de Excelência). Foram também aprovados orçamentos, relatórios de auditoria externa independente do exercício de 2024, e diversas propostas de novas filiais (Centro TEIA São Paulo, Clínica TEIA Manaus, CHRD-Dourados, Policlínica AGIR, Policlínica Estadual Brasil Bruno de Bastos Neto).",AGIR,2024,,outro,,0,6
2024,C:\OSS-Goias\documentos\ISG\HDT\2024\34_Relatorio_Producao\Ata-de-Aprovacao-do-CONAD-2023.pdf,Ata-de-Aprovacao-do-CONAD-2023,-1,-1,-1,-1,-1,-1,-1,-1,-1,-1,HDT,-1,-1,-1,-1,-1,-1,-1,-1,-1,-1,-1,-1,"Documento trata-se de Ata de Reunião Ordinária do Conselho de Administração do ISG realizada em 19/04/2024, referente à aprovação das demonstrações contábeis e relatórios de atividades do ano de 2023 do HDT (Hospital de Doenças Tropicais Dr. Anuar Auad) e do CEAP-SOL (Centro Estadual de Atenção Prolongada e Casa de Apoio Condomínio Solidariedade). O documento não contém indicadores quantitativos de produção hospitalar, metas ou dados assistenciais. A contabilidade foi realizada pela empresa Quality Associados e a auditoria externa independente pela Work 7, que concluiu pela regularidade das demonstrações contábeis. Todos os itens foram aprovados por unanimidade pelos Conselheiros.",ISG,2023,,anual,,0,0
2024,C:\OSS-Goias\documentos\AGIR\HUGOL\2024\34_Relatorio_Producao\Atas de Reuniões_1º Ata de reunião Ord. Cons. Adm. 2024_18-03-24.pdf,Atas de Reuniões_1º Ata de reunião Ord. Cons. Adm. 2024_18-03-24,-1,-1,-1,-1,-1,-1,-1,-1,-1,-1,HUGOL,-1,-1,-1,-1,-1,-1,-1,-1,-1,-1,-1,-1,"Documento é a Ata de Reunião Ordinária do Conselho de Administração da AGIR realizada em 18/03/2024. Os dados de produção do HUGOL referem-se ao período de 01/11/2023 a 31/01/2024, apresentados como parte da prestação de contas. O documento menciona percentuais de atingimento de metas por linha de contratação, mas não apresenta valores absolutos realizados ou metas em números. Todos os Indicadores de Desempenho do HUGOL alcançaram percentual de execução acima de 90% e nota global 10. O contrato de referência é o 10° Termo Aditivo do Contrato de Gestão n° 003/14. SADT Externo apenas CPRE não atingiu a meta.",AGIR,2024,,outro,,8,15
2024,C:\OSS-Goias\documentos\ISG\HDT\2024\34_Relatorio_Producao\Declaracao.pdf,Declaracao,-1,-1,-1,-1,-1,-1,-1,-1,-1,-1,HDT,-1,-1,-1,-1,-1,-1,-1,-1,-1,-1,-1,-1,"Este documento é uma Declaração (não um relatório de produção com dados quantitativos). Informa que a ata de aprovação do Conselho de Administração do ISG referente ao relatório anual consolidado do exercício de 2023 será publicada após o fechamento do Balanço Patrimonial. Assinado em 06 de março de 2024 pelo Diretor Executivo HDT Antônio Jorge de A. Maciel, Diretora Técnica HDT Dra. Karine Borges de Medeiros, Diretora Técnica Operacional ISG Dra. Thayse Barreto e Diretor Financeiro ISG Ernesto Stangueti.",ISG,2023,,anual,,0,0
2024,C:\OSS-Goias\documentos\IMED\HETRIN\2024\34_Relatorio_Producao\G.11-ITEM-RELATORIO-GERENCIAL-DE-PRODUCAO-H-2023.xlsx,G.11-ITEM-RELATORIO-GERENCIAL-DE-PRODUCAO-H-2023,385,6080,203,203,-1,2609,17416,385,-1,14,HETRIN,94.95,-1,-1,-1,1.68,459,-1,-1,-1,4.59,87.01,54,"Documento referente ao Hospital Estadual de Trindade Walda Ferreira dos Santos (HETRIN), 4º TA ao Contrato de Gestão 037/2019. O período de referência principal analisado é outubro de 2023 (dados do mês completo). A taxa de ocupação para outubro de 2023 foi 87.01% (meta ≥85%). A média de permanência hospitalar foi 4.59 dias (meta ≤5 dias). Total de saídas da UTI em outubro de 2023: 43 (incluindo 14 óbitos, 2 transferências externas, 27 transferências internas). SADT Interno total outubro 2023: 17.416. Exames de imagem realizados: 3.059 (outubro 2023 mensal). Classificação de risco emergência outubro 2023: Vermelho 23, Laranja 760, Amarelo 2051, Verde 2960, Azul 32, Incompatível 262. Perda de medicamentos por validade: valor financeiro R$2.010,01 (janeiro 2023) e R$234,04 (fevereiro 2023). Glosas SIH zeradas em 2023. Taxa de readmissão hospitalar pelo mesmo CID em outubro 2023: 1.68% (meta <8%).",IMED,2023,10,mensal,,10,19
2024,C:\OSS-Goias\documentos\IMED\HETRIN\2024\34_Relatorio_Producao\G.11-ITEM-RELATORIO-GERENCIAL-DE-PRODUCAO-H-Dez.23.pdf,G.11-ITEM-RELATORIO-GERENCIAL-DE-PRODUCAO-H-Dez.23,402,5873,129,129,-1,2435,19111,403,-1,20,HETRIN,95.88,-1,-1,-1,1.74,-1,-1,579,-1,3.93,94.84,-1,"Relatório de Produção Assistencial referente ao mês de dezembro de 2023. Contrato de Gestão 037/2019, 4º T.A. Total de procedimentos apresentados no SIH: 579 (referência nov-23). Acolhimento e Classificação de Risco: Emergência 19, Muito Urgente 895, Urgente 2.101, Pouco Urgente 2.591, Não Urgente 59, Situação Incompatível 165, Total 5.830. Saídas da UTI: Óbito 20, Alta 0, Transferência Externa 1, Transferência Interna 33, Total 54. SADT Interno total: 19.111. Resolução das Queixas: 50,00%. Atendimento por demanda: Espontânea 5.423, Regulada 450, Total 5.873.",IMED,2023,12,mensal,,25,20
2024,C:\OSS-Goias\documentos\IMED\HETRIN\2024\34_Relatorio_Producao\G.11-ITEM-RELATORIO-GERENCIAL-DE-PRODUCAO-H-jan.24.pdf,G.11-ITEM-RELATORIO-GERENCIAL-DE-PRODUCAO-H-jan.24,436,6326,131,131,-1,2460,20459,390,-1,14,HETRIN,92.08,-1,-1,-1,1.54,-1,-1,714,-1,4.14,93.22,-1,"Indicador 06 (Glosas SIH-DATASUS) refere-se a dez-23 (0 procedimentos rejeitados de 714 apresentados). Total de saídas UTI: 53 (14 óbitos, 1 alta, 3 transferência externa, 35 transferência interna). SADT Interno total: 20.459 exames. SADT Externo realizado: 605. SADT Externo ofertado total: 313. Atendimento por demanda: 5.883 espontânea + 443 regulada = 6.326 total. Resolução das Queixas: 21.43%. Índice de Satisfação do Usuário: 92.08%.",IMED,2024,1,mensal,,22,19
2024,C:\OSS-Goias\documentos\IMED\HETRIN\2024\34_Relatorio_Producao\G.11-ITEM-RELATORIO-GERENCIAL-DE-PRODUCAO-H-mai.24.pdf,G.11-ITEM-RELATORIO-GERENCIAL-DE-PRODUCAO-H-mai.24,397,7177,130,130,-1,2321,19817,487,49,12,HETRIN,-1,-1,-1,-1,1.28,577,-1,-1,-1,4.22,97.67,1715,"Relatório referente ao 4º Termo Aditivo ao Contrato de Gestão 037/2019, mês de maio/2024. Total de saídas da UTI: 49 (óbito: 12, alta: 0, transferência externa: 2, transferência interna: 35). SADT Interno total: 19.817. SADT Externo realizado: 604. Atendimento por demanda: espontânea 6.526, regulada 651. Glosas SIH referentes a abril/2024: 0,00%. Índice de Intervalo de Substituição: 2,42 horas. Perda de medicamentos por validade expirada: 0,05% (R$192,47 de R$404.640,69). Razão de consultas ofertadas: 2 (3.286 ofertadas / 1.900 propostas). Documento elaborado em 07/06/2024 pela Diretora Geral Vânia Gomes Fernandes.",IMED,2024,5,mensal,,22,20
2024,C:\OSS-Goias\documentos\IMED\HETRIN\2024\34_Relatorio_Producao\G.11-ITEM-RELATORIO-GERENCIAL-DE-PRODUCAO-H-nov.24.xlsx,G.11-ITEM-RELATORIO-GERENCIAL-DE-PRODUCAO-H-nov.24,462,6566,131,-1,-1,2436,-1,462,-1,33,HETRIN,87.52,-1,7.14,-1,2.16,-1,-1,-1,-1,4.43,99.39,56,"Relatório gerencial de produção do HETRIN (Hospital Estadual de Trindade Walda Ferreira dos Santos), OSS IMED, referente a novembro de 2024 (4º TA ao Contrato de Gestão 037/2019). Taxa de mortalidade global calculada a partir dos óbitos totais/saídas hospitalares (33/462=7,14%). Taxa de readmissão em 29 dias pelo mesmo CID: 2,16% (novembro 2024). Índice de Satisfação do Usuário novembro 2024: 0,8752 (87,52%). Total de leitos operacionais informados: 56. SADT Externo realizado em novembro 2024: Doppler 76, Raio X 545, Tomografia 106, Ultrassom 42, total 769. Saídas UTI novembro 2024: Óbito 11, Alta 0, Transferência Externa 0, Transferência Interna 21, Total 32.",IMED,2024,11,mensal,,21,26
2024,C:\OSS-Goias\documentos\IMED\PFRE\2024\34_Relatorio_Producao\G.11-ITEM-RELATORIO-GERENCIAL-DE-PRODUCAO-PCL_FORMOSA-nov.24.xlsx,G.11-ITEM-RELATORIO-GERENCIAL-DE-PRODUCAO-PCL_FORMOSA-nov.24,-1,-1,-1,93,-1,6449,-1,-1,-1,-1,PFRE,-1,-1,-1,-1,-1,-1,-1,-1,-1,-1,-1,-1,"Policlínica Estadual da Região do Entorno - Unidade FORMOSA. Relatório de novembro/2024. CEO II (odontologia) não realizou produção no período (0 consultas e 0 procedimentos). Processo Transexualizador sem produção. SADT oftalmológico: 645 procedimentos (Fundoscopia 215, Tonometria 215, Triagem oftalmológica 215). PICs totalizaram 700 atendimentos. Transporte TRS: 6801 usuários transportados. Taxa de Perda Primária Global (nov/2024): 0.3644. Taxa de Absenteísmo Global: 0. Taxa de Rotatividade Geral: 0.0882.",IMED,2024,11,mensal,,29,16
2024,C:\OSS-Goias\documentos\IMED\HETRIN\2024\34_Relatorio_Producao\G.11-RELATORIO-GERENCIAL-DE-PRODUCAO-H-abr.24.pdf,G.11-RELATORIO-GERENCIAL-DE-PRODUCAO-H-abr.24,453,8052,131,131,-1,2322,20764,453,-1,10,HETRIN,-1,-1,-1,-1,0.82,-1,-1,566,-1,4.59,98.02,-1,"Relatório referente ao 4º Termo Aditivo ao Contrato de Gestão 037/2019. Período de referência: abril/2024. Saídas da UTI: 26 total (10 óbitos, 1 alta, 0 transferência externa, 15 transferência interna). Total de pacientes-dia: 1.630. Total de leitos operacionais-dia do período: 1.663. Total de saídas no período: 355. Atendimento por demanda: 8.052 total (7.428 espontânea, 624 regulada). SADT Interno total: 20.764. SADT Externo Ofertado total: 211. Glosas no SIH: 0 procedimentos rejeitados de 566 apresentados (mar-24). Perda de medicamentos: R$ 1.874,10 de R$ 326.972,73 inventariado na CAF. Farmácia VVS, Serviço Social VVS e Psicologia VVS não tiveram atendimento ambulatorial VVS em abril/2024.",IMED,2024,4,mensal,,20,31
2024,C:\OSS-Goias\documentos\IMED\HETRIN\2024\34_Relatorio_Producao\G.11-RELATORIO-GERENCIAL-DE-PRODUCAO-H-ago.24.pdf,G.11-RELATORIO-GERENCIAL-DE-PRODUCAO-H-ago.24,468,6198,136,136,-1,2430,18650,451,43,11,HETRIN,-1,-1,-1,-1,2.47,732,-1,-1,-1,3.53,98.51,-1,"Relatório referente ao 4º Termo Aditivo ao Contrato de Gestão 037/2019, agosto de 2024. Leito dia realizado: 149 (meta 132). SADT Interno total: 18.650. SADT Externo total: 683. Saídas da UTI: 43 (óbito: 11, alta: 1, transferência externa: 3, transferência interna: 28). Atendimento por demanda espontânea: 5.730; regulada: 468. Farmácia VVS, Serviço Social VVS e Psicologia VVS não tiveram atendimento no período. Indicador 06 (Glosas SIH) refere-se a jul-24. Documento elaborado em 04/09/2024 pela Diretora Geral Vânia Gomes Fernandes.",IMED,2024,8,mensal,,22,22
2024,C:\OSS-Goias\documentos\IMED\HETRIN\2024\34_Relatorio_Producao\G.11-RELATORIO-GERENCIAL-DE-PRODUCAO-H-fev.24.pdf,G.11-RELATORIO-GERENCIAL-DE-PRODUCAO-H-fev.24,370,6401,132,-1,-1,2384,16748,418,-1,19,HETRIN,91.26,-1,-1,-1,1.67,-1,-1,778,-1,3.84,94.49,-1,"Relatório referente ao 4º T.A ao Contrato de Gestão 037/2019. Total de saídas da UTI: 48 (Óbito: 19, Alta: 0, Transferência Externa: 1, Transferência Interna: 28). Resolução das Queixas: 42,86%. SADT Interno total: 16.748. SADT Externo realizado: 612. Atendimento por Demanda: Espontânea 5.857, Regulada 544, Total 6.401. Classificação de Risco total: 6.305. Glosas referem-se a jan-24 (0 rejeitados de 778 apresentados no SIH). Perda de medicamentos por validade expirada: R$ 8.890,87 de R$ 391.035,41 inventariado.",IMED,2024,2,mensal,,22,20
2024,C:\OSS-Goias\documentos\IMED\HETRIN\2024\34_Relatorio_Producao\G.11-RELATORIO-GERENCIAL-DE-PRODUCAO-H-jul.24.pdf,G.11-RELATORIO-GERENCIAL-DE-PRODUCAO-H-jul.24,-1,6142,130,130,-1,2581,21152,441,-1,16,HETRIN,-1,-1,-1,-1,1.27,-1,-1,598,-1,3.61,98.6,-1,"Relatório de Produção Assistencial referente ao 4º T.A ao Contrato de Gestão 037/2019. Período: julho/2024. UTI: 16 óbitos e 18 transferências internas registradas nas saídas da UTI (total 34 saídas). SADT Externo Ofertado total = 0. SADT Interno total = 21.152. Atendimentos por demanda: espontânea 5.537 e regulada 605. Farmácia VVS, Serviço Social VVS e Psicologia VVS não tiveram atendimento no período. Indicador 10 (Razão consultas ofertadas) = 0, não atingiu a meta de 1. Elaborado por Vânia Gomes Fernandes - Diretora Geral Hetrin, em 06/08/2024.",IMED,2024,7,mensal,,22,25
2024,C:\OSS-Goias\documentos\IMED\HETRIN\2024\34_Relatorio_Producao\G.11-RELATORIO-GERENCIAL-DE-PRODUCAO-H-jun.24-1.pdf,G.11-RELATORIO-GERENCIAL-DE-PRODUCAO-H-jun.24-1,393,6227,132,132,-1,2138,19678,469,48,17,HETRIN,-1,-1,-1,-1,1.3,-1,-1,547,-1,4.11,98.0,-1,"Relatório referente ao 4º Termo Aditivo ao Contrato de Gestão 037/2019, junho de 2024. Total de leitos operacionais-dia do período: 1.648; Total de pacientes-dia: 1.615. SADT Interno total: 19.678 (inclui laboratório, Doppler, ECG, Raio X, TC, Ultrassom). SADT Externo realizado: 612; SADT Externo ofertado: 184. Atendimento de Urgência e Emergência sem meta definida. Saídas da UTI: 48 (óbito: 17, alta: 0, transferência externa: 2, transferência interna: 29). Classificação de risco: Emergência 9, Muito Urgente 1.013, Urgente 2.581, Pouco Urgente 2.297, Não Urgente 61, Situação Incompatível 266. Perda de medicamentos por validade expirada: R$ 2.434,26 sobre inventário de R$ 344.404,60 (0,71%). Documento elaborado em 05/07/2024 pela Diretora Interina Pollyana Bueno Siqueira.",IMED,2024,6,mensal,,18,20
2024,C:\OSS-Goias\documentos\IMED\HETRIN\2024\34_Relatorio_Producao\G.11-RELATORIO-GERENCIAL-DE-PRODUCAO-H-mar.24-1.pdf,G.11-RELATORIO-GERENCIAL-DE-PRODUCAO-H-mar.24-1,368,7287,130,130,-1,2183,18073,443,-1,13,HETRIN,90.19,-1,-1,-1,1.34,-1,-1,550,-1,4.39,96.71,-1,"Relatório referente ao 4º T.A ao Contrato de Gestão 037/2019. Total de leitos operacionais-dia do período: 1.672; Total de pacientes-dia: 1.617. Saídas da UTI: 38 (13 óbitos, 0 altas, 1 transferência externa, 24 transferência interna). SADT Interno total: 18.073. SADT Externo realizado: 656. Atendimento ambulatorial total: 2.183 (Consulta Médica: 1.104; Multiprofissional: 895; Pequenos Procedimentos Cirúrgicos Ambulatoriais: 184). Índice de Satisfação Usuário: 90,19%; Resolução das Queixas: 0,00%. Glosas referem-se a fev-24 (0,55%). Documento elaborado pela Diretora Geral Vânia Gomes Fernandes e aprovado pelo conselho de administração IMED em 04 de abril de 2024.",IMED,2024,3,mensal,,22,20
2024,C:\OSS-Goias\documentos\IMED\HETRIN\2024\34_Relatorio_Producao\G.11-RELATORIO-GERENCIAL-DE-PRODUCAO-H-out.24.xlsx,G.11-RELATORIO-GERENCIAL-DE-PRODUCAO-H-out.24,482,6999,138,-1,-1,2581,-1,482,-1,40,HETRIN,90.6,-1,8.11,-1,1.67,-1,-1,-1,-1,3.53,98.51,56,Relatório gerencial de produção do HETRIN referente ao mês de outubro de 2024 (4º T.A. ao Contrato de Gestão 037/2019). Total de saídas hospitalares outubro/2024: 482 (Clínicas 202 + Cirúrgicas 280). Total de óbitos outubro/2024: 40 (sendo 21 na UTI). Taxa de mortalidade global outubro/2024: 8.11%. Índice de satisfação do usuário outubro/2024: 0.9060 (90.6%). Leitos operacionais: 56. Taxa de ocupação: 98.51%. Média de permanência: 3.53 dias. Atendimento de urgência/emergência outubro/2024: 6.999. SADT Externo total outubro/2024: 638. SADT Interno total outubro/2024: 21.539. Número total de funcionários outubro/2024: 284. Médicos: 134. Enfermeiros: 46.,IMED,2024,10,mensal,,14,27
2024,C:\OSS-Goias\documentos\IMED\HETRIN\2024\34_Relatorio_Producao\G.11-RELATORIO-GERENCIAL-DE-PRODUCAO-H-set.24.xlsx,G.11-RELATORIO-GERENCIAL-DE-PRODUCAO-H-set.24,-1,6999,138,138,-1,2356,-1,482,47,21,HETRIN,96.57,-1,9.11,-1,1.4,-1,-1,676,-1,3.72,98.08,56,"Relatório de setembro de 2024 (arquivo set.24). Hospital: HETRIN (Hospital Estadual de Trindade Walda Ferreira dos Santos). OSS Gestora: IMED. Contrato de Gestão 037/2019 - 4º T.A. A taxa de mortalidade global reportada para o mês de setembro de 2024 é 9.11% (0.0911). Saídas UTI em setembro/2024: 47 (total), sendo 21 óbitos, 1 alta, 2 transferência externa, 23 transferência interna. Total de óbitos hospitalares em setembro/2024: 47 (planilha Efetividade). Taxa de ocupação hospitalar geral setembro/2024: 98.08%. Média de permanência geral setembro/2024: 3.72 dias. Índice de intervalo de substituição setembro/2024: 1.7477. Total de procedimentos apresentados no SIH setembro/2024: 676. Índice de satisfação do usuário setembro/2024: 0.9657 (96.57%). O número de leitos operacionais reportado é 56 leitos totais (inclui UTI). Produção Mutirão: consultas médicas acumuladas até set/24 = 110 (set), cirurgias mutirão = 23 (set), SADT mutirão = 4 (set).",IMED,2024,9,mensal,,17,28
2024,C:\OSS-Goias\documentos\IMED\HETRIN\2024\34_Relatorio_Producao\G.11-RELATORIO-GERENCIAL-DE-PRODUCAO-NOV24.pdf,G.11-RELATORIO-GERENCIAL-DE-PRODUCAO-NOV24,368,6566,131,131,-1,2436,21461,462,32,11,HETRIN,87.52,-1,-1,-1,2.16,-1,-1,569,-1,4.43,99.39,-1,"Relatório de Produção Assistencial referente ao mês de novembro de 2024, 4º Termo Aditivo ao Contrato de Gestão 037/2019. Saídas UTI: 32 (11 óbitos, 0 altas, 0 transferências externas, 21 transferências internas). Classificação de risco: Emergência 20, Muito Urgente 912, Urgente 2.401, Pouco Urgente 2.702, Não Urgente 170, Situação Incompatível 361. SADT Interno total: 21.461. SADT Externo Ofertado total: 188. Resolução de Queixas: 45,45%. Índice de Satisfação do Usuário: 87,52%. Perda de medicamentos por validade expirada: R$ 170,67 sobre inventário de R$ 705.042,62. Glosas SIH out-24: 0,00% (0 rejeitados / 569 apresentados). Não houve VVS no período (Farmácia VVS, Serviço Social VVS, Psicologia VVS).",IMED,2024,11,mensal,,22,26
2024,C:\OSS-Goias\documentos\IMED\PFRE\2024\34_Relatorio_Producao\G.11-RELATORIO-GERENCIAL-DE-PRODUCAO-PCL_FORMOSA-out.24.xlsx,G.11-RELATORIO-GERENCIAL-DE-PRODUCAO-PCL_FORMOSA-out.24,-1,-1,-1,-1,-1,6364,2226,-1,-1,-1,PFRE,-1,-1,-1,-1,-1,-1,-1,-1,-1,-1,-1,-1,Relatório mensal de outubro/2024 da Policlínica Estadual da Região do Entorno - Unidade Formosa. CEO II (odontologia) e Processo Transexualizador não registraram produção no mês. Taxa de Perda Primária Global em outubro foi de 0.2277. Taxa de absenteísmo geral de 0.0251. Rotatividade geral de 0.06. Dispensação de medicamentos em relação aos processos cadastrados ficou abaixo da meta (0.4106 vs ≥50%). Trimestre de referência: 10/07/2024 a 09/10/2024.,IMED,2024,10,mensal,,29,20
2024,C:\OSS-Goias\documentos\IMED\PFRE\2024\34_Relatorio_Producao\G.11-RELATORIO-GERENCIAL-DE-PRODUCAO-PLC_FORMOSA-ago.24.pdf,G.11-RELATORIO-GERENCIAL-DE-PRODUCAO-PLC_FORMOSA-ago.24,-1,-1,-1,83,-1,6382,2101,-1,-1,-1,PFRE,-1,-1,-1,-1,-1,-1,-1,-1,-1,-1,-1,-1,"Policlínica Estadual da Região do Entorno – Unidade Formosa. Relatório de produção assistencial de agosto/2024. Documento elaborado em 06/09/2024 pelo Diretor Geral Getro Oliveira de Pádua. Inclui produção de SADT interno oftalmológico (total 948 procedimentos), Práticas Integrativas e Complementares - PICS (total 929), Dispensação de Medicamentos (4.615 dispensações, 5.740 processos cadastrados, atingimento de 80% vs meta ≥50%), CEO II sem produção em agosto (0 consultas e 0 procedimentos). Hemodiálise: 634 realizadas vs meta 580. Transporte TRS: 7.136 realizados vs meta 24.000 (apenas Ônibus I operacional, VAN com 0 atendimentos). SADT interno total de 5.191 (Análises Clínicas) vs meta 120. Anestesiologia marcada com asterisco, indicando que não compõe meta de consultas médicas individuais mas é contabilizada no total.",IMED,2024,8,mensal,,32,18
2024,C:\OSS-Goias\documentos\IMED\PFRE\2024\34_Relatorio_Producao\G.11-RELATORIO-GERENCIAL-DE-PRODUCAO-PLC_FORMOSA-set-1.xlsx,G.11-RELATORIO-GERENCIAL-DE-PRODUCAO-PLC_FORMOSA-set-1,-1,-1,-1,86,-1,6940,2184,-1,-1,-1,PFRE,-1,-1,-1,-1,-1,-1,-1,-1,-1,-1,-1,-1,"Relatório de setembro/2024 da Policlínica Estadual da Região do Entorno – Unidade Formosa. Período de referência: setembro de 2024 (coluna 2024-09-01). CEO II sem produção em set/2024 (0 consultas e procedimentos). Processo Transexualizador sem produção. Transporte TRS: Ônibus I realizou 6.246 passageiros; VAN zerado. Taxa de perda financeira de medicamentos em setembro (0,0117) acima do limite de 0,5% previsto. Taxa absenteísmo geral: 0,022. Rotatividade geral: 0,01. SADT interno - análises clínicas: 6.905 (6.813 análises clínicas + 92 patologia clínica). Dispensação de medicamentos: 83,38% dos processos cadastrados. PICs realizadas: 987 procedimentos.",IMED,2024,9,mensal,,29,19
2024,C:\OSS-Goias\documentos\IMED\PFRE\2024\34_Relatorio_Producao\G.11-RELATORIO-GERENCIAL-DE-PRODUCAO-PLC_FORMOSA-set.24-1.pdf,G.11-RELATORIO-GERENCIAL-DE-PRODUCAO-PLC_FORMOSA-set.24-1,-1,-1,-1,86,-1,6940,2184,-1,-1,-1,PFRE,-1,-1,-1,-1,-1,-1,-1,-1,-1,-1,-1,-1,"Policlínica Estadual da Região do Entorno – Unidade FORMOSA, set/2024. Documento elaborado por Getro Oliveira de Pádua - Diretor Geral, assinado digitalmente em 11/10/2024. Unidade não possui internações, UTI ou emergência - trata-se de policlínica ambulatorial especializada. Consultas farmacêuticas da seção 06 indicam 282 realizadas (6% dos processos atendidos), enquanto indicador 05 da seção de metas aponta 230 consultas farmacêuticas sobre 4.942 processos = 5%. PICS totalizam 987 atendimentos em set/24. SADT oftalmológico interno totaliza 886 procedimentos (sem meta definida). CEO II (odontologia) com produção zero em set/24. Taxa de perda financeira de medicamentos (1,2%) acima da meta (≤0,5%).",IMED,2024,9,mensal,,29,19
2024,C:\OSS-Goias\documentos\IMED\PFRE\2024\34_Relatorio_Producao\G.11-RELATORIO-GERENCIAL-DE-PRODUCAO-POLI_FORMOSA-jul.24.pdf,G.11-RELATORIO-GERENCIAL-DE-PRODUCAO-POLI_FORMOSA-jul.24,-1,-1,-1,16,-1,3163,5846,-1,-1,-1,PFRE,-1,-1,-1,-1,-1,-1,-1,-1,-1,-1,-1,-1,"Relatório de Produção da Policlínica Estadual da Região do Entorno - Unidade Formosa, referente ao período 01 a 31 de julho de 2024. Consultas Médicas totalizaram 941 contra meta de 1.961. Consultas Multiprofissionais superaram meta: 2.222 contra 1.898. SADT (externo) realizado: 1.344 vs meta 1.334. SADT interno (análises clínicas): 4.222 vs meta 85. SADT Oftalmológico interno sem meta definida: 280 procedimentos. CEO II não realizou consultas odontológicas (0 contra meta 426) nem procedimentos (0 contra meta 248). Processo Transexualizador zerado (meta 35). Transporte para TRS zerado (meta 17.032). Dispensação de Medicamentos: 57% (meta ≥50%). Taxa de Perda Financeira de Medicamentos: 0,1% (meta ≤0,5%). Exames de Imagem com resultado em 72h: 100% (meta ≥70%). Consultas Farmacêuticas: 4,9% (meta ≥5% - não atingido). Elaborado em São Paulo, 09 de agosto de 2024, pela Coordenadora Operacional Silvana Mofardini Machado.",IMED,2024,7,mensal,,29,18
2024,C:\OSS-Goias\documentos\Instituto Patris\HEL\2024\34_Relatorio_Producao\id3177_Relatório Gerencial de Produção (Janeiro_2024).pdf,id3177_Relatório Gerencial de Produção (Janeiro_2024),452,3433,124,241,-1,2238,1632,452,-1,13,HEL,-1,-1,2.06,-1,5.28,-1,-1,-1,-1,3.86,79.2,69,"Relatório de Janeiro/2024. Total de saídas: 452. Total de óbitos: 13 (óbitos >24h: 10; óbitos <24h: 3). Mortalidade operatória: 2. Taxa de cirurgia de urgência: 40,95%. Percentual de partos cesáreos: 51,06% (meta ≤15%) - não atingido. Total de partos: 94, cesáreas: 48. Taxa de readmissão UTI 48h: 6,25% (meta <5%) - não atingido. Leitos operacionais: 69. UTI taxa de ocupação: 87,10%. Classificação de risco: Vermelho 13, Laranja 64, Amarelo 1123, Verde 2029, Azul 204. SADT Externo (Ofertado) total: 1570/meta 1350 (116,30%). SADT Externo (Realizado) total: 1632/meta 1350 (120,89%). Hospital dia: 131/meta 176 (74,43%). Percentual de ocorrência de glosas: não informado (-). Documento assinado eletronicamente em fevereiro de 2024 pelo Diretor Geral Francisco Amud e Presidente do Instituto Patris Guilherme Abraão Simão de Almeida.",Instituto Patris,2024,1,mensal,,23,36
2024,C:\OSS-Goias\documentos\Instituto Patris\HEL\2024\34_Relatorio_Producao\id3322_Relatório Gerencial de Produção (Fevereiro_2024).pdf,id3322_Relatório Gerencial de Produção (Fevereiro_2024),447,3821,90,189,-1,1980,1454,447,-1,19,HEL,-1,-1,2.96,-1,3.71,-1,-1,-1,-1,3.5,81.41,69,"Relatório referente ao mês de Fevereiro de 2024. O documento apresenta dados comparativos entre Janeiro e Fevereiro de 2024. Total de óbitos em fevereiro: 19 (10 acima de 24h, 7 abaixo de 24h). Total de mortalidade operatória: 0. Taxa de cirurgia de urgência: 49,72%. Total de leitos operacionais: 69. Percentual de ocorrência de glosas em fevereiro não informado (campo com traço). Classificação de risco na urgência/emergência: Vermelho 6, Laranja 96, Amarelo 1.452, Verde 2.137, Azul 130. Absenteísmo geral de fevereiro: 3,87%.",Instituto Patris,2024,2,mensal,,24,30
2024,C:\OSS-Goias\documentos\Instituto Patris\HEL\2024\34_Relatorio_Producao\id3408_Relatório Gerencial de Produção (Março_2024).pdf,id3408_Relatório Gerencial de Produção (Março_2024),508,3947,106,254,-1,1940,1714,508,-1,23,HEL,-1,-1,3.05,-1,3.67,-1,-1,-1,-1,3.7,91.44,69,"Relatório referente ao mês de Março/2024. O documento apresenta dados acumulados para Janeiro, Fevereiro e Março de 2024, com o mês de referência sendo Março (destacado). Total de leitos operacionais: 69. Taxa de mortalidade operatória em Março: 0%. Taxa de cirurgia de urgência em Março: 38,55%. Total de óbitos em Março: 23 (óbitos >24h: 16; óbitos <24h: 7). Percentual de glosas em Março não disponível (campo com '-'). SADT Externo ofertado em Março: 1.350; realizado: 1.714. Atendimento de Urgência e Emergência (sem meta): 3.947 atendimentos em Março. Número de funcionários totais em Março: 346. Número total de médicos em Março: 68.",Instituto Patris,2024,3,mensal,,24,28
2024,C:\OSS-Goias\documentos\Instituto Patris\HEL\2024\34_Relatorio_Producao\id3445_Relatório Gerencial de Produção (Abril_2024).pdf,id3445_Relatório Gerencial de Produção (Abril_2024),541,3841,134,314,-1,1907,1910,541,-1,20,HEL,-1,-1,2.68,-1,6.43,-1,-1,-1,-1,3.48,90.53,69,"Relatório de Produção e Desempenho do Hospital Estadual de Luziânia (HEL) referente ao mês de Abril/2024, gerido pelo Instituto Patris. O documento apresenta dados acumulados de Janeiro a Abril de 2024. Taxa de readmissão em UTI (48hs) em Abril foi de 9,52%, acima da meta de <5% (não atingido). Percentual de partos cesáreos em Abril foi de 42,86%, acima da meta de ≤15%. Total de óbitos em Abril: 20 (mortalidade global 2,68%). Total de saídas em Abril: 541. Taxa de cirurgia de urgência em Abril: 46,18%. Total de leitos operacionais: 69. Número total de funcionários em Abril: 348. Percentual de glosas em Abril não informado (dado ausente '-'). Intervalo de substituição em Abril: 0,36 (meta ≤17, atingido).",Instituto Patris,2024,4,mensal,,24,37
2024,C:\OSS-Goias\documentos\Instituto Patris\HEL\2024\34_Relatorio_Producao\id3477_Relatório Gerencial de Produção (Maio_2024).pdf,id3477_Relatório Gerencial de Produção (Maio_2024),597,3527,157,369,-1,1731,1951,597,-1,20,HEL,-1,-1,1.85,-1,1.11,-1,-1,-1,-1,3.57,90.93,69,"Relatório de referência: Maio/2024. A eficácia reportada na tabela principal refere-se ao mês de Maio/2024. Taxa de readmissão UTI em 48hs de 7,14% (acima da meta de <5%). Percentual de partos cesáreos de 47,41% (muito acima da meta de ≤15%). Total de óbitos em maio: 20 (mortalidade global 1,85%). Taxa de cirurgia de urgência: 39,33%. Percentual de ocorrência de glosas em maio não informado (campo '-'). Total de leitos operacionais: 69. UTI com taxa de ocupação de 98,16% em maio. Indicadores de SADT Externo realizado em maio: total 1.951 (144,52% da meta). Hospital dia: 331 (188,07% da meta).",Instituto Patris,2024,5,mensal,,25,29
2024,C:\OSS-Goias\documentos\Instituto Patris\HEL\2024\34_Relatorio_Producao\id3614_Relatório Gerencial de Produção (Junho_2024).pdf,id3614_Relatório Gerencial de Produção (Junho_2024),559,2911,148,387,-1,2032,1488,559,-1,21,HEL,-1,-1,2.87,-1,4.77,-1,-1,-1,-1,3.47,86.18,69,"Relatório de junho/2024. O documento apresenta eficácia calculada para junho (mês de referência). Taxa de readmissão hospitalar refere-se a 0-29 dias. Taxa de ocupação UTI em junho: 96,67%. Média de permanência UTI em junho: 6,77 dias. Total de óbitos em junho: 21 (óbitos >24h: 19; óbitos <24h: 2). Taxa de mortalidade operatória junho: 0. Taxa de cirurgia de urgência junho: 41,60%. Percentual de ocorrência de glosas em junho não informado (campo '-'). Dados de julho a dezembro zerados no relatório (meses futuros). Leitos operacionais: 69 (todos os meses Jan-Jun). OSS gestora: Instituto Patris. Diretor Geral: Francisco Amud. Presidente Instituto Patris: Guilherme Abraão Simão de Almeida.",Instituto Patris,2024,6,mensal,,25,37
2024,C:\OSS-Goias\documentos\Instituto Patris\HEL\2024\34_Relatorio_Producao\id3686_Relatório Gerencial de Produção (Julho_2024).pdf,id3686_Relatório Gerencial de Produção (Julho_2024),629,2913,144,523,-1,2074,1803,629,-1,27,HEL,-1,-1,2.54,-1,5.52,-1,-1,-1,-1,3.05,81.63,69,"Relatório de referência julho/2024. Eficácia calculada até julho (acumulado). Leitos operacionais: 69 (todos os meses reportados). Taxa de ocupação geral em julho: 81,63% (meta ≥85%, não atingida). Taxa de mortalidade global julho: 2,54% (27 óbitos em 629 saídas). Taxa de cirurgia de urgência julho: 44,19%. Percentual de partos cesáreos julho: 45,87% (meta ≤15%, não atingida). Total de procedimentos rejeitados no SIH em junho: 19 (glosa 1,62%, meta ≤1%, não atingida). Documento assinado eletronicamente em 09/08/2024 por Francisco Amud (Diretor Geral HEL) e Kuayre Meireles. OSS gestora: Instituto Patris.",Instituto Patris,2024,7,mensal,,20,29
2024,C:\OSS-Goias\documentos\Instituto Patris\HEL\2024\34_Relatorio_Producao\id3747_Relatório Gerencial de Produção (Agosto_2024).pdf,id3747_Relatório Gerencial de Produção (Agosto_2024),540,3097,131,375,-1,2173,1620,540,-1,26,HEL,-1,-1,304.0,-1,5.84,-1,-1,-1,-1,3.11,81.16,69,"Relatório de referência: Agosto/2024. Total de óbitos no mês de agosto: 26 (óbitos >24h: 22; óbitos <24h: 4). Taxa de mortalidade global de agosto apresentada como 304,00% no documento, o que parece ser erro de digitação (provável valor correto seria 4,81%). Taxa de cirurgia de urgência em agosto: 44,07%. Total de leitos operacionais: 69 (sem discriminação específica de leitos UTI na tabela de leitos, embora haja indicador de UTI com taxa de ocupação de 93,09% em agosto). Taxa de readmissão em UTI (48hs) em agosto: 7,69% (acima da meta de <5%). Percentual de partos cesáreos em agosto: 39,62% (acima da meta de ≤15%). Glosas: 0 procedimentos rejeitados em julho; dado de agosto não disponível (indicado como '-' no documento).",Instituto Patris,2024,8,mensal,,20,37
2024,C:\OSS-Goias\documentos\Instituto Patris\HEL\2024\34_Relatorio_Producao\id3802_Relatório Gerencial de Produção (Setembro_2024).pdf,id3802_Relatório Gerencial de Produção (Setembro_2024),557,3057,136,430,-1,2056,1530,557,-1,10,HEL,-1,-1,1.35,-1,5.13,-1,-1,-1,-1,3.04,83.24,69,"Relatório de referência: Setembro/2024. Taxa de mortalidade global setembro: 1,35% (10 óbitos em 557 saídas). Taxa de cirurgia de urgência setembro: 47,64%. Total de partos realizados em setembro: 100 (28 cesáreas = 28%). Leitos operacionais: 69 (sem discriminação de UTI). Nota de glosas: dado de setembro não disponível (indicado como '-' no documento). Taxa de absenteísmo geral setembro: 0,63%. Documento assinado por Francisco Amud (Diretor Geral HEL) e Guilherme Abraão Simão de Almeida (Presidente Instituto Patris) em 08/10/2024.",Instituto Patris,2024,9,mensal,,21,39
2024,C:\OSS-Goias\documentos\Instituto Patris\HEL\2024\34_Relatorio_Producao\id3881_Relatório Gerencial de Produção (Outubro_2024).pdf,id3881_Relatório Gerencial de Produção (Outubro_2024),570,3222,126,448,-1,2056,1448,570,-1,15,HEL,-1,-1,1.98,-1,8.58,-1,-1,-1,-1,3.0,81.72,69,"Relatório de Outubro/2024. Eficácia calculada em relação ao mês de Outubro. Total de leitos operacionais: 69. Taxa de ocupação hospitalar em Outubro: 81,72% (meta ≥85%). Média de permanência: 3,00 dias (meta ≤4 dias). Total de óbitos em Outubro: 15. Total de mortalidade global Outubro: 1,98%. Taxa de cirurgia de urgência Outubro: 46,15%. Total de procedimentos rejeitados no SIH em Outubro: não informado (campo '-'). Taxa de readmissão em UTI 48hs em Outubro: 20,59% (meta <5%) - acima da meta. Percentual de partos cesáreos Outubro: 40,95% (meta ≤15%) - acima da meta. Documento assinado por Francisco Amud (Diretor Geral HEL) e Guilherme Abraão Simão de Almeida (Presidente Instituto Patris) em 08/11/2024.",Instituto Patris,2024,10,mensal,,29,36
2024,C:\OSS-Goias\documentos\Instituto Patris\HEL\2024\34_Relatorio_Producao\id3922_Relatório Gerencial de Produção (Novembro_2024).pdf,id3922_Relatório Gerencial de Produção (Novembro_2024),529,3082,120,120,-1,2285,19356,529,-1,11,HEL,-1,-1,1.57,-1,7.49,-1,-1,600,-1,3.16,91.37,69,"Relatório de referência: Novembro/2024. Dezembro reportado como 0 (sem dados). Taxa de ocupação hospitalar geral novembro: 91,37% (61 leitos operacionais no relatório de desempenho; 69 leitos operacionais no relatório de efetividade). Tempo médio de permanência novembro: 3,16 dias. Taxa de readmissão hospitalar (29d) novembro: 7,49%. Percentual de glosas no SIH novembro: 1,17% (7 rejeitados de 600 apresentados). Percentual de suspensão de cirurgias eletivas novembro: 0,00%. Percentual de partos cesáreos novembro: 23,65% (22 cesáreas de 93 partos). Taxa de cirurgia de urgência novembro: 52,19%. Total de óbitos novembro: 11. Total de saídas novembro: 529. Taxa de mortalidade global novembro: 1,57%. Escritório de Gestão de Alta aguardando liberação no sistema MV. Cirurgias eletivas Regulatron novembro: 109.",Instituto Patris,2024,11,mensal,,14,21
2024,C:\OSS-Goias\documentos\Instituto Patris\HEL\2024\34_Relatorio_Producao\id3963_Relatório Gerencial de Produção (Dezembro_2024).pdf,id3963_Relatório Gerencial de Produção (Dezembro_2024),454,2899,74,74,-1,2535,18920,454,-1,12,HEL,-1,-1,1.98,-1,5.79,-1,-1,-1,-1,3.54,84.98,61,"Relatório trimestral (Outubro-Dezembro/2024) com destaque para Dezembro. Taxa de ocupação geral em Dezembro: 84,98%. Tempo médio de permanência geral em Dezembro: 3,54 dias. Total de óbitos em Dezembro: 12. Total de saídas em Dezembro: 454. Taxa de cirurgia de urgência em Dezembro: 63,04%. Total de partos realizados em Dezembro: 90, com 40 cesáreas (44,44%). SADT Interno total Dezembro: 18.920. Percentual de glosas no SIH para Dezembro não informado (dado ausente). Escritório de Gestão de Alta com realizado 0, aguardando liberação no sistema MV. Número de leitos operacionais em Dezembro: 61.",Instituto Patris,2024,12,mensal,,22,33
2024,C:\OSS-Goias\documentos\ABEVIDA\CRESM\2024\34_Relatorio_Producao\NOTA-TECNICA-EXPLICATIVA.pdf,NOTA-TECNICA-EXPLICATIVA,-1,-1,-1,-1,-1,-1,-1,-1,-1,-1,CREDEQ,-1,-1,-1,-1,-1,-1,-1,-1,-1,-1,-1,-1,"Este documento é uma Nota Técnica Explicativa referente à avaliação do Portal da Transparência do mês de janeiro/2022, item 11 - Prestação de Contas - Relatório Gerencial de Produção. O apontamento do CGE indicou que o Relatório Gerencial de Produção não estava aprovado pelo Conselho de Administração. A OSS esclarece que os relatórios mensais são elaborados e publicados, e que o relatório aprovado pelo Conselho de Administração refere-se ao relatório consolidado anual (exercício anterior). O Conselho se reúne apenas 3 vezes por ano conforme art. 3º, VI da Lei Estadual nº 15.503/2005 e art. 31 do Estatuto da ABEVIDA. Não há dados quantitativos de produção neste documento.",ABEVIDA,2022,1,mensal,,0,0
2024,C:\OSS-Goias\documentos\ABEVIDA\CRESM\2024\34_Relatorio_Producao\NOTA-TECNICA-EXPLICATIVA_PORTAL-DA-TRANSPARENCIA-1-1.pdf,NOTA-TECNICA-EXPLICATIVA_PORTAL-DA-TRANSPARENCIA-1-1,-1,-1,-1,-1,-1,-1,-1,-1,-1,-1,CRESM,-1,-1,-1,-1,-1,-1,-1,-1,-1,-1,-1,-1,"Documento trata-se de Nota Técnica Explicativa ao Portal da Transparência (Ofício nº 245042023 – SES), respondendo observações sobre o Relatório Gerencial de Produção anual 2022 do CRESM (Complexo de Referência Estadual em Saúde Mental Prof. Jamil Issy). Não contém dados de produção, apenas justificativas metodológicas: (1) a Ata de aprovação do Conselho de Administração consta anexa; (2) o Relatório Gerencial e de Atividades Anual 2022 é unificado, contemplando atividades desenvolvidas no ano e, a partir do Item 13 (página 48), as informações de Produção/Execução conforme Resolução Normativa 013/2017. Documento assinado digitalmente pela ASSOCIACAO BRASILEIRA DE ESPERANCA E VIDA (ABEVIDA:02812043000105) em 2023-06-06.",ABEVIDA,2022,,anual,,0,0
2024,C:\OSS-Goias\documentos\ABEVIDA\CRESM\2024\34_Relatorio_Producao\NOTA-TECNICA-EXPLICATIVA_PORTAL-DA-TRANSPARENCIA-1.pdf,NOTA-TECNICA-EXPLICATIVA_PORTAL-DA-TRANSPARENCIA-1,-1,-1,-1,-1,-1,-1,-1,-1,-1,-1,CRESM,-1,-1,-1,-1,-1,-1,-1,-1,-1,-1,-1,-1,"Documento é uma Nota Técnica Explicativa ao Portal da Transparência, em resposta ao Ofício nº 245042023 – SES. Não contém dados de produção quantitativos. Explica que o Relatório Gerencial e de Atividades Anual 2022 é unificado, contemplando atividades desenvolvidas no ano e informações de Produção/Execução do contrato conforme Resolução Normativa 013/2017. A Ata de aprovação do Conselho de Administração consta em anexo. Assinado digitalmente pela Associação Brasileira de Esperança e Vida (ABEVIDA) em 06/06/2023.",ABEVIDA,2022,,anual,,0,0
2024,C:\OSS-Goias\documentos\ABEVIDA\CRESM\2024\34_Relatorio_Producao\NOTA-TECNICA-EXPLICATIVA_PORTAL-DA-TRANSPARENCIA-2.pdf,NOTA-TECNICA-EXPLICATIVA_PORTAL-DA-TRANSPARENCIA-2,-1,-1,-1,-1,-1,-1,-1,-1,-1,-1,CRESM,-1,-1,-1,-1,-1,-1,-1,-1,-1,-1,-1,-1,"Documento é uma Nota Técnica Explicativa para o Portal da Transparência (Ofício nº 245042023 – SES), não contendo dados de produção hospitalar. O documento explica que o Relatório Gerencial e de Atividades Anual 2022 é unificado, contemplando informações de atividades e de Produção/Execução do contrato conforme Resolução Normativa 013/2017. A Ata de aprovação do Conselho de Administração consta em anexo. Nenhum indicador quantitativo de produção está reportado neste documento.",ABEVIDA,2024,,anual,,0,0
2024,C:\OSS-Goias\documentos\ABEVIDA\CRESM\2024\34_Relatorio_Producao\NOTA-TECNICA-EXPLICATIVA_PORTAL-DA-TRANSPARENCIA-3.pdf,NOTA-TECNICA-EXPLICATIVA_PORTAL-DA-TRANSPARENCIA-3,-1,-1,-1,-1,-1,-1,-1,-1,-1,-1,CRESM,-1,-1,-1,-1,-1,-1,-1,-1,-1,-1,-1,-1,"Documento trata-se de uma Nota Técnica Explicativa ao Portal da Transparência (Ofício nº 245042023 – SES), respondendo a observações sobre o Relatório Gerencial de Produção. Não contém dados numéricos de produção hospitalar. O documento explica que o Relatório Gerencial e de Atividades Anual 2022 é unificado, contemplando informações de atividades e de Produção/Execução do contrato conforme Resolução Normativa 013/2017. A Ata de aprovação do Conselho de Administração consta anexa. Emitido pela Associação Brasileira de Esperança e Vida (ABEVIDA), CNPJ 02812043000105, assinado digitalmente em 2023-06-06.",ABEVIDA,2024,,anual,,0,0
2024,C:\OSS-Goias\documentos\ABEVIDA\CRESM\2024\34_Relatorio_Producao\NOTA-TECNICA-EXPLICATIVA_PORTAL-DA-TRANSPARENCIA.pdf,NOTA-TECNICA-EXPLICATIVA_PORTAL-DA-TRANSPARENCIA,-1,-1,-1,-1,-1,-1,-1,-1,-1,-1,CRESM,-1,-1,-1,-1,-1,-1,-1,-1,-1,-1,-1,-1,"Documento é uma Nota Técnica Explicativa ao Ofício nº 245042023 – SES, referente ao Portal da Transparência. Não contém dados de produção ou indicadores quantitativos. O documento explica que o Relatório Gerencial e de Atividades Anual 2022 é unificado, contendo informações de atividades e de produção/execução do contrato conforme Resolução Normativa 013/2017. A OSS gestora identificada no documento é Associação Brasileira de Esperança e Vida (ABEVIDA), CNPJ 02812043000105. O hospital é o CRESM – Complexo de Referência Estadual em Saúde Mental Prof. Jamil Issy.",ABEVIDA,2024,,anual,,0,0
2024,C:\OSS-Goias\documentos\Albert Einstein\HUGO\2024\34_Relatorio_Producao\Relatorio-gerecial-de-Producao-Dezembro-2024-1.pdf,Relatorio-gerecial-de-Producao-Dezembro-2024-1,1185,2737,341,945,604,2402,69217,1192,-1,-1,HUGO,-1,-1,-1,-1,4.03,-1,-1,1463,-1,7.8,95.01,-1,"Relatório referente ao período de 01/12/2024 a 31/12/2024, Termo de Colaboração nº 097/2024 - SES/GO. Saídas hospitalares totais: 1186 (79,4% da meta de 1493). Taxa de ocupação hospitalar: 95,01% (meta ≥85%). TMP: 7,8 dias (meta ≤7). Em dezembro, cerca de 40 pacientes diariamente em precaução especial por MDR. Taxa de lesão por pressão em dezembro: 3,8. Never events em dezembro: 7 lesões. Absenteísmo ambulatorial: 23% ausências e 27% perdas primárias. Percentual de glosas no SIH em processamento. Resultado econômico a ser enviado posteriormente por conta do encerramento do exercício contábil de 2024. Saldo bancário final em 31/12/2024: R$ 44.407.039,59. Repasse mensal previsto custeio: R$ 21.322.433,06.",Albert Einstein (SBIBHAE),2024,12,mensal,,21,32
2024,C:\OSS-Goias\documentos\ABEVIDA\CRESM\2024\34_Relatorio_Producao\RELATORIO-GERENCIAL-DE-PRODUCAO-01.2018.pdf,RELATORIO-GERENCIAL-DE-PRODUCAO-01.2018,-1,-1,-1,-1,-1,3271,-1,-1,-1,-1,CREDEQ,-1,-1,-1,-1,-1,-1,-1,-1,-1,-1,-1,-1,"Relatório Gerencial de Produção do CREDEQ Jamil Issy (Centro Estadual de Referência e Excelência em Dependência Química), Aparecida de Goiânia, referente a janeiro de 2018. Conforme 2º Termo Aditivo ao Contrato de Gestão 002/2014, com validade até 30 de julho de 2019. A unidade cumpriu a meta pactuada em contrato para paciente dia e indicadores de desempenho. Consulta médica (1192/1200) e consulta multiprofissional (2079/2100) alcançaram valores acima de 90% conforme contrato de gestão. Plano Terapêutico Individual realizado: 85,45% (meta ≥80%). Relatório assinado por Salete Maria de Sousa Reis, Superintendente Executiva – CREDEQ, em 18 de fevereiro de 2018.",ABEVIDA,2018,1,mensal,,0,7
2024,C:\OSS-Goias\documentos\ABEVIDA\CRESM\2024\34_Relatorio_Producao\RELATORIO-GERENCIAL-DE-PRODUCAO-01.2018_XLSX.xlsx,RELATORIO-GERENCIAL-DE-PRODUCAO-01.2018_XLSX,-1,-1,-1,-1,-1,3271,-1,-1,-1,-1,CRESM,-1,-1,-1,-1,-1,-1,-1,-1,-1,-1,-1,-1,"Relatório referente ao 1º Termo Aditivo ao Contrato de Gestão 02/2014. Consultas ambulatoriais totais calculadas como soma de consulta médica (1192) e consulta multiprofissional (2079) = 3271, ambas reportadas separadamente. Paciente dia: 2866 (meta 2800). PTI realizado: 85,45% (meta >80%). Atenção ao Usuário e Taxa de Abandono/Evasão: indicador de envio de relatório, enviado dentro do prazo.",ABEVIDA,2018,1,mensal,,0,7
2024,C:\OSS-Goias\documentos\ABEVIDA\CRESM\2024\34_Relatorio_Producao\RELATORIO-GERENCIAL-DE-PRODUCAO-01.2020.XLSX.xlsx,RELATORIO-GERENCIAL-DE-PRODUCAO-01.2020.XLSX,-1,-1,-1,-1,-1,1102,-1,-1,-1,-1,CRESM,98.0,1.35,-1,-1,-1,-1,-1,-1,-1,45.01,94.12,-1,"Taxa de Recaída: 6,07%; Taxa de Readmissão: 0%; Taxa de Abandono/Evasão: 42,86%; Percentual de Ocorrência de Rejeições no SIH: 16,5%; Todos os indicadores de envio de relatório constam como enviados até o dia 10 do mês subsequente. Densidade de Incidência de IRAS: 0,0031; Incidência Acumulada Global de IRAS: 0,0135. Percentual de resolução de queixas da Ouvidoria: 98,6%. Percentual de aplicação da pesquisa de satisfação - Ambulatório: 15,55%; Internação: 56,79%. Notificação de Eventos Adversos: Falhas relacionadas a medicamentos: 0 (total 7); Falhas na identificação do paciente: 2; Quedas: 5; Falhas na comunicação: 0; Agressão: 0; Outros: 0. Em virtude das ações de combate ao Coronavírus as atividades de grupo do ambulatório foram suspensas.",ABEVIDA,2020,1,mensal,,11,5
2024,C:\OSS-Goias\documentos\ABEVIDA\CRESM\2024\34_Relatorio_Producao\RELATORIO-GERENCIAL-DE-PRODUCAO-01.2021.pdf,RELATORIO-GERENCIAL-DE-PRODUCAO-01.2021,-1,-1,-1,-1,-1,780,-1,-1,-1,-1,CREDEQ,97,0,-1,-1,0,-1,-1,-1,-1,40.26,72.16,-1,"Relatório referente ao 4º Termo Aditivo ao Contrato de Gestão 002/2014, CREDEQ Jamil Issy, janeiro de 2021. Taxa de ocupação abaixo da meta de 85% devido às medidas de contenção do COVID-19 (isolamento de 14 dias na unidade de Desintoxicação). Alto índice de rejeições no SIH (55,38%) decorrente da implantação do Sistema MV e AIHs de longa permanência acumuladas. Atividades de grupo do ambulatório suspensas por COVID-19. Percentual de resolução de queixas da Ouvidoria: 99,62%. Pesquisa de satisfação: aplicação ambulatório 18,28%, internação 72,85%. Densidade de incidência de IRAS: 0%. Incidência acumulada global de IRAS: 0%. Notificações de eventos adversos em janeiro: total 4 (quedas: 1, outros: 3). Portaria SES nº 03 de 01/02/2021 suspendeu obrigatoriedade de metas contratuais de OSS de 01/01/2021 a 30/06/2021.",ABEVIDA,2021,1,mensal,,11,10
2024,C:\OSS-Goias\documentos\ABEVIDA\CRESM\2024\34_Relatorio_Producao\RELATORIO-GERENCIAL-DE-PRODUCAO-01.2022.pdf,RELATORIO-GERENCIAL-DE-PRODUCAO-01.2022,-1,-1,-1,-1,-1,1041,-1,-1,-1,-1,CREDEQ,97,9.8,-1,-1,1.96,-1,-1,-1,-1,31.19,53.1,-1,"Relatório referente a Janeiro/2022 - 6º Termo Aditivo ao Contrato de Gestão 002/2014. CREDEQ Jamil Issy - Aparecida de Goiânia. Valores abaixo das metas contratualizadas justificados por medidas de combate ao Coronavírus e adequação do processo de regulação via SISREG. Densidade de Incidência de IRAS: 2,82‰. Incidência Acumulada Global de IRAS: 9,80%. Percentual de Satisfação do Usuário: 97%. Percentual de aplicação da pesquisa de satisfação: Ambulatório 10,23%, Internação 67,05%. Eventos adversos em Janeiro: total 8 (3 falhas medicamentos, 5 outros). Percentual de resolução de queixas da Ouvidoria: 100%.",ABEVIDA,2022,1,mensal,,12,10
2024,C:\OSS-Goias\documentos\ABEVIDA\CRESM\2024\34_Relatorio_Producao\RELATORIO-GERENCIAL-DE-PRODUCAO-01.2023-1.xlsx,RELATORIO-GERENCIAL-DE-PRODUCAO-01.2023-1,50,-1,-1,-1,-1,475,-1,-1,-1,-1,CRESM,97.0,2.34,-1,-1,2.85,-1,-1,-1,-1,9.62,95.31,-1,"Relatório referente ao 7º Termo Aditivo ao Contrato de Gestão 02/2014. Unidades: Ambulatório Adulto, Internação, CAPS IV com leitos de observação e UAA - Unidade de Acolhimento Adulto. Taxa de ocupação institucional 95.31% e taxa de ocupação de leitos de observação CAPS IV 86%, ambas referência trimestral conforme meta pactuada. Densidade de Incidência de IRAS: 0.0234; Incidência Acumulada Global de IRAS: 0.0729. Total de eventos adversos notificados: 22, sendo falhas relacionadas a medicamentos (9), identificação do paciente (4), quedas (5), falhas no processo de exames (2) e outros (2). Indicadores de UAA (taxa de residentes que saíram por abandono e taxa de residentes que permaneceram além do prazo) reportados como N.A. pois o projeto terapêutico teve início em agosto/2022 e ainda não há dados para mensuração.",ABEVIDA,2023,1,mensal,,16,21
2024,C:\OSS-Goias\documentos\ISG\HDT\2024\34_Relatorio_Producao\Relatorio-Gerencial-de-Producao-01.2024-1.pdf,Relatorio-Gerencial-de-Producao-01.2024-1,285,-1,7,-1,-1,3705,2379,285,-1,-1,HDT,-1,-1,-1,-1,2.9,-1,-1,-1,-1,7.9,92,-1,"Hospital Estadual de Doenças Tropicais Dr. Anuar Auad (HDT), gerido pela ISG. Contrato de Gestão Nº 91/2012. O dado de Percentual de ocorrência de rejeições no SIH é obtido em dois meses subsequentes, portanto não disponível para o período. Taxa de readmissão hospitalar refere-se a 29 dias conforme contrato. Taxa de readmissão em UTI refere-se a 48 horas.",ISG,2024,1,mensal,,3,33
2024,C:\OSS-Goias\documentos\ABEVIDA\CRESM\2024\34_Relatorio_Producao\RELATORIO-GERENCIAL-DE-PRODUCAO-01.2024.xlsx,RELATORIO-GERENCIAL-DE-PRODUCAO-01.2024,-1,-1,-1,-1,-1,1009,-1,-1,-1,-1,CRESM,96,1.84,-1,-1,-1,-1,-1,-1,-1,34.41,97.22,-1,"Relatório referente ao 7º Termo Aditivo ao Contrato de Gestão 02/2014. Taxa de Recaída: 10,52%. Taxa de Abandono/Evasão: 33,33%. Taxa de Readmissão: 0%. Percentual de Ocorrência de Rejeições no SIH: 0%. Percentual de resolução de queixas da Ouvidoria: 100%. Percentual de aplicação da pesquisa de satisfação - Ambulatório: 14,76%; Internação: 55,79%. Incidência Acumulada Global de IRAS: 6,9%. Eventos adversos notificados: falhas relacionadas a medicamentos=1 (total=8), falhas na identificação do paciente=3, quedas=4. Sheet original nomeada como 'Produção XLS_Abril_2022' mas conteúdo refere-se a Janeiro/2024 conforme filename.",ABEVIDA,2024,1,mensal,,9,5
2024,C:\OSS-Goias\documentos\ABEVIDA\CRESM\2024\34_Relatorio_Producao\RELATORIO-GERENCIAL-DE-PRODUCAO-02.2018.pdf,RELATORIO-GERENCIAL-DE-PRODUCAO-02.2018,-1,-1,-1,-1,-1,927,-1,-1,-1,-1,CREDEQ,-1,-1,-1,-1,-1,-1,-1,-1,-1,-1,-1,-1,"Centro Estadual de Referência e Excelência em Dependência Química - CREDEQ Jamil Issy, Aparecida de Goiânia. Relatório referente a fevereiro de 2018 (28 dias). Meta de internação pactuada para 30 dias. Feriado de carnaval impactou atendimentos médicos. Consulta Multiprofissional superou a meta (2674 vs 2100). Plano Terapêutico Individual atingiu 86,44% (meta ≥80%). Atenção ao Usuário e Taxa de Abandono/Evasão: relatório enviado dentro do prazo. Contrato de Gestão 002/2014, 2º Termo Aditivo, válido até 30/07/2019. Assinado por Salete Maria de Sousa Reis, Superintendente Executiva.",ABEVIDA,2018,2,mensal,,0,7
2024,C:\OSS-Goias\documentos\ABEVIDA\CRESM\2024\34_Relatorio_Producao\RELATORIO-GERENCIAL-DE-PRODUCAO-02.2018_XLSX.xlsx,RELATORIO-GERENCIAL-DE-PRODUCAO-02.2018_XLSX,-1,-1,-1,-1,-1,927,-1,-1,-1,-1,CRESM,-1,-1,-1,-1,-1,1,-1,-1,-1,-1,-1,-1,"Relatório referente ao 1º Termo Aditivo ao Contrato de Gestão 02/2014. Paciente dia realizado: 2794 contra meta de 2800. Consulta multiprofissional superou a meta (2674 vs 2100). Atenção ao Usuário e Taxa de Abandono/Evasão reportadas como 'Enviado' (envio do relatório até o dia 10 do mês subsequente). PTI: 86,44% atingindo meta de >80%.",ABEVIDA,2018,2,mensal,,0,7
2024,C:\OSS-Goias\documentos\ABEVIDA\CRESM\2024\34_Relatorio_Producao\RELATORIO-GERENCIAL-DE-PRODUCAO-02.2020.XLSX.xlsx,RELATORIO-GERENCIAL-DE-PRODUCAO-02.2020.XLSX,-1,-1,-1,-1,-1,828,-1,-1,-1,-1,CRESM,98.0,1.04,-1,-1,-1,-1,-1,-1,-1,49.69,92.05,-1,"Relatório referente ao 4º Termo Aditivo ao Contrato de Gestão 02/2014. Taxa de Recaída: 4,63%; Taxa de Readmissão: 2,27%; Taxa de Abandono/Evasão: 51,72%; Percentual de Rejeições no SIH: 21,05%. Consulta multiprofissional ambulatorial: 1437 (meta 2100). Percentual de resolução de queixas da Ouvidoria: 93,42%. Percentual de aplicação da pesquisa de satisfação - Ambulatório: 13,33%; Internação: 55,13%. Densidade de Incidência de IRAS: 5,35%. Incidência Acumulada Global de IRAS: 1,04%. Notificação de Eventos Adversos: Falhas relacionadas a medicamentos 2 (total 9), Quedas 2, Outros 5. Ano do documento: 2020 (filename indica 02.2020).",ABEVIDA,2020,2,mensal,,10,5
2024,C:\OSS-Goias\documentos\ABEVIDA\CRESM\2024\34_Relatorio_Producao\RELATORIO-GERENCIAL-DE-PRODUCAO-02.2021.pdf,RELATORIO-GERENCIAL-DE-PRODUCAO-02.2021,-1,-1,-1,-1,-1,2401,-1,-1,-1,-1,CREDEQ,97,0,-1,-1,0,-1,-1,-1,-1,30.09,62.69,-1,"Relatório referente ao 5º Termo Aditivo ao Contrato de Gestão 002/2014, mês de fevereiro de 2021. A taxa de ocupação ficou abaixo de 85% devido a medidas de contenção do COVID-19, com isolamento de 14 dias na Unidade de Desintoxicação (Detox). O atendimento ambulatorial foi impactado pelas medidas do governo de Goiás. A Portaria nº 03 de 01/02/2021 da SES suspendeu a obrigatoriedade de manutenção das metas contratuais de 01/01/2021 a 30/06/2021. Percentual de Ocorrência de Rejeições no SIH de 43,47% ocorreu por implantação do sistema MV e AIH1 de longa permanência não apresentadas. Densidade de incidência de IRAS: 0%. Incidência acumulada global de IRAS: 0%. Percentual de resolução de queixas da Ouvidoria: 94,92%. Pesquisa de satisfação aplicada: Ambulatório 15,02%, Internação 63,79%. Total de eventos adversos notificados em fevereiro: 11 (1 falha medicamentos, 0 identificação paciente, 0 quedas, 0 comunicação, 0 agressão, 10 outros). Consultas ambulatoriais calculadas como soma de consulta médica (789) + consulta multiprofissional (1612) = 2401.",ABEVIDA,2021,2,mensal,,10,10
2024,C:\OSS-Goias\documentos\ABEVIDA\CRESM\2024\34_Relatorio_Producao\RELATORIO-GERENCIAL-DE-PRODUCAO-02.2022.xlsx,RELATORIO-GERENCIAL-DE-PRODUCAO-02.2022,-1,-1,-1,-1,-1,557,-1,-1,-1,-1,CRESM,98.0,5.24,-1,-1,-1,-1,-1,-1,-1,37.37,63.03,-1,"Relatório de hospital psiquiátrico/saúde mental. Taxa de Recaída: 2,35%. Taxa de Readmissão: 0%. Taxa de Abandono/Evasão: 45,9%. Percentual de rejeições no SIH: 0,84%. Percentual de resolução de queixas da Ouvidoria: 98,82%. Percentual de aplicação da pesquisa de satisfação - Ambulatório: 35,42%; Internação: 67,92%. Densidade de Incidência de IRAS: 0,0524. Incidência Acumulada Global de IRAS: 0,1666. Notificação de Eventos Adversos - Falhas relacionadas a medicamentos: 12 (total acumulado 51); Falhas na identificação do paciente: 22; Quedas: 3; Falhas na comunicação: 2; Agressão: 0; Outros: 12. Todos os relatórios enviados no prazo.",ABEVIDA,2022,2,mensal,,10,5
2024,C:\OSS-Goias\documentos\ABEVIDA\CRESM\2024\34_Relatorio_Producao\RELATORIO-GERENCIAL-DE-PRODUCAO-02.2023.xlsx,RELATORIO-GERENCIAL-DE-PRODUCAO-02.2023,48,-1,-1,-1,-1,1235,-1,-1,-1,-1,CRESM,98,3.94,-1,-1,0,-1,-1,-1,-1,8.58,92,-1,"Relatório referente ao 7º Termo Aditivo ao Contrato de Gestão 02/2014. Unidades cobertas: Ambulatório Adulto, Internação, CAPS IV (com leitos de observação), UAA - Unidade de Acolhimento Adulto e Odontologia. Densidade de Incidência de IRAS: 0.0108; Incidência Acumulada Global de IRAS: 0.0394. Eventos adversos notificados em fevereiro: Falhas relacionadas a medicamentos (4, total acumulado 12), Falhas na identificação do paciente (0), Quedas (4), Falhas na comunicação (1), Falhas no processo de exames (1), Falhas no cadastro de paciente no prontuário (0), Falhas na dieta (1), Falhas na documentação do paciente (0), Agressão (0), Outros (1). Percentual de aplicação de pesquisa de satisfação: Ambulatório 10.17%, Internação 121.43%.",ABEVIDA,2023,2,mensal,,16,23
2024,C:\OSS-Goias\documentos\ABEVIDA\CRESM\2024\34_Relatorio_Producao\RELATORIO-GERENCIAL-DE-PRODUCAO-02.2024.pdf,Relatorio-Gerencial-de-Producao-02.2024,-1,-1,-1,-1,-1,2367,-1,-1,-1,-1,CRESM,96,2.82,-1,-1,0,-1,-1,-1,-1,42.45,96.23,-1,"Relatório Gerencial de Produção referente a Fevereiro/2024 do CRESM Prof. Jamil Issy, Contrato de Gestão 002/2014 SES-GO, 7º Termo Aditivo. Consultas ambulatoriais abaixo da meta devido à regulação exclusiva pelo sistema SERVIR a partir de abril/2021. Consulta Médica: 862 (meta 1.200); Consulta Multiprofissional: 1.505 (meta 2.100). Densidade de Incidência de IRAS: 0,66%; Incidência Global de IRAS: 2,82%. Satisfação do usuário: 96%. Percentual de aplicação da pesquisa de satisfação: Ambulatório 27,59%, Internação 38,20%. Notificações de eventos adversos em fevereiro: total 6 (falhas em medicamentos: 4, identificação do paciente: 1, quedas: 1). Relatório assinado por Danilo Fiorotto Campos, Diretor Técnico, em 12/03/2024.",ABEVIDA,2024,2,mensal,,9,10
2024,C:\OSS-Goias\documentos\ABEVIDA\CRESM\2024\34_Relatorio_Producao\RELATORIO-GERENCIAL-DE-PRODUCAO-03.2018.pdf,RELATORIO-GERENCIAL-DE-PRODUCAO-03.2018,-1,-1,-1,-1,-1,4070,-1,-1,-1,-1,CREDEQ,-1,-1,-1,-1,-1,-1,-1,-1,-1,-1,-1,-1,"Relatório do CREDEQ Jamil Issy (Centro Estadual de Referência e Excelência em Dependência Química), Aparecida de Goiânia. Contrato de Gestão 002/2014, 2º Termo Aditivo com validade até 30/07/2019. Consulta médica atingiu acima de 90% da meta; consulta multiprofissional acima de 100%. Atenção ao usuário e Taxa de Abandono/Evasão: meta era envio de relatório até dia 10 do mês subsequente, realizado como 'enviado'. Documento assinado pela Superintendente Executiva Salete Maria de Sousa Reis em 19/04/2018.",ABEVIDA,2018,3,mensal,,0,7
2024,C:\OSS-Goias\documentos\ABEVIDA\CRESM\2024\34_Relatorio_Producao\RELATORIO-GERENCIAL-DE-PRODUCAO-03.2018_XLSX.xlsx,RELATORIO-GERENCIAL-DE-PRODUCAO-03.2018_XLSX,-1,-1,-1,-1,-1,1189,-1,-1,-1,-1,CRESM,-1,-1,-1,-1,-1,1,-1,-1,-1,-1,-1,-1,"O documento refere-se a março (03.2018 no nome do arquivo), mas o cabeçalho indica MARÇO 2019. O ano extraído foi 2024 conforme instrução. O relatório é de uma unidade de saúde mental (CRESM), com indicadores de paciente-dia, consultas médicas e multiprofissionais, PTI e controle de abandono/evasão. Atenção ao Usuário e Taxa de Abandono/Evasão foram reportados como 'Enviado' (sem valor numérico).",ABEVIDA,2024,3,mensal,,0,5
2024,C:\OSS-Goias\documentos\ABEVIDA\CRESM\2024\34_Relatorio_Producao\RELATORIO-GERENCIAL-DE-PRODUCAO-03.2020.XLSX.xlsx,RELATORIO-GERENCIAL-DE-PRODUCAO-03.2020.XLSX,-1,-1,-1,-1,-1,688,-1,-1,-1,-1,CRESM,95.0,3.77,-1,-1,-1,-1,-1,-1,-1,38.81,84.72,-1,"Hospital de saúde mental/reabilitação (CREDEQ/CRESM). Em março/2020, o ambulatório sofreu redução de atendimentos devido às medidas do governo de Goiás para combate ao Covid-19. Taxa de Recaída: 0,78%; Taxa de Readmissão: 0%; Taxa de Abandono/Evasão: 36,99%; Percentual de Rejeições no SIH: 28,76%. Densidade de Incidência de IRAS: 0,007; Incidência Acumulada Global de IRAS: 0,0377 (3,77%). Satisfação do usuário: 95%. Percentual de resolução de queixas da Ouvidoria: 99,79%. Eventos adversos notificados: falhas relacionadas a medicamentos (8 no total), quedas (5), outros (3). OSS gestora identificada no documento como referência contratual; hospital e OSS informados externamente.",ABEVIDA,2020,3,mensal,,9,5
2024,C:\OSS-Goias\documentos\ABEVIDA\CRESM\2024\34_Relatorio_Producao\RELATORIO-GERENCIAL-DE-PRODUCAO-03.2021.xlsx,RELATORIO-GERENCIAL-DE-PRODUCAO-03.2021,-1,-1,-1,-1,-1,606,-1,-1,-1,-1,CRESM,96,0,-1,-1,-1,-1,-1,-1,-1,29.62,49.55,-1,"Relatório referente ao 5º Termo Aditivo ao Contrato de Gestão 02/2014. Taxa de Recaída: 0,56%; Taxa de Readmissão: 4,87%; Taxa de Abandono/Evasão: 73,17%; Percentual de Ocorrência de Rejeições no SIH: 25,42%. Percentual de resolução de queixas da Ouvidoria: 97,67%. Percentual de aplicação da pesquisa de satisfação - Ambulatório: 10,96%; Internação: 66,06%. Incidência acumulada global de IRAS: 0. Notificação de eventos adversos: Falhas relacionadas a medicamentos (mês: 3, total: 11); Quedas: 2; Outros: 6. Unidade é hospital psiquiátrico/saúde mental. Taxa de ocupação abaixo da meta em virtude de medidas de combate à disseminação do Coronavírus.",ABEVIDA,2021,3,mensal,,10,5
2024,C:\OSS-Goias\documentos\ABEVIDA\CRESM\2024\34_Relatorio_Producao\RELATORIO-GERENCIAL-DE-PRODUCAO-03.2022.pdf,RELATORIO-GERENCIAL-DE-PRODUCAO-03.2022,-1,-1,-1,-1,-1,708,-1,-1,-1,-1,CREDEQ,97,15.56,-1,-1,1.35,-1,-1,-1,-1,33.25,69.53,-1,"Relatório Gerencial de Produção referente ao 6º Termo Aditivo ao Contrato de Gestão 002/2014, março de 2022. CREDEQ Jamil Issy - Centro Estadual de Referência e Excelência em Dependência Química. Valores abaixo das metas contratualizadas devido a: medidas de combate ao Coronavírus e adequação do processo de regulação via SISREG a partir de abril. Percentual de Satisfação do Usuário: 97%. Densidade de Incidência de IRAS: 5,58%. Incidência Acumulada Global de IRAS: 15,56%. Percentual de resolução de queixas da Ouvidoria: 90,43%. Total de eventos adversos notificados: 29. Percentual de aplicação da pesquisa de satisfação: Ambulatório 19,88%, Internação 59,77%.",ABEVIDA,2022,3,mensal,,10,10
2024,C:\OSS-Goias\documentos\ABEVIDA\CRESM\2024\34_Relatorio_Producao\RELATORIO-GERENCIAL-DE-PRODUCAO-03.2023.xlsx,RELATORIO-GERENCIAL-DE-PRODUCAO-03.2023,43,-1,-1,-1,-1,503,-1,-1,-1,-1,CRESM,98,2.4,-1,-1,6.89,-1,-1,-1,-1,9.97,95,-1,"Relatório referente ao 7º Termo Aditivo ao Contrato de Gestão 02/2014. Os indicadores de satisfação do usuário (98%) e densidade de incidência de IRAS (2.4%) e incidência acumulada global de IRAS (7.6%) referem-se a dados de fevereiro conforme indicado no documento. Notificação de eventos adversos: falhas relacionadas a medicamentos=3 (total=8), quedas=3, falha na dieta=1, outros=1. Taxa de ocupação de leitos de observação CAPS IV (77%) não atingiu meta de >85% (trimestre). Taxa de residentes UAA que saíram antes do tempo máximo por abandono/desistência (52%) não atingiu meta de <20%.",ABEVIDA,2023,3,mensal,,16,21
2024,C:\OSS-Goias\documentos\ABEVIDA\CRESM\2024\34_Relatorio_Producao\RELATORIO-GERENCIAL-DE-PRODUCAO-03.2024.pdf,Relatorio-Gerencial-de-Producao-03.2024,-1,-1,-1,-1,-1,-1,-1,-1,-1,-1,CRESM,97,13.33,-1,-1,-1,-1,-1,-1,-1,73.22,98.42,-1,"Relatório referente ao mês de março de 2024, Contrato de Gestão 002/2014 SES-GO. Atendimentos ambulatoriais ficaram abaixo das metas devido à adequação do processo de regulação via sistema SERVIR a partir de abril/2021. Densidade de Incidência de IRAS: 1,82%. Incidência Acumulada Global de IRAS: 13,33%. Percentual de resolução de queixas da ouvidoria: 100%. Percentual de aplicação da pesquisa de satisfação - Ambulatório: 34,05%; Internação: 95,33%. Total de eventos adversos notificados: 8. Documento assinado por Danilo Fiorotto Campos, Diretor Técnico, em 11 de abril de 2024.",ABEVIDA,2024,3,mensal,,9,10
2024,C:\OSS-Goias\documentos\ABEVIDA\CRESM\2024\34_Relatorio_Producao\RELATORIO-GERENCIAL-DE-PRODUCAO-04.2018.pdf,RELATORIO-GERENCIAL-DE-PRODUCAO-04.2018,-1,-1,-1,-1,-1,4157,-1,-1,-1,-1,CREDEQ,-1,-1,-1,-1,-1,-1,-1,-1,-1,-1,-1,-1,"Relatório do CREDEQ Jamil Issy (Centro Estadual de Referência e Excelência em Dependência Química), Aparecida de Goiânia. Contrato de Gestão 002/2014, 2º Termo Aditivo com validade até 30/07/2019. Paciente/dia realizado: 3084 (meta 2.800). Consulta médica: 1377 (meta 1200). Consulta Multiprofissional: 2780 (meta 2100). Plano Terapêutico Individual: 85,29% (meta ≥80%). Relatório assinado por Salete Maria de Sousa Reis, Superintendente Executiva – CREDEQ, em 15 de maio de 2018.",ABEVIDA,2018,4,mensal,,0,7
2024,C:\OSS-Goias\documentos\ABEVIDA\CRESM\2024\34_Relatorio_Producao\RELATORIO-GERENCIAL-DE-PRODUCAO-04.2018_XLSX.xlsx,RELATORIO-GERENCIAL-DE-PRODUCAO-04.2018_XLSX,-1,-1,-1,-1,-1,1377,-1,-1,-1,-1,CRESM,-1,-1,-1,-1,-1,1,-1,-1,-1,-1,-1,-1,Relatório referente ao 1º Termo Aditivo ao Contrato de Gestão 02/2014. Indicadores de Atenção ao Usuário e Taxa de Abandono/Evasão registrados como 'Enviado' (envio de relatório). Consultas multiprofissionais totalizaram 2780. Paciente dia realizado: 3084.,ABEVIDA,2018,4,mensal,,0,5
2024,C:\OSS-Goias\documentos\ABEVIDA\CRESM\2024\34_Relatorio_Producao\RELATORIO-GERENCIAL-DE-PRODUCAO-04.2020.XLSX.xlsx,RELATORIO-GERENCIAL-DE-PRODUCAO-04.2020.XLSX,-1,-1,-1,-1,-1,303,-1,-1,-1,-1,CRESM,95,0,-1,-1,-1,-1,-1,-1,-1,56.47,62.75,-1,"Relatório referente ao 4º Termo Aditivo ao Contrato de Gestão 02/2014. Em virtude das medidas de combate à disseminação do CoronaVírus, a taxa de ocupação ficou abaixo de 85% em abril/2020 e as atividades de grupo do ambulatório foram suspensas. Taxa de Recaída: 1,27%; Taxa de Readmissão: 0%; Taxa de Abandono/Evasão: 54,05%; Percentual de Ocorrências de Rejeições no SIH: 23,61%. Percentual de resolução de queixas da Ouvidoria: 98,7%. Percentual de satisfação do usuário (taxa do mês): 95%. Densidade de incidência de IRAS: 0; Incidência acumulada global de IRAS: 0. Notificação de eventos adversos: falhas relacionadas a medicamentos (mensal:1, total:4), falhas na identificação do paciente (1), quedas (1), falhas na comunicação (0), agressão (0), outros (1).",ABEVIDA,2020,4,mensal,,10,5
2024,C:\OSS-Goias\documentos\ABEVIDA\CRESM\2024\34_Relatorio_Producao\RELATORIO-GERENCIAL-DE-PRODUCAO-04.2021.xlsx,RELATORIO-GERENCIAL-DE-PRODUCAO-04.2021,-1,-1,-1,-1,-1,507,-1,-1,-1,-1,CRESM,99,0,-1,-1,-1,-1,-1,-1,-1,40.18,99.13,-1,"Relatório referente ao 5º Termo Aditivo ao Contrato de Gestão 02/2014. Taxa de ocupação reportada como 0.9913 (99.13%). PTI reportado como 1 (100%). Percentual de resolução de queixas da Ouvidoria: 100%. Percentual de satisfação do usuário (taxa do mês): 0.99 (99%). Densidade de incidência de IRAS: 0. Incidência acumulada global de IRAS: 0. Eventos adversos: falhas relacionadas a medicamentos=4, demais categorias=0. Taxa de Recaída: 0.64%. Taxa de Readmissão: 4%. Taxa de Abandono/Evasão: 38%. Percentual de Ocorrência de Rejeições no SIH: 10%. Pesquisa de satisfação - ambulatório: 25.74%, internação: 71.09%.",ABEVIDA,2021,4,mensal,,10,5
2024,C:\OSS-Goias\documentos\ABEVIDA\CRESM\2024\34_Relatorio_Producao\RELATORIO-GERENCIAL-DE-PRODUCAO-04.2022.xlsx,RELATORIO-GERENCIAL-DE-PRODUCAO-04.2022,-1,-1,-1,-1,-1,600,-1,-1,-1,-1,CRESM,99,21.56,-1,-1,0,-1,-1,-1,-1,49,69.51,-1,"Relatório referente ao 6º Termo Aditivo ao Contrato de Gestão 02/2014. Taxa de Recaída: 2,39%. Taxa de Abandono/Evasão: 13,72%. Percentual de resolução de queixas da Ouvidoria: 95,56%. Percentual de aplicação da pesquisa de satisfação - Ambulatório: 19,57%; Internação: 74,86%. Densidade de Incidência de IRAS: 0,0488. Incidência Acumulada Global de IRAS: 0,2156 (21,56%). Notificação de Eventos Adversos - Total: 25; Falhas relacionadas a medicamentos: 6; Falhas na identificação do paciente: 5; Quedas: 1; Falhas na comunicação: 0; Falhas no processo de exames: 0; Falhas no cadastro de paciente no prontuário: 1; Falhas na dieta: 11; Falhas na documentação do paciente: 0; Agressão: 0; Outros: 1.",ABEVIDA,2022,4,mensal,,10,5
2024,C:\OSS-Goias\documentos\ABEVIDA\CRESM\2024\34_Relatorio_Producao\RELATORIO-GERENCIAL-DE-PRODUCAO-04.2023.pdf,RELATORIO-GERENCIAL-DE-PRODUCAO-04.2023,-1,-1,-1,-1,-1,-1,-1,-1,-1,-1,CRESM,97.0,8.53,-1,-1,1.36,-1,-1,-1,-1,8.83,92.3,-1,"Relatório referente ao 7º Termo Aditivo ao Contrato de Gestão 002/2014, mês de abril de 2023. CRESM Prof. Jamil Issy, Aparecida de Goiânia-GO. Densidade de Incidência de IRAS (IRAS): 2,72%; Incidência Acumulada Global de IRAS: 8,53%. Percentual de Satisfação do Usuário (Taxa do mês): 97%. Percentual de resolução de queixas da Ouvidoria: 100%. Percentual de aplicação de pesquisa: Ambulatório 19,68%, Internação 143,07%. Taxa de residentes da UAA que saíram antes do tempo máximo por abandono ou desistência: 59% (meta <20%, não atingido). Notificações de eventos adversos em abril: total 5 (Falhas relacionadas a medicamentos: 4, Falhas na identificação do paciente: 1). Atendimentos de Enfermagem na Internação: 4182; CAPS IV: 5204.",ABEVIDA,2023,4,mensal,,16,21
2024,C:\OSS-Goias\documentos\ABEVIDA\CRESM\2024\34_Relatorio_Producao\RELATORIO-GERENCIAL-DE-PRODUCAO-04.2024-1.pdf,RELATORIO-GERENCIAL-DE-PRODUCAO-04.2024-1,-1,-1,-1,-1,-1,3237,-1,-1,-1,-1,CRESM,97,2.47,-1,-1,0,-1,-1,-1,-1,38.24,96.79,-1,"Relatório referente ao CRESM Prof. Jamil Issy, Contrato de Gestão 002/2014, SES-GO, 7º termo aditivo. Consultas ambulatoriais = Consulta Médica (1.063) + Consulta Multiprofissional (2.174) = 3.237. Atendimentos ambulatoriais ficaram abaixo da meta devido à adequação do processo de regulação (sistema SERVIR a partir de abril/2021). Taxa de Abandono/Evasão em abril: 28,39%. Densidade de Incidência de IRAS: 0,63%. Incidência Acumulada Global de IRAS: 2,47%. Percentual de resolução de queixas da ouvidoria: 100%. Pesquisa de satisfação - ambulatório: 13,51%; internação: 32,09%. Total de eventos adversos notificados: 3. Relatório assinado por Danilo Fiorotto Campos, Diretor Técnico, em 15/05/2024.",ABEVIDA,2024,4,mensal,,9,9
2024,C:\OSS-Goias\documentos\ISG\HDT\2024\34_Relatorio_Producao\Relatorio-Gerencial-de-Producao-04.2024.pdf,RELATORIO-GERENCIAL-DE-PRODUCAO-04.2024,-1,-1,4,-1,-1,4833,2881,321,-1,-1,HDT,-1,-1,-1,-1,3.9,-1,-1,-1,-1,8.1,101.0,-1,"Hospital Estadual de Doenças Tropicais Dr. Anuar Auad (HDT), gerido pela OSS ISG. Contrato de Gestão nº 91/2012. Competência: Abril/2024. Taxa de readmissão hospitalar refere-se a 29 dias (não 30 dias). O dado de rejeições no SIH é obtido em dois meses subsequentes e não estava disponível no período. Índice de intervalo de substituição de leitos realizado foi negativo (-2,2 horas), indicando alta performance. Documento assinado eletronicamente por Nathalya Mosonowa Souza (Assessora Técnica) em 10/05/2024 e Dra Karine Borges de Medeiros (Diretora Técnica) em 13/05/2024.",ISG,2024,4,mensal,,3,33
2024,C:\OSS-Goias\documentos\ABEVIDA\CRESM\2024\34_Relatorio_Producao\RELATORIO-GERENCIAL-DE-PRODUCAO-05.2018_XLSX.xlsx,RELATORIO-GERENCIAL-DE-PRODUCAO-05.2018_XLSX,-1,-1,-1,-1,-1,1245,-1,-1,-1,-1,CRESM,-1,-1,-1,-1,-1,1,-1,-1,-1,-1,-1,-1,"Relatório referente ao 1º Termo Aditivo ao Contrato de Gestão 02/2014. Paciente dia realizado: 3140 contra meta de 2800. Consulta médica: 1245 contra meta de 1200. Consulta multiprofissional: 2631 contra meta de 2100. PTI atingido: 86,2% (meta >80%). Atenção ao Usuário e Taxa de Abandono/Evasão reportados como 'Enviado'.",ABEVIDA,2018,5,mensal,,0,7
2024,C:\OSS-Goias\documentos\ABEVIDA\CRESM\2024\34_Relatorio_Producao\RELATORIO-GERENCIAL-DE-PRODUCAO-05.2020.XLSX.xlsx,RELATORIO-GERENCIAL-DE-PRODUCAO-05.2020.XLSX,-1,-1,-1,-1,-1,602,-1,-1,-1,-1,CRESM,95,0.49,-1,-1,0,-1,-1,-1,-1,36.55,60.4,-1,"Relatório referente ao 4º Termo Aditivo ao Contrato de Gestão 02/2014. Atividades de grupo do ambulatório foram suspensas em virtude das ações de combate ao Coronavírus. Percentual de resolução de queixas da Ouvidoria: 98.32%. Densidade de incidência de IRAS: 0.02%. Incidência acumulada global de IRAS: 0.49%. Percentual de satisfação do usuário: 95%. Notificação de eventos adversos: falhas relacionadas a medicamentos (maio: 2, total: 6), quedas (3), outros (3). Taxa de Recaída: 2.26%. Taxa de Abandono/Evasão: 47.5%.",ABEVIDA,2020,5,mensal,,10,10
2024,C:\OSS-Goias\documentos\ABEVIDA\CRESM\2024\34_Relatorio_Producao\RELATORIO-GERENCIAL-DE-PRODUCAO-05.2021.xlsx,RELATORIO-GERENCIAL-DE-PRODUCAO-05.2021,-1,-1,-1,-1,-1,405,-1,-1,-1,-1,CRESM,96.4,0,-1,-1,-1,-1,-1,-1,-1,35.38,58.98,-1,"Relatório referente ao 5º Termo Aditivo ao Contrato de Gestão 02/2014. Hospital de saúde mental (CRESM). Consultas ambulatoriais registradas apenas para consulta médica (405); consultas multiprofissionais: 973. Produtividade médica internação: 1987 atendimentos. Percentual de resolução de queixas da Ouvidoria: 100%. Percentual de aplicação da pesquisa de satisfação: Ambulatório 13.3%, Internação 64.24%. Taxa de satisfação do usuário: 96.4%. Densidade de incidência de IRAS: 0; Incidência acumulada global de IRAS: 0. Eventos adversos notificados: falhas relacionadas a medicamentos 4 (total 6), quedas 1, outros 1, demais categorias 0.",ABEVIDA,2021,5,mensal,,10,10
2024,C:\OSS-Goias\documentos\ABEVIDA\CRESM\2024\34_Relatorio_Producao\RELATORIO-GERENCIAL-DE-PRODUCAO-05.2022.xlsx,RELATORIO-GERENCIAL-DE-PRODUCAO-05.2022,-1,-1,-1,-1,-1,722,-1,-1,-1,-1,CRESM,96,29.26,-1,-1,-1,-1,-1,-1,-1,46.24,69.05,-1,"Relatório referente ao mês de Maio/2022 - 6º Termo Aditivo ao Contrato de Gestão 02/2014. Taxa de Recaída: 2,40%. Taxa de Abandono/Evasão: 31,70%. Taxa de Readmissão: 0. Percentual de Ocorrência de Rejeições no SIH: 0. Percentual de resolução de queixas da Ouvidoria: 98,62%. Percentual de aplicação da pesquisa de satisfação - Ambulatório: 21,1%; Internação: 76,53%. Densidade de Incidência de IRAS: 0,0519. Incidência Acumulada Global de IRAS: 0,2926 (29,26%). Notificação de Eventos Adversos - Total: 14; Falhas relacionadas a medicamentos: 4; Falhas na identificação do paciente: 3; Quedas: 3; Falhas na dieta: 4; demais categorias: 0.",ABEVIDA,2022,5,mensal,,10,5
2024,C:\OSS-Goias\documentos\ISG\HDT\2024\34_Relatorio_Producao\Relatorio-Gerencial-de-Producao-05.2024.pdf,RELATORIO-GERENCIAL-DE-PRODUCAO-05.2024,352,-1,4,-1,-1,2913,2616,352,-1,-1,HDT,-1,-1,-1,-1,2.9,-1,-1,-1,-1,7.2,98.9,-1,"Hospital Estadual de Doenças Tropicais Dr. Anuar Auad (HDT), gerido pela ISG. Contrato de Gestão Nº 91/2012. O dado de rejeições no SIH (Percentual de ocorrência de rejeições no SIH) é obtido em dois meses subsequentes, portanto não disponível para maio/2024. Taxa de readmissão hospitalar refere-se a 29 dias conforme o documento. Documento assinado eletronicamente em 10/06/2024.",ISG,2024,5,mensal,,3,33
2024,C:\OSS-Goias\documentos\ABEVIDA\CRESM\2024\34_Relatorio_Producao\RELATORIO-GERENCIAL-DE-PRODUCAO-06.2018.pdf,RELATORIO-GERENCIAL-DE-PRODUCAO-06.2018,-1,-1,-1,-1,-1,3949,-1,-1,-1,-1,CREDEQ,-1,-1,-1,-1,-1,-1,-1,-1,-1,-1,-1,-1,"Relatório do CREDEQ Jamil Issy (Centro Estadual de Referência e Excelência em Dependência Química), Aparecida de Goiânia. Contrato de Gestão 002/2014, 2º Termo Aditivo com validade até 30/07/2019. Paciente/dia realizado: 3007 (meta 2800). Consulta médica: 1318 (meta 1200). Consulta Multiprofissional: 2631 (meta 2100). Total consultas ambulatoriais: 1318+2631=3949. Plano Terapêutico Individual realizado: 86,30% (meta ≥80%). Atenção ao usuário e Taxa de Abandono/Evasão: meta = envio do relatório até dia 10 do mês subsequente, status = enviado. Assinado por Salete Maria de Sousa Reis, Superintendente Executiva – CREDEQ, em 16/07/2018.",ABEVIDA,2018,6,mensal,,0,7
2024,C:\OSS-Goias\documentos\ABEVIDA\CRESM\2024\34_Relatorio_Producao\RELATORIO-GERENCIAL-DE-PRODUCAO-06.2018_XLSX.xlsx,RELATORIO-GERENCIAL-DE-PRODUCAO-06.2018_XLSX,-1,-1,-1,-1,-1,1318,-1,-1,-1,-1,CRESM,-1,-1,-1,-1,-1,1,-1,-1,-1,-1,-1,-1,"Relatório referente ao 1º Termo Aditivo ao Contrato de Gestão 02/2014. Paciente dia realizado: 3007 (meta 2800). Consulta médica: 1318 (meta 1200). Consulta multiprofissional: 2631 (meta 2100). Atenção ao Usuário e Taxa de Abandono/Evasão reportados como 'Enviado'. PTI realizado: 86,3% (meta >80%). AIH: meta e realizado = 1.",ABEVIDA,2018,6,mensal,,0,7
2024,C:\OSS-Goias\documentos\ABEVIDA\CRESM\2024\34_Relatorio_Producao\RELATORIO-GERENCIAL-DE-PRODUCAO-06.2020.XLSX.xlsx,RELATORIO-GERENCIAL-DE-PRODUCAO-06.2020.XLSX,-1,-1,-1,-1,-1,635,-1,-1,-1,-1,CRESM,96,1.81,-1,-1,-1,-1,-1,-1,-1,35.31,56,-1,"Relatório referente ao 4º Termo Aditivo ao Contrato de Gestão 02/2014. Atividades de grupo do ambulatório foram suspensas em junho/2020 em virtude das ações de combate ao Coronavírus. Percentual de resolução de queixas da Ouvidoria: 99.07%. Percentual de aplicação da pesquisa de satisfação: Ambulatório 8.56%, Internação 55.17%. Densidade de Incidência de IRAS: 0.55%. Incidência Acumulada Global de IRAS: 1.81%. Notificação de Eventos Adversos no mês: Falhas relacionadas a medicamentos=2 (total acumulado=10), Falhas na identificação do paciente=0, Quedas=3, Falhas na comunicação=0, Agressão=0, Outros=5.",ABEVIDA,2020,6,mensal,,10,10
2024,C:\OSS-Goias\documentos\ABEVIDA\CRESM\2024\34_Relatorio_Producao\RELATORIO-GERENCIAL-DE-PRODUCAO-06.2021.xlsx,RELATORIO-GERENCIAL-DE-PRODUCAO-06.2021,-1,-1,-1,-1,-1,445,-1,-1,-1,-1,CRESM,95,3.33,-1,-1,0,-1,-1,-1,-1,41.46,62.72,-1,"Relatório referente ao 5º Termo Aditivo ao Contrato de Gestão 02/2014. Taxa de Abandono/Evasão: 46.6%. Taxa de Recaída: 0%. Percentual de Ocorrência de Rejeições no SIH: 7.89%. Densidade de Incidência de IRAS: 0.98%. Incidência Acumulada Global de IRAS: 3.33%. Percentual de resolução de queixas da Ouvidoria: 97.27%. Percentual de satisfação do usuário (taxa do mês): 95%. Notificação de Eventos Adversos junho: Falhas relacionadas a medicamentos=3 (total acumulado=15), Falhas na identificação do paciente=0, Quedas=1, Falhas na comunicação=0, Agressão=0, Outros=11.",ABEVIDA,2021,6,mensal,,10,5
2024,C:\OSS-Goias\documentos\ABEVIDA\CRESM\2024\34_Relatorio_Producao\RELATORIO-GERENCIAL-DE-PRODUCAO-06.2022.xlsx,RELATORIO-GERENCIAL-DE-PRODUCAO-06.2022,-1,-1,-1,-1,-1,1583,-1,-1,-1,-1,CRESM,98,0.0834,-1,-1,-1,-1,-1,-1,-1,34.24,66.57,-1,"Relatório referente a junho de 2022 (6º Termo Aditivo ao Contrato de Gestão 02/2014). Consultas ambulatoriais totalizam 1583 (674 médicas + 909 multiprofissionais). Taxa de ocupação: 66,57% (meta ≥85%). PTI: 100% (meta >80%). Taxa de recaída: 3,14%. Taxa de readmissão: 1,63%. Taxa de abandono/evasão: 32,78%. Percentual de resolução de queixas da ouvidoria: 99%. Satisfação do usuário: 98%. Densidade de incidência de IRAS: 0,0834. Incidência acumulada global de IRAS: 0,295. Eventos adversos notificados no mês: 17 no total (falhas medicamentos: 2, identificação paciente: 5, quedas: 4, dieta: 3, cadastro prontuário: 2, outros: 1).",ABEVIDA,2022,6,mensal,,10,10
2024,C:\OSS-Goias\documentos\ABEVIDA\CRESM\2024\34_Relatorio_Producao\RELATORIO-GERENCIAL-DE-PRODUCAO-06.2023.pdf,RELATORIO-GERENCIAL-DE-PRODUCAO-06.2023,-1,-1,-1,-1,-1,-1,-1,-1,-1,-1,CRESM,98,2.97,-1,-1,11.42,-1,-1,-1,-1,9.18,95,-1,"Relatório Gerencial de Produção referente a junho/2023 do CRESM Prof. Jamil Issy (Complexo de Referência Estadual em Saúde Mental), Contrato de Gestão 002/2014 SES-GO. Período de referência: junho de 2023. Assinado por Danilo Fiorotto Campos, Diretor Técnico, em 17/07/2023. Taxa de ocupação institucional (internação): 95%. Taxa de ocupação de leitos de observação CAPS IV: 74,81% (abaixo da meta de >85%). Média de permanência em leitos de observação: 9,18 dias (dentro da meta de <15 dias). Taxa de Abandono/Evasão UAA: 92,16% (acima da meta de <20%). Notificação de eventos adversos em junho: Quedas=2, Outros=2, Total=4. Percentual de aplicação da pesquisa de satisfação: Ambulatório 13,27%, Internação 89,16%.",ABEVIDA,2023,6,mensal,,18,25
2024,C:\OSS-Goias\documentos\ISG\HDT\2024\34_Relatorio_Producao\Relatorio-Gerencial-de-Producao-06.2024-Assinado.pdf,Relatorio-Gerencial-de-Producao-06.2024-Assinado,-1,-1,7,-1,-1,3076,2477,297,-1,-1,HDT,-1,-1,-1,-1,2.7,-1,-1,-1,-1,8.0,96,-1,"Relatório Gerencial de Produção referente ao Contrato de Gestão Nº 91/2012. Hospital Estadual de Doenças Tropicais Dr. Anuar Auad (HDT), gerido pela ISG. Percentual de ocorrência de rejeições no SIH marcado com asterisco (*) - dado obtido em dois meses subsequentes, não disponível no período. Taxa de readmissão em UTI (48 horas) de 9,7% supera a meta de 5%, sendo o principal indicador não atingido. Assinado eletronicamente por Tainara Fagundes Fernandes (GEOP Interina) em 11/07/2024 e Antônio Jorge de Almeida Maciel (Diretor Executivo) em 12/07/2024.",ISG,2024,6,mensal,,3,33
2024,C:\OSS-Goias\documentos\ABEVIDA\CRESM\2024\34_Relatorio_Producao\RELATORIO-GERENCIAL-DE-PRODUCAO-06.2024.pdf,RELATORIO-GERENCIAL-DE-PRODUCAO-06.2024,-1,-1,-1,-1,-1,3117,-1,-1,-1,-1,CRESM,97,1.23,-1,-1,0,-1,-1,-1,-1,55.59,97.8,-1,"Relatório referente a junho de 2024. OSS gestora informada pelo usuário: ABEVIDA. Contrato de Gestão 002/2014 SES-GO. A partir de junho/2021 o CRESM passou a receber pacientes exclusivamente regulados pelo sistema SERVIR, impactando o número de atendimentos ambulatoriais abaixo da meta. Consultas ambulatoriais totalizadas: Consulta Médica (1.246) + Consulta Multiprofissional (1.871) = 3.117. Densidade de Incidência de IRAS: 2,21% (por 1000 pacientes-dia). Incidência Acumulada Global de IRAS: 12,5%. Percentual de resolução de queixas da ouvidoria: 100%. Percentual de aplicação da pesquisa de satisfação: Ambulatório 21,81%, Internação 132,92%. Total de notificações de eventos adversos: 33. Taxa de abandono/evasão de 33,92% calculada no trimestre.",ABEVIDA,2024,6,mensal,,9,10
2024,C:\OSS-Goias\documentos\ABEVIDA\CRESM\2024\34_Relatorio_Producao\RELATORIO-GERENCIAL-DE-PRODUCAO-07.2018.pdf,RELATORIO-GERENCIAL-DE-PRODUCAO-07.2018,-1,-1,-1,-1,-1,3949,-1,-1,-1,-1,CREDEQ,-1,-1,-1,-1,-1,-1,-1,-1,-1,-1,-1,-1,"Relatório do CREDEQ Jamil Issy (Centro Estadual de Referência e Excelência em Dependência Química), Aparecida de Goiânia. Contrato de Gestão 002/2014, 2º Termo Aditivo com validade até 30/07/2019. Consultas ambulatoriais totalizam 3949 (1318 médicas + 2631 multiprofissionais). Paciente/dia realizado: 3007 contra meta de 2800. Plano Terapêutico Individual atingiu 86,36% contra meta de ≥80%. Relatório assinado por Salete Maria de Sousa Reis, Superintendente Executiva, em 17/08/2018.",ABEVIDA,2018,7,mensal,,0,7
2024,C:\OSS-Goias\documentos\ABEVIDA\CRESM\2024\34_Relatorio_Producao\RELATORIO-GERENCIAL-DE-PRODUCAO-07.2018_XLSX.xlsx,RELATORIO-GERENCIAL-DE-PRODUCAO-07.2018_XLSX,-1,-1,-1,-1,-1,1318,-1,-1,-1,-1,CRESM,-1,-1,-1,-1,-1,1,-1,-1,-1,-1,-1,-1,"Relatório referente ao 1º Termo Aditivo ao Contrato de Gestão 02/2014, julho de 2018. Consultas ambulatoriais totalizam apenas consultas médicas (1318); consultas multiprofissionais reportadas separadamente (2631). Paciente dia realizado: 3007 vs meta 2800. PTI atingido: 86,36% (meta >80%). Indicadores de Atenção ao Usuário e Taxa de Abandono/Evasão reportados como 'Enviado', sem valores numéricos.",ABEVIDA,2018,7,mensal,,0,7
2024,C:\OSS-Goias\documentos\ABEVIDA\CRESM\2024\34_Relatorio_Producao\RELATORIO-GERENCIAL-DE-PRODUCAO-07.2020.pdf,RELATORIO-GERENCIAL-DE-PRODUCAO-07.2020,-1,-1,-1,-1,-1,686,-1,-1,-1,-1,CREDEQ,98,1.61,-1,-1,1.61,-1,-1,-1,-1,40.66,61,-1,"Relatório Gerencial de Produção - 4º Termo Aditivo ao Contrato de Gestão 002/2014, referência julho de 2020. CREDEQ Jamil Issy - Centro Estadual de Referência e Excelência em Dependência Química, Aparecida de Goiânia/GO. Taxa de ocupação ficou abaixo de 85% devido às medidas de contenção do Coronavírus (isolamento de 14 dias na unidade de Desintoxicação). Atendimento ambulatorial impactado pelo Covid-19. Atividades de grupo do ambulatório suspensas. Densidade de Incidência de IRAS: 0,48% (por 1000 pacientes-dia). Incidência Acumulada Global de IRAS: 1,61%. Percentual de resolução de queixas da Ouvidoria: 99,07%. Pesquisa de satisfação - Ambulatório: 9,85%; Internação: 66,67%. Notificação de eventos adversos em julho: total de 23 (0 falhas medicamentos, 6 falhas identificação paciente, 2 quedas, 0 falhas comunicação, 0 agressão, 15 outros). Consulta multiprofissional ambulatorial em julho: 1468 (meta 2100).",ABEVIDA,2020,7,mensal,,11,10
2024,C:\OSS-Goias\documentos\ABEVIDA\CRESM\2024\34_Relatorio_Producao\RELATORIO-GERENCIAL-DE-PRODUCAO-07.2020.XLSX.xlsx,RELATORIO-GERENCIAL-DE-PRODUCAO-07.2020.XLSX,-1,-1,-1,-1,-1,686,-1,-1,-1,-1,CRESM,98,1.61,-1,-1,-1,-1,-1,-1,-1,40.66,61,-1,"Atividades de grupo do ambulatório (Psicologia e Terapia Ocupacional) suspensas em virtude das ações de combate ao Coronavírus. Percentual de resolução de queixas da Ouvidoria: 99.07%. Percentual de aplicação da pesquisa de satisfação: Ambulatório 9.85%, Internação 66.67%. Densidade de incidência de IRAS: 0.48%. Incidência acumulada global de IRAS: 1.61%. Notificação de eventos adversos em julho: Falhas relacionadas a medicamentos: 0 (total acumulado: 23), Falhas na identificação do paciente: 6, Quedas: 2, Falhas na comunicação: 0, Agressão: 0, Outros: 15.",ABEVIDA,2020,7,mensal,,8,10
2024,C:\OSS-Goias\documentos\ABEVIDA\CRESM\2024\34_Relatorio_Producao\RELATORIO-GERENCIAL-DE-PRODUCAO-07.2021.pdf,RELATORIO-GERENCIAL-DE-PRODUCAO-07.2021,-1,-1,-1,-1,-1,1396,-1,-1,-1,-1,CREDEQ,98,13.72,-1,-1,3.92,-1,-1,-1,-1,33.08,56.33,-1,"Relatório referente a julho/2021 - 5º Termo Aditivo ao Contrato de Gestão 002/2014. Consultas ambulatoriais totalizadas: 450 (médica) + 946 (multiprofissional) = 1396. Taxa de ocupação abaixo de 85% justificada por medidas de combate ao Coronavírus e adequação do processo de regulação via SISREG. Densidade de Incidência de IRAS: 3,71% (por 1000 pacientes-dia). Incidência Acumulada Global de IRAS: 13,72%. Percentual de resolução de queixas da Ouvidoria: 100%. Pesquisa de satisfação: Ambulatório 42,93%, Internação 59,86% (percentual de aplicação). Notificações de eventos adversos em julho: 17 total (1 medicamentos, 0 identificação paciente, 3 quedas, 0 comunicação, 0 agressão, 13 outros). Diretor Técnico: Danilo Fiorotto Campos.",ABEVIDA,2021,7,mensal,,10,10
2024,C:\OSS-Goias\documentos\ABEVIDA\CRESM\2024\34_Relatorio_Producao\RELATORIO-GERENCIAL-DE-PRODUCAO-07.2022.pdf,RELATORIO-GERENCIAL-DE-PRODUCAO-07.2022,-1,-1,-1,-1,-1,1515,-1,-1,-1,-1,CREDEQ,98,32.35,-1,-1,2.94,-1,-1,-1,-1,35.63,70.25,-1,"Relatório referente a julho/2022, 6º Termo Aditivo ao Contrato de Gestão 002/2014. CREDEQ Jamil Issy - Centro Estadual de Referência e Excelência em Dependência Química, Aparecida de Goiânia/GO. Consultas ambulatoriais totais: 636 (médica) + 879 (multiprofissional) = 1515. Valores abaixo das metas devido à regulação via SISREG (desde abril/2021). Percentual de resolução de queixas da Ouvidoria: 96,31%. Pesquisa de satisfação - percentual de aplicação: Ambulatório 11,72%, Internação 73,06%. Densidade de incidência de IRAS: 9,35‰. Incidência acumulada global de IRAS: 32,35%. Total de eventos adversos notificados: 9. Diretor Técnico: Danilo Fiorotto Campos.",ABEVIDA,2022,7,mensal,,10,10
2024,C:\OSS-Goias\documentos\ABEVIDA\CRESM\2024\34_Relatorio_Producao\RELATORIO-GERENCIAL-DE-PRODUCAO-07.2023.pdf,RELATORIO-GERENCIAL-DE-PRODUCAO-07.2023,-1,-1,-1,-1,-1,-1,-1,-1,-1,-1,CRESM,97,3.12,-1,-1,0,-1,-1,-1,-1,36.68,87.66,-1,"Relatório Gerencial de Produção de julho de 2023 do CRESM Prof. Jamil Issy, Contrato de Gestão 002/2014 SES-GO. Os atendimentos ambulatoriais ficaram abaixo das metas contratualizadas devido à adequação do processo de regulação (sistema SERVIR, a partir de abril/2021). Densidade de Incidência de IRAS: 1,02%. Incidência Acumulada Global de IRAS: 3,12%. Percentual de resolução de queixas da Ouvidoria: 100%. Percentual de satisfação do usuário (taxa do mês): 97%. Total de eventos adversos notificados: 7 (quedas: 5, falhas relacionadas a medicamentos: 2). Taxa de Abandono/Evasão: 31,25%.",ABEVIDA,2023,7,mensal,,9,10
2024,C:\OSS-Goias\documentos\ABEVIDA\CRESM\2024\34_Relatorio_Producao\RELATORIO-GERENCIAL-DE-PRODUCAO-07.2024.pdf,Relatorio-Gerencial-de-Producao-07.2024,-1,-1,-1,-1,-1,-1,-1,-1,-1,-1,CRESM,95,2.15,-1,-1,1.51,-1,-1,-1,-1,49.36,97.31,-1,"Relatório de julho/2024 do CRESM Prof. Jamil Issy, contrato de gestão 002/2014 SES-GO. Em virtude do 9° aditivo iniciar-se no dia 26, os resultados são apresentados proporcionalmente (Julho 1 a 25 e Julho 26 a 31). Atendimento ambulatorial ficou abaixo das metas devido à adequação do processo de regulação, onde o CRESM passou a receber pacientes exclusivamente regulados pelo sistema SERVIR a partir de julho/2021. Incidência Global de IRAS: 10,61%. Percentual de resolução de queixas da ouvidoria: 100%. Percentual de aplicação da pesquisa de satisfação: Ambulatório 12,99%, Internação 157,65%. Total de eventos adversos notificados: 77. Documento assinado em 14 de agosto de 2024 pelo Diretor Técnico Danilo Fiorotto Campos.",ABEVIDA,2024,7,mensal,,9,13
2024,C:\OSS-Goias\documentos\ABEVIDA\CRESM\2024\34_Relatorio_Producao\RELATORIO-GERENCIAL-DE-PRODUCAO-08.2018.pdf,RELATORIO-GERENCIAL-DE-PRODUCAO-08.2018,-1,-1,-1,-1,-1,4315,-1,-1,-1,-1,CREDEQ,-1,-1,-1,-1,-1,-1,-1,-1,-1,-1,-1,-1,"Relatório do CREDEQ Jamil Issy (Centro Estadual de Referência e Excelência em Dependência Química), Aparecida de Goiânia. Contrato de Gestão 002/2014, 2º Termo Aditivo, validade até 30/07/2019. Total de consultas ambulatoriais calculado como soma de Consulta médica (1404) + Consulta Multiprofissional (2911) = 4315. Paciente/dia realizado: 3130 vs meta 2800. Plano Terapêutico Individual: meta ≥80%, realizado 87,27%. Atenção ao usuário e Taxa de Abandono/Evasão: meta era envio do relatório até dia 10 do mês subsequente, realizado como 'enviado'. Documento assinado por Salete Maria de Sousa Reis, Superintendente Executiva – CREDEQ, em 20/09/2018.",ABEVIDA,2018,8,mensal,,0,7
2024,C:\OSS-Goias\documentos\ABEVIDA\CRESM\2024\34_Relatorio_Producao\RELATORIO-GERENCIAL-DE-PRODUCAO-08.2018_XLSX.xlsx,RELATORIO-GERENCIAL-DE-PRODUCAO-08.2018_XLSX,-1,-1,-1,-1,-1,1404,-1,-1,-1,-1,CRESM,-1,-1,-1,-1,-1,1,-1,-1,-1,-1,-1,-1,"Relatório referente ao 2º Termo Aditivo ao Contrato de Gestão 02/2014. Paciente dia realizado: 3130 (meta 2800). Consultas médicas: 1404 (meta 1200). Consultas multiprofissionais: 2911 (meta 2100). PTI atingido: 87,27% (meta >80%). Atenção ao Usuário e Taxa de Abandono/Evasão reportados como 'Enviado' (envio do relatório até o dia 10 do mês subsequente).",ABEVIDA,2018,8,mensal,,0,7
2024,C:\OSS-Goias\documentos\ABEVIDA\CRESM\2024\34_Relatorio_Producao\RELATORIO-GERENCIAL-DE-PRODUCAO-08.2020.pdf,RELATORIO-GERENCIAL-DE-PRODUCAO-08.2020,-1,-1,-1,-1,-1,1695,-1,-1,-1,-1,CREDEQ,97,2.22,-1,-1,6.66,-1,-1,-1,-1,59.6,71.2,-1,"Relatório Gerencial de Produção - 4º Termo Aditivo ao Contrato de Gestão 02/2014, referente a agosto de 2020. CREDEQ Jamil Issy - Centro Estadual de Referência e Excelência em Dependência Química, Aparecida de Goiânia. A taxa de ocupação ficou abaixo de 85% devido às medidas de contenção do Coronavírus (isolamento de 14 dias na unidade Detox). O atendimento ambulatorial foi impactado pelas medidas de combate à Covid-19. Grupos ambulatoriais suspensos (Psicologia e Terapia Ocupacional = 0). Percentual de resolução de queixas da Ouvidoria: 94,19%. Percentual de aplicação da pesquisa de satisfação: Ambulatório 5,00%, Internação 72,97%. Densidade de Incidência de IRAS: 0,42%. Incidência Acumulada Global de IRAS: 2,22%. Eventos adversos em agosto: quedas=4, outros=5, total=9. Documento assinado por Danilo Fiorotto Campos, Diretor Técnico CREDEQ, em 23/11/2020. OSS gestora não identificada no documento.",,2020,8,mensal,,11,10
2024,C:\OSS-Goias\documentos\ABEVIDA\CRESM\2024\34_Relatorio_Producao\RELATORIO-GERENCIAL-DE-PRODUCAO-08.20200.XLSX.xlsx,RELATORIO-GERENCIAL-DE-PRODUCAO-08.20200.XLSX,-1,-1,-1,-1,-1,620,-1,-1,-1,-1,CRESM,97.0,2.22,-1,-1,6.66,-1,-1,-1,-1,59.6,71.2,-1,"Relatório referente ao 4º Termo Aditivo ao Contrato de Gestão 02/2014. Atividades de grupo do ambulatório suspensas em agosto/2020 em virtude das ações de combate ao Coronavírus. Densidade de Incidência de IRAS: 0.0042; Incidência Acumulada Global de IRAS: 0.0222. Percentual de resolução de queixas da Ouvidoria: 94.19%. Percentual de satisfação do usuário: 97%. Consulta multiprofissional realizada: 1075 (meta 2100). Notificação de eventos adversos: falhas relacionadas a medicamentos=0 (total acumulado=9), falhas na identificação=0, quedas=4, falhas na comunicação=0, agressão=0, outros=5.",ABEVIDA,2020,8,mensal,,10,10
2024,C:\OSS-Goias\documentos\ABEVIDA\CRESM\2024\34_Relatorio_Producao\RELATORIO-GERENCIAL-DE-PRODUCAO-08.2021.xlsx,RELATORIO-GERENCIAL-DE-PRODUCAO-08.2021,-1,-1,-1,-1,-1,496,-1,-1,-1,-1,CRESM,97,14.92,-1,-1,-1,-1,-1,-1,-1,33.8,62.46,-1,"Relatório referente ao 6º Termo Aditivo ao Contrato de Gestão 02/2014. Hospital de saúde mental (CRESM). Percentual de rejeições no SIH: 6,77%. Taxa de Recaída: 0,59%. Taxa de Readmissão: 0%. Taxa de Abandono/Evasão: 44,7%. Percentual de resolução de queixas da Ouvidoria: 96,25%. Percentual de aplicação da pesquisa de satisfação - Ambulatório: 33,67%; Internação: 65,36%. Densidade de incidência de IRAS: 4,78%. Incidência acumulada global de IRAS: 14,92%. Notificação de eventos adversos: falhas relacionadas a medicamentos 7 (total 12), falhas na identificação do paciente 1, quedas 3, falhas na comunicação 0, agressão 0, outros 1. Todos os indicadores com meta 'Envio do relatório até o dia 10 do mês imediatamente subsequente' foram reportados como enviados no prazo.",ABEVIDA,2021,8,mensal,,10,5
2024,C:\OSS-Goias\documentos\ABEVIDA\CRESM\2024\34_Relatorio_Producao\RELATORIO-GERENCIAL-DE-PRODUCAO-08.2022.xlsx,RELATORIO-GERENCIAL-DE-PRODUCAO-08.2022,11,-1,-1,-1,-1,616,-1,-1,-1,-1,CRESM,99.0,0.069,-1,-1,3.77,-1,-1,-1,-1,11.27,85.79,-1,"Relatório referente ao 7º Termo Aditivo ao Contrato de Gestão 02/2014. A UAA - Unidade de Acolhimento Adulto teve início em 1º de agosto de 2022, portanto os indicadores de taxa de abandono/desistência e permanência além do tempo máximo não possuem dados para mensuração (N.A.). Notificação de eventos adversos no mês: falhas relacionadas a medicamentos=4 (total acumulado=19), falhas na identificação do paciente=9, quedas=1, falhas na comunicação=0, falhas no processo de exames=0, falhas no cadastro de paciente no prontuário=4, falhas na dieta=1, falhas na documentação do paciente=0, agressão=0, outros=0. Taxa de ocupação institucional da internação de 85.79% e taxa de ocupação de leitos de observação CAPS IV de 66% (meta >85% trimestral).",ABEVIDA,2022,8,mensal,,16,25
2024,C:\OSS-Goias\documentos\ABEVIDA\CRESM\2024\34_Relatorio_Producao\RELATORIO-GERENCIAL-DE-PRODUCAO-08.2023.xlsx,RELATORIO-GERENCIAL-DE-PRODUCAO-08.2023,-1,-1,-1,-1,-1,1943,-1,-1,-1,-1,CRESM,97,5.82,-1,-1,2.91,-1,-1,-1,-1,30.31,94,-1,"Relatório referente ao 7º Termo Aditivo ao Contrato de Gestão 02/2014. Consultas ambulatoriais totalizam 1943 (672 médicas + 1271 multiprofissionais). Taxa de ocupação institucional reportada como 0.94 (94%). PTI reportado como 1 (100%). Percentual de resolução de queixas da Ouvidoria: 100%. Satisfação do usuário: 97%. Densidade de Incidência de IRAS: 0.019. Incidência Acumulada Global de IRAS: 5.82% (0.0582). Taxa de Abandono/Evasão: 41.74%. Eventos adversos notificados: falhas relacionadas a medicamentos (3 ocorrências no mês, 5 no total), falhas na identificação do paciente (2), demais categorias com zero ocorrências.",ABEVIDA,2023,8,mensal,,9,10
2024,C:\OSS-Goias\documentos\ABEVIDA\CRESM\2024\34_Relatorio_Producao\RELATORIO-GERENCIAL-DE-PRODUCAO-08.2024.pdf,Relatorio-Gerencial-de-Producao-08.2024,-1,-1,-1,-1,-1,3066,-1,-1,-1,-1,CRESM,98,3.7,-1,-1,0,-1,-1,-1,-1,39,97.16,-1,"Relatório referente a agosto de 2024 do CRESM Prof. Jamil Issy, Contrato de Gestão 002/2014, SES-GO, 7º termo aditivo. Consultas ambulatoriais totalizadas: Consulta Médica (1.024) + Consulta Multiprofissional (2.042) = 3.066. Paciente/dia de internação: 3.253 (meta 3.119). Atendimentos ambulatoriais abaixo da meta de consultas médicas devido à adequação do processo de regulação: a partir de agosto/2021, o CRESM passou a receber pacientes exclusivamente regulados pelo sistema SERVIR. Densidade de incidência de IRAS: 0,92‰. Incidência acumulada global de IRAS: 3,70%. Percentual de resolução de queixas da ouvidoria: 100%. Percentual de aplicação da pesquisa de satisfação: Ambulatório 17,91%, Internação 150,54%. Satisfação do usuário: 98%. Total de eventos adversos notificados: 98. Taxa de abandono/evasão: 30%.",ABEVIDA,2024,8,mensal,,9,10
2024,C:\OSS-Goias\documentos\ABEVIDA\CRESM\2024\34_Relatorio_Producao\RELATORIO-GERENCIAL-DE-PRODUCAO-09.2018.pdf,RELATORIO-GERENCIAL-DE-PRODUCAO-09.2018,-1,-1,-1,-1,-1,3560,-1,-1,-1,-1,CREDEQ,-1,-1,-1,-1,-1,-1,-1,-1,-1,-1,-1,-1,"Relatório do CREDEQ Jamil Issy (Centro Estadual de Referência e Excelência em Dependência Química), Aparecida de Goiânia. Documento assinado em 17/10/2018 pela Superintendente Executiva Salete Maria de Sousa Reis. Consultas ambulatoriais totalizadas somando consulta médica (1103) e multiprofissional (2457). Plano Terapêutico Individual com meta ≥80%, realizado 86,44%. Atenção ao usuário e Taxa de Abandono/Evasão: meta era envio do relatório até dia 10 do mês subsequente, ambos enviados. Contrato de Gestão 002/2014, 2º Termo Aditivo, com validade até 30/07/2019.",ABEVIDA,2018,9,mensal,,0,7
2024,C:\OSS-Goias\documentos\ABEVIDA\CRESM\2024\34_Relatorio_Producao\RELATORIO-GERENCIAL-DE-PRODUCAO-09.2018_XLSX.xlsx,RELATORIO-GERENCIAL-DE-PRODUCAO-09.2018_XLSX,-1,-1,-1,-1,-1,3560,-1,-1,-1,-1,CRESM,-1,-1,-1,-1,-1,1,-1,-1,-1,-1,-1,-1,"Relatório referente ao 2º Termo Aditivo ao Contrato de Gestão 02/2014. Consultas ambulatoriais totalizam 3560 (1103 médicas + 2457 multiprofissionais). Paciente dia realizado: 2993 contra meta de 2800. PTI atingido: 86,44% contra meta de >80%. Indicadores de Atenção ao Usuário e Taxa de Abandono/Evasão têm como meta o envio do relatório até o dia 10 do mês subsequente, constando como 'Enviado'.",ABEVIDA,2018,9,mensal,,0,7
2024,C:\OSS-Goias\documentos\ABEVIDA\CRESM\2024\34_Relatorio_Producao\RELATORIO-GERENCIAL-DE-PRODUCAO-09.2020.pdf,RELATORIO-GERENCIAL-DE-PRODUCAO-09.2020,-1,-1,-1,-1,-1,748,-1,-1,-1,-1,CREDEQ,97,1.61,-1,-1,4.83,-1,-1,-1,-1,35.96,69.93,-1,"Relatório Gerencial de Produção - 4º Termo Aditivo ao Contrato de Gestão 002/2014, setembro de 2020. CREDEQ Jamil Issy - Centro Estadual de Referência e Excelência em Dependência Química, Aparecida de Goiânia. A taxa de ocupação ficou abaixo de 85% devido a medidas de contenção do Coronavírus (isolamento de 14 dias na unidade de Desintoxicação). Atendimentos ambulatoriais em grupo (Psicologia e Terapia Ocupacional) foram suspensos por conta da Covid-19. Consulta multiprofissional ambulatorial realizada: 1251 (meta 2100). Densidade de incidência de IRAs: 0,44%. Incidência acumulada global de IRAs: 1,61%. Percentual de resolução de queixas da Ouvidoria: 100%. Percentual de satisfação do usuário: 97%. Notificação de eventos adversos setembro: total 5 (0 falhas medicamentos, 1 identificação paciente, 1 quedas, 0 comunicação, 0 agressão, 3 outros). Pesquisa de satisfação aplicada: ambulatório 16,35%, internação 69,57%.",ABEVIDA,2020,9,mensal,,11,10
2024,C:\OSS-Goias\documentos\ABEVIDA\CRESM\2024\34_Relatorio_Producao\RELATORIO-GERENCIAL-DE-PRODUCAO-09.2020.XLSX.xlsx,RELATORIO-GERENCIAL-DE-PRODUCAO-09.2020.XLSX,-1,-1,-1,-1,-1,748,-1,-1,-1,-1,CRESM,97,1.61,-1,-1,2.36,-1,-1,-1,-1,35.96,69.93,-1,"Relatório referente ao 4º Termo Aditivo ao Contrato de Gestão 02/2014. Setembro/2020. Grupos do ambulatório (Psicologia e Terapia Ocupacional) suspensos em virtude das ações de combate ao Coronavírus. Densidade de Incidência de IRAS: 0.0044; Incidência Acumulada Global de IRAS: 0.0161. Percentual de resolução de queixas da Ouvidoria: 100%. Percentual de aplicação da pesquisa de satisfação: Ambulatório 16.35%, Internação 69.57%. Notificação de Eventos Adversos - Falhas relacionadas a medicamentos: 0 (Total acumulado: 5); Falhas na identificação do paciente: 1; Quedas: 1; Falhas na comunicação: 0; Agressão: 0; Outros: 3.",ABEVIDA,2020,9,mensal,,10,10
2024,C:\OSS-Goias\documentos\ABEVIDA\CRESM\2024\34_Relatorio_Producao\RELATORIO-GERENCIAL-DE-PRODUCAO-09.2021.pdf,RELATORIO-GERENCIAL-DE-PRODUCAO-09.2021,-1,-1,-1,-1,-1,429,-1,-1,-1,-1,CREDEQ,96,19.67,-1,-1,3.28,-1,-1,-1,-1,45.48,70.19,-1,"Relatório referente ao 6º Termo Aditivo ao Contrato de Gestão 002/2014 do CREDEQ Jamil Issy, setembro/2021. Consulta multiprofissional ambulatorial: 849 realizadas (meta 2.100). PTI atingiu 100%. Taxa de ocupação 70,19% (meta >=85%). Média de permanência 45,48 dias. Percentual de rejeições no SIH: 2,29%. Taxa de recaída: 0,59%. Taxa de abandono/evasão: 44,26%. Densidade de incidência de IRAS: 5,27‰. Incidência acumulada global de IRAS: 19,67%. Satisfação do usuário: 96%. Percentual de resolução de queixas da Ouvidoria: 99,26%. Notificações de eventos adversos em setembro: 28 total (17 medicamentos, 1 identificação, 2 quedas, 1 comunicação, 0 agressão, 7 outros). Valores abaixo das metas devido à pandemia de COVID-19 e adequação ao sistema SISREG. Lei Federal 14.189 prorroga suspensão de obrigatoriedade de manutenção de metas até 31/12/2021.",ABEVIDA,2021,9,mensal,,10,10
2024,C:\OSS-Goias\documentos\ABEVIDA\CRESM\2024\34_Relatorio_Producao\RELATORIO-GERENCIAL-DE-PRODUCAO-09.2022.pdf,RELATORIO-GERENCIAL-DE-PRODUCAO-09.2022,-1,-1,-1,-1,-1,-1,-1,-1,-1,-1,CREDEQ,98,20.68,-1,-1,10.81,-1,-1,-1,-1,14.72,83.4,-1,"Relatório Gerencial de Produção - 7º Termo Aditivo ao Contrato de Gestão 002/2014 - CREDEQ Jamil Issy, setembro de 2022. Internação: diária/mês executada 1201 (meta 1085); atendimentos multiprofissionais totais internação: 3124; atendimentos enfermagem internação: 4100; atendimentos enfermagem CAPS IV: 3585. CAPS IV consulta médica 913 (meta 700). UAA diária/mês 847 (meta 1240). Densidade de Incidência de IRAS: 8,14%. Incidência Acumulada Global de IRAS: 20,68%. Percentual de Satisfação do Usuário: 98%. Percentual de resolução de queixas da Ouvidoria: 97,74%. Total de eventos adversos notificados em setembro: 28. Indicadores UAA (Taxa de residentes que saíram antes do tempo máximo e Taxa de residentes que permaneceram após tempo máximo) reportados como N.A pois o projeto terapêutico iniciou em 01/08/2022 e ainda não havia dados para mensuração.",,2022,9,mensal,,15,19
2024,C:\OSS-Goias\documentos\ABEVIDA\CRESM\2024\34_Relatorio_Producao\RELATORIO-GERENCIAL-DE-PRODUCAO-09.2023.pdf,RELATORIO-GERENCIAL-DE-PRODUCAO-09.2023,-1,-1,-1,-1,-1,-1,-1,-1,-1,-1,CRESM,97,3.57,-1,-1,0,-1,-1,-1,-1,27.62,96.35,-1,"Relatório referente ao mês de setembro de 2023 do CRESM Prof. Jamil Issy, Contrato de Gestão 002/2014 SES-GO, 7º termo aditivo. Atendimentos ambulatoriais ficaram abaixo das metas devido à adequação do processo de regulação, com recebimento de pacientes exclusivamente regulados pelo sistema SERVIR a partir de abril/2021. Densidade de incidência de IRAs: 1,28% (por 1000 pacientes-dia). Incidência acumulada global de IRAs: 3,57%. Percentual de resolução de queixas da ouvidoria: 100%. Percentual de aplicação da pesquisa de satisfação: Ambulatório 29,52%, Internação 60,55%. Total de eventos adversos notificados: 7. Assinado por Danilo Fiorotto Campos em Aparecida de Goiânia, 11 de outubro de 2023.",ABEVIDA,2023,9,mensal,,9,10
2024,C:\OSS-Goias\documentos\ABEVIDA\CRESM\2024\34_Relatorio_Producao\RELATORIO-GERENCIAL-DE-PRODUCAO-09.2024-1.xlsx,RELATORIO-GERENCIAL-DE-PRODUCAO-09.2024-1,-1,-1,-1,-1,-1,1005,-1,-1,-1,-1,CRESM,93,3.66,-1,-1,0.78,-1,-1,-1,-1,23,95.86,-1,"Relatório referente ao 9º Termo Aditivo ao Contrato de Gestão 02/2014. Hospital de saúde mental (CRESM). Paciente dia realizado: 3106 (meta: 3119). Consulta multiprofissional superou meta (1787 vs 1500). Média de permanência abaixo da meta (23 dias vs ≥28 dias). Percentual de Usuários Referenciados Pós-alta abaixo da meta (53% vs ≥90%). Total de eventos adversos notificados: 98, sendo 54 falhas relacionadas a medicamentos, 8 falhas na identificação do paciente, 7 quedas, 1 falha na dieta, 1 agressão, 27 outros.",ABEVIDA,2024,9,mensal,,9,16
2024,C:\OSS-Goias\documentos\ISG\HDT\2024\34_Relatorio_Producao\Relatorio-Gerencial-de-Producao-09.2024.pdf,RELATORIO-GERENCIAL-DE-PRODUCAO-09.2024,260,-1,4,-1,-1,3026,2661,260,-1,-1,HDT,-1,-1,-1,-1,0.8,-1,-1,-1,-1,9.1,93,-1,"Relatório referente ao Contrato de Gestão Nº 91/2012 e seus respectivos Termos Aditivos. Hospital Estadual de Doenças Tropicais Dr. Anuar Auad (HDT), gerido pela ISG. O percentual de ocorrência de rejeições no SIH não foi reportado pois o dado é obtido em dois meses subsequentes. Taxa de readmissão hospitalar refere-se a 29 dias conforme contrato. Saídas hospitalares equivalem a altas hospitalares no documento.",ISG,2024,9,mensal,,3,32
2024,C:\OSS-Goias\documentos\ABEVIDA\CRESM\2024\34_Relatorio_Producao\RELATORIO-GERENCIAL-DE-PRODUCAO-10.2018.pdf,RELATORIO-GERENCIAL-DE-PRODUCAO-10.2018,-1,-1,-1,-1,-1,3813,-1,-1,-1,-1,CREDEQ,-1,-1,-1,-1,-1,-1,-1,-1,-1,-1,-1,-1,"Relatório do CREDEQ Jamil Issy (Centro Estadual de Referência e Excelência em Dependência Química), Aparecida de Goiânia. Internação medida em paciente/dia: meta 2.800, realizado 3.132. Consultas ambulatoriais: médica 1.113 (meta 1.200, acima de 90%); multiprofissional 2.700 (meta 2.100, acima de 100%). Plano Terapêutico Individual realizado em 86,66% (meta ≥80%). Atenção ao usuário e Taxa de Abandono/Evasão: relatório enviado dentro do prazo (até dia 10 do mês subsequente). Documento assinado por Salete Maria de Sousa Reis, Superintendente Executiva, em 21/11/2018. Contrato de Gestão 002/2014, 2º Termo Aditivo, válido até 30/07/2019.",ABEVIDA,2018,10,mensal,,0,7
2024,C:\OSS-Goias\documentos\ABEVIDA\CRESM\2024\34_Relatorio_Producao\RELATORIO-GERENCIAL-DE-PRODUCAO-10.2018_XLSX.xlsx,RELATORIO-GERENCIAL-DE-PRODUCAO-10.2018_XLSX,-1,-1,-1,-1,-1,3813,-1,-1,-1,-1,CRESM,-1,-1,-1,-1,-1,1,-1,-1,-1,-1,-1,-1,"Relatório referente ao 2º Termo Aditivo ao Contrato de Gestão 02/2014. Consultas ambulatoriais totalizam 3813 (1113 médicas + 2700 multiprofissionais). Paciente dia realizado: 3132 vs meta 2800. PTI atingido: 86,66% vs meta >80%. Atenção ao Usuário e Taxa de Abandono/Evasão reportados como enviados dentro do prazo (até dia 10 do mês subsequente).",ABEVIDA,2018,10,mensal,,0,7
2024,C:\OSS-Goias\documentos\ABEVIDA\CRESM\2024\34_Relatorio_Producao\RELATORIO-GERENCIAL-DE-PRODUCAO-10.2020.pdf,RELATORIO-GERENCIAL-DE-PRODUCAO-10.2020,-1,-1,-1,-1,-1,2026,-1,-1,-1,-1,CREDEQ,99,6.25,-1,-1,1.56,-1,-1,-1,-1,36.34,69.4,-1,"Relatório Gerencial de Produção - 4º Termo Aditivo ao Contrato de Gestão 002/2014, referência outubro de 2020. CREDEQ Jamil Issy - Centro Estadual de Referência e Excelência em Dependência Química, Aparecida de Goiânia/GO. A taxa de ocupação ficou abaixo de 85% devido às medidas de contenção do Coronavírus (isolamento de 14 dias na unidade de Detox). Os atendimentos ambulatoriais em grupo foram suspensos por conta da pandemia (Psicologia e Terapia Ocupacional com 0 grupos). Consultas ambulatoriais totais: 724 (médica) + 1302 (multiprofissional) = 2026. Densidade de incidência de IRAs: 1,71%. Incidência acumulada global de IRAs: 6,25%. Percentual de resolução de queixas da Ouvidoria: 99,12%. Percentual de aplicação da pesquisa de satisfação: Ambulatório 23,12%, Internação 65,78%. Satisfação do usuário (taxa do mês): 99%. Notificação de eventos adversos em outubro: total de 15 (7 falhas com medicamentos, 2 falhas na identificação do paciente, 2 quedas, 0 falhas na comunicação, 0 agressão, 4 outros). Diretor Técnico: Danilo Fiorotto Campos.",,2020,10,mensal,,12,10
2024,C:\OSS-Goias\documentos\ABEVIDA\CRESM\2024\34_Relatorio_Producao\RELATORIO-GERENCIAL-DE-PRODUCAO-10.20200.XLSX.xlsx,RELATORIO-GERENCIAL-DE-PRODUCAO-10.20200.XLSX,-1,-1,-1,-1,-1,724,-1,-1,-1,-1,CRESM,99.0,6.25,-1,-1,-1,-1,-1,-1,-1,-1,69.4,-1,"Relatório referente ao 4º Termo Aditivo ao Contrato de Gestão 02/2014. Taxa de ocupação institucional: 69,4% (meta ≥85%). Média de Permanência: 36,34%. Percentual de Ocorrência de Rejeições no SIH: 4,61%. Taxa de Recaída: 1,8%. Taxa de Readmissão: 1,56%. Taxa de Abandono/Evasão: 50%. Percentual de resolução de queixas da Ouvidoria: 99,12%. Percentual de satisfação do usuário: 99%. Densidade de Incidência de IRAS: 1,71%. Incidência Acumulada Global de IRAS: 6,25%. Atividades de grupo do ambulatório suspensas em virtude das ações de combate ao Coronavírus. Notificação de eventos adversos em outubro: falhas relacionadas a medicamentos 7 (total acumulado 15), falhas na identificação do paciente 2, quedas 2, falhas na comunicação 0, agressão 0, outros 4.",ABEVIDA,2020,10,mensal,,9,10
2024,C:\OSS-Goias\documentos\ABEVIDA\CRESM\2024\34_Relatorio_Producao\RELATORIO-GERENCIAL-DE-PRODUCAO-10.2021.xlsx,RELATORIO-GERENCIAL-DE-PRODUCAO-10.2021,-1,-1,-1,-1,-1,457,-1,-1,-1,-1,CRESM,95.0,11.42,-1,-1,4.29,-1,-1,-1,-1,33.8,73.69,-1,"Relatório referente ao 6º Termo Aditivo ao Contrato de Gestão 02/2014. Taxa de Recaída: 0%. Taxa de Abandono/Evasão: 48,57%. Percentual de Ocorrência de Rejeições no SIH: 0,76%. Densidade de Incidência de IRAS: 3,24%. Incidência Acumulada Global de IRAS: 11,42%. Eventos adversos: Falhas relacionadas a medicamentos 16 (total 26), Falhas na identificação do paciente 0, Quedas 4, Falhas na comunicação 0, Agressão 0, Outros 6. Percentual de resolução de queixas da Ouvidoria: 100%. Percentual de aplicação da pesquisa de satisfação - Ambulatório: 22,03%; Internação: 69,07%.",ABEVIDA,2021,10,mensal,,10,5
2024,C:\OSS-Goias\documentos\ABEVIDA\CRESM\2024\34_Relatorio_Producao\RELATORIO-GERENCIAL-DE-PRODUCAO-10.2022.pdf,RELATORIO-GERENCIAL-DE-PRODUCAO-10.2022,-1,-1,-1,-1,-1,980,-1,1264,-1,-1,CREDEQ,98,4.615,-1,-1,0,-1,-1,-1,-1,13.69,97.08,-1,"Relatório Gerencial de Produção - 7º Termo Aditivo ao Contrato de Gestão 002/2014 - CREDEQ Jamil Issy, outubro de 2022. Consultas ambulatoriais totais somam Consulta Médica (482) + Consulta Multiprofissional (498) = 980. Internações medidas em diárias/mês (1264 vs meta 1085). Atendimento multiprofissional internação total: 2948. Enfermagem internação: 4624; Enfermagem CAPS IV: 3472. UAA executado: 762 diárias/mês vs meta 1240. Densidade de Incidência de IRAs: 1,361‰. Incidência Acumulada Global de IRAs: 4,615%. Taxa de Abandono e/ou Evasão (88,88%) acima da meta (<50%), não atingida. Indicadores UAA (taxa de residentes que saíram antes do tempo e taxa de residentes que permaneceram após o tempo máximo) reportados como N.A pois o projeto terapêutico iniciou em 1º de agosto de 2022 e ainda não há dados para mensuração. Percentual de resolução de queixas da Ouvidoria: 100%. Percentual de aplicação da pesquisa de satisfação: Ambulatório 20,88%, Internação 91,88%. Total de eventos adversos notificados em outubro: 21.",ABEVIDA,2022,10,mensal,,16,19
2024,C:\OSS-Goias\documentos\ABEVIDA\CRESM\2024\34_Relatorio_Producao\RELATORIO-GERENCIAL-DE-PRODUCAO-10.2023.pdf,RELATORIO-GERENCIAL-DE-PRODUCAO-10.2023,-1,-1,-1,-1,-1,2254,-1,-1,-1,-1,CRESM,95,3.12,-1,-1,0,-1,-1,-1,-1,34.96,97.13,-1,"Relatório referente a outubro de 2023. CRESM Prof. Jamil Issy. Contrato de Gestão 002/2014 SES-GO, 7º termo aditivo. Consultas ambulatoriais abaixo da meta devido à regulação via sistema SERVIR desde abril/2021. Consulta Médica realizada: 907 (meta 1.200); Consulta Multiprofissional realizada: 1.347 (meta 2.100). Total consultas ambulatoriais: 907+1.347=2.254. Densidade de Incidência de IRAS: 0,92% (por 1000 pacientes-dia). Incidência Acumulada Global de IRAS: 3,12%. Percentual de resolução de queixas da ouvidoria: 100%. Pesquisa de satisfação aplicada: Ambulatório 17,90%, Internação 86,98%. Total de eventos adversos notificados: 13. Documento datado de 16 de novembro de 2023, assinado por Danilo Fiorotto Campos, Diretor Técnico.",ABEVIDA,2023,10,mensal,,9,10
2024,C:\OSS-Goias\documentos\ISG\HDT\2024\34_Relatorio_Producao\Relatorio-Gerencial-de-Producao-10.2024.pdf,RELATORIO-GERENCIAL-DE-PRODUCAO-10.2024,-1,-1,2,-1,-1,2997,2717,294,-1,-1,HDT,-1,-1,-1,-1,2.0,-1,-1,-1,-1,8.9,96.0,-1,"Hospital Estadual de Doenças Tropicais Dr. Anuar Auad (HDT), gerido pela ISG. Contrato de Gestão nº 91/2012. Competência: outubro/2024. O percentual de ocorrência de rejeições no SIH não foi informado pois o dado é obtido em dois meses subsequentes. O percentual de suspensão de cirurgias eletivas por condições operacionais foi de 50% contra meta de 5% (não atingido). Fonte: RIH-HDT.",ISG,2024,10,mensal,,3,33
2024,C:\OSS-Goias\documentos\ABEVIDA\CRESM\2024\34_Relatorio_Producao\RELATORIO-GERENCIAL-DE-PRODUCAO-11.2018.pdf,RELATORIO-GERENCIAL-DE-PRODUCAO-11.2018,-1,-1,-1,-1,-1,3472,-1,-1,-1,-1,CREDEQ,-1,-1,-1,-1,-1,-1,-1,-1,-1,-1,-1,-1,"Relatório do CREDEQ Jamil Issy (Centro Estadual de Referência e Excelência em Dependência Química), Aparecida de Goiânia. Contrato de Gestão 002/2014, 2º Termo Aditivo com validade até 30/07/2019. Consulta médica atingiu acima de 90% da meta; Consulta Multiprofissional atingiu acima de 100% da meta. Paciente/dia realizado: 2880 vs meta 2800. Plano Terapêutico Individual: 85,93% vs meta ≥80%. Atenção ao usuário e Taxa de Abandono/Evasão: relatório enviado conforme prazo contratado. Total de consultas ambulatoriais calculado como soma de consulta médica (1077) + multiprofissional (2395) = 3472.",ABEVIDA,2018,11,mensal,,0,7
2024,C:\OSS-Goias\documentos\ABEVIDA\CRESM\2024\34_Relatorio_Producao\RELATORIO-GERENCIAL-DE-PRODUCAO-11.2018_XLSX.xlsx,RELATORIO-GERENCIAL-DE-PRODUCAO-11.2018_XLSX,-1,-1,-1,-1,-1,3472,-1,-1,-1,-1,CRESM,-1,-1,-1,-1,-1,1,-1,-1,-1,-1,-1,-1,Relatório referente ao 2º Termo Aditivo ao Contrato de Gestão 02/2014. Consultas ambulatoriais totalizam 3472 (1077 médicas + 2395 multiprofissionais). Paciente dia realizado: 2880 vs meta 2800. PTI atingido: 85.93% (meta >80%). Atenção ao Usuário e Taxa de Abandono/Evasão reportados como enviados dentro do prazo.,ABEVIDA,2018,11,mensal,,0,7
2024,C:\OSS-Goias\documentos\ABEVIDA\CRESM\2024\34_Relatorio_Producao\RELATORIO-GERENCIAL-DE-PRODUCAO-11.2020.pdf,RELATORIO-GERENCIAL-DE-PRODUCAO-11.2020,-1,-1,-1,-1,-1,1836,-1,-1,-1,-1,CREDEQ,98,0,-1,-1,0,-1,-1,-1,-1,51.6,68.49,-1,"Relatório Gerencial de Produção - 4º Termo Aditivo ao Contrato de Gestão 02/2014. CREDEQ Jamil Issy - Centro Estadual de Referência e Excelência em Dependência Química, Aparecida de Goiânia. Novembro de 2020. A taxa de ocupação ficou abaixo de 85% devido às medidas de combate ao Coronavírus (Covid-19), com isolamento de 14 dias na unidade de Desintoxicação (Detox). As atividades de grupo do ambulatório foram suspensas. Percentual de resolução de queixas da Ouvidoria: 100%. Pesquisa de satisfação: Ambulatório 15,86%, Internação 76,50%. Densidade de Incidência de IRAs: 0%. Incidência Acumulada Global de IRAs: 0%. Notificação de eventos adversos em novembro: 10 total (5 falhas relacionadas a medicamentos, 0 falhas na identificação do paciente, 1 queda, 0 falhas na comunicação, 0 agressão, 4 outros). Diretor Técnico: Danilo Fiorotto Campos.",ABEVIDA,2020,11,mensal,,11,10
2024,C:\OSS-Goias\documentos\ABEVIDA\CRESM\2024\34_Relatorio_Producao\RELATORIO-GERENCIAL-DE-PRODUCAO-11.2020.XLSX.xlsx,RELATORIO-GERENCIAL-DE-PRODUCAO-11.2020.XLSX,-1,-1,-1,-1,-1,748,-1,-1,-1,-1,CRESM,98,0,-1,-1,-1,-1,-1,-1,-1,51.6,68.49,-1,"Hospital de saúde mental/psiquiatria (CRESM). Atividades de grupo do ambulatório suspensas em virtude das ações de combate ao Coronavírus. Notificação de eventos adversos: falhas relacionadas a medicamentos=5 (total acumulado=10), falhas na identificação do paciente=0, quedas=1, falhas na comunicação=0, agressão=0, outros=4. Documento refere-se ao 4º Termo Aditivo ao Contrato de Gestão 02/2014.",ABEVIDA,2020,11,mensal,,11,16
2024,C:\OSS-Goias\documentos\ABEVIDA\CRESM\2024\34_Relatorio_Producao\RELATORIO-GERENCIAL-DE-PRODUCAO-11.2021.pdf,RELATORIO-GERENCIAL-DE-PRODUCAO-11.2021,-1,-1,-1,-1,-1,426,-1,-1,-1,-1,CREDEQ,96,29.82,-1,-1,1.75,-1,-1,-1,-1,50.9,76.98,-1,"Relatório referente ao 6º Termo Aditivo ao Contrato de Gestão 002/2014 do CREDEQ Jamil Issy, Novembro/2021. Consulta multiprofissional realizada: 688 (meta 2.100). Taxa de ocupação institucional abaixo da meta (76,98% vs ≥85%) justificada por medidas de combate ao Coronavírus e adequação ao processo de regulação via SISREG. Densidade de incidência de IRAS: 6,81% (por 1.000 pacientes-dia). Incidência acumulada global de IRAS: 29,82%. Percentual de satisfação do usuário: 96%. Percentual de resolução de queixas da Ouvidoria: 100%. Total de eventos adversos notificados em novembro: 35 (medicamentos: 22, identificação do paciente: 3, quedas: 5, comunicação: 0, agressão: 0, outros: 5). Pesquisa de satisfação: ambulatório 20,32%, internação 76,56%. Ofício Circular SES nº 902/2021 prorroga suspensão da obrigatoriedade de manutenção das metas quantitativas e qualitativas até 31/12/2021.",ABEVIDA,2021,11,mensal,,10,10
2024,C:\OSS-Goias\documentos\ABEVIDA\CRESM\2024\34_Relatorio_Producao\RELATORIO-GERENCIAL-DE-PRODUCAO-11.2022.pdf,RELATORIO-GERENCIAL-DE-PRODUCAO-11.2022,-1,-1,-1,-1,-1,-1,-1,-1,-1,-1,CREDEQ,96.0,3.7,-1,-1,0.0,-1,-1,-1,-1,10.71,94.68,-1,"Relatório referente ao 7º Termo Aditivo ao Contrato de Gestão 002/2014 do CREDEQ Jamil Issy (Centro Estadual de Referência e Excelência em Dependência Química), novembro/2022. Indicadores de desempenho gerais: PTI (Internações) = 100%; Taxa de pacientes com alta com compartilhamento APS = 86%; Razão de consultas ofertadas = 1.4; Taxa de Readmissão Hospitalar = 0%; Taxa de Recaída = 3,48%; Taxa de Abandono e/ou Evasão = 39,53%; Taxa de Ocupação Institucional = 94,68%. CAPS IV: Taxa de Ocupação de Leitos de Observação = 75,37%; Média de Permanência em Leitos de Observação = 10,71 dias; Taxa de atendimento às situações de crise = 97%. UAA: indicadores N.A. pois projeto iniciou em agosto/2022. Percentual de resolução de queixas da Ouvidoria = 100%. Pesquisa de satisfação: Ambulatório 19,91%; Internação 108%. Densidade de Incidência de IRAS = 1,23%; Incidência Acumulada Global de IRAS = 3,70%. Total de eventos adversos notificados = 17. Atendimento médico e multiprofissional internação total = 2646; Enfermagem internação = 4099; Enfermagem CAPS IV = 4527. Relatório finalizado em 20/12/2022 com retificações posteriores nos dados de atendimentos multiprofissionais do CAPS IV.",ABEVIDA,2022,11,mensal,,16,9
2024,C:\OSS-Goias\documentos\ABEVIDA\CRESM\2024\34_Relatorio_Producao\RELATORIO-GERENCIAL-DE-PRODUCAO-11.2023.pdf,RELATORIO-GERENCIAL-DE-PRODUCAO-11.2023,-1,-1,-1,-1,-1,1865,-1,-1,-1,-1,CRESM,99,1.39,-1,-1,1.38,-1,-1,-1,-1,42.65,94.78,-1,"Relatório referente a novembro de 2023. CRESM Prof. Jamil Issy, Contrato de Gestão 002/2014, SES-GO, 7º termo aditivo. Atendimentos ambulatoriais ficaram abaixo das metas devido à adequação do processo de regulação via sistema SERVIR (a partir de abril/2021). Consultas ambulatoriais: Consulta Médica (770) + Consulta Multiprofissional (1.095) = 1.865. Densidade de Incidência de IRAS: 0,32% (por 1000 pacientes-dia). Incidência Acumulada Global de IRAS: 1,39%. Percentual de resolução de queixas da ouvidoria: 100%. Pesquisa de satisfação - aplicação: Ambulatório 38,17%, Internação 81,56%. Total de eventos adversos notificados: 7. Relatório assinado por Danilo Fiorotto Campos, Diretor Técnico, em 12/12/2023.",ABEVIDA,2023,11,mensal,,9,10
2024,C:\OSS-Goias\documentos\ABEVIDA\CRESM\2024\34_Relatorio_Producao\RELATORIO-GERENCIAL-DE-PRODUCAO-11.2024.xlsx,Relatorio-Gerencial-de-Producao-11.2024,-1,-1,-1,-1,-1,1036,-1,-1,-1,-1,CRESM,98,5.14,-1,-1,0.73,-1,-1,-1,-1,22.33,93.73,-1,"Relatório referente ao 9º Termo Aditivo ao Contrato de Gestão 02/2014. Hospital psiquiátrico/saúde mental (CRESM). Consultas ambulatoriais registradas apenas para consulta médica (1036); consulta multiprofissional: 1625. Produtividade multiprofissional de internação detalhada por categoria. Eventos adversos notificados: falhas relacionadas a medicamentos (mês:10, total:44), quedas:6, falhas no cadastro:7, falhas na dieta:5, agressão:1, tentativa de evasão:10, tentativa de autoextermínio:1, outros:4. Taxa de abandono/evasão: 0.33. Percentual de aplicação da pesquisa de satisfação: ambulatório 16.01%, internação 114.16%.",ABEVIDA,2024,11,mensal,,9,14
2024,C:\OSS-Goias\documentos\ABEVIDA\CRESM\2024\34_Relatorio_Producao\RELATORIO-GERENCIAL-DE-PRODUCAO-12.2018.pdf,RELATORIO-GERENCIAL-DE-PRODUCAO-12.2018,-1,-1,-1,-1,-1,3221,-1,-1,-1,-1,CREDEQ,-1,-1,-1,-1,-1,-1,-1,-1,-1,-1,-1,-1,"Relatório do CREDEQ Jamil Issy (Centro Estadual de Referência e Excelência em Dependência Química), Aparecida de Goiânia. Contrato de Gestão 002/2014, 2º Termo Aditivo, validade até 30/07/2019. Consultas ambulatoriais somam consulta médica (1042) + consulta multiprofissional (2179) = 3221. Paciente dia realizado: 3066 (meta: 2.800). Atenção ao usuário e Taxa de Abandono/Evasão: meta era envio do relatório até dia 10 do mês subsequente, cumprida (enviado). Plano Terapêutico Individual: meta ≥80%, realizado 86,53%. Relatório assinado por Salete Maria de Sousa Reis, Superintendente Executiva CREDEQ, em 18/01/2019.",ABEVIDA,2018,12,mensal,,0,7
2024,C:\OSS-Goias\documentos\ABEVIDA\CRESM\2024\34_Relatorio_Producao\RELATORIO-GERENCIAL-DE-PRODUCAO-12.2018_XLSX.xlsx,RELATORIO-GERENCIAL-DE-PRODUCAO-12.2018_XLSX,-1,-1,-1,-1,-1,1042,-1,-1,-1,-1,CRESM,-1,-1,-1,-1,-1,1,-1,-1,-1,-1,-1,-1,"Relatório referente ao 2º Termo Aditivo ao Contrato de Gestão 02/2014. Indicadores de Atenção ao Usuário e Taxa de Abandono/Evasão reportados como 'Enviado' (relatório enviado dentro do prazo). PTI realizado: 86,53% (meta >80%). Consulta multiprofissional realizada: 2179 (meta 2100). Consulta médica abaixo da meta: 1042 de 1200.",ABEVIDA,2018,12,mensal,,0,5
2024,C:\OSS-Goias\documentos\ABEVIDA\CRESM\2024\34_Relatorio_Producao\RELATORIO-GERENCIAL-DE-PRODUCAO-12.2020.pdf,RELATORIO-GERENCIAL-DE-PRODUCAO-12.2020,-1,-1,-1,-1,-1,1707,-1,-1,-1,-1,CREDEQ,99,1.67,-1,-1,0,-1,-1,-1,-1,45.96,71.39,-1,"Relatório referente ao 4º Termo Aditivo ao Contrato de Gestão 002/2014 do CREDEQ Jamil Issy (Centro Estadual de Referência e Excelência em Dependência Química), dezembro de 2020. A taxa de ocupação ficou abaixo da meta de 85% em virtude das medidas de contenção ao COVID-19 (isolamento de 14 dias na unidade de Desintoxicação). Atendimentos ambulatoriais abaixo da meta devido ao COVID-19 e à portaria SES 1616/2020 que suspendeu obrigatoriedade das metas contratuais a partir de 19/08/2020. Consultas ambulatoriais totais: consulta médica (705) + consulta multiprofissional (1002) = 1707. Percentual de Ocorrência de Rejeições no SIH de 79,66% (57,44% referem-se a erro de preenchimento no Sistema MV, já corrigidos). Incidência acumulada global de IRAS: 11,1%. Percentual de resolução de queixas da Ouvidoria: 97,06%. Percentual de aplicação da pesquisa de satisfação: Ambulatório 27,92%, Internação 70,79%. Eventos adversos em dezembro: total de 8 notificações (3 falhas medicamentos, 0 identificação paciente, 1 queda, 0 comunicação, 0 agressão, 4 outros). Diretor Técnico: Danilo Fiorotto Campos.",,2020,12,mensal,,11,10
2024,C:\OSS-Goias\documentos\ABEVIDA\CRESM\2024\34_Relatorio_Producao\RELATORIO-GERENCIAL-DE-PRODUCAO-12.2020.XLSX.xlsx,RELATORIO-GERENCIAL-DE-PRODUCAO-12.2020.XLSX,-1,-1,-1,-1,-1,705,-1,-1,-1,-1,CRESM,99,1.67,-1,-1,-1,-1,-1,-1,-1,45.96,71.39,-1,"Relatório referente ao 4º Termo Aditivo ao Contrato de Gestão 02/2014. Taxa de Recaída: 1,25%. Taxa de Readmissão: 0%. Taxa de Abandono/Evasão: 36,36%. Percentual de Ocorrência de Rejeições no SIH: 79,66%. Percentual de resolução de queixas da Ouvidoria: 97,06%. Percentual de aplicação da pesquisa de satisfação - Ambulatório: 27,92%; Internação: 70,79%. Incidência Acumulada Global de IRAS: 11,1%. Eventos adversos notificados: Falhas relacionadas a medicamentos (mês: 3, total: 8), Quedas (1), Outros (4). Atividades de grupo do ambulatório suspensas devido ao Coronavírus.",ABEVIDA,2020,12,mensal,,11,5
2024,C:\OSS-Goias\documentos\ABEVIDA\CRESM\2024\34_Relatorio_Producao\RELATORIO-GERENCIAL-DE-PRODUCAO-12.2021.pdf,RELATORIO-GERENCIAL-DE-PRODUCAO-12.2021,-1,-1,-1,-1,-1,1127,-1,-1,-1,-1,CREDEQ,98,37.2,-1,-1,0,-1,-1,-1,-1,34.08,63.11,-1,"Relatório referente ao 6º Termo Aditivo ao Contrato de Gestão 002/2014. Consultas ambulatoriais totais (441 médicas + 686 multiprofissionais = 1127). Densidade de Incidência de IRAS: 7,57%. Incidência Acumulada Global de IRAS: 37,20%. Percentual de satisfação do usuário: 98%. Percentual de resolução de queixas da Ouvidoria: 100%. Pesquisa de satisfação - aplicação Ambulatório: 23,82%; Internação: 65,93%. Notificação de eventos adversos dezembro: total 11 (medicamentos:4, identificação:0, quedas:3, comunicação:0, agressão:0, outros:4). Valores abaixo das metas devido a medidas contra COVID-19 e adequação do processo de regulação via SISREG. OSS gestora informada pelo usuário como ABEVIDA; documento não menciona explicitamente a OSS.",ABEVIDA,2021,12,mensal,,10,10
2024,C:\OSS-Goias\documentos\ABEVIDA\CRESM\2024\34_Relatorio_Producao\RELATORIO-GERENCIAL-DE-PRODUCAO-12.2022.pdf,RELATORIO-GERENCIAL-DE-PRODUCAO-12.2022,-1,-1,-1,-1,-1,824,-1,-1,-1,-1,CREDEQ,97,5.81,-1,-1,0,-1,-1,-1,-1,7.66,92.93,-1,"Relatório Gerencial de Produção - 7º Termo Aditivo ao Contrato de Gestão 002/2014 do CREDEQ Jamil Issy, dezembro de 2022. Unidade especializada em dependência química. Serviços: Ambulatório de Saúde Mental Adulto, Internação, CAPS IV com Leitos de Observação, UAA (Unidade de Acolhimento Adulto) e Odontologia. Atendimentos de enfermagem na Internação: 4364; no CAPS IV: 5453. Total de atendimentos multiprofissionais na Internação: 2412. Densidade de Incidência de IRAS: 1,80%; Incidência Acumulada Global de IRAS: 5,81%. Notificações de eventos adversos em dezembro: 44 total (Falhas em medicamentos: 26, Falhas na identificação do paciente: 10, Quedas: 3, Falhas na dieta: 5). Indicadores UAA reportados como N.A. pois o projeto terapêutico de 6 meses teve início em 1/8/2022. Pesquisa de Satisfação: Ambulatório 13,25%, Internação 145,66% de aplicação. OSS gestora não identificada no documento.",,2022,12,mensal,,16,21
2024,C:\OSS-Goias\documentos\ABEVIDA\CRESM\2024\34_Relatorio_Producao\RELATORIO-GERENCIAL-DE-PRODUCAO-12.2023.pdf,RELATORIO-GERENCIAL-DE-PRODUCAO-12.2023,-1,-1,-1,-1,-1,2262,-1,-1,-1,-1,CRESM,99,5.71,-1,-1,1.42,-1,-1,-1,-1,47.5,97.9,-1,"Relatório referente a dezembro/2023. Contrato de Gestão 002/2014 SES-GO, 7º termo aditivo. Atendimentos ambulatoriais ficaram abaixo das metas devido à adequação do processo de regulação via sistema SERVIR (a partir de abril/2021). Percentual de resolução de queixas da ouvidoria: 100%. Pesquisa de satisfação - percentual de aplicação: Ambulatório 25,75%, Internação 43,35%. Densidade de incidência de IRAS: 1,22%. Incidência acumulada global de IRAS: 5,71%. Total de notificações de eventos adversos em dezembro: 9 (falhas relacionadas a medicamentos: 4, falhas na identificação do paciente: 2, quedas: 3). Consultas ambulatoriais totais: 882 (Consulta Médica) + 1380 (Consulta Multiprofissional) = 2262.",ABEVIDA,2023,12,mensal,,9,10
2024,C:\OSS-Goias\documentos\ABEVIDA\CRESM\2024\34_Relatorio_Producao\RELATORIO-GERENCIAL-DE-PRODUCAO-12.2024.pdf,RELATORIO-GERENCIAL-DE-PRODUCAO-12.2024,-1,-1,-1,-1,-1,2746,-1,-1,-1,-1,CRESM,94,3.84,-1,-1,1.53,-1,-1,-1,-1,24.58,92.53,-1,"Relatório do CRESM Prof. Jamil Issy referente a dezembro de 2024, Contrato de Gestão 002/2014 SES-GO. Consultas ambulatoriais totais: Consulta Médica (1088) + Consulta Multiprofissional (1658) = 2746. Internação em paciente/dia: 3098 (meta 3119). Taxa de Ocupação Institucional: 92,53% (meta ≥95%). PTI: 100% (meta >100%). Usuários referenciados pós-alta: 100% (meta ≥90%). Média de permanência: 24,58 dias (meta ≥28 dias). Rejeições no SIH: 0% (meta ≥7%). Taxa de Readmissão (29 dias): 1,53%. Taxa de Abandono/Evasão: 40,76%. Densidade de Incidência de IRAS: 1,61‰. Incidência Acumulada Global de IRAS: 3,84%. Satisfação do usuário: 94%. Resolução de queixas da ouvidoria: 100%. Percentual de aplicação da pesquisa de satisfação: Ambulatório 10,84%, Internação 92,95%. Total de eventos adversos notificados: 67. Documento assinado pela Superintendente Executiva em 16/01/2025.",ABEVIDA,2024,12,mensal,,9,10
2024,C:\OSS-Goias\documentos\ABEVIDA\CRESM\2024\34_Relatorio_Producao\RELATORIO-GERENCIAL-DE-PRODUCAO-ABRIL-DE-2020-Assinado-1.pdf,RELATORIO-GERENCIAL-DE-PRODUCAO-ABRIL-DE-2020-Assinado-1,-1,-1,-1,-1,-1,303,-1,37,-1,-1,CREDEQ,95,0,-1,-1,-1,-1,-1,-1,-1,-1,62.75,108,"Relatório Gerencial de Produção - 4º Termo Aditivo ao Contrato de Gestão 002/2014, referência abril de 2020. CREDEQ Professor Jamil Issy, gerido pela Associação Comunidade Luz da Vida. Total de pacientes admitidos no mês: 37. Paciente-dia realizado: 2033 (meta 2800). Taxa de ocupação: 62,75% (abaixo da meta de 85%) devido às medidas de combate ao CoronaVírus (Covid-19): ambulatório fechado até 13/04, reaberto com 50% de capacidade a partir de 14/04/2020; isolamento de 14 dias para admitidos na unidade de Desintoxicação (Detox). Número de infecções do período: 0; Densidade de incidência de IRAS: 0%. Satisfação do usuário: 203 avaliações bom/ótimo de 213 respostas = 95%. Ouvidoria: 227 demandas respondidas de 230 abertas = 98,70%. Notificação de eventos adversos em abril: total 4 (1 falha medicamento, 1 identificação paciente, 1 queda, 0 comunicação, 0 agressão, 1 outros). Enfermagem não apresentou valor numérico na tabela de produtividade multiprofissional.",Associação Comunidade Luz da Vida,2020,4,mensal,,10,10
2024,C:\OSS-Goias\documentos\Albert Einstein\HUGO\2024\34_Relatorio_Producao\Relatorio-gerencial-de-Producao-Agosto-2024.pdf,Relatorio-gerencial-de-Producao-Agosto-2024,750,1854,354,757,403,2368,50927,762,-1,-1,HUGO,-1,-1,-1,-1,3.67,-1,-1,-1,-1,9.19,95.44,-1,"Relatório referente ao período de 08/08/2024 a 31/08/2024 (24 dias), Termo de Colaboração nº 097/2024. A OSS gestora é a SBIBHAE (Sociedade Beneficente Israelita Brasileira Hospital Albert Einstein). O total de saídas hospitalares no período foi de 750. Total de leitos-dia operacionais no período: 7.222. Total de pacientes-dia: 6.893. Número de retornos à UTI em até 48h: 6; total de altas de UTI: 130. Percentual de Glosas no SIH em processamento. Em agosto, em média 60 pacientes em isolamento de precaução. Déficit operacional acumulado de R$ -2,6MM. Repasse operacional acumulado de R$ 55,7MM. Despesas operacionais acumuladas de R$ 58,4MM. Saldo de caixa final em agosto/24: R$ 34,7MM. As metas ajustadas foram calculadas proporcionalmente para 24 dias de contrato (meta plena × 24/31).",Albert Einstein (SBIBHAE),2024,8,mensal,,22,37
2024,C:\OSS-Goias\documentos\ABEVIDA\CRESM\2024\34_Relatorio_Producao\RELATORIO-GERENCIAL-DE-PRODUCAO-ANUAL-2019.xlsx,RELATORIO-GERENCIAL-DE-PRODUCAO-ANUAL-2019,-1,-1,-1,-1,-1,-1,-1,-1,-1,-1,CRESM,-1,-1,-1,-1,-1,-1,-1,-1,-1,-1,-1,-1,"Relatório referente ao 3º Termo Aditivo ao Contrato de Gestão 02/2014, ano 2019. Trata-se de hospital psiquiátrico (CRESM). Indicadores de taxa de ocupação institucional foram pactuados a partir de agosto/2019 conforme 3º termo aditivo. Valores mensais de paciente dia: Jan=2909, Fev=2745, Mar=3141, Abr=2957, Mai=3122, Jun=3101, Jul=3157, Ago=3154, Set=2970, Out=2810, Nov=2997, Dez=3139 (meta mensal=2800). Consulta médica mensal: Jan=1296, Fev=1243, Mar=1245, Abr=1322, Mai=1424, Jun=1215, Jul=1396, Ago=1354, Set=1166, Out=1193, Nov=1116, Dez=1099 (meta=1200). Consulta multiprofissional: Jan=2665, Fev=3048, Mar=2449, Abr=2566, Mai=2687, Jun=2140, Jul=2710, Ago=2563, Set=2101, Out=2653, Nov=2253, Dez=2160 (meta=2100). PTI mensal variou entre 0.85 e 0.8653 (meta >80%). Taxa de satisfação do usuário variou entre 0.94 e 0.985. Densidade de incidência de IRAS e incidência acumulada global de IRAS reportadas mensalmente. Notificação de eventos adversos registrada mensalmente com categorias: falhas em medicamentos, identificação, quedas, comunicação, agressão e outros.",ABEVIDA,2019,,anual,,14,5
2024,C:\OSS-Goias\documentos\ABEVIDA\CRESM\2024\34_Relatorio_Producao\RELATORIO-GERENCIAL-DE-PRODUCAO-ANUAL-2020.pdf,RELATORIO-GERENCIAL-DE-PRODUCAO-ANUAL-2020,-1,-1,-1,-1,-1,-1,-1,-1,-1,-1,CREDEQ,-1,-1,-1,-1,-1,-1,-1,-1,-1,-1,-1,-1,"Relatório Gerencial de Produção Anual 2020 - 3º Termo Aditivo ao Contrato de Gestão 02/2014. Hospital identificado no documento como CREDEQ (Centro Estadual de Referência e Excelência em Dependência Química de Aparecida de Goiânia - Prof. Jamil Issy). Dados apresentados mensalmente (Janeiro a Dezembro de 2020) sem totalização anual consolidada. Indicadores incluem: Paciente Dia (meta 2.800), Consulta Médica (meta 1.200), Consulta Multiprofissional (meta 2.100), Taxa de Ocupação Institucional (meta ≥85%), PTI (meta >80%), Média de Permanência, Percentual de Ocorrência de Rejeições no SIH, Taxa de Recaída, Taxa de Readmissão, Taxa de Abandono/Evasão, Produtividade Multiprofissional por categoria, Grupos no Ambulatório, Resolução de Queixas da Ouvidoria, Pesquisa de Satisfação, Satisfação do Usuário, Densidade e Incidência de IRAS, e Notificação de Eventos Adversos. OBS: atividades de grupo do ambulatório foram suspensas em virtude das ações de combate ao Coronavírus.",ABEVIDA,2020,,anual,,9,5
2024,C:\OSS-Goias\documentos\ABEVIDA\CRESM\2024\34_Relatorio_Producao\RELATORIO-GERENCIAL-DE-PRODUCAO-ANUAL-2022.pdf.pdf,RELATORIO-GERENCIAL-DE-PRODUCAO-ANUAL-2022.pdf,-1,-1,-1,-1,-1,-1,-1,-1,-1,-1,CRESM,-1,-1,-1,-1,-1,-1,-1,-1,-1,-1,-1,-1,"Relatório Gerencial de Produção - 6º e 7º Termo Aditivo ao Contrato de Gestão 02/2014, ano 2022. O documento é de um hospital psiquiátrico/CAPS (Centro de Atenção Psicossocial), não um hospital geral; por isso indicadores como internações cirúrgicas, UTI, exames e AIH não se aplicam. A partir de agosto de 2022 o perfil foi alterado e as metas foram repactuadas. Inclui seções de: Internação (paciente dia), Ambulatório, CAPS IV - Leitos de Observação, UAA - Unidade de Acolhimento Adulto, Atendimentos Odontológicos, Indicadores de Desempenho, Notificação de Eventos Adversos e Percentual de Resolução de Queixas da Ouvidoria. Taxas de recaída, readmissão, abandono/evasão, densidade de incidência de IRAS e incidência global de IRAS são reportadas mensalmente no documento. Percentual de satisfação do usuário reportado mensalmente. Eventos adversos notificados incluem falhas relacionadas a medicamentos, identificação do paciente, quedas, comunicação, processo de exames, cadastro, dieta, documentação, agressão e outros.",ABEVIDA,2022,,anual,,8,20
2024,C:\OSS-Goias\documentos\ABEVIDA\CRESM\2024\34_Relatorio_Producao\RELATORIO-GERENCIAL-DE-PRODUCAO-ANUAL-2022.xlsx.xlsx,RELATORIO-GERENCIAL-DE-PRODUCAO-ANUAL-2022.xlsx,-1,-1,-1,-1,-1,-1,-1,-1,-1,-1,CRESM,-1,-1,-1,-1,-1,-1,-1,-1,-1,-1,-1,-1,"Relatório Gerencial de Produção Anual 2022 - 6º e 7º Termo Aditivo ao Contrato de Gestão 02/2014. A partir de agosto de 2022 o perfil foi alterado e as metas repactuadas. O relatório cobre dois semestres com estruturas distintas: Jan-Jul (metas anteriores) e Ago-Dez (metas repactuadas). Inclui produção de: Internação psiquiátrica, Ambulatório adulto, CAPS IV com leitos de observação, UAA - Unidade de Acolhimento Adulto (iniciada em 01/08/2022). Grupos do ambulatório suspensos em virtude das ações de combate ao Coronavírus. Indicadores de qualidade incluem: taxa de ocupação institucional, PTI, taxa de recaída, readmissão, abandono/evasão, densidade de incidência de IRAS, satisfação do usuário, notificação de eventos adversos. Satisfação do usuário variou entre 96% e 99% ao longo do ano. Percentual de resolução de queixas da Ouvidoria variou entre 96,3% e 100% no período. UAA iniciou atividades em agosto/2022 com projeto terapêutico de 6 meses, sem dados mensuráveis para indicadores de permanência no período reportado.",ABEVIDA,2022,,anual,,30,49
2024,C:\OSS-Goias\documentos\ABEVIDA\CRESM\2024\34_Relatorio_Producao\RELATORIO-GERENCIAL-DE-PRODUCAO-ANUAL-2023.pdf.pdf,RELATORIO-GERENCIAL-DE-PRODUCAO-ANUAL-2023.pdf,-1,-1,-1,-1,-1,-1,-1,-1,-1,-1,CRESM,97,-1,-1,-1,-1,-1,-1,-1,-1,-1,-1,-1,"Relatório Gerencial de Produção Anual 2023 - 7º Termo Aditivo ao Contrato de Gestão 02/2014. O documento contempla unidades: Internação, Ambulatório Adulto, CAPS IV - Leitos de Observação, UAA - Unidade de Acolhimento Adulto. Indicadores de satisfação do usuário variaram entre 95% e 99% ao longo dos meses. Densidade de Incidência de IRAS variou entre 1,02% e 1,90% (Jul-Dez). Incidência Acumulada Global de IRAS variou entre 1,39% e 5,82% (Jul-Dez). Taxa de recaída variou entre 2,10% e 7,91% no segundo semestre. Taxa de readmissão variou entre 0% e 2,91% no segundo semestre. Taxa de Abandono/Evasão variou entre 30,20% e 43,75% no segundo semestre. Percentual de resolução de queixas da Ouvidoria: 100% em todos os meses reportados.",ABEVIDA,2023,,anual,,10,13
2024,C:\OSS-Goias\documentos\ABEVIDA\CRESM\2024\34_Relatorio_Producao\RELATORIO-GERENCIAL-DE-PRODUCAO-ANUAL-2023.xlsx.xlsx,RELATORIO-GERENCIAL-DE-PRODUCAO-ANUAL-2023.xlsx,-1,-1,-1,-1,-1,-1,-1,-1,-1,-1,CRESM,-1,-1,-1,-1,-1,-1,-1,-1,-1,-1,-1,-1,"Relatório anual 2023 - 7º Termo Aditivo ao Contrato de Gestão 02/2014. Hospital de saúde mental (CRESM) com serviços de internação psiquiátrica, CAPS IV (leitos de observação), UAA (Unidade de Acolhimento Adulto) e ambulatório adulto. Dados apresentados mensalmente para Jan-Jun (lado esquerdo) e Jul-Dez (lado direito) na planilha. Taxa de satisfação do usuário variou entre 0.95 e 0.99 ao longo do ano. Densidade de incidência de IRAS reportada mensalmente. Eventos adversos notificados mensalmente ao longo de 2023. Média de permanência em leitos de observação CAPS IV manteve-se abaixo da meta de 15 dias em todos os meses reportados (Jan-Jun).",ABEVIDA,2023,,anual,,24,144
2024,C:\OSS-Goias\documentos\ABEVIDA\CRESM\2024\34_Relatorio_Producao\RELATORIO-GERENCIAL-DE-PRODUCAO-ANUAL-2024.pdf.pdf,RELATORIO-GERENCIAL-DE-PRODUCAO-ANUAL-2024.pdf,-1,-1,-1,-1,-1,-1,-1,-1,-1,-1,CRESM,-1,-1,-1,-1,-1,-1,-1,-1,-1,-1,-1,-1,"Relatório Gerencial de Produção Anual 2024 - 7º e 9º Termo Aditivo ao Contrato de Gestão 02/2014. Trata-se de hospital psiquiátrico (CRESM). O documento está organizado em três blocos de meses: Jan-Jun, Julho (fracionado em dois períodos: 1 a 25 e 26 a 31 com metas distintas), e Ago-Dez com meta mensal diferente. Indicadores principais: Paciente Dia, Consulta Médica, Consulta Multiprofissional, Taxa de Ocupação Institucional, PTI, Média de Permanência, Percentual de Ocorrência de Rejeições no SIH (0% em todos os meses reportados), Taxa de Recaída, Taxa de Readmissão, Taxa de Abandono/Evasão, Percentual de Usuários Referenciados Pós-alta, Percentual de Satisfação do Usuário, Densidade de Incidência de IRAS, Incidência Acumulada Global de IRAS, e Notificação de Eventos Adversos. Assinado digitalmente por Salete Maria de Sousa Reis em 22/12/2025.",ABEVIDA,2024,,anual,,9,91
2024,C:\OSS-Goias\documentos\ABEVIDA\CRESM\2024\34_Relatorio_Producao\RELATORIO-GERENCIAL-DE-PRODUCAO-ANUAL-2024.xlsx.xlsx,RELATORIO-GERENCIAL-DE-PRODUCAO-ANUAL-2024.xlsx,-1,-1,-1,-1,-1,-1,-1,-1,-1,-1,CRESM,-1,-1,-1,-1,-1,-1,-1,-1,-1,-1,-1,-1,"Relatório anual 2024 referente ao 7º e 9º Termo Aditivo ao Contrato de Gestão 02/2014. O mês de julho foi fracionado em dois períodos distintos (1 a 25 e 26 a 31) com metas proporcionais diferentes. A partir de agosto a meta de taxa de ocupação passou de ≥85% para ≥95% e foram incluídos novos indicadores como Percentual de Usuários Referenciados Pós-alta (meta ≥90%) e Média de Permanência (meta ≥28 dias). Indicadores de satisfação do usuário mensal variam entre 0.92 e 0.98. Densidade de incidência de IRAS e incidência acumulada global de IRAS reportadas mensalmente. Notificação de eventos adversos registrada por categoria mês a mês ao longo de todo o ano. Produtividade multiprofissional detalhada por categoria (Psicologia, Enfermagem, Assistente Social, Educador Físico, Terapia Ocupacional, Nutrição Clínica, Odontologia, Musicoterapia) e médico internação reportados mensalmente. Consultas médicas e multiprofissionais ambulatoriais reportadas mensalmente. Não há dados de leitos, UTI, cirurgias, internações, exames, emergência, AIH, SIGTAP ou SIA-SUS neste relatório.",ABEVIDA,2024,,anual,,9,61
2024,C:\OSS-Goias\documentos\ISG\HDT\2024\34_Relatorio_Producao\Relatorio-Gerencial-de-Producao-Consolidado-Ano-2023_pdf.pdf,Relatorio-Gerencial-de-Producao-Consolidado-Ano-2023_pdf,-1,10448,31,106,-1,43133,131814,3048,-1,-1,HDT,-1,-1,-1,-1,1.89,-1,-1,-1,-1,9.0,90.0,-1,"Relatório Gerencial de Produção Consolidado referente ao Contrato de Gestão Nº 91/2012, período janeiro a dezembro de 2023. Hospital Estadual de Doenças Tropicais Dr. Anuar Auad (HDT), gerido pela OSS ISG. Indicadores de desempenho do 1º semestre: Taxa de Ocupação Hospitalar realizado 91% (meta 85%, PCM 107%); Média de Permanência 9,0 dias (meta 8, PCM 88%); Taxa de readmissão hospitalar 29 dias: 2,43% (meta 20%, PCM 188%); Taxa readmissão UTI 48h: 0% (meta 5%, PCM 200%). Indicadores de desempenho do 2º semestre (Jul-Set): Taxa de Ocupação 88% (meta 85%, PCM 103%); Média de Permanência 9,2 dias (meta 9, PCM 98%); Taxa readmissão 29 dias: 2,81% (meta 8%, PCM 165%). Indicadores Out-Dez: Taxa Ocupação 90% (meta 85%, PCM 105%); Média Permanência 9,0 dias (meta 9, PCM 100%). Cirurgias eletivas com baixo atingimento (52% da meta semestral no 2º semestre). Documento assinado por Antônio Jorge Maciel (Diretor Executivo) e Dra. Karine Borges de Medeiros (Diretora Técnica) em 15/02/2024.",ISG,2023,,anual,,3,22
2024,C:\OSS-Goias\documentos\ABEVIDA\CRESM\2024\34_Relatorio_Producao\RELATORIO-GERENCIAL-DE-PRODUCAO-E-ATA-DE-APROVACAO-PELO-CONSELHO-2019.pdf,RELATORIO-GERENCIAL-DE-PRODUCAO-E-ATA-DE-APROVACAO-PELO-CONSELHO-2019,-1,-1,-1,-1,-1,-1,-1,-1,-1,-1,CREDEQ,96,-1,-1,-1,-1,-1,-1,-1,-1,-1,92.09,108,"Relatório de Execução 2019 do CREDEQ Jamil Issy (Centro Estadual de Referência e Excelência em Dependência Química), Aparecida de Goiânia/GO. OSS gestora: Associação Comunidade Luz da Vida, Contrato de Gestão 002/2014-SES/GO. Em 2019 a unidade foi gerida até julho pelo 2º Termo Aditivo e de agosto a dezembro pelo 3º Termo Aditivo, com indicadores e metas diferentes por período. Total de leitos: 108. Meta mensal de paciente-dia: 2.800. Em fevereiro a meta não foi atingida (98% do previsto) devido ao mês ter apenas 28 dias. Consulta médica ambulatorial: meta mensal 1.200; Consulta multiprofissional: meta mensal 2.100. Taxa de satisfação do usuário variou entre 94% e 98% ao longo do ano. Densidade de incidência de IRAS foi baixa durante todo o ano. Indicadores de qualidade incluem PTI, Taxa de Ocupação, Taxa de Abandono/Evasão, Taxa de Recaída, Taxa de Readmissão e Percentual de Ocorrência de Rejeições no SIH. A taxa de ocupação em outubro ficou abaixo da meta de 85% (83,93%) devido a impasses na renovação do contrato de gestão.",Associação Comunidade Luz da Vida,2019,,anual,,14,7
2024,C:\OSS-Goias\documentos\ABEVIDA\CRESM\2024\34_Relatorio_Producao\RELATORIO-GERENCIAL-DE-PRODUCAO-FEVEREIRO-DE-2020-Assinado-1.pdf,RELATORIO-GERENCIAL-DE-PRODUCAO-FEVEREIRO-DE-2020-Assinado-1,-1,-1,-1,-1,-1,2265,-1,44,-1,-1,CREDEQ,98,1.04,-1,-1,-1,-1,-1,-1,-1,-1,92.05,108,"Relatório Gerencial de Produção - 3º Termo Aditivo ao Contrato de Gestão 002/2014 - CREDEQ Jamil Issy - Fevereiro de 2020. OSS gestora: Associação Comunidade Luz da Vida. Total de leitos: 108 (conforme fórmula de cálculo da meta). Taxa de ocupação institucional em fevereiro: 92,05% (meta ≥85%; indicador inicial na tabela de indicadores aparece como 94,12% possivelmente referente a período anterior). PTI: 100% (meta >80%). Consultas ambulatoriais não atingiram a meta devido a atraso no pagamento de salários dos colaboradores causando absenteísmo. Densidade de incidência de IRAS: 5,35 por 1000 pacientes-dia (3 infecções / 2882 pacientes-dia). Incidência acumulada global de IRAS: 1,04% (1 infecção / 44 pacientes admitidos). Percentual de satisfação do usuário: 98% (598 avaliações bom/ótimo de 612 respostas). Percentual de resolução de queixas da ouvidoria: 93,42%. Notificação de eventos adversos em fevereiro: total 9 (falhas medicamentos: 2, identificação paciente: 0, quedas: 2, falhas comunicação: 0, agressão: 0, outros: 5). Grupos ambulatoriais: Psicologia 18, Terapia Ocupacional 7. Pacientes atendidos em grupo pela Odontologia: 99.",Associação Comunidade Luz da Vida,2020,2,mensal,,11,10
2024,C:\OSS-Goias\documentos\ABEVIDA\CRESM\2024\34_Relatorio_Producao\RELATORIO-GERENCIAL-DE-PRODUCAO-JANEIRO-DE-2020-Assinado-1.pdf,RELATORIO-GERENCIAL-DE-PRODUCAO-JANEIRO-DE-2020-Assinado-1,-1,-1,-1,-1,-1,3191,-1,74,-1,-1,CREDEQ,98,0.31,-1,-1,-1,-1,-1,-1,-1,-1,94.12,108,"Relatório referente ao 3º Termo Aditivo ao Contrato de Gestão 002/2014-SES/GO. Período de vigência do termo: 31/07/2019 a 26/01/2020. Total de pacientes admitidos no mês: 74. Densidade de incidência de IRAS: 0,31% (1 infecção em 3151 pacientes-dia). Incidência acumulada global de IRAS: 1,35% (1 infecção em 74 pacientes admitidos). Percentual de resolução de queixas da ouvidoria: 98,60% (352 demandas respondidas de 357 abertas). Percentual de aplicação da pesquisa de satisfação: Ambulatório 15,55%, Internação 56,79%. Satisfação do usuário: 98% (629 avaliações bom/ótimo de 644 respostas). Notificação de eventos adversos em janeiro: 7 total (0 falhas medicamentos, 2 falhas identificação paciente, 5 quedas, 0 falhas comunicação, 0 agressão, 0 outros). Consultas ambulatoriais calculadas como soma de consulta médica (1102) + consulta multiprofissional (2089) = 3191.",Associação Comunidade Luz da Vida,2020,1,mensal,,14,10
2024,C:\OSS-Goias\documentos\ABEVIDA\CRESM\2024\34_Relatorio_Producao\RELATORIO-GERENCIAL-DE-PRODUCAO-JUNHO-DE-2020.pdf,RELATORIO-GERENCIAL-DE-PRODUCAO-JUNHO-DE-2020,-1,-1,-1,-1,-1,1779,-1,-1,-1,-1,CREDEQ,96,1.81,-1,-1,0,-1,-1,-1,-1,35.31,56,-1,"Relatório Gerencial de Produção – 4º Termo Aditivo ao Contrato de Gestão 002/2014, referência junho de 2020. CREDEQ Jamil Issy - Centro Estadual de Referência e Excelência em Dependência Química, Aparecida de Goiânia. Taxa de ocupação ficou abaixo de 85% devido às medidas de combate ao Coronavírus (Covid-19), com isolamento de 14 dias dos pacientes admitidos na unidade de Desintoxicação (Detox). Atendimentos ambulatoriais de grupo (Psicologia e Terapia Ocupacional) foram suspensos. Consultas ambulatoriais totalizadas: 635 (médica) + 1144 (multiprofissional) = 1779. Densidade de Incidência de IRAS: 0,55% (por 1000 pacientes-dia). Incidência Acumulada Global de IRAS: 1,81%. Percentual de resolução de queixas da Ouvidoria: 99,07%. Percentual de aplicação da pesquisa de satisfação: Ambulatório 8,56%, Internação 55,17%. Notificações de eventos adversos em junho: total 10 (falhas relacionadas a medicamentos: 2, falhas na identificação do paciente: 0, quedas: 3, falhas na comunicação: 0, agressão: 0, outros: 5). Diretor Técnico: Danilo Fiorotto Campos, CRM-GO 18122.",ABEVIDA,2020,6,mensal,,11,10
2024,C:\OSS-Goias\documentos\ABEVIDA\CRESM\2024\34_Relatorio_Producao\RELATORIO-GERENCIAL-DE-PRODUCAO-MAIO-DE-2020.pdf,RELATORIO-GERENCIAL-DE-PRODUCAO-MAIO-DE-2020,-1,-1,-1,-1,-1,1350,-1,-1,-1,-1,CREDEQ,95,0.49,-1,-1,0,-1,-1,-1,-1,36.55,60.4,-1,"Relatório Gerencial de Produção - 4º Termo Aditivo ao Contrato de Gestão 002/2014, referente a maio de 2020. CREDEQ Jamil Issy - Centro Estadual de Referência e Excelência em Dependência Química, Aparecida de Goiânia/GO. A taxa de ocupação ficou abaixo da meta (85%) devido às medidas de combate ao CoronaVírus (Covid-19), com isolamento de 14 dias na unidade de Desintoxicação (Detox). As atividades de grupo do ambulatório foram suspensas. Percentual de resolução de queixas da Ouvidoria: 98,32%. Percentual de aplicação da pesquisa de satisfação: Ambulatório 8,40%, Internação 52,59%. Densidade de Incidência de IRAS: 0,02%. Incidência Acumulada Global de IRAS: 0,49%. Notificações de eventos adversos em maio: Falhas relacionadas a medicamentos 2, Falhas na identificação do paciente 0, Quedas 3, Falhas na comunicação 0, Agressão 0, Outros 3, Total 8. Consultas ambulatoriais calculadas como soma de consulta médica (602) e consulta multiprofissional (748) = 1350.",,2020,5,mensal,,11,10
2024,C:\OSS-Goias\documentos\ABEVIDA\CRESM\2024\34_Relatorio_Producao\RELATORIO-GERENCIAL-DE-PRODUCAO-MARCO-DE-2020-Assinado-1.pdf,RELATORIO-GERENCIAL-DE-PRODUCAO-MARCO-DE-2020-Assinado-1,-1,-1,-1,-1,-1,688,-1,53,-1,-1,CREDEQ,95,3.77,-1,-1,-1,-1,-1,-1,-1,-1,84.72,108,"CREDEQ Professor Jamil Issy, Aparecida de Goiânia. Relatório Gerencial de Produção referente ao 3º Termo Aditivo ao Contrato de Gestão 002/2014, março de 2020. OSS gestora: Associação Comunidade Luz da Vida. Ambulatório operou com 50% da capacidade de 19 a 23/03/2020 e interrompeu funcionamento em 25/03/2020 devido à Covid-19 (Portaria nº 511/2020-SES). Taxa de ocupação ficou abaixo de 85% devido a medidas de contenção da Covid-19 (isolamento de 14 dias na unidade de Desintoxicação). Paciente-dia realizado: 2.833 (meta: 2.800). Consulta médica ambulatorial: 688 (meta: 1.200). Consulta multiprofissional ambulatorial: 1.204 (meta: 2.100). Densidade de incidência de IRAS: 0,70% (2 infecções / 2833 pacientes-dia). Incidência acumulada global de IRAS: 3,77% (2 infecções / 53 admissões). Satisfação do usuário: 95% (697/734 avaliações entre bom e ótimo). Percentual de resolução de queixas da ouvidoria: 99,79% (477/478 demandas). Grupos no ambulatório: Psicologia 17, Terapia Ocupacional 3. Notificações de eventos adversos em março: quedas 5, outros 3, total 8. Diretor Técnico: Danilo Fiorotto Campos.",Associação Comunidade Luz da Vida,2020,3,mensal,,9,10
2024,C:\OSS-Goias\documentos\Albert Einstein\HUGO\2024\34_Relatorio_Producao\Relatorio-gerencial-de-producao-Novembro-2024.pdf,Relatorio-gerencial-de-producao-Novembro-2024,1094,2517,461,971,510,2729,61522,1094,-1,-1,HUGO,-1,-1,-1,-1,3.89,-1,-1,1463,-1,7.55,94.0,-1,"Relatório de Prestação de Contas referente ao Termo de Colaboração nº 097/2024, período 01/11/2024 a 30/11/2024. Gestora: SBIBHAE (Albert Einstein). Total de saídas hospitalares: 1094. Total de leitos-dia operacionais: 8799. Total de pacientes-dia: 8260. Total de altas UTI: 127. Readmissões UTI em até 48h: 3. Readmissões hospitalares (mesmo CID, até 29 dias): 43 pacientes de 1104 internações. Cirurgias eletivas suspensas: 3 de 461. CME do HUGO reaberta apenas em 14/11/2024 após validação da vigilância sanitária, impactando produção cirúrgica. Absenteísmo ambulatorial: 546 ausências e 42 perdas primárias. Déficit Operacional Acumulado: R$ -15,4MM. Déficit do Exercício Acumulado: R$ -13,8MM. Em novembro/2024 foram mantidos cerca de 50 pacientes diariamente em precaução especial por MDR. Taxa de LP adquiridas em novembro: 8,0. Never events em novembro: 26 lesões.",SBIBHAE - Albert Einstein,2024,11,mensal,,21,31
2024,C:\OSS-Goias\documentos\Albert Einstein\HUGO\2024\34_Relatorio_Producao\Relatorio-gerencial-de-producao-Outubro-2024-Retificacao.pdf,Relatorio-gerencial-de-producao-Outubro-2024-Retificacao,-1,-1,499,1048,549,-1,-1,1137,-1,-1,HUGO,-1,-1,-1,-1,-1,-1,-1,-1,-1,-1,-1,-1,"Relatório retificado (Ofício nº 0318/2024, retificando Ofício nº 0307/2024), referente ao Termo de Colaboração nº 097/2024, período 01/10/2024 a 31/10/2024. OSS gestora: SBIBHAE (Sociedade Beneficente Israelita Brasileira Hospital Albert Einstein). SADT Interno total outubro: 61591 (sem meta definida). Cirurgias eletivas agrupadas sob meta conjunta de 450. Metas de discriminação de cirurgias e SADT interno não definidas no contrato (marcadas como ***). Radiografia com contraste e Endoscopia vias urinárias SADT Externo Realizado constam como NA (não aplicável).",Albert Einstein,2024,10,mensal,,3,28
2024,C:\OSS-Goias\documentos\Albert Einstein\HUGO\2024\34_Relatorio_Producao\Relatorio-gerencial-de-producao-Outubro-2024.pdf,Relatorio-gerencial-de-producao-Outubro-2024,1137,2464,499,1048,549,2423,61591,1109,-1,-1,HUGO,-1,-1,-1,-1,2.98,-1,-1,-1,-1,7.66,94.18,-1,"Relatório de outubro/2024. OSS gestora: Sociedade Beneficente Israelita Brasileira Hospital Albert Einstein (SBIBHAE). Termo de Colaboração nº 097/2024. Total de saídas hospitalares no período: 1.137. Total de internações para cálculo readmissão: 1.109. Total de altas de UTI: 128. Taxa de readmissão UTI em 48h: 3,13% (4 retornos). Percentual de suspensão de cirurgias eletivas: 2,61% (13 suspensas de 499). Percentual cirurgias com TMAT expirado: 13,43% (67 de 499). Razão consultas ofertadas: 0,88 (4423 ofertadas / 5000 propostas). Exames de imagem com resultado em até 10 dias: 100% (1769/1769). DAEI digitados oportunamente: 100% (381/381). DAEI investigados oportunamente: 100% (381/381). CME do HUGO fechada por determinação da vigilância sanitária, impactando capacidade cirúrgica. Déficit operacional acumulado: R$ -11,1MM. Déficit do exercício acumulado: R$ -9,8MM. Aproximadamente 60 pacientes em precaução especial em outubro. Taxa LP adquiridas outubro: 3,8. Never Events outubro: 1,4 (redução de 68,1% desde junho). Glosas SIH: em processamento.",Albert Einstein (SBIBHAE),2024,10,mensal,,33,32
2024,C:\OSS-Goias\documentos\Albert Einstein\HUGO\2024\34_Relatorio_Producao\Relatorio-gerencial-de-producao-Setembro-2024.pdf,Relatorio-gerencial-de-producao-Setembro-2024,1154,2493,508,1063,555,2378,66971,1154,-1,-1,HUGO,-1,-1,-1,-1,3.43,-1,-1,-1,-1,7.38,95.98,-1,"Relatório referente ao Termo de Colaboração nº 097/2024, período 01/09/2024 a 30/09/2024. OSS gestora: Sociedade Beneficente Israelita Brasileira Hospital Albert Einstein (SBIBHAE). Total de saídas hospitalares no período: 1.154. Total de leitos-dia operacionais: 8.872. Total de pacientes-dia: 8.515. Número de internações reportado como 1.166 (total de internações hospitalares para cálculo de readmissão). Cirurgias totais: 1.063 (508 eletivas + 555 urgências). Atendimentos de urgência totalizaram 2.493. SADT Interno total: 66.971. Glosas em processamento. Indicador TMAT: 33 cirurgias com TMAT expirado de 483 encaminhadas. Percentual de suspensão de cirurgias eletivas: 2,28% (11 suspensas de 483). Déficit operacional acumulado: R$ -6,0MM. Repasse operacional acumulado: R$ 77,3MM. Despesas operacionais acumuladas: R$ 83,3MM. Prevalência de lesões de pele setembro: 79 casos. Never Events setembro: 15 casos (redução de 65,91% desde junho). Atendimentos AVC: 374.",Albert Einstein,2024,9,mensal,,24,36
2024,C:\OSS-Goias\documentos\ABEVIDA\CRESM\2024\34_Relatorio_Producao\RELATORIO-GERENCIAL-DE-PRODUCAO_MAIO-ASSINADO-RETIFICADO.pdf,RELATORIO-GERENCIAL-DE-PRODUCAO_MAIO-ASSINADO-RETIFICADO,-1,-1,-1,-1,-1,-1,-1,-1,-1,-1,CRESM,98,2.22,-1,-1,2.38,-1,-1,-1,-1,9.27,96.39,-1,"Relatório do CRESM Prof. Jamil Issy referente a maio/2024, contrato de gestão 002/2014 SES-GO. Densidade de Incidência de IRAS: 2,35% (taxa/1000 pacientes-dia). Incidência Acumulada Global de IRAS: 2,22%. Total de eventos adversos notificados em maio: 5 (quedas: 2, falhas medicamentos: 1, falhas identificação paciente: 1, outros: 1). Atendimento multiprofissional CAPS IV total: 2.830. Atendimento médico e multiprofissional internação total: 3.828. UAA meta diária/mês: 1240, executado: 952. Percentual de aplicação da pesquisa: Ambulatório 14,02%, Internação 106,16%. O ano na pasta é 2024, porém o documento não especifica o ano explicitamente; foi adotado 2024 conforme instrução.",ABEVIDA,2024,5,mensal,,18,25
2024,C:\OSS-Goias\documentos\ABEVIDA\CRESM\2024\34_Relatorio_Producao\RELATORIO-GERENCIAL-DE-PRODUCAO_MAIO_XLS-RETIFICADO.xlsx,RELATORIO-GERENCIAL-DE-PRODUCAO_MAIO_XLS-RETIFICADO,36,-1,-1,-1,-1,539,-1,-1,-1,-1,CRESM,98.0,2.35,-1,-1,2.38,-1,-1,-1,-1,9.27,96.39,-1,"Relatório referente a MAIO 2023 (apesar do nome da aba conter 'Abril 2023'). Arquivo retificado. Alguns indicadores de qualidade (IRAS, satisfação) apresentam valores de referência 'Abril' na coluna de período, possivelmente dados do mês anterior. Taxa de ocupação institucional internação: 96.39% (valor 0.9639 convertido). Taxa de readmissão: 2.38% (0.0238). Densidade de Incidência de IRAS: 0.0235; Incidência Acumulada Global de IRAS: 0.0222. Notificação de eventos adversos: falhas relacionadas a medicamentos=5, falhas na identificação=1, quedas=2, outros=1. Percentual de aplicação da pesquisa: Ambulatório=14.02%, Internação=106.16%.",ABEVIDA,2023,5,mensal,,14,23
2024,C:\OSS-Goias\documentos\ABEVIDA\CRESM\2024\34_Relatorio_Producao\RELATORIO-GERENCIAL-E-DE-ATIVIDADES-ANUAL-E-ATA-DE-APROVACAO-2020.pdf,RELATORIO-GERENCIAL-E-DE-ATIVIDADES-ANUAL-E-ATA-DE-APROVACAO-2020,-1,-1,-1,-1,-1,-1,-1,-1,-1,-1,CREDEQ,97.0,-1,-1,-1,-1,-1,-1,-1,-1,-1,-1,-1,"Relatório Gerencial e de Atividades Anual 2020 do CREDEQ Jamil Issy (Centro Estadual de Referência e Excelência em Dependência Química), gerido pela ABEVIDA (Associação Brasileira de Esperança e Vida), Contrato de Gestão 002/2014-SES/GO. Meta mensal de internação: 2.800 paciente/dia; meta consulta médica ambulatorial: 1.200/mês; meta consulta multiprofissional: 2.100/mês. Taxa de ocupação variou entre 56% (junho) e 94,12% (janeiro), ficando abaixo da meta de 85% em vários meses devido à pandemia COVID-19. PTI atingiu 100% em quase todos os meses. Média de permanência variou entre 35,31 e 59,6 dias. Percentual de satisfação do usuário variou entre 95% e 99% ao longo dos meses. Densidade de incidência de IRAS reportada mensalmente. Total de eventos adversos notificados no ano: 123. No ano de 2020 não houve nenhum caso de contaminação por COVID-19 entre os pacientes internos. A farmácia atendeu em média 74 pacientes/dia, montando cerca de 26.640 kits de medicação anualmente. O CREDEQ possui 259 funcionários. Produtividade médica (Psiquiatra e Plantonista) na internação reportada mensalmente. Atendimentos em grupo ambulatorial suspensos a partir de abril/2020 devido ao COVID-19.",ABEVIDA,2020,,anual,,9,5
2024,C:\OSS-Goias\documentos\ABEVIDA\CRESM\2024\34_Relatorio_Producao\RELATORIO-GERENCIAL-E-DE-ATIVIDADES-ANUAL-E-ATA-DE-APROVACAO-2021.pdf,RELATORIO-GERENCIAL-E-DE-ATIVIDADES-ANUAL-E-ATA-DE-APROVACAO-2021,-1,-1,-1,-1,-1,-1,-1,-1,-1,-1,CREDEQ,-1,-1,-1,-1,-1,-1,-1,-1,-1,-1,-1,-1,"Relatorio Gerencial e de Atividades Anual 2021 do CREDEQ Prof. Jamil Issy, gerido pela ABEVIDA (Associacao Brasileira de Esperanca e Vida), Contrato de Gestao 002/2014 SES-GO. Metas mensais: Internacao paciente/dia=2800, Consulta Medica=1200, Consulta Multiprofissional=2100. Realizados mensais de internacao (paciente/dia): Jan=2416, Fev=1896, Mar=1659, Abr=1487, Mai=1911, Jun=2032, Jul=1886, Ago=2091, Set=2274, Out=2467, Nov=2494, Dez=2113. Consulta Medica realizada: Jan=780, Fev=789, Mar=606, Abr=507, Mai=405, Jun=445, Jul=450, Ago=496, Set=429, Out=457, Nov=426, Dez=441. Consulta Multiprofissional realizada: Jan=1422, Fev=1612, Mar=1244, Abr=1104, Mai=973, Jun=914, Jul=946, Ago=1038, Set=849, Out=694, Nov=688, Dez=686. Taxa de Ocupacao Institucional realizada mensalmente variou entre 49,55% e 99,13%, meta>=85%. PTI atingiu 100% em todos os meses. Media de Permanencia (dias) variou de 29,62 a 50,9 dias. Taxa de Abandono/Evasao variou de 38% a 90%. Satisfacao do usuario variou de 95% a 99% mensalmente. Densidade de Incidencia de IRAS acumulada chegou a 37,20% em dezembro. Total de eventos adversos notificados no ano: 200. O CREDEQ e a unica instituicao publica de Goias especializada em reabilitacao de dependencia quimica, gerida pela ABEVIDA. Relatorio aprovado em reuniao ordinaria do Conselho de Administracao da ABEVIDA em 06/01/2022.",ABEVIDA,2021,,anual,,9,5
2024,C:\OSS-Goias\documentos\ABEVIDA\CRESM\2024\34_Relatorio_Producao\RELATORIO-GERENCIAL-E-DE-ATIVIDADES-E-ATA-DE-APROVACAO-2022.pdf,RELATORIO-GERENCIAL-E-DE-ATIVIDADES-E-ATA-DE-APROVACAO-2022,-1,-1,-1,-1,-1,-1,-1,-1,-1,-1,CREDEQ,95.97,-1,-1,-1,-1,-1,-1,-1,-1,-1,-1,-1,"Relatório Gerencial e de Atividades Anual 2022 do CREDEQ Prof. Jamil Issy, gerido pela ABEVIDA (Associação Brasileira de Esperança e Vida), sob Contrato de Gestão 002/2014 SES-GO. Em 2022 houve dois termos aditivos: 6º TA (janeiro a julho) e 7º TA (agosto a dezembro), com perfis de metas distintos. A partir de janeiro/2022 iniciou atendimento ambulatorial de psiquiatria clínica; a partir de agosto/2022 foram implantados CAPS IV, UAA e outros serviços. Taxa de ocupação institucional (6º TA, jan-jul): Jan 53,10%, Fev 63,03%, Mar 69,53%, Abr 69,51%, Mai 69,05%, Jun 66,57%, Jul 70,25% - abaixo da meta de 85%. Média de permanência (dias) jan-jul: Jan 31,19, Fev 37,37, Mar 33,25, Abr 49, Mai 46,24, Jun 34,24, Jul 35,63. Taxa de abandono/evasão (jan-jul): Jan 3,92%, Fev 45,90%, Mar 37,83%, Abr 13,72%, Mai 31,70%, Jun 32,78%, Jul 33,82%. Satisfação do usuário mensal (2022): Jan 97%, Fev 98%, Mar 97%, Abr 99%, Mai 96%, Jun 98%, Jul 98%, Ago 99%, Set 98%, Out 98%, Nov 96%, Dez 97%. Densidade de incidência de IRAS reportada mensalmente. Produtividade multiprofissional internação detalhada por categoria (Psicologia, Enfermagem, Assistente Social, Educador Físico, Musicoterapeuta, Terapia Ocupacional, Nutrição Clínica, Odontologia) com valores mensais disponíveis nas páginas 58. Residência médica: 561 atendimentos pelo Dr. Cláudio Reimer e 412 pelo Dr. Danilo Fiorotto. Aprovação do relatório pela ABEVIDA realizada em reunião ordinária do Conselho de Administração em 06/01/2023.",ABEVIDA,2022,,anual,,9,107
2024,C:\OSS-Goias\documentos\ABEVIDA\CRESM\2024\34_Relatorio_Producao\RELATORIOS-DE-EXECUCAO-E-ATA-DE-APROVACAO-PELO-CONSELHO-2018.pdf,RELATORIOS-DE-EXECUCAO-E-ATA-DE-APROVACAO-PELO-CONSELHO-2018,-1,-1,-1,-1,-1,49397,-1,-1,-1,-1,CREDEQ,-1,-1,-1,-1,-1,-1,-1,-1,-1,-1,-1,-1,"Relatório de Execução 2018 do CREDEQ - Centro Estadual de Referência e Excelência em Dependência Química, Unidade Aparecida de Goiânia - Prof. Jamil Issy. Gestora: Associação Comunidade Luz da Vida. O relatório foi aprovado pelo Conselho de Administração em 07/12/2018, contando a produtividade referente aos meses de janeiro a novembro. Os dados de dezembro foram acrescentados apenas para comprovação da produção. Paciente/Dia contratada: 2800/mês; Atendimento Ambulatorial contratado: 3300/mês (Médico: 1200, Multiprofissional: 2100). Os totais anuais foram calculados somando os valores mensais reportados na tabela (jan-dez). Paciente/Dia realizado anual: 2866+2794+3239+3084+3140+3029+3007+3130+2993+3132+2981+3066=37261 (aproximado). Atendimento Ambulatorial Total realizado anual: 3271+3601+4070+4157+3876+3805+4699+5167+4156+4221+3903+3633=49559 (aproximado). Valores na tabela producao_vs_meta são aproximações baseadas na soma dos meses reportados.",Associação Comunidade Luz da Vida,2018,,anual,,2,4
2024,C:\OSS-Goias\documentos\AGIR\HUGOL\2024\34_Relatorio_Producao\Relatório Gerencial de Produção_HUGOL_01-2024_RET.pdf,Relatório Gerencial de Produção_HUGOL_01-2024_RET,1850,4047,315,-1,-1,5019,-1,1892,-1,-1,HUGOL,-1,-1,-1,-1,15.38,-1,-1,-1,-1,6.82,98.89,-1,"Relatório de Janeiro/2024. Total de Atendimento Médico Detalhado: 3.005 (meta 2.988). Total de Consulta Não Médica: 2.014 (meta 2.000). Atendimento de Urgências e Emergências: 4.047. SADT Interno: Raio X 6.117, Tomografia 4.511, Ressonância Magnética 88, Ultrassonografia 846. Acolhimento e Classificação de Risco total: 4.047 (Vermelho 76, Laranja 562, Amarelo 2.268, Verde 875, Azul 60, Sem classificação 206). Atendimento Não Médico Detalhado total: 2.014. Mortalidade operatória em cirurgias cardíacas (em até 07 dias): 3,09%. Tempo de porta aberta para hemodinâmica: 77 minutos. Percentual de glosas no SIH referente a Dezembro/2023: 0,04% (meta ≤7%). A partir de abril/24 os dados de cardiologia passaram a ser estratificados em cardiologia e cardiologia pediátrica.",AGIR,2024,1,mensal,,17,50
2024,C:\OSS-Goias\documentos\AGIR\HUGOL\2024\34_Relatorio_Producao\Relatório Gerencial de Produção_HUGOL_02-2024_RET.pdf,Relatório Gerencial de Produção_HUGOL_02-2024_RET,1712,4184,381,381,-1,2699,-1,1704,-1,-1,HUGOL,-1,-1,-1,-1,13.32,-1,-1,2235,-1,6.9,100.36,11264,"Relatório de produção referente a fevereiro/2024. Total leitos operacionais-dia do período: 11.264 (usado como proxy para total_leitos no schema, valor real de leitos físicos não informado). Total de pacientes-dia: 11.304. Total de saídas no período: 1.712. Percentual de ocorrências de glosas no SIH refere-se a Janeiro/2024 (3 rejeitados de 2.235 apresentados). Atendimento Não Médico Detalhado total: 1.909 (meta 2.000). SADT Interno: Raio X 5.892, Tomografia 4.712, Ressonância Magnética 99, Ultrassonografia 883. Cardiologia Pediátrica sem valor reportado (traço). Nota do documento: a partir de abril/24 os dados de cardiologia passaram a ser estratificados em cardiologia e cardiologia pediátrica. Mortalidade operatória em cirurgias cardíacas (em até 07 dias): 7,14%. Tempo de porta aberta para hemodinâmica: 118 minutos.",AGIR,2024,2,mensal,,17,50
2024,C:\OSS-Goias\documentos\AGIR\HUGOL\2024\34_Relatorio_Producao\Relatório Gerencial de Produção_HUGOL_03-2024_RET.xlsx,Relatório Gerencial de Produção_HUGOL_03-2024_RET,1851,4382,317,1635,-1,2713,-1,1851,-1,107,HUGOL,-1,-1,5.78,-1,14.61,1574,-1,-1,-1,6.92,95.73,411,"Relatório de março/2024. OSS gestora: AGIR. Taxa de ocupação geral (excluindo Clínica Pediátrica): 95,73%. Taxa de mortalidade global: 5,78% (107 óbitos em 1851 saídas). Taxa de mortalidade institucional (>24h): 5,13%. Total de cirurgias realizadas: 1635; taxa de cirurgia de urgência: 87,22%. Leitos operacionais: 411. Total saídas hospitalares: 1851. Readmissão hospitalar em até 29 dias: 14,61% (acima da meta de <8%). SADT Interno março: Raio X 6334, Tomografia 5168, Ressonância Magnética 104, Ultrassonografia 884. Atendimentos de Urgência/Emergência: 4382. BPA apresentado: 100%. Nota: a partir de abril/24, consultas de cardiologia passam a ser estratificadas em cardiologia adulto e cardiologia pediátrica.",AGIR,2024,3,mensal,,17,41
2024,C:\OSS-Goias\documentos\AGIR\HUGOL\2024\34_Relatorio_Producao\Relatório Gerencial de Produção_HUGOL_04-2024_RET.pdf,Relatório Gerencial de Produção_HUGOL_04-2024_RET,1811,4424,413,-1,-1,5011,-1,1792,-1,-1,HUGOL,-1,-1,-1,-1,15.07,-1,-1,2702,-1,7.1,102.88,-1,"Relatório de Produção referente ao mês de Abril/2024. Total de Internações Hospitalares: 1.792. Total de saídas no período: 1.811. Total de Atendimentos de Urgências e Emergências: 4.424. Atendimento Médico Detalhado total: 3.014 consultas. Atendimento Não Médico Detalhado total: 1.997. SADT Interno: Raio X 6.408, Tomografia 5.418, Ressonância Magnética 255, Ultrassonografia 936. Nota: A partir de abril/24, os dados das consultas médicas de cardiologia passaram a ser estratificados em cardiologia e cardiologia pediátrica. Percentual de ocorrências de glosas no SIH refere-se ao mês de Março/2024 (0,15%, meta ≤7%). Mortalidade operatória em cirurgias cardíacas (em até 07 dias): 5,95% (sem meta definida). Tempo de porta aberta para hemodinâmica: 117 minutos (sem meta definida).",AGIR,2024,4,mensal,,17,73
2024,C:\OSS-Goias\documentos\AGIR\HUGOL\2024\34_Relatorio_Producao\Relatório Gerencial de Produção_HUGOL_05-2024_RET.pdf,Relatório Gerencial de Produção_HUGOL_05-2024_RET,1941,4697,281,-1,-1,2831,-1,1944,-1,-1,HUGOL,-1,-1,-1,-1,13.22,-1,-1,2775,-1,6.71,103.59,-1,"Relatório de Produção HUGOL referente a maio/2024. A taxa de ocupação hospitalar de 103,59% exclui leitos de enfermaria pediátrica (TOH específica de 85%). Total de saídas no período: 1.941. Atendimentos de Urgência e Emergência: 4.697 com classificação de risco detalhada (Vermelho: 75, Laranja: 664, Amarelo: 2.801, Verde: 933, Azul: 30, Sem classificação: 194). SADT Interno: Raio X 7.278, Tomografia 5.966, Ressonância Magnética 272, Ultrassonografia 793. A partir de abril/2024, dados de consultas médicas de cardiologia passaram a ser estratificados em cardiologia e cardiologia pediátrica. Percentual de ocorrências de glosas no SIH referente a abril/2024.",AGIR,2024,5,mensal,,17,55
2024,C:\OSS-Goias\documentos\AGIR\HUGOL\2024\34_Relatorio_Producao\Relatório Gerencial de Produção_HUGOL_06-2024.xlsx,Relatório Gerencial de Produção_HUGOL_06-2024,1932,4581,244,-1,-1,2856,-1,1949,-1,-1,HUGOL,-1,-1,-1,-1,12.42,2303,-1,-1,-1,6.4281,100.96,-1,"Relatório de produção mensal de junho/2024 do HUGOL. A OSS gestora é a AGIR. Taxa de ocupação hospitalar em junho: 100,96% (meta >90%). Tempo médio de permanência: 6,43 dias (meta <7 dias). Taxa de readmissão hospitalar (29 dias): 12,42% (meta <8% - não atingido). Taxa de readmissão UTI (48h): 1,60% (meta <5% - atingido). Percentual de suspensão de cirurgias eletivas: 2,46% (meta <5% - atingido). Internações totais no período: 1.949. Altas hospitalares (saídas): 1.932. Atendimentos de urgência/emergência: 4.581. O documento contém dados comparativos com 2023 em aba separada. A partir de abril/2024, as consultas médicas de cardiologia passaram a ser estratificadas em cardiologia e cardiologia pediátrica. SADT Externo ofertado de Mapa: 0 realizado (meta 50). Tomografia realizada (1.108) muito acima da meta (300) possivelmente por mudança metodológica de contagem. Glosas SIH em maio/2024: 0,22% (meta <7%).",AGIR,2024,6,mensal,,20,35
2024,C:\OSS-Goias\documentos\AGIR\HUGOL\2024\34_Relatorio_Producao\Relatório Gerencial de Produção_HUGOL_07-2024.xlsx,Relatório Gerencial de Produção_HUGOL_07-2024,1913,4017,96,-1,-1,3158,-1,1896,-1,-1,HUGOL,-1,-1,-1,-1,8.02,-1,-1,-1,-1,6.771,101.02,-1,"Relatório de produção mensal referente a julho/2024. A taxa de readmissão hospitalar (29 dias) em julho foi 8,02%, próxima ao limite da meta (<8%). Taxa de ocupação hospitalar em julho: 101,02% (pacientes-dia: 12.237 / leitos operacionais-dia: 12.114). Tempo médio de permanência: 6,771 dias. Atendimentos de urgência/emergência em julho: 4.017. Índice de Intervalo de Substituição de leito: 6,4191 horas. Suspensão de cirurgias eletivas: 3,46%. Percentual de cirurgias com TMAT expirado: 15,47%. Nota: A partir de abril/2024, consultas de cardiologia passaram a ser estratificadas em cardiologia e cardiologia pediátrica. SADT Interno julho: Raio X: 7.225; Tomografia: 4.930; Ressonância Magnética: 127; Ultrassonografia: 901. Hemoterapia julho: Bolsas coletadas 691 (meta 1000); Hemocomponentes produzidos 1.896 (meta 2.100). Atendimentos de serviço social urgência/emergência julho: 919.",AGIR,2024,7,mensal,,20,45
2024,C:\OSS-Goias\documentos\AGIR\HUGOL\2024\34_Relatorio_Producao\Relatório Gerencial de Produção_HUGOL_08-2024.xlsx,Relatório Gerencial de Produção_HUGOL_08-2024,1912,4245,195,-1,-1,3135,-1,1903,-1,-1,HUGOL,-1,-1,-1,-1,4.68,3247,-1,-1,-1,6.6177,100.11,-1,"Relatório mensal de agosto/2024. Taxa de ocupação hospitalar em agosto: 100.11% (pacientes-dia: 11954, leitos operacionais-dia: 11941). Média de permanência: 6.6177 dias. Total de internações: 1903. Total de saídas: 1912. Atendimentos de urgência/emergência: 4245. Consultas médicas ambulatoriais: 3135 (meta 2988). Consultas não médicas: 1943 (meta 2000). Taxa de readmissão hospitalar em até 29 dias: 4.68% (meta <8%). Taxa de readmissão em UTI em até 48h: 1.28% (meta <5%). Suspensão de cirurgias eletivas: 1.03% (meta <5%). TMAT expirado: 13.76% (meta <25%). Glosas SIH agosto: 0.28% (meta <7%). Mortalidade operatória em cirurgias cardíacas em até 7 dias (agosto): 5.43%. SADT Interno agosto: Raio-X 7086, Tomografia 5119, Ressonância Magnética 97, Ultrassonografia 835. Atendimento de Urgências e Emergências total agosto: 4245. AACR agosto: Vermelho 48, Laranja 712, Amarelo 2525, Verde 777, Azul 33, Sem classificação 150. OSS gestora identificada como AGIR conforme contexto do documento.",AGIR,2024,8,mensal,,24,49
2024,C:\OSS-Goias\documentos\AGIR\HUGOL\2024\34_Relatorio_Producao\Relatório Gerencial de Produção_HUGOL_09-2024.xlsx,Relatório Gerencial de Produção_HUGOL_09-2024,1858,4413,433,-1,-1,3135,-1,1863,-1,-1,HUGOL,-1,-1,-1,-1,3.81,-1,-1,-1,-1,6.6814,101.1,-1,"Relatório de Setembro/2024. Taxa de ocupação hospitalar setembro: 101.1% (meta >90%). Tempo médio de permanência setembro: 6.68 dias (meta <7 dias). Taxa de readmissão hospitalar (29 dias) setembro: 3.81% (meta <8%). Taxa de readmissão UTI (48h) setembro: 1.64% (meta <5%). Suspensão de cirurgias eletivas setembro: 0.38% (meta <5%). Cirurgias com TMAT expirado setembro: 10.55% (meta <25%). Mortalidade operatória em cirurgias cardíacas (até 7 dias) setembro: 3.90%. Tempo de porta aberta para hemodinâmica setembro: 60 minutos. SADT Interno setembro: Raio X 6889, Tomografia 5324, Ressonância Magnética 95, Ultrassonografia 867. Atendimentos de Urgência/Emergência do Serviço Social setembro: 1022. Consultas médicas especializadas (setembro): total 3135. Consultas não médicas (setembro): total 1943. A OSS gestora não está explicitamente identificada no documento; AGIR foi fornecida como metadado. Janeiro foi dividido em dois períodos (1-14 e 15-31) nas tabelas. A partir de abril/2024 dados de cardiologia passaram a ser estratificados em cardiologia adulto e cardiologia pediátrica.",AGIR,2024,9,mensal,,25,49
2024,C:\OSS-Goias\documentos\AGIR\HUGOL\2024\34_Relatorio_Producao\Relatório Gerencial de Produção_HUGOL_10-2024.pdf,Relatório Gerencial de Produção_HUGOL_10-2024,1907,4388,256,-1,-1,2956,-1,1904,-1,-1,HUGOL,-1,-1,-1,-1,4.2,-1,-1,2366,-1,6.53,98.45,-1,"Relatório de Produção HUGOL referente a outubro/2024. Total de leitos operacionais-dia: 11.956; Total de pacientes-dia (TOH): 11.771; Total de pacientes-dia (TMP): 12.459; Total de saídas no período: 1.907; Internações hospitalares: 1.904; Retornos UTI em até 48h: 4; Saídas UTI por alta: 251; Cirurgias eletivas suspensas: 5; Cirurgias eletivas no mapa: 256; Cirurgias com TMAT expirado: 83; Cirurgias eletivas em lista de espera: 964; Consultas ofertadas: 5.899; Consultas propostas nas metas: 4.988; Exames de imagem entregues em até 10 dias: 910; Total de exames de imagem realizados: 969. SADT Interno: Raio X 6.724, Tomografia 5.530, Ressonância Magnética 105, Ultrassonografia 855. Atendimento de Urgências e Emergências: 4.388 (Vermelho 60, Laranja 733, Amarelo 2.502, Verde 896, Azul 22, Sem classificação 175). Serviço Social: Ambulatório 0, Urgência/Emergência 829. Percentual de ocorrências de glosas no SIH refere-se ao mês de Setembro. Mortalidade operatória em cirurgias cardíacas: 9,41%. Tempo de porta aberta para hemodinâmica: 75 minutos.",AGIR,2024,10,mensal,,29,73
2024,C:\OSS-Goias\documentos\AGIR\HUGOL\2024\34_Relatorio_Producao\Relatório Gerencial de Produção_HUGOL_11-2024.pdf,Relatório Gerencial de Produção_HUGOL_11-2024,1784,4199,334,-1,-1,4590,-1,1794,-1,-1,HUGOL,-1,-1,-1,-1,5.13,-1,-1,-1,-1,7.06,101.96,-1,"Relatório de Novembro/2024. Total de atendimentos médicos ambulatoriais: 2.761 (meta 2.988). Total de atendimentos não médicos ambulatoriais: 1.829 (meta 2.000). Atendimentos de Urgências e Emergências: 4.199. SADT Interno: Raio X 6.659, Tomografia 5.218, Ressonância Magnética 93, Ultrassonografia 934. Serviço Social: Ambulatório 0, Urgência/Emergência 911. AACR Total: 4.199 (Vermelho 54, Laranja 911, Amarelo 2.232, Verde 835, Azul 35, Sem classificação 132). Percentual de glosas no SIH refere-se ao mês de Outubro (0,25%, meta ≤7%). Mortalidade operatória em cirurgias cardíacas (até 07 dias): 8,00%. Tempo de porta aberta para hemodinâmica: 80 minutos. Total de saídas no período (TMP): 1.784. Número total de internações hospitalares (readmissão): 1.794.",AGIR,2024,11,mensal,,25,52
2024,C:\OSS-Goias\documentos\AGIR\HUGOL\2024\34_Relatorio_Producao\Relatório Gerencial de Produção_HUGOL_12-2024.pdf,Relatório Gerencial de Produção_HUGOL_12-2024,1848,4440,297,-1,-1,-1,-1,1830,-1,-1,HUGOL,-1,-1,-1,-1,4.97,-1,-1,-1,-1,7.1,102.43,-1,"Relatório dividido em dois períodos: 11º Termo Aditivo (01 a 19 de dezembro) e 12º Termo Aditivo (20 a 31 de dezembro). Total de Pacientes-dia (TMP): 13.120; Total saídas: 1.848. Atendimentos de Urgência/Emergência: 2.803 (01-19/dez) + 1.637 (20-31/dez) = 4.440 total. Atendimento Médico Detalhado total: 1.935 (01-19) + 570 (20-31). Atendimento Não Médico Detalhado total: 1.163 (01-19) + 679 (20-31). SADT Interno (01-19): Raio X 3.877, Tomografia 3.087, RM 36, Ultrassom 510. SADT Interno (20-31): Raio X 2.448, Tomografia 1.950, RM 23, Ultrassom 322. Mortalidade operatória em cirurgias cardíacas (em até 07 dias): 3,80%. Tempo de porta aberta para hemodinâmica: 75 minutos. Taxa de readmissão UTI em até 48h: 0,34% (meta ≤5%). Percentual glosas SIH (Novembro): 0,18% (meta ≤7%). A produção do indicador Cirurgia Eletiva de alto custo com OPME (20-31) não foi informada devido à recente assinatura do 12º Termo Aditivo.",AGIR,2024,12,mensal,,18,83
2024,C:\OSS-Goias\documentos\AGIR\HUGOL\2024\34_Relatorio_Producao\Relatório Gerencial de Produção_HUGOL_Consolidado 2024.xlsx,Relatório Gerencial de Produção_HUGOL_Consolidado 2024,-1,-1,-1,-1,-1,-1,-1,-1,-1,-1,HUGOL,-1,-1,-1,-1,-1,-1,-1,-1,-1,-1,-1,-1,"Relatório consolidado anual Janeiro/2024 a Dezembro/2024. Contrato de Gestão n° 003/2014 SES, 11° e 12° Termo Aditivo. Dezembro dividido em dois períodos: 01 a 19 (11° Termo Aditivo) e 20 a 31 (12° Termo Aditivo). Taxa de Ocupação Hospitalar mensal reportada como proporção (ex: 0.9889 = 98.89%), meta >= 90%. Tempo Médio de Permanência meta <= 7 dias. Taxa de Readmissão Hospitalar (29 dias) meta <= 8%; vários meses acima da meta (Jan-Jul). O resultado do indicador de percentual de ocorrência de glosas no SIH referente ao mês de dezembro será apresentado em fevereiro/2025. Bolsas de Sangue Total Coletadas: meta de dezembro (01-19) apresentada como 6113, possivelmente erro tipográfico no documento original. Diretor Geral: Guillermo Socrates Pinheiro de Lemos. Documento emitido em 16 de janeiro de 2025.",AGIR,2024,,anual,,8,116
2025,C:\OSS-Goias\documentos\Albert Einstein\HUGO\2025\34_Relatorio_Producao\01.-Relatorio-gerencial-de-producao-janeiro-2025.pdf,01.-Relatorio-gerencial-de-producao-janeiro-2025,1230,2662,507,1035,529,6063,70670,1230,-1,116,HUGO,-1,-1,9.43,-1,4.12,1710,-1,-1,-1,8.53,95.81,342,"Relatório de Produção Assistencial de Janeiro de 2025 do HUGO (Hospital de Urgências de Goiás Dr. Valdemiro Cruz), referente ao Termo de Colaboração nº 97/2024 - SES. Taxa de Mortalidade global: 9,43%; Taxa de Mortalidade Institucional (óbitos >24h): 8,13%; Taxa de Mortalidade Operatória: 2,82%. Total de trabalhadores: 2.287. Número leito operacional: 342. Total de pacientes-dia: 10.496. Total de leitos-dia operacionais: 10.955. Taxa de Cirurgia de Urgência: 51,11%. Tempo Médio de Permanência no PS: 276 min. Tempo Médio de Espera para o Primeiro Atendimento Médico: 34 min. Taxa de Atendimento Médico Dentro do Tempo Conforme Classificação de Risco: 66,70%. Atendimentos AVC (Projeto Angels): 448. Procedimentos SIH aprovados: 1.675; rejeitados: 35; apresentados: 1.710. A coluna 'Meta Mensal - 1º TA a partir de 01/02/2025' indica novas metas vigentes a partir de fevereiro de 2025.",Albert Einstein,2025,1,mensal,,30,33
2025,C:\OSS-Goias\documentos\Albert Einstein\HUGO\2025\34_Relatorio_Producao\02.-Relatorio-gerencial-de-producao-fevereiro-2025.xlsx,02.-Relatorio-gerencial-de-producao-fevereiro-2025,1119,2733,455,1005,550,6040,65724,1119,-1,112,HUGO,-1,-1,10.01,-1,4.11,1351,-1,-1,-1,8.82,96.4,342,"Relatório de fevereiro de 2025 do HUGO (Hospital de Urgências de Goiás Dr. Valdemiro Cruz), Termo de Colaboração nº 97/2024 - SES. A partir de 01/02/2025 entrou em vigor o 1º Termo Aditivo com novas metas mensais. Cirurgias eletivas em fevereiro: metas passaram a ser reportadas como NA (não aplicável) nas categorias individuais, sendo reportado apenas o total de eletivas e 2º tempo (455) e urgências (550). SADT Interno totalizou 65.443 procedimentos. Total de atendimentos AACR (classificação de risco) em fevereiro: 2.733. Atendimentos AVC (Projeto Angels): 405. Taxa de mortalidade global de fevereiro: 10.01%. Taxa de mortalidade institucional (óbitos >24h): 6.85%. Diretora Médica: Dra. Fabiana Rolla.",Albert Einstein,2025,2,mensal,,25,35
2025,C:\OSS-Goias\documentos\Albert Einstein\HUGO\2025\34_Relatorio_Producao\03.-Relatorio-Gerencial-de-Producao-marco-2025.pdf,03.-Relatorio-Gerencial-de-Producao-marco-2025,1129,2652,488,994,506,5465,70055,1129,-1,114,HUGO,-1,-1,10.1,-1,3.84,1618,-1,-1,-1,9.35,95.78,342,"Relatório de Produção referente a março de 2025. Termo de Colaboração nº 97/2024 - SES. Total de saídas hospitalares (março): 1129. Total de óbitos no mês (março): 114. Taxa de mortalidade global (março): 10,10%. Taxa de mortalidade institucional (óbitos >24h) março: 9,5%. Taxa de mortalidade operatória março: 1,87%. Leitos operacionais: 342. Taxa de cirurgia de urgência (março): 50,91%. Atendimentos AVC (Projeto Angels) março: 355. SADT Interno total março: 70.055. Acolhimento e classificação de risco total março: 2.652. Alguns indicadores farmacêuticos reportados como NA para todos os meses.",Albert Einstein,2025,3,mensal,,25,27
2025,C:\OSS-Goias\documentos\Albert Einstein\HUGO\2025\34_Relatorio_Producao\04.-Relatorio-Gerencial-de-Producao-abril-2025.pdf,04.-Relatorio-Gerencial-de-Producao-abril-2025,1052,2624,455,934,479,689,67746,1052,-1,90,HUGO,-1,-1,8.56,-1,4.93,-1,-1,1473,-1,9.33,95.56,342,"Relatório de produção assistencial referente ao mês de Abril de 2025, Termo de Colaboração nº 97/2024 - SES. O documento apresenta dados acumulados para Janeiro, Fevereiro, Março e Abril de 2025. Os valores extraídos correspondem ao mês de Abril. Taxa de Mortalidade Institucional (óbitos >24h) em Abril: 7,41%. Taxa de Mortalidade Operatória: 1,72%. Taxa de Cirurgia de Urgência: 51,28%. Total de leitos operacionais: 342. Total de trabalhadores (Abril): 2832. SADT Interno total Abril: 67.746 exames. Atendimentos AVC (Projeto Angels) Abril: 379. Consultas médicas ambulatoriais em Abril reportadas como 49 (provável dado parcial/incompleto no documento). Cirurgias total Abril: eletivas 455 + urgências 479 = 934.",Albert Einstein,2025,4,mensal,,32,28
2025,C:\OSS-Goias\documentos\Albert Einstein\HUGO\2025\34_Relatorio_Producao\05.-Relatorio-gerencial-de-producao-maio-2025.pdf,05.-Relatorio-gerencial-de-producao-maio-2025,1186,2686,500,1034,534,6281,75367,1186,-1,128,HUGO,-1,-1,10.79,-1,5.38,1496,-1,-1,-1,8.53,95.63,342,"Relatório de produção referente a maio/2025 do HUGO (Hospital de Urgências de Goiás Dr. Valdemiro Cruz), Termo de Colaboração nº 97/2024 - SES. A nova Meta Mensal (1º TA) passou a vigorar a partir de 01/02/2025. Total de leitos operacionais: 342. Taxa de mortalidade global maio: 10,79%; Taxa de mortalidade institucional (óbitos >24h): 9,19%; Taxa de mortalidade operatória: 2,12%. Tempo médio de permanência geral: 8,53 dias. Taxa de ocupação hospitalar: 95,63%. Cirurgias eletivas e 2º tempo: 500; cirurgias urgência: 534. Total de exames SADT Interno: 75.367. Total de atendimentos de urgência/emergência: 2.686. Total AACR: 2.686. Total atendimento porta de entrada: 2.686. Atendimentos AVC (Projeto Angels): 407. Percentual de suspensão de cirurgias programadas: 3,20%. Documento assinado digitalmente por Dr. Fabiana Rolla, Diretora Médica, em 12/06/2025.",Albert Einstein,2025,5,mensal,,31,36
2025,C:\OSS-Goias\documentos\ISG\HDT\2025\34_Relatorio_Producao\06-2025-Relatorio-Gerencial-de-Producao-novo-com-atualizacao.pdf,06-2025-Relatorio-Gerencial-de-Producao-novo-com-atualizacao,252,-1,3,-1,-1,3163,-1,252,-1,-1,HDT,-1,-1,-1,-1,1.6,-1,-1,-1,-1,7.3,90.0,-1,"Relatório referente ao Contrato de Gestão Nº 91/2012. Hospital Estadual de Doenças Tropicais Dr. Anuar Auad (HDT), gerido pelo ISG. Competência: junho/2025. O dado de Percentual de ocorrência de rejeições no SIH é obtido em dois meses subsequentes, portanto não disponível no período. Taxa de readmissão hospitalar reportada como '29 dias' no documento. Signatários: Dra Carolina de Oliveira Abrão (Diretora Técnica Interina) e Antônio Jorge Maciel (Diretor Executivo), ambos HDT/ISG, assinatura eletrônica em 11/07/2025.",ISG,2025,6,mensal,,3,30
2025,C:\OSS-Goias\documentos\Albert Einstein\HUGO\2025\34_Relatorio_Producao\06.-Relatorio-gerencial-de-producao-junho-2025.pdf,06.-Relatorio-gerencial-de-producao-junho-2025,1125,2683,461,-1,571,5235,72487,1125,-1,113,HUGO,-1,-1,10.04,-1,3.9,-1,-1,-1,-1,9.29,96.37,342,"Relatório de Produção Assistencial 2025 referente ao mês de junho/2025. Termo de Colaboração nº 97/2024 - SES. Leitos operacionais: 342. Taxa de mortalidade global junho: 10,04%. Taxa de mortalidade institucional (óbitos >24h): 8,89%. Taxa de mortalidade operatória: 2,20%. Total de óbitos no mês: 113. Total de saídas: 1.125. Taxa de ocupação hospitalar: 96,37%. Média de permanência: 9,29 dias. Índice de intervalo de substituição: 8,41 horas. SADT Interno total junho: 72.487. Atendimentos AVC (Projeto Angels) junho: 491. Atendimento hospital dia junho: 389. Meta mensal de internações alterada a partir do 1º TA em 01/02/2025. Percentual de glosas SIH junho: em processamento. Taxa de acurácia do estoque (junho): 98%. Documento assinado por Dr. Fabiana Rolla, Diretora Médica, HUGO.",Albert Einstein,2025,6,mensal,,39,37
2025,C:\OSS-Goias\documentos\ISG\HDT\2025\34_Relatorio_Producao\07-2025-Relatorio-Gerencial-de-Producao-1.pdf,07-2025-Relatorio-Gerencial-de-Producao-1,242,-1,-1,-1,-1,2510,3054,-1,-1,-1,HDT,-1,-1,-1,-1,4.6,-1,-1,-1,-1,9.4,82.0,-1,"Relatório referente ao Contrato de Gestão Nº 91/2012 e seus respectivos Termos Aditivos. Hospital Estadual de Doenças Tropicais Dr. Anuar Auad (HDT), gerido pelo ISG. Competência: julho/2025. O dado de Percentual de ocorrência de rejeições no SIH (meta 7%) não foi reportado pois é obtido em dois meses subsequentes. Tabela 4 não consta no documento. Diretora Técnica: Dra. Vivian Siqueira Furtado Passos; Diretor Executivo: Antônio Jorge Maciel.",ISG,2025,7,mensal,,2,31
2025,C:\OSS-Goias\documentos\IMED\HETRIN\2025\34_Relatorio_Producao\08_2025_RELATORIO_GERENCIAL_DE_PRODUCAO_AGO25.xlsx,08_2025_RELATORIO_GERENCIAL_DE_PRODUCAO_AGO25,-1,6551,131,325,194,3070,-1,504,-1,31,HETRIN,96.53,-1,6.31,-1,2.95,-1,-1,-1,-1,3.99,97.19,56,"Arquivo de referência: 08_2025_RELATORIO_GERENCIAL_DE_PRODUCAO_AGO25.xlsx. Hospital HETRIN (Hospital Estadual de Trindade Walda Ferreira dos Santos). OSS gestora: IMED. Período de referência: agosto de 2025. Os dados mais recentes das colunas #NAME? no documento correspondem ao mês de agosto de 2025, identificado como o último mês com valores preenchidos nas séries. A taxa de mortalidade global reportada para o último período com dados é 0.0631 (6.31%). Taxa de mortalidade institucional (>24h): 4.37% (último valor 0.0437). Total de óbitos/mês último período: 31. Total de saídas da UTI último período reportado: 39. Leito operacional: 56 (registrado no documento). Taxa de ocupação hospitalar: 97.19% (0.9719). Média de permanência: 3.99 dias. Taxa de readmissão pelo mesmo CID em até 29 dias: 2.95% (0.0295). Taxa de readmissão em UTI em até 48h: 3.23% (0.0323). Índice de Satisfação do Usuário último período: 96.53% (0.9653). Cirurgias eletivas realizadas totais (seção 09 - Cirurgia Eletiva): 131. Cirurgias de urgência totais (seção 10): 194. Percentual de cirurgias ortopédicas: 37.85% (0.3785). Tempo médio de espera por cirurgia ortopédica com OPME de alta complexidade: N/A. Cirurgia de segundo tempo realizada no último período: 6. SADT Externo Realizado total: 193 (meta 180). Glosas SIH: 0% no período recente.",IMED,2025,8,mensal,,25,20
2025,C:\OSS-Goias\documentos\ISG\HDT\2025\34_Relatorio_Producao\09-2025-Relatorio-Gerencial-de-Producao-retificado.pdf,09-2025-Relatorio-Gerencial-de-Producao-retificado,274,-1,-1,-1,-1,4066,4261,-1,-1,-1,HDT,-1,-1,-1,-1,2.2,-1,-1,-1,-1,8.1,89,-1,"Hospital Estadual de Doenças Tropicais Dr. Anuar Auad (HDT), gerido pela ISG. Contrato de Gestão nº 91/2012. Competência setembro/2025. Taxa de readmissão hospitalar referente a 29 dias. Taxa de readmissão em UTI referente a 48 horas. Percentual de rejeições no SIH realizado: 0%. Nota: 'O dado é obtido em dois meses subsequentes' referente a indicador não especificado. Signatários: Antônio Jorge Almeida Maciel (Diretor Executivo) e Vivian Siqueira Furtado Passos (Diretora Técnica), assinados em 15/10/2025.",ISG,2025,9,mensal,,2,31
2025,C:\OSS-Goias\documentos\Albert Einstein\HUGO\2025\34_Relatorio_Producao\09-2025-Relatorio-gerencial-de-producao-setembro-2025-1.pdf,09-2025-Relatorio-gerencial-de-producao-setembro-2025-1,1216,2965,582,-1,537,5340,73352,1216,-1,-1,HUGO,-1,-1,-1,-1,5.18,-1,-1,-1,-1,8.27,94.71,-1,"Relatório de Produção Assistencial setembro/2025 do HUGO - Termo de Colaboração nº 97/2024 - SES. Documento assinado digitalmente por Dr. Fabiana Rolla, Diretora Médica, em 10/10/2025. Taxa de ocupação hospitalar em setembro foi de 94,71%. SADT Interno setembro: Análises Clínicas 60.702, Tomografia Computadorizada 6.814, Raio X 4.408, Eletrocardiograma 760, Ecocardiograma 256, Ultrassonografia 136, Endoscopia Digestiva 177, Ultrassonografia Doppler 58, Colonoscopia 28, Broncoscopia 13, total 73.352. Atendimentos AVC (Projeto Angels) setembro: 392. Índice de intervalo de substituição setembro: 11,09 horas. Percentual de glosas SIH setembro: em processamento.",Albert Einstein,2025,9,mensal,,29,24
2025,C:\OSS-Goias\documentos\IMED\HETRIN\2025\34_Relatorio_Producao\09_2025_RELATORIO-GERENCIAL-DE-PRODUCAO-H-set.25-1.pdf,09_2025_RELATORIO-GERENCIAL-DE-PRODUCAO-H-set.25-1,-1,7830,131,327,195,3564,25451,501,29,9,HETRIN,-1,-1,-1,-1,3.49,608,-1,-1,-1,3.9,94.04,-1,"Relatório de Produção Assistencial e Desempenho Hospitalar referente ao 4º T.A ao Contrato de Gestão 037/2019, mês setembro/2025. Total de cirurgias realizadas: 327 (131 eletivas + 195 urgência + 1 cirurgia de segundo tempo não contabilizada separadamente). Cirurgias ortopédicas: 109 de 327 totais (33,33%). Tempo médio de espera por cirurgia ortopédica com OPME de alta complexidade: 48hs. Cirurgia de segundo tempo realizada: 6. SADT Interno total: 25.451 procedimentos. SADT Externo absenteísmo total: 23,0%. Taxa de Readmissão em UTI em até 48h (6,45%) não atingiu a meta de <5%. Glosas SIH referentes a ago-25: 0,00%. Elaborado em 10 de outubro de 2025 pela Diretora Geral Vânia Gomes Fernandes.",IMED,2025,9,mensal,,19,28
2025,C:\OSS-Goias\documentos\Albert Einstein\HUGO\2025\34_Relatorio_Producao\10-2025-Relatorio-gerencial-de-producao-outubro-2025.pdf,10-2025-Relatorio-gerencial-de-producao-outubro-2025,1216,2965,582,-1,537,5401,-1,1216,-1,-1,HUGO,-1,-1,-1,-1,5.18,-1,-1,1507,-1,8.27,109.97,-1,"Relatório de Produção Assistencial 2025 do HUGO (Hospital de Urgências de Goiás Dr. Valdemiro Cruz), Termo de Colaboração nº 97/2024 - SES. Documento datado de 10 de novembro de 2025, assinado pela Diretora Médica Dr. Fabiana Rolla. O relatório abrange o período acumulado de janeiro a outubro de 2025, com os dados de outubro sendo o mês de referência principal. A partir de fevereiro/2025 houve revisão de metas (1º TA a partir de 01/02/2025). Cirurgias por categoria (eletivas e urgências) sem meta definida. SADT Interno outubro: Colonoscopia 28, Endoscopia Digestiva 177, TC 6.814, Ultrassonografia 136, Ultrassonografia Doppler 58, Análises Clínicas 60.702, Ecocardiograma 256, Eletrocardiograma 760, Raio X 4.408, Broncoscopia 13, Total 73.352. Atendimento de urgência/emergência outubro: demanda espontânea 504, demanda regulada 2.461, total 2.965. Outubro processamento de glosas SIH em processamento. Taxa de acurácia do estoque outubro: 97%.",Albert Einstein,2025,10,mensal,,23,27
2025,C:\OSS-Goias\documentos\ISG\HDT\2025\34_Relatorio_Producao\10-2025-Relatorio-Gerencial-de-Producao.pdf,10-2025-Relatorio-Gerencial-de-Producao,259,-1,-1,-1,-1,3126,1836,259,-1,-1,HDT,-1,-1,-1,-1,2.3,-1,-1,-1,-1,8.6,88.0,-1,"Relatório referente ao Contrato de Gestão Nº 91/2012 - Hospital Estadual de Doenças Tropicais Dr. Anuar Auad (HDT), competência outubro/2025. Tabela 4 não consta no documento. Taxa de readmissão em UTI realizada igual a 0,0% (zerada). Percentual de rejeições no SIH realizado igual a 0%. O dado de um indicador é obtido em dois meses subsequentes (nota de rodapé). Assinado eletronicamente por Antônio Jorge Almeida Maciel (Diretor Executivo) e Vivian Siqueira Furtado Passos (Diretora Técnica) em 17/11/2025.",ISG,2025,10,mensal,,2,31
2025,C:\OSS-Goias\documentos\IMED\HETRIN\2025\34_Relatorio_Producao\10_2025_RELATORIO-GERENCIAL-DE-PRODUCAO_OUT25.pdf,10_2025_RELATORIO-GERENCIAL-DE-PRODUCAO_OUT25,-1,7293,131,332,201,3229,24547,395,37,14,HETRIN,-1,-1,-1,-1,1.5,-1,-1,584,-1,3.81,95.18,-1,"Relatório de Produção Assistencial referente ao 4º Termo Aditivo ao Contrato de Gestão 037/2019, competência outubro/2025. Total de cirurgias ortopédicas realizadas: 109 (32,83% do total de 332 cirurgias). Tempo médio de espera por cirurgia ortopédica com OPME de alta complexidade: 24 dias. Cirurgias de segundo tempo realizadas: 6. SADT Interno total: 24.547 (Laboratório: 18.635, Doppler: 45, ECG: 602, Raio-x: 3.816, TC: 1.384, Ultrassom: 65). Atendimentos de urgência/emergência por classificação de risco: Emergência 28, Muito Urgente 1.093, Urgente 2.814, Pouco Urgente 2.913, Não Urgente 79, Situação Incompatível 366. Saídas da UTI: Óbito 14, Alta 3, Transferência Externa 2, Transferência Interna 18, Total 37. Indicador 06 (Glosas SIH) referente a set-25. Perda de medicamentos por validade expirada: R$ 828,25 de R$ 241.629,58 inventariados (0,34%). Elaborado por Vânia Gomes Fernandes - Diretora Geral HETRIN, em 10/11/2025.",IMED,2025,10,mensal,,25,28
2025,C:\OSS-Goias\documentos\Albert Einstein\HUGO\2025\34_Relatorio_Producao\11-2025-Relatorio-gerencial-de-producao-novembro-2025.pdf,11-2025-Relatorio-gerencial-de-producao-novembro-2025,1348,2980,629,1072,443,6030,78808,1348,-1,-1,HUGO,-1,-1,-1,-1,4.01,2271,-1,-1,-1,7.66,108.07,-1,"Relatório de produção referente a novembro de 2025 do Hospital de Urgências de Goiás Dr. Valdemiro Cruz (HUGO), assinado pela Dra. Fabiana Rolla (Diretora Médica) em 10 de dezembro de 2025. Termo de Colaboração nº 97/2024 - SES. A partir de 01/02/2025 houve novo Termo Aditivo (1º TA) com metas revisadas. Dados de Dezembro constam como 0 (sem produção registrada no período do relatório). SADT Interno novembro: total 78.808 exames. Atendimentos de Urgência e Emergência novembro: 2.980 (demanda espontânea 509 + regulada 2.471). Cirurgias urgência por especialidade disponíveis apenas a partir de outubro/2025. Taxa de Ocupação Hospitalar em novembro: 108,07% (considerando leitos operacionais). Média de permanência: 7,66 dias. Taxa de readmissão hospitalar 29 dias: 4,01%. Percentual de ocorrência de glosas SIH novembro: 2,07%. Hospital Dia novembro: 639 atendimentos. Projeto Angels - Atendimentos AVC novembro: 375.",Albert Einstein,2025,11,mensal,,30,21
2025,C:\OSS-Goias\documentos\ISG\HDT\2025\34_Relatorio_Producao\11-2025-Relatorio-Gerencial-de-Producao.pdf,11-2025-Relatorio-Gerencial-de-Producao,214,-1,-1,-1,-1,2710,1841,-1,-1,-1,HDT,-1,-1,-1,-1,1.9,-1,-1,-1,-1,9.9,88.0,-1,"Relatório referente ao Contrato de Gestão Nº 91/2012. Hospital Estadual de Doenças Tropicais Dr. Anuar Auad (HDT), gerido pela ISG. Competência: novembro/2025. O dado de Percentual de ocorrência de rejeições no SIH não está disponível pois é obtido em dois meses subsequentes. Saídas Hospitalares correspondem a altas hospitalares. Taxa de readmissão hospitalar refere-se a 29 dias (não 30 dias). Taxa de readmissão em UTI refere-se a 48 horas.",ISG,2025,11,mensal,,2,31
2025,C:\OSS-Goias\documentos\IMED\HETRIN\2025\34_Relatorio_Producao\11_2025_RELATORIO-GERENCIAL-DE-PRODUCAO_NOV25.xlsx,11_2025_RELATORIO-GERENCIAL-DE-PRODUCAO_NOV25,399,6373,130,338,208,2641,-1,423,39,47,HETRIN,91.14,-1,9.81,-1,1.22,-1,-1,-1,-1,3.93,96.85,56,"Relatório gerencial de produção referente a novembro/2025 do HETRIN (Hospital Estadual de Trindade Walda Ferreira dos Santos), sob gestão da IMED, contrato 037/2019 (4º T.A.). Dados extraídos das abas Produção, Desempenho e Efetividade. Taxa de mortalidade global de novembro calculada a partir dos dados de Efetividade (óbitos >24h: 24, saídas: 399, taxa institucional 2,92%); taxa mortalidade global reportada na aba Efetividade como 9,81% (valores referem-se ao último mês com dados disponíveis na série histórica). Total de óbitos/mês informado: 47. Saídas da UTI em novembro totalizaram 39. Taxa de readmissão UTI 48h de 5,71% (levemente acima da meta <5%). Índice de satisfação do usuário: 91,14% (último valor disponível da série: 0,9114). Leitos operacionais informados: 56. Colunas com #NAME? indicam meses cujos cabeçalhos de data contêm fórmulas com erro no arquivo Excel original.",IMED,2025,11,mensal,,23,17
2025,C:\OSS-Goias\documentos\FUNEV\HEANA\2025\34_Relatorio_Producao\1736858441806-12_Relatório_Gerencial_de_Produção.pdf,1736858441806-12_Relatório_Gerencial_de_Produção,746,2395,100,100,-1,1129,46941,746,-1,-1,HEANA,-1,-1,-1,-1,0.26,-1,-1,-1,-1,7.03,99.54,-1,"Relatório referente ao 5º Termo Aditivo ao Contrato de Gestão nº 66/2019, Referência Ano 4 - Dezembro/2024. OSS gestora: FUNEV (Fundação Universitária Evangélica). Total de saídas hospitalares: 746. Total de internações no indicador 4: 767. SADT Interno total: 46.941 procedimentos (sem meta definida para Agência Transfusional e Análises Clínicas). Percentual de Glosas no SIH-DATASUS: Em Apuração. Taxa de readmissão hospitalar calculada sobre 767 internações (02 readmitidos). Taxa de readmissão UTI: 4 retornos em 186 saídas da UTI. Cirurgias eletivas com TMAT expirado 2º ano: 43/165 = 26,06%, acima da meta de <25%.",FUNEV,2024,12,mensal,,11,42
2025,C:\OSS-Goias\documentos\FUNEV\HEANA\2025\34_Relatorio_Producao\1739293650996-0125_HEANA_-_Relatório_Gerencial_de_Produção.pdf,1739293650996-0125_HEANA_-_Relatório_Gerencial_de_Produção,780,2416,106,106,-1,1660,47787,780,-1,-1,HEANA,-1,-1,-1,-1,0.51,-1,-1,-1,-1,6.72,99.26,-1,"Relatório Gerencial de Produção referente ao 5º Termo Aditivo ao Contrato de Gestão Nº 66/2019. SADT Interno sem meta definida: Agência Transfusional/Hemoterapia=386, Análises Clínicas=39.519, Anatomia Patológica=67, Ecocardiograma=85, Ecodoppler=113, Ecodoppler Transcraniano=7, Eletrocardiograma=601, Hemodiálise (sessões)=225, Radiografia=3.643, Tomografia=2.960, Ultrassonografia=181, TOTAL=47.787. Percentual de Ocorrência de Glosas no SIH: Em Apuração. Indicador 8 (TMAT primeiro ano) não reportado. Consultas pré-anestésicas: 89 (sem meta definida). Anestesiologia (Consulta Pré-Anestésica)=89. Número de cirurgias eletivas em lista de espera encaminhadas para unidade=143, cirurgias realizadas com TMAT expirado=45.",FUNEV,2025,1,mensal,,19,40
2025,C:\OSS-Goias\documentos\FUNEV\HEANA\2025\34_Relatorio_Producao\1741699520334-0225_Relatório_de_Produção.pdf,1741699520334-0225_Relatório_de_Produção,698,2088,100,100,-1,1694,43088,698,-1,-1,HEANA,-1,-1,-1,-1,0.58,-1,-1,-1,-1,6.84,99.69,-1,"OSS gestora: FUNEV (Fundação Universitária Evangélica). Contrato de Gestão nº 66/2019, 5º Termo Aditivo. Total de pacientes-dia no período: 4.780; Total de leitos operacionais-dia: 4.795. SADT Interno totalizou 43.088 procedimentos (Análises Clínicas: 35.802, Radiografia: 3.306, Tomografia: 2.542, entre outros). Atendimento de U&E: 1.559 demanda espontânea + 529 regulados = 2.088 total. Percentual de Ocorrência de Glosas no SIH-DATASUS em apuração. Cirurgias eletivas com TMAT expirado 1º ano não reportado (sem dados). Taxa de readmissão hospitalar calculada sobre 687 internações. Número de consultas ofertadas: 2.236; propostas nas metas: 1.200. SADT Externo realizados (293) abaixo da meta (425).",FUNEV,2025,2,mensal,,14,28
2025,C:\OSS-Goias\documentos\FUNEV\HEANA\2025\34_Relatorio_Producao\1741873600145-Relatrio_Gerencial_de_Produção_Consolidado_emitidos_pela_diretoria_e_aprovados_pelo_Conselho_de_administração_2024.pdf,1741873600145-Relatrio_Gerencial_de_Produção_Consolidado_emitidos_pela_diretoria_e_aprovados_pelo_Conselho_de_administração_2024,-1,30924,1643,1643,-1,22466,5120,8878,-1,-1,HEANA,-1,-1,-1,-1,-1,-1,-1,-1,-1,-1,-1,-1,"Relatório Gerencial de Produção Consolidado referente ao período de janeiro a dezembro de 2024, aprovado pelo Conselho de Administração da FUNEV. Contrato nº 66/2019 - 5º Termo Aditivo. Taxa de ocupação hospitalar variou entre 98,56% e 100% ao longo do ano. Média de permanência hospitalar variou entre 6 e 7,19 dias. SADT Externo realizados (5.120) próximo à meta (5.100). Serviço de Atenção Domiciliar ficou abaixo da meta anual (1.353 vs 1.440). Percentual de Suspensão de Cirurgias com TMAT expirado para o 2º ano (26,06%) ultrapassou levemente a meta de 25% (96% de alcance). Dezembro de 2024 em apuração para Percentual de Glosas no SIH-DATASUS. Documento assinado eletronicamente em 13/02/2025 por João Pedro dos Santos Pereira, Diretor Executivo da FUNEV.",FUNEV,2024,,anual,,0,28
2025,C:\OSS-Goias\documentos\FUNEV\HEANA\2025\34_Relatorio_Producao\1744375359971-0325_Relatório_Gerencial_de_Produção.pdf,1744375359971-0325_Relatório_Gerencial_de_Produção,750,2254,103,103,-1,1684,45405,750,-1,-1,HEANA,-1,-1,-1,-1,0.53,-1,-1,-1,-1,6.97,99.45,-1,"OSS gestora: FUNEV (Fundação Universitária Evangélica). 5º Termo Aditivo ao Contrato de Gestão nº 66/2019. SADT Interno total: 45.405 procedimentos (Análises Clínicas: 37.454, Radiografia: 3.577, Tomografia: 2.962, Eletrocardiograma: 543, Hemoterapia: 307, Hemodiálise sessões: 142, Ultrassonografia: 139, Ecodoppler: 110, Anatomia Patológica: 81, Ecocardiograma: 78, Ecodoppler Transcraniano: 12). SADT Externo realizados: 280 (abaixo da meta de 425). Percentual de Ocorrência de Glosas no SIH-DATASUS: Em Apuração. Indicador 8 (TMAT primeiro ano): não informado. Pacientes-dia no período: 5.227; Leitos operacionais-dia: 5.256. Saídas UTI por alta: 179. Consultas ofertadas: 2.268 vs meta 1.200.",FUNEV,2025,3,mensal,,16,26
2025,C:\OSS-Goias\documentos\FUNEV\HEANA\2025\34_Relatorio_Producao\1747070781001-0425_Relatório_Gerencial_de_Produção.pdf,1747070781001-0425_Relatório_Gerencial_de_Produção,727,2146,102,102,-1,1677,47818,727,-1,-1,HEANA,-1,-1,-1,-1,0.93,-1,-1,-1,-1,7.1,99.46,-1,Relatório Gerencial de Produção referência Abril/2025 e Relatório de Desempenho referência Março/2025 (indicadores de desempenho apresentados são de março/2025). Total de internações hospitalares para cálculo de readmissão: 746. SADT Interno total: 47.818 procedimentos. Urgência e Emergência: 1.523 demanda espontânea + 623 regulados = 2.146 total. Percentual de Glosas no SIH em apuração. Indicador 8 (TMAT primeiro ano) sem dados informados.,FUNEV,2025,4,mensal,,10,32
2025,C:\OSS-Goias\documentos\FUNEV\HEANA\2025\34_Relatorio_Producao\1749757537665-0525_Relatório_Gerencial_de_Produção.pdf,1749757537665-0525_Relatório_Gerencial_de_Produção,785,2173,114,114,-1,1757,48240,785,-1,-1,HEANA,-1,-1,-1,-1,0.0,-1,-1,-1,-1,6.66,99.5,-1,"Relatório Gerencial de Produção referente ao 5º Termo Aditivo ao Contrato de Gestão nº 66/2019. SADT Interno sem meta definida: Hemoterapia 375, Análises Clínicas 39.960, Anatomia Patológica 73, Ecocardiograma 82, Ecodoppler 90, Ecodoppler Transcraniano 14, Eletrocardiograma 456, Hemodiálise 246 sessões, Radiografia 3.740, Tomografia 3.065, Ultrassonografia 139 (Total SADT Interno: 48.240). Indicador 6 (Glosas SIH-DATASUS) em apuração. Indicador 8 (TMAT Primeiro Ano) sem dados reportados. Total de leitos operacionais-dia do período: 5.251; total de pacientes-dia: 5.225. Número total de internações para readmissão: 761; saídas UTI por alta: 182. Cirurgias eletivas suspensas: 01 de 114 (0,87%). Consultas ofertadas: 2.466 vs meta 1.200. DAEI notificadas e investigadas: 116 casos com 100% de oportunidade.",FUNEV,2025,5,mensal,,10,40
2025,C:\OSS-Goias\documentos\FUNEV\HEANA\2025\34_Relatorio_Producao\1752195027710-HEANA__Relatório_Gerencial_de_Produção_-_Junho2025.pdf,1752195027710-HEANA__Relatório_Gerencial_de_Produção_-_Junho2025,805,2203,105,105,-1,1717,49113,805,-1,-1,HEANA,-1,-1,-1,-1,0.49,-1,-1,-1,-1,6.35,99.69,-1,"Relatório Gerencial de Produção referente a junho/2025, 5º Termo Aditivo ao Contrato de Gestão nº 66/2019. SADT Interno: Agência Transfusional (581), Análises Clínicas (40.564), Anatomia Patológica (63), CPRE (01), Ecocardiograma (74), Ecodoppler (99), Ecodoppler Transcraniano (5), Eletrocardiograma (556), Hemodiálise/sessões (218), Radiografia (3.756), Tomografia (3.091), Ultrassonografia (105), Total (49.113). Atendimento de Urgência e Emergência: Demanda Espontânea (1.519), Regulados (684), Total (2.203). Indicador 6 (Glosas SIH-DATASUS) em apuração. Indicador 8 (TMAT primeiro ano) sem dados reportados. Número total de internações hospitalares informado como 814 no contexto do indicador de readmissão. Número de saídas da UTI por alta: 184. Signed by João Pedro dos Santos Pereira, Diretor Executivo FUNEV, em 10/07/2025.",FUNEV,2025,6,mensal,,18,39
2025,C:\OSS-Goias\documentos\FUNEV\HEANA\2025\34_Relatorio_Producao\1755278405402-0725_Relatório_Gerencial_de_Produção.pdf,1755278405402-0725_Relatório_Gerencial_de_Produção,795,2179,128,128,-1,1415,51012,795,-1,-1,HEANA,-1,-1,-1,-1,0.0,-1,-1,-1,-1,6.57,99.77,-1,"OSS gestora: FUNEV (Fundação Universitária Evangélica). Contrato de Gestão nº 66/2019, 5º Termo Aditivo. SADT Interno total: 51.012 procedimentos (sem meta definida). Atendimento de Urgência e Emergência: meta definida como 'Atender 100% da demanda'. Percentual de Glosas no SIH-DATASUS: Em Apuração. Indicador 8 (TMAT primeiro ano) não reportado. Total de leitos operacionais-dia no período: 5.241; total pacientes-dia: 5.229. Número total de internações hospitalares para cálculo de readmissão: 804. Saídas UTI por alta: 215. Consultas ofertadas: 2.592; consultas propostas nas metas: 1.200.",FUNEV,2025,7,mensal,,11,26
2025,C:\OSS-Goias\documentos\FUNEV\HEANA\2025\34_Relatorio_Producao\1757957377738-0825_Relatório_Gerencial_de_Produção.pdf,1757957377738-0825_Relatório_Gerencial_de_Produção,806,2254,114,142,28,1752,49162,806,-1,-1,HEANA,-1,-1,-1,-1,0.12,-1,-1,-1,-1,6.13,99.59,-1,OSS gestora: FUNEV (Fundação Universitária Evangélica). Relatório referente ao 6º Termo Aditivo ao Contrato de Gestão nº 66/2019. Total de leitos operacionais-dia do período: 4.961; Total de pacientes-dia: 4.941. Número total de internações hospitalares (para cálculo de readmissão): 788. Saídas UTI por alta: 204. Cirurgias de emergência totalizaram 28. Número de consultas ofertadas: 2.508; Número de consultas propostas nas metas: 1.200. Indicador 6 (Glosas SIH-DATASUS) em apuração. Indicador 8 (TMAT 1º ano) sem dados reportados. Anestesiologia (Consulta Pré-Anestésica): 113 (sem meta definida). SADT Interno total: 49.162 (sem meta). Tempo médio de espera por cirurgia ortopédica por OPME de Alta Complexidade: 10 dias.,FUNEV,2025,8,mensal,,16,39
2025,C:\OSS-Goias\documentos\FUNEV\HEANA\2025\34_Relatorio_Producao\1760628097024-Relatrio_Gerencial_de_Produção_-_Setembro_2025.pdf,1760628097024-Relatrio_Gerencial_de_Produção_-_Setembro_2025,753,2267,119,498,379,1650,47789,753,-1,-1,HEANA,-1,-1,-1,-1,0.52,-1,-1,-1,-1,6.75,99.62,-1,"Relatório estratificado em duas quinzenas (01 a 15 e 16 a 30 de setembro/2025). OSS gestora: FUNEV (Fundação Universitária Evangélica). Contrato de Gestão nº 66/2019, 7º Termo Aditivo. Total de internações inclui 753 saídas hospitalares. Total de cirurgias: eletivas (119) + urgência (337) + emergência (42) = 498. SADT Interno total: 47.789 procedimentos. Total de exames de imagem realizados no período (para indicadores de desempenho): 172. Glosas SIH em apuração no período. Tempo médio de espera por cirurgia ortopédica por OPME de Alta Complexidade: 7,15 dias. Total de pacientes-dia no período: 5.090. Total de leitos operacionais-dia do período: 5.109. Readmissões hospitalares (até 29 dias): 4 pacientes em 761 internações totais. Readmissões UTI (48h): 2 retornos em 191 saídas da UTI.",FUNEV,2025,9,mensal,,10,31
2025,C:\OSS-Goias\documentos\FUNEV\HEANA\2025\34_Relatorio_Producao\1763402914794-Relatrio_Gerencial_de_Produção_-_Outubro_2025.pdf,1763402914794-Relatrio_Gerencial_de_Produção_-_Outubro_2025,-1,2160,115,539,424,1731,58273,840,-1,-1,HEANA,-1,-1,-1,-1,0.49,-1,-1,-1,-1,5.78,97.96,-1,"Relatório referente a outubro/2025. OSS gestora: FUNEV (Fundação Universitária Evangélica). Contrato de Gestão nº 66/2019 - 7º Termo Aditivo. Total de saídas hospitalares: 840. Total SADT Interno: 58.273 procedimentos. Cirurgias eletivas: 115 (35 alto giro, 57 média/alta complexidade, 23 alta complexidade e alto custo). Cirurgias urgência: 383; emergência: 41; total: 424. Tempo médio de espera por cirurgia ortopédica por OPME de alta complexidade: 12,7 dias. Indicador 6 (Glosas SIH) em apuração. Pacientes-dia no período: 4.858; leitos operacionais-dia: 4.959. Número total de internações para cálculo de readmissão: 804. Saídas UTI por alta: 275.",FUNEV,2025,10,mensal,,10,26
2025,C:\OSS-Goias\documentos\FUNEV\HEANA\2025\34_Relatorio_Producao\1765822261008-1125_Relatório_Gerencial_de_Produção.pdf,1765822261008-1125_Relatório_Gerencial_de_Produção,745,1949,124,520,396,1394,52977,745,-1,-1,HEANA,-1,-1,-1,-1,0.27,-1,-1,-1,-1,5.66,96.67,-1,"Relatório de referência Novembro/2025. SADT Interno total realizado: 52.977 (inclui Fisioterapia 5.814, Fonoaudiologia 980, Psicologia 3.220, Odontologia Hospitalar 645, Análises Clínicas 34.783, Radiografia 3.550, Tomografia 2.777, entre outros). Demanda Espontânea na Urgência/Emergência registrada como 1.27 (possível erro de digitação no documento original, possivelmente 1.275). Leitos operacionais-dia do período: 4.366; Pacientes-dia: 4.221. Taxa de readmissão UTI 48h: 1,33% (3 retornos / 225 saídas UTI). Percentual Glosas SIH: Em Apuração. Tempo médio de espera por cirurgia ortopédica por OPME de alta complexidade: 14,1 dias. Indicador 9 (TMAT 2º ano) não aplicável/sem dados.",FUNEV,2025,11,mensal,,10,43
2025,C:\OSS-Goias\documentos\Albert Einstein\HUGO\2025\34_Relatorio_Producao\7.-Relatorio-gerencial-de-producao-julho-2025.xlsx,7.-Relatorio-gerencial-de-producao-julho-2025,1185,2707,495,-1,506,5933,73646,1183,-1,114,HUGO,-1,-1,9.62,-1,2.81,-1,-1,-1,-1,8.7688,114.44,342,"Relatório de produção do HUGO referente a julho/2025. Taxa de ocupação hospitalar de julho registrada como 1.1444 (114.44%) nos indicadores de desempenho, possivelmente refletindo superlotação. Para o cálculo do índice de intervalo de substituição de julho foi usada a taxa de ocupação ajustada de 0.9526. Total de óbitos no mês: 114; Total de saídas: 1185. Cirurgias eletivas e 2º tempo: 495; Cirurgias de urgência: 506. SADT Interno total julho: 73646. Atendimentos de urgência/emergência total julho: 2707. Projeto Angels - Atendimentos AVC julho: 422. Dados de glosas de julho estão em processamento. Taxa de acurácia do estoque de julho registrada como 'Dado Trimestral'. OSS gestora identificada conforme instrução do usuário como Albert Einstein.",Albert Einstein,2025,7,mensal,,26,37
2025,C:\OSS-Goias\documentos\Albert Einstein\HUGO\2025\34_Relatorio_Producao\8.-Relatorio-gerencial-de-producao-agosto-2025.xlsx,8.-Relatorio-gerencial-de-producao-agosto-2025,1273,2837,496,-1,609,5340,74718,1273,-1,119,HUGO,-1,-1,9.35,-1,3.68,-1,-1,-1,-1,8.57,116.94,342,"Relatório de produção referente a agosto de 2025 do HUGO (Hospital de Urgências de Goiás Dr. Valdemiro Cruz), Termo de Colaboração nº 97/2024 - SES. A partir de 01/02/2025 houve 1º Termo Aditivo alterando algumas metas. Cirurgias eletivas por categoria (alto giro, média/alta complexidade, alto custo) tiveram meta apenas em janeiro; a partir de fevereiro constam como NA. Total de saídas hospitalares em agosto: 1273. Total de óbitos em agosto: 119. Taxa de mortalidade global: 9.35%. Taxa de cirurgia de urgência agosto: 55.11%. Percentual de perda financeira por vencimento de medicamentos em agosto: 1.64% (acima da meta ≤1%). Taxa de acurácia do estoque em agosto: dado trimestral. Total SADT Interno agosto: 74718. Cirurgias eletivas e 2º tempo agosto: 496; Cirurgias de urgência agosto: 609. Atendimentos AVC (Projeto Angels) agosto: 466. Leitos operacionais: 342. Documento assinado pela Dra. Fabiana Rolla, Diretora Médica, em 15/09/2025.",Albert Einstein,2025,8,mensal,,24,30
2025,C:\OSS-Goias\documentos\ISG\HDT\2025\34_Relatorio_Producao\Ata-de-Aprovacao-do-CONAD-2024.pdf,Ata-de-Aprovacao-do-CONAD-2024,-1,-1,-1,-1,-1,-1,-1,-1,-1,-1,HDT,-1,-1,-1,-1,-1,-1,-1,-1,-1,-1,-1,-1,"Documento é uma Ata de Reunião Ordinária do Conselho de Administração do Instituto Sócrates Guanaes (ISG) realizada em 19/05/2025, referente à aprovação das demonstrações contábeis e financeiras do exercício de 2024 do Hospital Estadual de Doenças Tropicais 'Dr. Anuar Auad' (HDT) e do Centro Estadual de Atenção Prolongada e Casa de Apoio Condomínio Solidariedade (CEAP-SOL). O documento não contém dados quantitativos de produção hospitalar, indicadores de qualidade ou metas. A contabilidade foi realizada pela empresa Quality Associados e a auditoria externa independente pela Work 7. O Conselho Fiscal recomendou, por unanimidade, a aprovação das demonstrações contábeis.",ISG,2024,,anual,,0,0
2025,C:\OSS-Goias\documentos\ISG\HDT\2025\34_Relatorio_Producao\Declaracao-Relatorio-Gerencial-de-Producao-Consolidado-2024-HDT.pdf,Declaracao-Relatorio-Gerencial-de-Producao-Consolidado-2024-HDT,-1,-1,-1,-1,-1,-1,-1,-1,-1,-1,HDT,-1,-1,-1,-1,-1,-1,-1,-1,-1,-1,-1,-1,"Este documento é uma Declaração informando que o Relatório Gerencial de Produção Consolidado referente ao exercício de 2024 (CG nº 091/2012-HDT e TTG nº 003/2013-CEAP-SOL) ainda não foi finalizado. A ata de aprovação do Conselho de Administração do ISG será publicada após o fechamento do Balanço Patrimonial do exercício, conforme normativas legais. Documento assinado em São Paulo, 10 de fevereiro de 2025, pela Diretora Técnica-Operacional Dra. Thayse Barreto e pelo Diretor Financeiro Ernesto Stangueti, ambos do Instituto Sócrates Guanaes. Nenhum dado de produção foi reportado neste documento.",ISG,2024,,anual,,0,0
2025,C:\OSS-Goias\documentos\AGIR\HUGOL\2025\34_Relatorio_Producao\doc31121_HUGOL.pdf,doc31121_HUGOL,1964,4249,286,286,-1,5829,-1,1964,-1,-1,HUGOL,-1,-1,-1,-1,4.57,-1,-1,2239,-1,6.52,100.8,-1,"Relatório de Produção Assistencial e Indicadores de Desempenho do HUGOL referente a Abril/2025. Taxa de Ocupação Hospitalar: 100,80% (meta ≥90%). Tempo Médio de Permanência: 6,52 dias (meta ≤7 dias). SADT Interno registrado sem meta comparativa: Anatomia Patológica 179, Análises Clínicas 71.522, Broncoscopia 7, CPRE 7, Ecocardiograma 441, Eletrocardiograma 634, Endoscopia/Colonoscopia 141, Holter 60, Raio-x 6.807, Ressonância Magnética 106, Teste ergométrico 11, Tomografia 5.720, Ultrassonografia 912. Atendimentos de Urgência/Emergência pelo Serviço Social: 1.061. Transplante de Pele: 0; Transplante de Valva Cardíaca: 0. AACR: Vermelho 97, Laranja 797, Amarelo 2.597, Verde 551, Azul 61, Branco 146. BPA apresentado: 100%. Percentual de glosas no SIH referente a Março: 0,00%.",AGIR,2025,4,mensal,,28,58
2025,C:\OSS-Goias\documentos\AGIR\HUGOL\2025\34_Relatorio_Producao\doc31279_HUGOL.pdf,doc31279_HUGOL,2005,4618,295,295,-1,6025,-1,2005,-1,-1,HUGOL,-1,-1,-1,-1,3.82,-1,-1,2311,-1,6.67,100.18,-1,"Relatório de Produção Assistencial e Indicadores de Desempenho referente a maio/2025 do HUGOL. OSS gestora não identificada explicitamente no documento (informada como AGIR conforme instrução). Cirurgias eletivas ofertadas em maio: alto giro=120, cardíacas adulto=80, cardíacas neonatal/pediátrica=10, alto custo/OPME=40. SADT Externo ofertado total=1.354. Hemoterapia: Bolsas de Sangue Total Coletadas=849 (meta após AT HECAD=900); Coletas de Plaquetas por Aferese=24 (meta=28); Hemocomponentes Produzidos=2.185 (meta=2.300). BPA apresentado=100%. SADT Interno (maio): Anatomia Patológica=198, Análises Clínicas=77.207, Broncoscopia=7, CPRE=9, Ecocardiograma=462, Eletrocardiograma=816, Endoscopia/Colonoscopia=155, Holter=31, Raio x=7.260, Ressonância Magnética=202, Teste ergométrico=6, Tomografia=5.963, Ultrassonografia=970. Transplante de Pele=0, Transplante de Valva Cardíaca=0. Serviço Social: Ambulatório=0, Urgência/Emergência=964. AACR: Vermelho=75, Laranja=955, Amarelo=2.755, Verde=602, Azul=57, Branco(sem classificação)=174, Total=4.618. Indicadores de glosas no SIH com referência a Abril (não maio).",AGIR,2025,5,mensal,,39,55
2025,C:\OSS-Goias\documentos\IMED\HETRIN\2025\34_Relatorio_Producao\G.11-ITEM-RELATORIO-GERENCIAL-DE-PRODUCAO-H-2024.xlsx,G.11-ITEM-RELATORIO-GERENCIAL-DE-PRODUCAO-H-2024,-1,6647,136,136,-1,2335,-1,477,45,17,HETRIN,88.8,-1,-1,-1,4.11,-1,-1,-1,-1,4.33,98.36,56,"Documento referente ao Hospital Estadual de Trindade Walda Ferreira dos Santos (HETRIN). O período de referência principal extraído é dezembro de 2024 (última coluna com dados reportados - 2024-12-01). A taxa de ocupação de 98.36% e média de permanência de 4.33 dias referem-se a dezembro/2024. O total de leitos operacionais-dia em dezembro/2024 foi 1642, com 1615 pacientes-dia e 373 saídas. UTI: saídas totais em dez/2024 = 45, óbitos UTI = 17. Satisfação do usuário dezembro/2024 = 0.888 (88.8%). A taxa de readmissão hospitalar pelo mesmo CID em dez/2024 foi 0.0411 (4.11%). O índice de intervalo de substituição em dez/2024 foi 1.7327 horas. O percentual de glosas SIH em dez/2024 foi 0%. Atendimento de urgência/emergência dez/2024 = 6647 (total). Leito dia meta=132, realizado=153 em dez/2024.",IMED,2024,12,mensal,,18,24
2025,C:\OSS-Goias\documentos\IMED\HETRIN\2025\34_Relatorio_Producao\G.11-ITEM-RELATORIO-GERENCIAL-DE-PRODUCAO-H-jun.25.xlsx,G.11-ITEM-RELATORIO-GERENCIAL-DE-PRODUCAO-H-jun.25,-1,6943,132,132,-1,2830,95,457,-1,38,HETRIN,90.74,-1,8.32,-1,2.86,-1,-1,-1,-1,4.21,97.91,56,"Relatório Gerencial de Produção do Hospital Estadual de Trindade Walda Ferreira dos Santos (HETRIN), gerido pela IMED, referente a junho de 2025. O documento é um acumulado histórico com dados desde 2020; os dados extraídos correspondem à coluna mais recente identificável como junho/2025 (última coluna com dados não zerados). Taxa de ocupação hospitalar: 97.91% (meta ≥85%, atingida). Média de permanência: 4.21 dias (meta ≤5 dias, atingida). Taxa de readmissão hospitalar pelo mesmo CID em até 29 dias: 2.86% (meta <8%, atingida). Número total de leitos operacionais: 56. Total de óbitos/mês: 38 (taxa de mortalidade global 8.32%). SADT Externo Realizado total de junho/2025: 95 (meta 180, não atingido). Atendimentos de urgência/emergência: 6.943. Índice de satisfação do usuário: 0.9074 (90.74%). Dados de SADT Interno (Laboratório, Raio-X, Tomografia, Ecografia, ECG, Doppler) totalizaram 24.649 exames internos no período mais recente. Após jun/2025, as colunas apresentam valores zerados, indicando fim do período reportado.",IMED,2025,6,mensal,,21,11
2025,C:\OSS-Goias\documentos\IMED\HETRIN\2025\34_Relatorio_Producao\G.11-ITEM-RELATORIO-GERENCIAL-DE-PRODUCAO-H-mar.25.pdf,G.11-ITEM-RELATORIO-GERENCIAL-DE-PRODUCAO-H-mar.25,2,6812,132,132,-1,2594,22636,471,50,13,HETRIN,-1,-1,-1,-1,2.45,593,-1,-1,-1,4.14,97.75,-1,"Relatório de Produção Assistencial e Desempenho Hospitalar referente ao 4º Termo Aditivo ao Contrato de Gestão 037/2019, mês de março de 2025. Cirurgias eletivas: Alto Giro total=102, Média/Alta Complexidade total=30, total combinado=132. SADT Externo realizado (63) abaixo da meta (180). Saídas da UTI: Óbito=13, Alta=2, Transferência Externa=1, Transferência Interna=34, Total=50. SADT Interno total=22.636. Glosas SIH referentes a fev-25 (0,00%). Absenteísmo SADT Externo total=25,0%. Indicador 14 (perda de medicamentos por validade) não atingiu meta: realizado 2,23% vs meta ≤2%. Documento elaborado em 04/04/2025 e assinado digitalmente pela Diretora Geral Vânia Gomes Fernandes.",IMED,2025,3,mensal,,22,20
2025,C:\OSS-Goias\documentos\IMED\PFRE\2025\34_Relatorio_Producao\G.11-ITEM-RELATORIO-GERENCIAL-DE-PRODUCAO-PCL-F-2024.xlsx,G.11-ITEM-RELATORIO-GERENCIAL-DE-PRODUCAO-PCL-F-2024,-1,-1,-1,82,-1,7004,2134,-1,-1,-1,PCL-F,-1,-1,-1,-1,-1,-1,-1,-1,-1,-1,-1,-1,"Policlínica Estadual da Região do Entorno – Unidade FORMOSA (PCL-F). Relatório de produção referente a dezembro de 2024. O documento apresenta dados de múltiplos meses (jul-dez/2024), sendo dezembro/2024 o último mês completo reportado. O CEO II (Odontologia) não registrou produção em nenhum dos meses do período. O Processo Transexualizador também não registrou produção. Seção 03 TOTAL de consultas multiprofissionais em dezembro foi 3074, porém o campo total de atendimentos ambulatoriais (item 01) registra 7004 (3031 médicas + 3973 multiprofissionais). O transporte para TRS registrou 6910 passageiros em dezembro/2024. SADT Oftalmológico interno em dezembro: 858 procedimentos.",IMED,2024,12,mensal,,29,16
2025,C:\OSS-Goias\documentos\IMED\PFRE\2025\34_Relatorio_Producao\G.11-ITEM-RELATORIO-GERENCIAL-DE-PRODUCAO-PCL_FORMOSA-fev.25.pdf,G.11-ITEM-RELATORIO-GERENCIAL-DE-PRODUCAO-PCL_FORMOSA-fev.25,-1,-1,-1,109,-1,7604,648,-1,-1,-1,PFRE,-1,-1,-1,-1,-1,-1,-1,-1,-1,-1,-1,-1,"Policlínica Estadual da Região do Entorno – Unidade FORMOSA. Relatório referente ao 1º Termo Aditivo ao Termo de Colaboração 88/2024 (SEI nº 62338875). Período: fevereiro/2025. SADT Externo Ofertado totalizou 1.532 (meta 1.260); SADT Externo Agendado: 973; SADT Externo Realizado: 648 (meta 1.260). Absenteísmo total SADT externo: 33,4%. SADT Interno (análises clínicas + patologia clínica): 4.607. SADT Interno Oftalmológico: 1.169. CEO II sem produção no mês (0 consultas e 0 procedimentos). Hemodiálise: 539 (meta 624). Processo Transexualizador sem produção no mês. Transporte TRS: 6.339 km com 2 veículos (meta 15.000 km com 3 veículos). Taxa de perda financeira de medicamentos por prazo de validade: 0,4% (R$ 217 de R$ 61.438 inventariados). Dispensação de medicamentos: 77% dos processos cadastrados (5.139 de 6.681). Elaborado por Thayse Braga Ribeiro França – Gerente Administrativa, em 07/03/2025.",IMED,2025,2,mensal,,28,20
2025,C:\OSS-Goias\documentos\IMED\PFRE\2025\34_Relatorio_Producao\G.11-ITEM-RELATORIO-GERENCIAL-DE-PRODUCAO-PCL_FORMOSA-jul.25.pdf,G.11-ITEM-RELATORIO-GERENCIAL-DE-PRODUCAO-PCL_FORMOSA-jul.25,-1,-1,-1,7,-1,7410,1191,-1,-1,-1,PFRE,-1,-1,-1,-1,-1,-1,-1,-1,-1,-1,-1,-1,"Policlínica Estadual da Região do Entorno - Unidade FORMOSA. Termo de Colaboração nº 21/2025, vigência 01/07/2025 a 30/06/2028. Gestora IMED. Relatório referente a julho/2025. SADT Externo Absenteísmo total: 33,5%. SADT Interno Realizado: 4.628 (Análises Clínicas: 4.555, Patologia Clínica: 73). SADT Interno Oftalmológico Realizado: 1.171. Consultas Multiprofissionais excluídas da meta: Enfermagem triagem 3.357, Serviço Social 553, total 3.910. Taxa de Perda Financeira de Medicamentos por Prazo de Validade: 3,1% (meta ≤ 0,5%), não atingida. Cirurgia Menor Ambulatorial realizada: 7. Transporte para TRS: 7.256 km (2 veículos) contra meta de 15.000 km (3 veículos).",IMED,2025,7,mensal,,29,25
2025,C:\OSS-Goias\documentos\IMED\PFRE\2025\34_Relatorio_Producao\G.11-ITEM-RELATORIO-GERENCIAL-DE-PRODUCAO-PCL_FORMOSA-jun.25.pdf,G.11-ITEM-RELATORIO-GERENCIAL-DE-PRODUCAO-PCL_FORMOSA-jun.25,-1,-1,-1,16,-1,7402,676,-1,-1,-1,PFRE,-1,-1,-1,-1,-1,-1,-1,-1,-1,-1,-1,-1,"Policlínica Estadual da Região do Entorno – Unidade FORMOSA, gerida pela OSS IMED. Relatório referente a junho/2025 (1º Termo Aditivo ao Termo de Colaboração 88/2024, SEI nº 62338875). Destaques: CEO II sem produção (0 consultas e procedimentos odontológicos); Processo Transexualizador sem produção (0); PICS Médicas sem produção (0); absenteísmo total em SADT Externo de 30,5%; SADT Interno realizado: 4.500 (Análises Clínicas 4.432 + Patologia Clínica 68); SADT Interno Oftalmológico: 1.064 procedimentos; Hemodiálise 586/624 meta; Transporte TRS VAN: 6.268 km de 15.000 meta (2 veículos de 3 previstos); Taxa de perda financeira de medicamentos por validade: 0,5% (R$211 de R$45.010 inventariados). Elaborado por Thayse Braga Ribeiro França – Gerente Administrativa, São Paulo, 10/07/2025.",IMED,2025,6,mensal,,29,25
2025,C:\OSS-Goias\documentos\IMED\PFRE\2025\34_Relatorio_Producao\G.11-ITEM-RELATORIO-GERENCIAL-DE-PRODUCAO-PCL_FORMOSA-mai.25.pdf,G.11-ITEM-RELATORIO-GERENCIAL-DE-PRODUCAO-PCL_FORMOSA-mai.25,-1,-1,-1,20,-1,7271,481,-1,-1,-1,PFRE,-1,-1,-1,-1,-1,-1,-1,-1,-1,-1,-1,-1,"Policlínica Estadual da Região do Entorno – Unidade FORMOSA. Relatório referente ao 1º Termo Aditivo ao Termo de Colaboração 88/2024 (SEI nº 62338875). Período: maio/2025. SADT Interno Realizado: Análises Clínicas 4.498, Patologia Clínica 36, TOTAL 4.534. SADT Interno Oftalmológico Realizado: Fundoscopia 394, Potencial de acuidade visual 392, Tonometria 394, Triagem oftalmológica 393, TOTAL 1.573. Cirurgia Menor Ambulatorial (CMA): 20. Hemodiálise realizada: 614 (meta 624). Processo Transexualizador: 0 realizado (meta 50). Transporte TRS VAN: 7.904 km (meta 15.000 km), 2 veículos (meta 3). CEO II zerado em todas as especialidades. Taxa de Perda Financeira de Medicamentos: 0,4% (meta ≤0,5%), perda R$163 sobre estoque R$46.917. Dispensação de Medicamentos: 89% (meta ≥50%), 5.625 realizadas de 6.289 processos cadastrados. Elaborado por Thayse Braga Ribeiro França – Gerente Administrativa. Data: 06/06/2025.",IMED,2025,5,mensal,,32,22
2025,C:\OSS-Goias\documentos\IMED\PFRE\2025\34_Relatorio_Producao\G.11-ITEM-RELATORIO-GERENCIAL-DE-PRODUCAO-PCL_FORMOSA-mar.25.pdf,G.11-ITEM-RELATORIO-GERENCIAL-DE-PRODUCAO-PCL_FORMOSA-mar.25,-1,-1,-1,183,-1,7245,613,-1,-1,-1,PFRE,-1,-1,-1,-1,-1,-1,-1,-1,-1,-1,-1,-1,"Policlínica Estadual da Região do Entorno – Unidade FORMOSA. Relatório referente ao 1º Termo Aditivo ao Termo de Colaboração 88/2024 (SEI nº 62338875). Período: março/2025. SADT Interno Realizado: Análises Clínicas 4.445, Patologia Clínica 121, Total 4.566. SADT Interno Oftalmológico: Total 1.122 procedimentos. Cirurgia Menor Ambulatorial (CMA): 183 procedimentos. Absenteísmo total SADT Externo: 5,1%. Consultas Farmacêuticas Realizadas: 358; Processos Atendidos: 5.314; Dispensação de Medicamentos: 5.314; Processos Cadastrados: 6.758. Taxa de Perda Financeira de Medicamentos: 0,2% (R$121 de perda / R$60.836 inventariado). Transporte TRS: 2 veículos, 6.982 km percorridos (meta: 15.000 km). Processo Transexualizador: 0 atendimentos realizados (meta: 50). Elaborado por Thayse Braga Ribeiro França – Gerente Administrativa, em 08/04/2025.",IMED,2025,3,mensal,,33,26
2025,C:\OSS-Goias\documentos\IMED\PFRE\2025\34_Relatorio_Producao\G.11-ITEM-RELATORIO-GERENCIAL-DE-PRODUCAO-PCL_FORMOSA-set.25.pdf,G.11-ITEM-RELATORIO-GERENCIAL-DE-PRODUCAO-PCL_FORMOSA-set.25,-1,-1,-1,-1,-1,7402,1235,-1,-1,-1,PFRE,-1,-1,-1,-1,-1,-1,-1,-1,-1,-1,-1,-1,"Relatório de produção assistencial da Policlínica Estadual da Região do Entorno - Unidade Formosa (PFRE), gerida pela IMED, referente a setembro de 2025. Termo de Colaboração nº 21/2025, vigência 01/07/2025 a 30/06/2028. Destaques: Atendimento ambulatorial total superou a meta (7.402 vs 7.000). SADT Externo Realizado ficou ligeiramente abaixo da meta (1.235 vs 1.260). CEO II sem produção no mês (0 consultas e 0 procedimentos). Processo Transexualizador sem produção (0). Hemodiálise com 617 sessões (meta 624). Absenteísmo total SADT externo: 29,9%. Exames de imagem com resultado em até 72h: 100%. Taxa de perda financeira de medicamentos por validade: 0,0%. SADT Interno realizado: 6.463 (análises clínicas: 6.340; patologia clínica: 123). SADT Interno Oftalmológico: 843. Cirurgia Menor Ambulatorial: 13 procedimentos. Elaborado por Thayse Braga Ribeiro França - Gerente Administrativa, em 10/10/2025.",IMED,2025,9,mensal,,29,25
2025,C:\OSS-Goias\documentos\IMED\PFRE\2025\34_Relatorio_Producao\G.11-RELATORIO-GERENCIAL-DE-PRODUCAO-DEZ24.pdf,G.11-RELATORIO-GERENCIAL-DE-PRODUCAO-DEZ24,-1,-1,-1,82,-1,7004,2134,-1,-1,-1,PFRE,-1,-1,-1,-1,-1,-1,-1,-1,-1,-1,-1,-1,"Relatório de Produção Assistencial da Policlínica Estadual da Região do Entorno - Unidade Formosa, referente a dezembro de 2024. Elaborado em 07/01/2025. Consulta Multiprofissional excluída da meta (Enfermagem triagem: 3.111, Serviço Social: 465, Total: 3.576). PICS realizadas: 899. Dispensação de medicamentos: 4.903 realizadas / 6.371 processos cadastrados (77%). SADT Interno Oftalmológico Total: 858. Transexualizador zerado em dezembro. VAN transporte TRS zerado. Treinamento diálise peritoneal sem valor registrado (traço).",IMED,2024,12,mensal,,29,18
2025,C:\OSS-Goias\documentos\IMED\HETRIN\2025\34_Relatorio_Producao\G.11-RELATORIO-GERENCIAL-DE-PRODUCAO-H-abr.25.pdf,G.11-RELATORIO-GERENCIAL-DE-PRODUCAO-H-abr.25,380,6911,132,132,-1,2850,22469,472,-1,10,HETRIN,-1,-1,-1,-1,2.12,-1,-1,639,-1,4.14,96.86,-1,"Relatório referente ao 4º Termo Aditivo ao Contrato de Gestão 037/2019, abril de 2025. Saídas da UTI: Óbito 10, Alta 1, Transferência Externa 4, Transferência Interna 36, Total 51. SADT Interno total: 22.469 (Laboratório 16.726, Doppler 21, ECG 688, Raio X 3.823, TC 1.182, Ultrassom 29). SADT Externo absenteísmo total: 28,3%. Indicador 08 (cirurgias eletivas com TMAT expirado 1º ano) não aplicável (NA). Leito dia realizado: 169 vs meta 132. Total de pacientes-dia: 1.574; Total de leitos operacionais-dia: 1.625. Elaborado por Vânia Gomes Fernandes, Diretora Geral HETRIN, em 06/05/2025.",IMED,2025,4,mensal,,22,25
2025,C:\OSS-Goias\documentos\IMED\HETRIN\2025\34_Relatorio_Producao\G.11-RELATORIO-GERENCIAL-DE-PRODUCAO-H-dez.24.xlsx,G.11-RELATORIO-GERENCIAL-DE-PRODUCAO-H-dez.24,477,6647,105,105,-1,2335,-1,477,45,40,HETRIN,88.8,-1,8.39,-1,4.11,-1,-1,-1,-1,4.33,98.36,56,"Relatório gerencial de produção do HETRIN (Hospital Estadual de Trindade Walda Ferreira dos Santos), dezembro de 2024, 4º T.A. ao Contrato de Gestão 037/2019. Taxa de ocupação hospitalar de 98.36% (meta ≥85%), superando a meta. Média de permanência 4.33 dias (meta ≤5 dias). Taxa de mortalidade global 8.39% e taxa de mortalidade institucional (>24h) 6.29% em dezembro/2024. Total de 40 óbitos no mês. Número de leitos operacionais: 56. Saídas da UTI em dezembro/2024: 45 (17 óbitos, 26 transferências internas, 2 externas). Índice de intervalo de substituição 1.73 horas. Satisfação do usuário 88.8% (dezembro/2024). SADT Interno (total): 21.837,66 procedimentos em dezembro/2024. Farmácia VVS: não houve atendimento VVS no período.",IMED,2024,12,mensal,,13,28
2025,C:\OSS-Goias\documentos\IMED\HETRIN\2025\34_Relatorio_Producao\G.11-RELATORIO-GERENCIAL-DE-PRODUCAO-H-fev.25.pdf,G.11-RELATORIO-GERENCIAL-DE-PRODUCAO-H-fev.25,372,6349,131,131,-1,2493,21485,479,-1,9,HETRIN,-1,-1,-1,-1,3.95,685,-1,-1,-1,3.87,96.97,-1,"Relatório referente ao 4º Termo Aditivo ao Contrato de Gestão 037/2019, período fev/2025. Cirurgias eletivas total = Alto Giro (101) + Média/Alta Complexidade (30) = 131. SADT Externo realizado (51) ficou abaixo da meta (180). Saídas da UTI: Óbito 9, Alta 2, Transferência Externa 0, Transferência Interna 19, Total 30. SADT Interno total: 21.485. Absenteísmo SADT Externo total: 39,3%. Indicador 08 (TMAT Expirado 1º ano) reportado como N/A. Glosas SIH referem-se a jan/2025 (0,00%, 0 procedimentos rejeitados de 685 apresentados). Documento elaborado em 07/03/2025 pela Diretora Geral Vânia Gomes Fernandes.",IMED,2025,2,mensal,,12,21
2025,C:\OSS-Goias\documentos\IMED\HETRIN\2025\34_Relatorio_Producao\G.11-RELATORIO-GERENCIAL-DE-PRODUCAO-H-jan.25.xlsx,G.11-RELATORIO-GERENCIAL-DE-PRODUCAO-H-jan.25,510,6458,131,131,-1,2671,-1,510,34,31,HETRIN,90.31,-1,6.08,-1,3.81,-1,-1,-1,-1,4.04,96.07,56,"Documento: G.11-RELATORIO-GERENCIAL-DE-PRODUCAO-H-jan.25.xlsx. Hospital Estadual de Trindade Walda Ferreira dos Santos - HETRIN. Período: Janeiro/2025 (4º T.A ao Contrato de Gestão 037/2019). Os valores extraídos para o mês de janeiro/2025 correspondem à última coluna com dados disponíveis nas planilhas. Total de saídas hospitalares jan/2025: 510. Óbitos/mês (jan/2025): 31 (coluna mais recente disponível na aba Efetividade). Taxa de mortalidade global jan/2025: 6.08%. Saídas da UTI jan/2025: 34. Taxa de ocupação geral: 96.07%. Média de permanência geral: 4.04 dias. Índice de Satisfação Usuário (jan/2025): 0.9031 (90.31%). Taxa readmissão hospitalar mesmo CID: 3.81%. Leitos operacionais reportados: 56. Número de funcionários total (jan/2025): 279. Número de enfermeiros (jan/2025): 44. SADT Interno total (jan/2025): 6690 (laboratório + imagem). Atendimento por demanda UE jan/2025: Espontânea 6049, Regulada 409, Total 6458.",IMED,2025,1,mensal,,25,28
2025,C:\OSS-Goias\documentos\IMED\HETRIN\2025\34_Relatorio_Producao\G.11-RELATORIO-GERENCIAL-DE-PRODUCAO-H-jul.25.xlsx,G.11-RELATORIO-GERENCIAL-DE-PRODUCAO-H-jul.25,491,6446,132,132,-1,3536,-1,491,42,31,HETRIN,93.8,-1,6.31,-1,1.73,-1,-1,-1,-1,4.03,97.74,56,"Relatório referente a julho de 2025 (mês 7). Hospital HETRIN - Hospital Estadual de Trindade Walda Ferreira dos Santos. Contrato de Gestão 037/2019 - 4º T.A. Taxa de ocupação hospitalar geral: 97,74%. Média de permanência geral: 4,03 dias. Total de óbitos/mês reportado na aba Efetividade: 31 (último dado disponível na série). Taxa de mortalidade global reportada: 6,31% (último valor na série da aba Efetividade). Índice de satisfação do usuário: 93,8% (último valor disponível na série). Número de leitos operacionais: 56. Atendimento de urgência/emergência - classificação de risco: Vermelho 33, Laranja 1054, Amarelo 2176, Verde 2622, Azul 102, Situação Incompatível 459 (último mês com dados na série). SADT Externo Absenteísmo reportado com valores fracionários para o último período. Dados de produção futura (após julho 2025) mostram zeros, confirmando julho/2025 como último período com dados efetivos.",IMED,2025,7,mensal,,32,23
2025,C:\OSS-Goias\documentos\IMED\HETRIN\2025\34_Relatorio_Producao\G.11-RELATORIO-GERENCIAL-DE-PRODUCAO-H-mai.25.xlsx,G.11-RELATORIO-GERENCIAL-DE-PRODUCAO-H-mai.25,376,7550,131,131,-1,2426,23288,466,-1,43,HETRIN,92.54,-1,9.23,-1,1.85,-1,-1,-1,-1,4.32,97.01,56,"Período de referência: maio de 2025 (arquivo G.11-RELATORIO-GERENCIAL-DE-PRODUCAO-H-mai.25.xlsx). Hospital HETRIN gerido pela IMED. Total de leitos operacionais: 56. Taxa de ocupação geral maio/2025: 97.01%. Média de permanência geral: 4.32 dias. Saídas da UTI em maio/2025: total 43 (óbitos UTI: 14, transferência interna: 27, transferência externa: 2). Taxa de mortalidade global calculada a partir dos dados de efetividade (série histórica disponível até abr/2025 com 0.0923). Taxa de reinternação 29 dias (último valor disponível 4TA): 1.85%. Índice satisfação usuário maio/2025: 92.54% (0.9254). SADT externo realizado em maio/2025: Doppler 30, Raio X 0, TC 60, Ultrassom 36, total 126. SADT interno total maio/2025: Laboratório 17492 + ECG 575 + Raio X 3759 + TC 1407 + US 35 + Doppler 20 = 23288. Atendimento por demanda/UE maio/2025: Espontânea 7119 + Regulada 431 = 7550. Classificação de risco maio/2025: Vermelho 38, Laranja 1313, Amarelo 2746, Verde 2918, Azul 86, Situação Incompatível 449, Total 7550.",IMED,2025,5,mensal,,17,9
2025,C:\OSS-Goias\documentos\IMED\HETRIN\2025\34_Relatorio_Producao\G.11-RELATORIO-GERENCIAL-DE-PRODUCAO-JAN25.pdf,G.11-RELATORIO-GERENCIAL-DE-PRODUCAO-JAN25,400,6458,131,131,-1,2671,6690,510,34,9,HETRIN,-1,-1,-1,-1,3.81,-1,-1,614,-1,4.04,96.07,-1,"Relatório referente ao 4º Termo Aditivo ao Contrato de Gestão 037/2019. SADT Interno total jan-25: 6.690 (Laboratório 2.071, Doppler 4, ECG 715, Raio X 2.683, Tomografia 1.193, Ultrassom 24). SADT Externo Ofertado total: 192. Saídas UTI: Óbito 9, Alta 1, Transferência Externa 3, Transferência Interna 21, Total 34. Atendimento por demanda: Espontânea 6.049, Regulada 409. Indicador 08 (cirurgias eletivas TMAT expirado 1º ano) reportado como N/A. Perda de medicamentos por validade: R$ 214,56 sobre estoque de R$ 452.384,94. Elaborado em São Paulo, 05 de fevereiro de 2025, por Vânia Gomes Fernandes, Diretora Geral HETRIN.",IMED,2025,1,mensal,,9,28
2025,C:\OSS-Goias\documentos\IMED\PFRE\2025\34_Relatorio_Producao\G.11-RELATORIO-GERENCIAL-DE-PRODUCAO-PCL_FORMOSA-abr.25.pdf,G.11-RELATORIO-GERENCIAL-DE-PRODUCAO-PCL_FORMOSA-abr.25,-1,-1,-1,85,-1,7274,615,-1,-1,-1,PFRE,-1,-1,-1,-1,-1,-1,-1,-1,-1,-1,-1,-1,"Policlínica Estadual da Região do Entorno - Unidade FORMOSA. Relatório referente ao 1º Termo Aditivo ao Termo de Colaboração 88/2024 (SEI nº 62338875). Período: abril/2025. SADT Externo Absenteísmo total: 45,3%. SADT Interno Realizado: 4.500 (Análises Clínicas: 4.385; Patologia Clínica: 115). SADT Interno Oftalmológico: 1.290. Taxa de Perda Financeira de Medicamentos por Validade: 0,8% (meta ≤ 0,5%), não atingida. Dispensação de Medicamentos: 83% (meta ≥ 50%), atingida. Processo Transexualizador sem produção no mês. CEO II sem produção no mês. Elaborado por Thayse Braga Ribeiro França - Gerente Administrativa. Data: 09/05/2025.",IMED,2025,4,mensal,,31,22
2025,C:\OSS-Goias\documentos\IMED\PFRE\2025\34_Relatorio_Producao\G.11-RELATORIO-GERENCIAL-DE-PRODUCAO-PCL_FORMOSA-dez.24.xlsx,G.11-RELATORIO-GERENCIAL-DE-PRODUCAO-PCL_FORMOSA-dez.24,-1,-1,-1,82,-1,7004,2134,-1,-1,-1,PCL_FORMOSA,-1,-1,-1,-1,-1,-1,-1,-1,-1,-1,-1,-1,"Relatório gerencial de produção da Policlínica Estadual da Região do Entorno – Unidade Formosa, referente a dezembro de 2024. O documento cobre múltiplos meses (jul-dez/2024); os valores extraídos correspondem à coluna de dezembro/2024 (última coluna com dados). CEO II (odontologia) e Processo Transexualizador apresentaram produção zero em dezembro/2024. Consulta Multiprofissional de dezembro totaliza 3074 (excluindo fonoaudiólogo da meta, o total da meta é 3074; com fonoaudiólogo 3973). SADT interno oftalmológico (fundoscopia, tonometria, triagem oftalmológica, etc.) totaliza 858 em dezembro. Práticas Integrativas e Complementares (PICs) totalizaram 899 em dezembro. Transporte TRS: 6910 km/passageiros em dezembro. Taxa de absenteísmo geral em dezembro: 1.85%. Taxa de rotatividade geral em dezembro: 4.56%. Taxa de perda primária SADT total em dezembro: 88%.",IMED,2024,12,mensal,,29,16
2025,C:\OSS-Goias\documentos\IMED\PFRE\2025\34_Relatorio_Producao\G.11-RELATORIO-GERENCIAL-DE-PRODUCAO-PCL_FORMOSA-jan.25.xlsx,G.11-RELATORIO-GERENCIAL-DE-PRODUCAO-PCL_FORMOSA-jan.25,-1,-1,-1,40,-1,7089,365,-1,-1,-1,PCL_FORMOSA,-1,-1,-1,-1,-1,-1,-1,-1,-1,-1,-1,-1,"Relatório de produção da Policlínica Estadual da Região do Entorno – Unidade FORMOSA, referente ao 1º Termo Aditivo ao Termo de Colaboração 88/24 (SEI nº 62338875), período 01-31/janeiro de 2025. Total de consultas ambulatoriais realizadas: 7.089 (meta 7.000). SADT externo+interno realizado: 365 (meta 1.260 – abaixo da meta). SADT interno (análises clínicas + patologia): 4.593. Hemodiálise: 633 sessões (meta 624). CEO I sem produção no mês. Processo Transexualizador: zero atendimentos. PICS multiprofissionais: 762 (meta 400). PICS médicas: 0 (meta 300). Taxa de Perda Primária Global de consultas médicas: 52%. Taxa absenteísmo SADT: 36% (período). Taxa absenteísmo profissional geral: 1,98%. Rotatividade geral: 6,34%. Consultas farmacêuticas: 9,34% dos processos atendidos (meta ≥5% – atingido). Dispensação de medicamentos: 75,1% dos processos cadastrados (meta ≥50% – atingido). Perda financeira medicamentos por prazo de validade: R$0 (meta ≤0,5% – atingido).",IMED,2025,1,mensal,,28,27
2025,C:\OSS-Goias\documentos\IMED\HETRIN\2025\34_Relatorio_Producao\G.11_-_ITEM_-_RELATORIO_GERENCIAL_DE_PRODUCAO_-_H_2024_3_SIGNED.wilson.pdf,G.11_-_ITEM_-_RELATORIO_GERENCIAL_DE_PRODUCAO_-_H_2024_3_SIGNED.wilson,-1,80119,1575,-1,-1,28543,-1,5544,513,176,HETRIN,-1,-1,-1,-1,4.11,-1,-1,-1,-1,4.33,98.36,-1,"Relatório anual referente ao 4º T.A ao Contrato de Gestão 037/2019. Dados apresentados mensalmente de jan/2024 a dez/2024. UTI: saídas da UTI somadas ao longo do ano totalizam 513 (53+48+38+26+49+48+34+43+47+51+32+45). Óbitos da UTI somados ao longo do ano: 176 (14+19+13+10+12+17+16+11+21+15+11+17). SADT Externo realizado: total anual 8583. Farmácia VVS, Serviço Social VVS e Psicologia VVS reportados como 'Sem VVS' em todos os meses. Total procedimentos apresentados no SIH (ano anterior dez-23 a nov-24): disponíveis por mês. Taxa de Readmissão Hospitalar e outros indicadores de desempenho reportados mensalmente. Documento elaborado em 10/01/2025 e aprovado pelo Conselho de Administração do IMED.",IMED,2024,,anual,,19,18
2025,C:\OSS-Goias\documentos\IMED\PFRE\2025\34_Relatorio_Producao\G.11_-_ITEM_-_RELATORIO_GERENCIAL_DE_PRODUCAO_-_PCL-F_-_2024_5_SIGNED-wilson.pdf,G.11_-_ITEM_-_RELATORIO_GERENCIAL_DE_PRODUCAO_-_PCL-F_-_2024_5_SIGNED-wilson,-1,-1,-1,82,-1,7004,2134,-1,-1,-1,PFRE,-1,-1,-1,-1,-1,-1,-1,-1,-1,-1,-1,-1,"Relatório de produção da Policlínica Estadual da Região do Entorno – Unidade FORMOSA, referente ao mês de dezembro/2024. OSS gestora: IMED. O documento apresenta dados mensais de ago-24 a dez-24. Destaques de dez-24: Total atendimento ambulatorial = 7.004 (Consulta Médica 3.031 + Consulta Multiprofissional 3.973); Cirurgia Menor Ambulatorial (CMA) = 82; SADT interno e externo total = 2.134; SADT interno (análises clínicas + patologia clínica) = 5.038; Hemodiálise = 591; CEO II consultas e procedimentos = 0 (não realizado); Processo Transexualizador = 0; Transporte para TRS = 6.910. Taxa de perda financeira de medicamentos por prazo de validade dez-24 = 0,1% (meta ≤ 0,5%). Dispensação de medicamentos dez-24 = 77% (meta ≥ 50%). Consultas farmacêuticas dez-24 = 8% dos processos atendidos (meta ≥ 5%). Relatório elaborado em 10/01/2025.",IMED,2024,12,mensal,,29,6
2025,C:\OSS-Goias\documentos\AGIR\HUGOL\2025\34_Relatorio_Producao\HUGOL.pdf,HUGOL,2005,4618,295,295,-1,6025,-1,2005,-1,-1,HUGOL,-1,-1,-1,-1,3.82,-1,-1,2311,-1,6.67,100.18,-1,"Relatório de Produção Assistencial HUGOL - Maio/2025. OSS gestora não explicitada no documento; informada como AGIR conforme metadados. SADT Interno (Maio): Anatomia Patológica 198, Análises Clínicas 77.207, Broncoscopia 7, CPRE 9, Ecocardiograma 462, Eletrocardiograma 816, Endoscopia/Colonoscopia 155, Holter 31, Raio X 7.260, Ressonância Magnética 202, Teste ergométrico 6, Tomografia 5.963, Ultrassonografia 970. Hemoterapia (UCT) Maio: Bolsas de Sangue Total Coletadas 849, Coletas de Plaquetas por Aferese 24, Hemocomponentes Produzidos 2.185. BPA apresentado: 100%. Atendimentos do Serviço Social - Urgência/Emergência: 964; Ambulatório: 0. Transplante de Pele: 0; Transplante de Valva Cardíaca: 0. AACR Vermelho: 75, Laranja: 955, Amarelo: 2.755, Verde: 602, Azul: 57, Branco (sem classificação): 174, Total: 4.618. Nota sobre Angiologia/Endovascular contabilizada em Cirurgia Vascular e Neurointervencionista em Neurocirurgia. Os atendimentos sem classificação são ocasionados por indisponibilidade temporária do sistema.",AGIR,2025,5,mensal,,39,56
2025,C:\OSS-Goias\documentos\Instituto Patris\HEL\2025\34_Relatorio_Producao\id4058_Relatório Gerencial de Produção (Janeiro_2025).pdf,id4058_Relatório Gerencial de Produção (Janeiro_2025),503,3533,91,91,-1,2528,22174,503,-1,27,HEL,-1,-1,3.0,-1,5.47,-1,-1,-1,-1,3.55,91.43,61,"Relatório de Janeiro/2025. Total de óbitos: 27 (18 após 24h, 3 antes de 24h, 0 mortalidade operatória). UTI: taxa de ocupação 94,93%, TMP 5,57 dias. Taxa de readmissão UTI 48h: 0,00% (0 retornos em 21 saídas por alta). Saídas UTI: 21 altas, 14 óbitos, 7 transferências externas, 16 transferências internas. Partos: 69 normais, 58 cesáreas, 8 extra-hospitalares. Total de procedimentos obstétricos/partos: 166. Atendimento de urgência/emergência: 3.405 demanda espontânea + 128 regulados = 3.533. Escritório de Gestão de Alta: 28 pacientes atendidos. Classificação de risco: Vermelho 16, Laranja 183, Amarelo 1387, Verde 1627, Azul 320. SADT Interno total: 21.112 (meta 21.905, 96%). Percentual de glosas SIH: não informado (campo com traço). Taxa de cirurgia de urgência: 54,95%. Índice de Intervalo de Substituição: 7,92h. Total de leitos operacionais: 61. RH: 388 funcionários totais, 115 médicos, 46 médicos especialistas, 142 funcionários de enfermagem, 47 enfermeiros. Gestora: Instituto Patris (PATRIS). Diretor Geral: Francisco Amud. Presidente Instituto Patris: Guilherme Abraão Simão de Almeida.",Instituto Patris,2025,1,mensal,,14,58
2025,C:\OSS-Goias\documentos\Instituto Patris\HEL\2025\34_Relatorio_Producao\id4144_Relatório Gerencial de Produção (Fevereiro_2025).pdf,id4144_Relatório Gerencial de Produção (Fevereiro_2025),479,2607,94,94,-1,2849,19104,479,-1,15,HEL,-1,-1,0.83,-1,5.68,-1,-1,-1,-1,3.39,95.08,1708,"Relatório referente a Fevereiro/2025. Hospital Estadual de Luziânia (HEL), gerido pelo Instituto Patris. Total de leito/dia em Fevereiro: 1.708. Total de saídas UTI em Fevereiro: 38 (Alta:11, Óbito:6, Transferência externa:5, Transferência interna:16). Total de partos: 112 (Normal:68, Cesárea:44, Extra-hospitalar:3). Cirurgias obstétricas: 19 procedimentos. Total procedimentos obstétricos/partos: 131. Taxa de cirurgia de urgência: 50,00%. Total óbitos: 15 (>24hs: 5, <24hs: 10). Mortalidade operatória: 0. Taxa de absenteísmo geral Fevereiro: 4,04%. Taxa de perda primária ambulatorial: 45,45%. Taxa de absenteísmo consulta médica: 12,54%. Número leitos operacionais: 1.708. Total de funcionários: 400. Médicos: 95. Médicos especialistas: 39. Indicador de glosas em Fevereiro não disponível (campo vazio). Cirurgias programadas suspensas em Fevereiro: 3 (taxa 3,30%). Cirurgias com TMAT 1º ano expirado: 36 (5,44%). Taxa de readmissão UTI 48h: 0,00%.",Instituto Patris,2025,2,mensal,,22,31
2025,C:\OSS-Goias\documentos\Instituto Patris\HEL\2025\34_Relatorio_Producao\id4169_Relatório Gerencial de Produção (Março_2025).pdf,id4169_Relatório Gerencial de Produção (Março_2025),500,2377,88,88,-1,2805,862,500,-1,16,HEL,-1,-1,1.04,-1,4.32,-1,-1,-1,-1,3.63,95.88,1891,"Relatório de Março/2025 do Hospital Estadual de Luziânia (HEL), gerido pelo Instituto Patris. Total de saídas hospitalares: 500 (meta 485, 103%). Total cirurgias eletivas: 88 (meta 61, 144%). Total atendimentos urgência/emergência: 2.377. Total partos: 132 (normal 81, cesárea 51, extra-hospitalar 4). Total procedimentos obstétricos/partos: 143. Taxa cirurgia de urgência: 51,65%. Total óbitos: 16 (>24h: 12; <24h: 4). Mortalidade operatória: 0. Saídas UTI: alta 11, óbito 7, transferência externa 4, transferência interna 14. Taxa de readmissão UTI 48h: 9,09% (acima da meta <5%). Percentual partos cesáreos 38,64% (acima da meta ≤15%). Número leitos operacionais: 1.891. Número de funcionários: 408 total, 138 enfermagem, 46 enfermeiros, 118 médicos, 55 especialistas. Turnover: 2,20%. Glosas SIH Fevereiro: 0,00% (Março: dado não disponível). SADT Interno Tomografia e Anatomia Patológica com desempenho muito abaixo da meta (28%).",Instituto Patris,2025,3,mensal,,12,47
2025,C:\OSS-Goias\documentos\Instituto Patris\HEL\2025\34_Relatorio_Producao\id4226_Relatório Gerencial de Produção (Abril_2025).pdf,id4226_Relatório Gerencial de Produção (Abril_2025),476,2246,85,85,-1,1318,928,476,-1,16,HEL,-1,-1,1.5,-1,4.18,-1,-1,-1,-1,3.65,94.86,1830,"Relatório de Produção e Desempenho do Hospital Estadual de Luziânia (HEL) gerido pelo Instituto Patris, referente ao mês de Abril/2025. Total de saídas hospitalares: 476 (meta 485, 98%). Cirurgias totais: 85 (meta 61, 139%). Total ambulatório: 2.880 (meta 2.380, 121%). SADT Externo Realizado: 928 (meta 795, 117%). SADT Interno: 18.439 (meta 21.905, 84%). Atendimentos de Urgência/Emergência: 2.246. Total de óbitos: 16 (mortalidade global 1,50%; óbitos >24h: 11; óbitos <24h: 5; mortalidade operatória: 0). Taxa de cirurgia de urgência: 60,28%. Número leitos operacionais (leito/dia): 1.830. UTI taxa de ocupação: 97,62%. Taxa de readmissão UTI (48h): 9,52% (meta <5%, não atingido). Percentual de partos cesáreos: 48,65% (meta ≤15%, não atingido). Percentual de ocorrência de glosas no SIH (Março): 0,00%. Turnover RH: 3,70%. Número total de funcionários: 414; médicos: 118; médicos especialistas: 55; leitos operacionais Abril: 1.830.",Instituto Patris,2025,4,mensal,,14,27
2025,C:\OSS-Goias\documentos\Instituto Patris\HEL\2025\34_Relatorio_Producao\id4259_Relatório Gerencial de Produção (Maio_2025).pdf,id4259_Relatório Gerencial de Produção (Maio_2025),495,3078,63,63,-1,2810,861,495,-1,20,HEL,-1,-1,2.44,-1,3.29,-1,-1,-1,-1,3.61,94.55,1891,"Relatório de Produção e Desempenho do Hospital Estadual de Luziânia (HEL), gerido pelo Instituto Patris, referente a Maio/2025. Total de saídas hospitalares: 495 (meta 485, 102%). Total cirurgias eletivas: 63 (meta 61, 103%). Total ambulatório: 2.810 (meta 2.380, 118%). Atendimentos de urgência/emergência: 3.078. Total de óbitos no mês: 20 (mortalidade global 2,44%); óbitos >24h: 16; óbitos <24h: 4; mortalidade operatória: 0. Taxa de cirurgia de urgência: 66,84%. Saídas UTI em maio: Alta 3, Óbito 13, Transferência externa 2, Transferência interna 11. Taxa de readmissão UTI 48h: 8,70% (meta <5%, não atingido). Total de partos: 139 (normal 72, cesárea 67, extra-hospitalar 2). Taxa de partos cesáreos: 48,20% (meta ≤15%, não atingido). SADT Interno total realizado: 21.374 (meta 21.905, 98%). Número leitos operacionais (leito/dia base): 1.891. Número total de funcionários: 389; médicos: 117; especialistas: 55. Turnover: 4,50%. Absenteísmo geral maio: 3,42%.",Instituto Patris,2025,5,mensal,,12,36
2025,C:\OSS-Goias\documentos\Instituto Patris\HEL\2025\34_Relatorio_Producao\id4362_Relatório Gerencial de Produção (Junho_2025).pdf,id4362_Relatório Gerencial de Produção (Junho_2025),9,2821,62,62,-1,2727,21134,473,-1,18,HEL,-1,-1,1.83,-1,3.21,-1,-1,-1,-1,3.84,99.23,1830,"Relatório de Junho/2025 do Hospital Estadual de Luziânia (HEL), gerido pelo Instituto Patris. Total de saídas hospitalares: 473 (meta 485, eficácia 98%). Total de óbitos no mês: 18 (global 1,83%), sendo 15 óbitos >24h e 3 óbitos <24h. Taxa de mortalidade operatória: 0. Taxa de cirurgia de urgência: 66,48%. Leitos operacionais: 1.830 (leito/dia). Número total de funcionários: 398; médicos: 117; médicos especialistas: 55; enfermeiros: 56; funcionários de enfermagem: 146. Total de partos: 130 (Normal: 77, Cesárea: 53, Extra-hospitalar: 3). Total de procedimentos obstétricos/partos: 147. Saídas da UTI: Alta 9, Óbito 7, Transferência externa 2, Transferência interna 12. Taxa de absenteísmo médica consulta: 14,69%. Taxa de perda primária ambulatorial: 36,07%. Percentual de glosas SIH (Maio): 0,20%. Indicadores de SADT Interno são reportados somente para efeito de monitoramento. Documento assinado eletronicamente em jul/2025.",Instituto Patris,2025,6,mensal,,14,56
2025,C:\OSS-Goias\documentos\Instituto Patris\HEL\2025\34_Relatorio_Producao\id4420_Relatório Gerencial de Produção (Julho_2025).pdf,id4420_Relatório Gerencial de Produção (Julho_2025),460,2787,66,66,-1,1140,1005,460,-1,18,HEL,-1,-1,1.73,-1,3.17,-1,-1,367,-1,3.94,95.77,1891,"Relatório de Produção referente a Julho/2025 do Hospital Estadual de Luziânia (HEL), gerido pelo Instituto Patris. Total de saídas hospitalares: 460 (meta 485, eficácia 98%). Total de cirurgias eletivas: 66 (meta 61, eficácia 102%). Total ambulatório: 2.561 (meta 2.380, eficácia 115%). Atendimentos de urgência/emergência: 2.787. Total de óbitos no mês: 18 (mortalidade global 1,73%), sendo 15 óbitos >24h e 3 óbitos <24h. Total mortalidade operatória: 0. UTI: taxa de ocupação 96,77%, tempo médio de permanência 5,12 dias. Número total de leitos operacionais: 1.891. Número total de funcionários: 404. Taxa de perda primária ambulatorial: 25,12%. Percentual de partos cesáreos: 50%, acima da meta de ≤15%. Percentual de suspensão de cirurgias eletivas: 1,52% (meta ≤5%). Glosas no SIH: dado referente a junho (0,00%); julho sem valor registrado. Turnover: 5,10%. Taxa de absenteísmo geral julho: 4,44%.",Instituto Patris,2025,7,mensal,,21,46
2025,C:\OSS-Goias\documentos\Instituto Patris\HEL\2025\34_Relatorio_Producao\id4517_Relatório Gerencial de Produção (Agosto_2025).pdf,id4517_Relatório Gerencial de Produção (Agosto_2025),483,3219,74,204,130,2602,22652,483,-1,19,HEL,-1,-1,2.04,-1,4.37,-1,-1,-1,-1,3.58,91.49,1891,"Relatório de Produção e Desempenho de Agosto/2025 do Hospital Estadual de Luziânia (HEL), gerido pelo Instituto Patris. O documento apresenta indicadores de produção (internações, cirurgias, ambulatório, SADT, partos, urgência/emergência) e indicadores de desempenho. Total de óbitos no mês: 19, sendo 13 após 24h e 6 antes de 24h. Taxa de cirurgia de urgência: 63,73%. Saídas da UTI em agosto: Alta 14, Óbito 12, Transferência externa 2, Transferência interna 26. Total de leitos operacionais: 1.891. Número total de funcionários: 400; médicos: 93; médicos especialistas: 51; enfermeiros: 53. Taxa de perda primária ambulatorial: 36,50%. Indicador 6 (glosas SIH) não reportado para agosto. Cirurgias 2º tempo totalizaram 1 em agosto. O percentual de partos cesáreos (39,64%) supera a meta de ≤15%, indicando não atingimento desta meta.",Instituto Patris,2025,8,mensal,,10,26
2025,C:\OSS-Goias\documentos\Instituto Patris\HEL\2025\34_Relatorio_Producao\id4621_Relatório Gerencial de Produção (Setembro_2025).pdf,id4621_Relatório Gerencial de Produção (Setembro_2025),485,3706,69,213,139,2544,1071,485,-1,15,HEL,-1,-1,1.39,-1,5.0,-1,-1,-1,-1,3.66,96.99,1830,"Relatório de setembro/2025. Total de óbitos no mês: 15 (10 acima de 24h, 5 abaixo de 24h). Taxa de cirurgia de urgência: 66,83%. Cirurgias de urgência/emergência em setembro: 139. Cirurgias 2º tempo em setembro: 5. Total leitos operacionais: 1.830. Total de saídas UTI em setembro: 59 (alta 11, óbito 5, transferência externa 5, transferência interna 38). Atendimentos UE setembro: 3.706. Percentual de glosas SIH (agosto): 2,89% (19 rejeitados de 658 apresentados). Taxa de perda primária ambulatorial: 19,84%. Turnover: 3,70%. Taxa de absenteísmo geral setembro: 3,72%.",Instituto Patris,2025,9,mensal,,10,36
2025,C:\OSS-Goias\documentos\Instituto Patris\HEL\2025\34_Relatorio_Producao\id4622_Relatório Gerencial de Produção (Outubro_2025).pdf,id4622_Relatório Gerencial de Produção (Outubro_2025),498,3430,68,229,161,2638,26169,498,-1,16,HEL,-1,-1,1.64,-1,6.17,-1,-1,-1,-1,3.69,97.14,1891,"Relatório de Outubro/2025 do Hospital Estadual de Luziânia (HEL), gerido pelo Instituto Patris. Total de saídas hospitalares: 498 (meta 485, eficácia 103%). Total cirurgias: 68 eletivas + 161 urgência/emergência + 5 de 2º tempo = 234 no total reportado. Partos: 123 (64 normais, 59 cesáreas, 4 extra-hospitalares); taxa de cesáreas 47,97% acima da meta de 15%. SADT Interno total: 26.169 procedimentos. Atendimentos de urgência/emergência: 3.430. Óbitos no mês: 16 (mortalidade global 1,64%); óbitos >24h: 10; <24h: 6; mortalidade operatória: 0. Taxa de cirurgia de urgência: 29,69%. Número leito operacional informado: 1.891 (leito/dia). UTI: taxa de readmissão 48h = 0,00%; tempo médio permanência UTI = 6,06 dias; taxa de ocupação UTI = 97,70%. Taxa de perda primária ambulatorial: 21,92%. Absenteísmo consulta médica: 5,86%. Turnover: 3,90%. Total funcionários: 388; médicos: 147; médicos especialistas: 73; enfermeiros: 52.",Instituto Patris,2025,10,mensal,,12,38
2025,C:\OSS-Goias\documentos\Instituto Patris\HEL\2025\34_Relatorio_Producao\id4730_Relatório Gerencial de Produção (Novembro_2025).pdf,id4730_Relatório Gerencial de Produção (Novembro_2025),511,3140,73,210,137,2396,1024,511,-1,14,HEL,-1,-1,1.13,-1,1.26,-1,-1,-1,-1,3.43,95.85,1830,"Relatório de referência: Novembro/2025. OSS gestora: Instituto Patris (PATRIS). Total de óbitos no mês: 14 (9 >24h, 5 <24h). Mortalidade operatória: 0. Taxa de cirurgia de urgência: 68,16%. Total de leito/dia novembro: 1.830. Total de partos: 130 (Normal: 77, Cesárea: 53, Extra Hospitalar: 4). SADT Interno total: 24.086. Cirurgias 2º Tempo (Novembro): 9. Total atendimentos emergência (Novembro): 3.140. Indicador 6 (glosas SIH) reportado somente para Outubro: 3,50%. Número leito operacional novembro: 1.830. Turnover: 2,60%. Taxa absenteísmo geral novembro: 2,33%.",Instituto Patris,2025,11,mensal,,10,37
2025,C:\OSS-Goias\documentos\Instituto Patris\HEL\2025\34_Relatorio_Producao\id4731_Relatório Gerencial de Produção (Dezembro_2025).pdf,id4731_Relatório Gerencial de Produção (Dezembro_2025),492,3043,59,221,162,2487,883,492,-1,18,HEL,-1,-1,2.58,-1,3.16,-1,-1,212,-1,3.53,91.8,1891,"Relatório de produção referente a Dezembro/2025. O documento apresenta comparativo Outubro/Novembro/Dezembro com eficácia calculada para Dezembro em relação à Meta 1º TA. SADT Interno classificado como 'Somente para efeito de monitoramento'. Cirurgias de Urgência/Emergência em Dezembro totalizaram 162 procedimentos. Total de partos em Dezembro: 127 (79 normais, 48 cesáreas, 4 extra-hospitalares). Taxa de mortalidade global de Dezembro: 2,58% (18 óbitos). Leito operacional em Dezembro: 1.891. Índice de Intervalo de Substituição em Dezembro: 7,40h. Taxa de readmissão UTI 48h: 0,00%. Percentual de suspensão de cirurgias eletivas: 0,00%. Indicador 9 (TMAT 2º ano) retornou erro de cálculo (#VALOR!) no sistema. OSS gestora identificada como Instituto Patris conforme domínio de email institutopatris.org.br.",Instituto Patris,2025,12,mensal,,13,36
2025,C:\OSS-Goias\documentos\Albert Einstein\HUGO\2025\34_Relatorio_Producao\Indicadores-Producao-12-2025.pdf.pdf,Indicadores-Producao-12-2025.pdf,1273,2888,581,-1,462,4774,74806,1273,-1,-1,HUGO,-1,-1,-1,-1,4.71,-1,-1,-1,-1,8.86,114.69,-1,"Relatório de Produção Assistencial 2025 do Hospital de Urgências de Goiás Dr. Valdemiro Cruz (HUGO), Termo de Colaboração nº 97/2024 - SES, referência dezembro/2025, emitido em 09/01/2026. A partir do 1º TA (01/02/2025) as metas mensais foram revisadas. Cirurgias eletivas com meta específica reportadas apenas para janeiro (507 realizadas vs meta 450). Cirurgias urgência e eletivas 2º tempo sem meta contratual. SADT Interno total dezembro: 74.806 procedimentos. Atendimentos AVC (Projeto Angels) dezembro: 419. Taxa de ocupação calculada com base em leitos-dia operacionais variáveis. Percentual de glosas SIH novembro e dezembro em processamento. Taxa de readmissão UTI 48h dezembro: 0,98%.",Albert Einstein,2025,12,mensal,,30,25
2025,C:\OSS-Goias\documentos\AGIR\HUGOL\2025\34_Relatorio_Producao\PORTFÓLIO HUGOL 2025 12 T.A alterado.xlsx,PORTFÓLIO HUGOL 2025 12 T.A alterado,2005,4618,295,1828,-1,6025,-1,2005,-1,141,HUGOL,-1,-1,7.03,-1,3.82,2311,-1,-1,-1,6.6688,100.18,431,Documento referente ao portfólio de produção do HUGOL para o ano de 2025. Os dados do mês de maio/2025 são os últimos com valores preenchidos na planilha principal (Sheet INDICADOR DE PRODUÇÃO). A Sheet INDICADOR DE PRODUÇÃO (2) apresenta dados de 2023 com estrutura parcial até julho global. Taxa de ocupação hospitalar geral em maio: 100.18% (1.0018). Número de leitos operacionais em maio: 431. Cirurgias totais em maio: 1828 (conforme Sheet INDICADORES DE EFETIVIDADE). Taxa de cirurgia de urgência em maio: 85.89% (0.8589). Total de óbitos em maio: 141. Taxa de mortalidade global maio: 7.03% (0.0703). AIH: total de procedimentos apresentados no SIH em abril (último disponível na sheet de desempenho): 2311. A OSS gestora identificada é AGIR conforme contexto do documento.,AGIR,2025,5,mensal,,26,44
2025,C:\OSS-Goias\documentos\AGIR\HUGOL\2025\34_Relatorio_Producao\PORTFÓLIO HUGOL 2025 12 T.A_.xlsx,PORTFÓLIO HUGOL 2025 12 T.A_,1964,4249,286,-1,-1,5829,-1,1964,-1,-1,HUGOL,-1,-1,-1,-1,4.57,2239,-1,-1,-1,6.5158,100.8,-1,"Documento de portfólio do HUGOL referente ao ano de 2025, com dados mensais de Janeiro a Abril (meses com dados preenchidos). Os meses de Maio a Dezembro apresentam zeros ou estão em branco. Os dados de internação (saídas hospitalares) do mês de Abril são: total 1964, meta 1932. Cirurgias eletivas realizadas em Abril: total 286, meta 250. Atendimento ambulatorial Abril: total 5829, meta 5970. A taxa de ocupação de Abril foi de 100.8% (>90% meta). Tempo médio de permanência Abril: 6.52 dias (<7 meta). Taxa de readmissão hospitalar Abril: 4.57% (<8% meta). Taxa de readmissão UTI Abril: 2.04% (<5% meta). A sheet INDICADOR DE PRODUÇÃO (2) contém dados de 2023 com estrutura diferente. O arquivo contém duas sheets de indicadores de produção: uma para 2025 e outra para 2023. Os dados extraídos correspondem prioritariamente ao ano 2025. Procedimentos no SIH em Abril: 2239 apresentados, 0 rejeitados (glosa 0%). Disponibilidade farmacêutico 24h: atendida todos os meses. BPA apresentado: 1 (meta 1) todos os meses.",AGIR,2025,,outro,,31,44
2025,C:\OSS-Goias\documentos\AGIR\HEJ\2025\34_Relatorio_Producao\Relatorio gerencial de produção Outubro.xlsx,Relatorio gerencial de produção Outubro,933,7200,363,567,204,2147,34151,993,-1,-1,HEJ,-1,-1,-1,-1,10.03,194,-1,-1,-1,3.6699,86.64,-1,"Relatório de produção referente ao mês de outubro de 2025 do Hospital Estadual de Jataí Dr. Serafim de Carvalho (HEJ), gerido pela AGIR. Total de saídas hospitalares: 993 (meta 732). Total cirurgias eletivas (todas as categorias): 363; cirurgias de urgência: 204; total geral cirurgias: 567. Total atendimentos ambulatoriais: 4988 (meta 3072). Total SADT Externo: 241 (meta 270); Total SADT Interno: 33910. Atendimentos urgência porta de entrada: 7200. AACR total: 3374. Taxa de ocupação hospitalar: 86.64% (meta ≥85%). Tempo médio de permanência: 3.67 dias (meta ≤5 dias). Taxa de readmissão hospitalar 29 dias: 10.03% (meta <20%). Percentual de partos cesáreos: 72.22% (meta ≤15%), acima da meta. Taxa de acurácia do estoque: 75.43% (meta ≥95%), abaixo da meta. Leitos operacionais-dia do período: 3952; pacientes-dia: 3424. Total de internações (número de internações): 798 conforme denominador do indicador 5; saídas hospitalares totais: 993 conforme indicador de produção. BPA em apuração. Glosas SIH: 2.06% (meta ≤7%). Suspensão de cirurgias eletivas: 0.95% (meta ≤5%).",AGIR,2025,10,mensal,,27,40
2025,C:\OSS-Goias\documentos\IPGSE\HERSO\2025\34_Relatorio_Producao\relatorio-gerencial-abril-19-12-2025-f00e71c07d.pdf,relatorio-gerencial-abril-19-12-2025-f00e71c07d,442,314,268,351,83,1057,1674,676,83,-1,HERSO,98.08,2.04,5.88,-1,0.46,485,-1,511,-1,4.87,94.47,-1,"Hospital Estadual de Santa Helena de Goiás Dr. Albanir Faleiros Machado (HERSO), gerido pelo IPGSE, Termo de Colaboração nº 101/2024 SES. Período: 01 a 30 de abril de 2025. Mortalidade Operatória: 1,14%. Taxa de Cirurgias de Urgência/Emergência: 23,65%. Total de procedimentos SADT Interno: 24.333. Total de Anestesias: 595. UTI Adulto I internações: 47; UTI Adulto II internações: 36. Taxa de readmissão em UTI (48h): 3,66% (meta ≤5%). Total AIH apresentadas: 485; saídas: 442; taxa AIH/saídas: 109,73%. Glosas SIH: 0,00% (referente a março). Índice de Satisfação do Usuário (SAU): 100,00%; Taxa de Satisfação geral: 98,08%. Documento assinado digitalmente pela Diretora Administrativa em 09/05/2025.",IPGSE,2025,4,mensal,,8,29
2025,C:\OSS-Goias\documentos\IPGSE\HERSO\2025\34_Relatorio_Producao\relatorio-gerencial-agosto-19-12-2025-93c7d1cd72.pdf,relatorio-gerencial-agosto-19-12-2025-93c7d1cd72,458,459,327,422,95,1059,28458,785,80,-1,HERSO,100.0,1.53,5.24,-1,0.63,532,-1,554,-1,5.19,94.52,-1,"Hospital Estadual de Santa Helena de Goiás Dr. Albanir Faleiros Machado (HERSO), gerido pelo IPGSE, Termo de Colaboração nº 101/2024 SES. Período: 01 a 31 de agosto de 2025. Mortalidade Operatória: 1,42%. Taxa de Cirurgia de Urgência/Emergência: 22,75%. Total de saídas hospitalares consideradas para meta inclui Clínica Cirúrgica, Clínica Cirúrgica Ortopédica e Clínica Médica Adulto. UTI Adulto I: 42 internações; UTI Adulto II: 38 internações. Total SADT Interno: 28.458 procedimentos. Total de procedimentos cirúrgicos (incluindo reoperações/procedimentos adicionais): 470. Anestesias realizadas: 713. Índice de satisfação do usuário (SAU): 99,00%. Taxa de satisfação geral: 100%. AIH apresentadas: 532; saídas: 458; taxa AIH/saídas: 116,16%. Glosas SIH referentes ao mês de julho.",IPGSE,2025,8,mensal,,8,29
2025,C:\OSS-Goias\documentos\ISG\HDT\2025\34_Relatorio_Producao\Relatorio-Gerencial-de-Producao-01.2025.pdf,Relatorio-Gerencial-de-Producao-01.2025,291,-1,2,36,-1,2585,500,291,-1,-1,HDT,-1,-1,-1,-1,1.3,-1,-1,-1,-1,7.6,89.0,-1,"Relatório Gerencial de Produção - Competência Janeiro/2025. Contrato de Gestão Nº 91/2012. Hospital Estadual de Doenças Tropicais Dr. Anuar Auad (HDT), gerido pela ISG. O dado de percentual de ocorrência de rejeições no SIH é obtido em dois meses subsequentes, portanto não reportado para o período. A taxa de readmissão hospitalar reportada refere-se a 29 dias (não 30 dias). Exames totais do SADT externo somam: 287+9+26+22+23+24+11+57+41=500. Saídas hospitalares totais: 212+45+34=291.",ISG,2025,1,mensal,,3,30
2025,C:\OSS-Goias\documentos\ABEVIDA\CRESM\2025\34_Relatorio_Producao\RELATORIO-GERENCIAL-DE-PRODUCAO-02.2025.pdf,Relatorio-Gerencial-de-Producao-02.2025,-1,-1,-1,-1,-1,2931,-1,-1,-1,-1,CRESM,96,4.34,-1,-1,0,-1,-1,-1,-1,23.96,95.07,-1,"Relatório do CRESM Prof. Jamil Issy referente a fevereiro de 2025, Contrato de Gestão 002/2014 SES-GO, 9º termo aditivo. Paciente/dia realizado (2875) abaixo da meta (3119). Consultas ambulatoriais totais: 1142 médicas + 1789 multiprofissionais = 2931. Densidade de Incidência de IRAS: 4,16% (por 1000 pacientes-dia). Incidência Acumulada Global de IRAS: 4,34%. Percentual de resolução de queixas da ouvidoria: 100%. Percentual de aplicação da pesquisa de satisfação: Ambulatório 10,08%, Internação 87,61%. Total de eventos adversos notificados em fevereiro: 29, incluindo tentativas de evasão (9), tentativas de autoextermínio (4), falhas na identificação do paciente (4), entre outros. Taxa de Abandono/Evasão: 32,17%.",ABEVIDA,2025,2,mensal,,11,10
2025,C:\OSS-Goias\documentos\ABEVIDA\CRESM\2025\34_Relatorio_Producao\RELATORIO-GERENCIAL-DE-PRODUCAO-03.2025.xlsx,Relatorio-Gerencial-de-Producao-03.2025,-1,-1,-1,-1,-1,1026,-1,-1,-1,-1,CRESM,97.0,3.22,-1,-1,-1,-1,-1,-1,-1,26.62,95.43,-1,"Relatório referente ao 9º Termo Aditivo ao Contrato de Gestão 02/2014. Consultas ambulatoriais incluem apenas consultas médicas (1026); consultas multiprofissionais totalizaram 1695. Percentual de aplicação da pesquisa de satisfação: Ambulatório 10.46%, Internação 96.86%. Notificação de eventos adversos em março: falhas relacionadas a medicamentos 20 (total acumulado 65), falhas na identificação do paciente 3, quedas 6, falhas na comunicação 0, falhas no processo de exames 1, falhas no cadastro de paciente no prontuário 4, falhas na dieta 0, falhas na documentação do paciente 0, agressão 2, farmacovigilância 0, tecnovigilância 0, tentativa de evasão 21, tentativa de autoextermínio 0, outros 8. Taxa de Abandono/Evasão: 0.2741. Taxa de Readmissão: 0.",ABEVIDA,2025,3,mensal,,9,14
2025,C:\OSS-Goias\documentos\ABEVIDA\CRESM\2025\34_Relatorio_Producao\RELATORIO-GERENCIAL-DE-PRODUCAO-04.2025.xlsx,RELATORIO-GERENCIAL-DE-PRODUCAO-04.2025,-1,-1,-1,-1,-1,1195,-1,-1,-1,-1,CRESM,94.0,2.52,-1,-1,1.68,-1,-1,-1,-1,26.97,95.74,-1,"Relatório referente ao 9º Termo Aditivo ao Contrato de Gestão 02/2014. Consultas ambulatoriais incluem apenas consultas médicas (1195); consultas multiprofissionais foram 1986. Produtividade médica de internação: 788 atendimentos. Notificação de eventos adversos em abril: falhas relacionadas a medicamentos 115 (meta 50), quedas 3, falhas no processo de exames 3, falhas no cadastro de paciente no prontuário 8, agressão 6, tentativa de evasão 27, outros 16, falhas na comunicação 1, falhas na dieta 1; demais categorias com zero ocorrências. Percentual de aplicação da pesquisa de satisfação: ambulatório 13.54%, internação 77.21%. Taxa de ocupação institucional reportada como 0.9574 (95.74%).",ABEVIDA,2025,4,mensal,,9,14
2025,C:\OSS-Goias\documentos\ABEVIDA\CRESM\2025\34_Relatorio_Producao\RELATORIO-GERENCIAL-DE-PRODUCAO-05.2025.xlsx,RELATORIO-GERENCIAL-DE-PRODUCAO-05.2025,-1,-1,-1,-1,-1,1257,-1,-1,-1,-1,CRESM,97,6.49,-1,-1,0,-1,-1,-1,-1,42.16,98.24,-1,"Relatório referente ao 9º Termo Aditivo ao Contrato de Gestão 02/2014. Hospital de saúde mental (CRESM). Produtividade médica de internação: 948 atendimentos. Notificações de eventos adversos no mês: falhas relacionadas a medicamentos=24 (total acumulado=75), tentativa de evasão=15, Near Miss=26, falhas no cadastro=4, tentativa de autoextermínio=1, falha na execução de procedimentos=2, falhas na comunicação=1, falhas no processo de exames=1, tecnovigilância=1. Taxa de ocupação institucional reportada como 0.9824 (98.24%). Média de permanência de 42.16 dias. Percentual de Ocorrência de Rejeições no SIH meta ≥7% com realizado=0 (meta interpretada como teto máximo de rejeições).",ABEVIDA,2025,5,mensal,,9,16
2025,C:\OSS-Goias\documentos\ABEVIDA\CRESM\2025\34_Relatorio_Producao\RELATORIO-GERENCIAL-DE-PRODUCAO-06.2025.xlsx,RELATORIO-GERENCIAL-DE-PRODUCAO-06.2025,-1,-1,-1,-1,-1,1170,-1,-1,-1,-1,CRESM,96,2.27,-1,-1,2.27,-1,-1,-1,-1,34.31,96.36,-1,"Relatório referente ao 9º Termo Aditivo ao Contrato de Gestão 02/2014. Hospital de natureza psiquiátrica/saúde mental (CRESM). Paciente dia realizado: 3122 vs meta 3119. Consultas ambulatoriais incluem médicas (1170) e multiprofissionais (2067). Taxa de ocupação institucional: 96,36%. Média de permanência: 34,31 dias. Rejeições no SIH: 0. Taxa de abandono/evasão: 30,68%. Percentual de aplicação da pesquisa de satisfação: Ambulatório 11,12%, Internação 104,19%. Densidade de incidência de IRAS: 0,0219. Incidência acumulada global de IRAS: 0,0227. Notificação de eventos adversos: falhas relacionadas a medicamentos 13 (total acumulado 50), quedas 5, agressão 2, farmacovigilância 3, tentativa de evasão 20, near miss 4, circunstâncias de riscos 1, outros 1.",ABEVIDA,2025,6,mensal,,9,14
2025,C:\OSS-Goias\documentos\ABEVIDA\CRESM\2025\34_Relatorio_Producao\RELATORIO-GERENCIAL-DE-PRODUCAO-07.2025.pdf,RELATORIO-GERENCIAL-DE-PRODUCAO-07.2025,-1,-1,-1,-1,-1,3444,-1,-1,-1,-1,CRESM,95,12.3,-1,-1,-1,-1,-1,-1,-1,33.53,96.15,-1,"Hospital de saúde mental (CRESM Prof. Jamil Issy). Contrato de gestão 002/2014 SES-GO, 9º termo aditivo. Consultas ambulatoriais somadas: Consulta Médica (1.283) + Consulta Multiprofissional (2.161) = 3.444. Densidade de Incidência de IRAS: 3,72% (por 1000 pacientes-dia). Incidência Acumulada Global de IRAS: 12,3%. Percentual de resolução de queixas da ouvidoria: 100%. Percentual de aplicação da pesquisa de satisfação: Ambulatório 10,21%, Internação 105,58%. Taxa de abandono/evasão: 29,89%. Total de eventos adversos notificados em julho: 80. Relatório assinado em 19/08/2025.",ABEVIDA,2025,7,mensal,,9,10
2025,C:\OSS-Goias\documentos\ABEVIDA\CRESM\2025\34_Relatorio_Producao\RELATORIO-GERENCIAL-DE-PRODUCAO-08.2025.pdf,RELATORIO-GERENCIAL-DE-PRODUCAO-08.2025,-1,-1,-1,-1,-1,3156,-1,-1,-1,-1,CRESM,95,7.36,-1,-1,0,-1,-1,-1,-1,34.17,95.94,-1,"Hospital especializado em saúde mental (CRESM Prof. Jamil Issy), contrato de gestão 002/2014 SES-GO, 9º termo aditivo. Consultas ambulatoriais totalizadas como soma de Consulta Médica (1198) e Consulta Multiprofissional (1958) = 3156. Densidade de incidência de IRAS: 7,44‰ (por 1000 pacientes-dia). Incidência acumulada global de IRAS: 7,36%. Percentual de resolução de queixas da ouvidoria: 100%. Percentual de aplicação da pesquisa de satisfação: Ambulatório 10,20%, Internação 78,97%. Satisfação do usuário: 95%. Total de notificações de eventos adversos em agosto: 48. Taxa de Abandono/Evasão: 27,36%. Documento assinado digitalmente por Danilo Fiorotto Campos em 19/09/2025.",ABEVIDA,2025,8,mensal,,9,10
2025,C:\OSS-Goias\documentos\ABEVIDA\CRESM\2025\34_Relatorio_Producao\RELATORIO-GERENCIAL-DE-PRODUCAO-09.2025.xlsx,RELATORIO-GERENCIAL-DE-PRODUCAO-09.2025,-1,-1,-1,-1,-1,1382,-1,-1,-1,-1,CRESM,95.0,5.06,-1,-1,-1,-1,-1,-1,-1,40.97,97.38,-1,"Relatório referente ao 9º Termo Aditivo ao Contrato de Gestão 02/2014. Paciente dia realizado: 3155 (meta 3119). Consulta médica ambulatorial: 1382 (meta 1080). Consulta multiprofissional ambulatorial: 2159 (meta 1500). Percentual de aplicação da pesquisa de satisfação: Ambulatório 10.15%, Internação 155.19%. Density de incidência de IRAS: 0.0514; Incidência acumulada global de IRAS: 0.0506. Eventos adversos notificados no mês: Falhas relacionadas a medicamentos 4 (total acumulado 31), Falhas na identificação do paciente 1, Quedas 4, Falhas na comunicação 0, Falhas no processo de exames 0, Falhas no cadastro de paciente no prontuário 2, Falhas na dieta 2, Falhas na documentação do paciente 1, Agressão 0, Farmacovigilância 0, Tecnovigilância 0, Tentativa de Evasão 10, Tentativa de Autoextermínio 0, Outros 7.",ABEVIDA,2025,9,mensal,,9,14
2025,C:\OSS-Goias\documentos\ABEVIDA\CRESM\2025\34_Relatorio_Producao\RELATORIO-GERENCIAL-DE-PRODUCAO-10.2025-1.xlsx,RELATORIO-GERENCIAL-DE-PRODUCAO-10.2025-1,-1,-1,-1,-1,-1,1532,-1,-1,-1,-1,CRESM,95.0,4.12,-1,-1,2.06,-1,-1,-1,-1,31.36,96.48,-1,"Hospital psiquiátrico/saúde mental. Relatório referente ao 11º Termo Aditivo ao Contrato de Gestão 02/2014. Consulta multiprofissional: 2352 realizadas vs meta 2000. Paciente dia: 3230 realizados vs meta 3119. Percentual de aplicação de pesquisa de satisfação: Ambulatório 10.22%, Internação 116.43%. Notificação de eventos adversos registrada com detalhamento por tipo. Taxa de Abandono/Evasão: 30.92%. Densidade de Incidência de IRAS: 3.88%. Incidência Acumulada Global de IRAS: 4.12%. Taxa de Acurácia do Estoque (93.33%) não atingiu meta de 95%.",ABEVIDA,2025,10,mensal,,9,17
2025,C:\OSS-Goias\documentos\ABEVIDA\CRESM\2025\34_Relatorio_Producao\RELATORIO-GERENCIAL-DE-PRODUCAO-10.2025.xlsx,RELATORIO-GERENCIAL-DE-PRODUCAO-10.2025,-1,-1,-1,-1,-1,1532,-1,-1,-1,-1,CRESM,95.0,4.12,-1,-1,2.06,-1,-1,-1,-1,31.36,96.48,-1,"Relatório referente ao 11º Termo Aditivo ao Contrato de Gestão 02/2014. Paciente dia realizado: 3230 vs meta 3119. Consulta médica: 1532 vs meta 1200. Consulta multiprofissional: 2352 vs meta 2000. Notificações de eventos adversos registradas no período, incluindo: falhas relacionadas à prescrição médica (24), evasão/tentativa (26), quedas (6), near miss (11), entre outros. Taxa de Acurácia do Estoque (0.9333) abaixo da meta de 95%. Taxa de abandono/evasão: 0.3092. Densidade de incidência de IRAS: 0.0388. Incidência acumulada global de IRAS: 0.0412.",ABEVIDA,2025,10,mensal,,9,19
2025,C:\OSS-Goias\documentos\ABEVIDA\CRESM\2025\34_Relatorio_Producao\RELATORIO-GERENCIAL-DE-PRODUCAO-11.2025.pdf,RELATORIO-GERENCIAL-DE-PRODUCAO-11.2025,-1,-1,-1,-1,-1,-1,-1,-1,-1,-1,CRESM,96,1.47,-1,-1,0,-1,-1,-1,-1,49.33,97.44,-1,"Hospital de saúde mental (CRESM Prof. Jamil Issy), Aparecida de Goiânia-GO. Contrato de Gestão 002/2014 SES-GO. Relatório referente a novembro de 2025, assinado em 17/12/2025. Consultas ambulatoriais: Médica=1120, Multiprofissional=1971. Paciente/dia internação=3157. Densidade de Incidência de IRAS=1,56%; Incidência Acumulada Global de IRAS=1,47%. Percentual de resolução de queixas da ouvidoria=100%. Percentual de aplicação da pesquisa de satisfação: Ambulatório=10,03%, Internação=195,27%. Eventos adversos notificados no mês incluem: falhas na prescrição médica=35, evasão/tentativa=14, falha na identificação do paciente=29, entre outros.",ABEVIDA,2025,11,mensal,,10,13
2025,C:\OSS-Goias\documentos\ISG\HDT\2025\34_Relatorio_Producao\Relatorio-Gerencial-de-Producao-12.2024-VersaoImpressao.pdf,Relatorio-Gerencial-de-Producao-12.2024-VersaoImpressao,261,-1,4,-1,-1,2442,-1,261,-1,-1,HDT,-1,-1,-1,-1,0.0,-1,-1,-1,-1,8.2,90.0,-1,"Relatório referente ao Contrato de Gestão Nº 91/2012 e seus Termos Aditivos. Hospital Estadual de Doenças Tropicais Dr. Anuar Auad (HDT), gerido pela ISG. Competência: dezembro/2024. O dado de Percentual de ocorrência de rejeições no SIH é obtido em dois meses subsequentes (não disponível). O dado de Percentual de perda de medicamentos por prazo de validade expirado está sujeito a Nota Técnica da Coordenação de Suprimentos/HDT (em anexo). As saídas hospitalares totalizam 261 (186+49+26). Documento assinado eletronicamente em 16/01/2025.",ISG,2024,12,mensal,,3,30
2025,C:\OSS-Goias\documentos\ABEVIDA\CRESM\2025\34_Relatorio_Producao\RELATORIO-GERENCIAL-DE-PRODUCAO-12.2025.xlsx,RELATORIO-GERENCIAL-DE-PRODUCAO-12.2025,-1,-1,-1,-1,-1,1096,-1,-1,-1,-1,CRESM,95.5,2.78,-1,-1,1.21,-1,-1,-1,-1,39.95,96.5,-1,"Hospital psiquiátrico/saúde mental (CRESM). Relatório referente ao 11º Termo Aditivo ao Contrato de Gestão 02/2014. Consultas ambulatoriais registradas apenas para consulta médica (1096) e multiprofissional (1924). Densidade de Incidência de IRAS do mês: 0.0278; Incidência Acumulada Global de IRAS: 0.1097. Percentual de aplicação da pesquisa de satisfação: Ambulatório 14.74%, Internação 160.74%. Notificação de eventos adversos registrada com múltiplas categorias. Percentual de Ocorrência de Rejeições no SIH: 1.55% (meta ≤7%). Taxa de Acurácia do Estoque: 87.08% (meta ≥95%, não atingido). Taxa de Aceitabilidade das Intervenções Farmacêuticas: 94.44% (meta ≥85%, atingido).",ABEVIDA,2025,12,mensal,,10,15
2025,C:\OSS-Goias\documentos\IPGSE\HERSO\2025\34_Relatorio_Producao\relatorio-gerencial-de-producao-ano-2024-24-07-2025-b8785dff6f.pdf,relatorio-gerencial-de-producao-ano-2024-24-07-2025-b8785dff6f,-1,4285,-1,-1,-1,15984,-1,4776,-1,-1,HERSO,98.69,-1,-1,-1,-1,-1,-1,-1,18,-1,-1,91,"Relatório Anual de Prestação de Contas referente ao ano de 2024. Hospital gerido pelo IPGSE via Contrato de Gestão 088/2022 (vigente até agosto/2024) e Termo de Colaboração 101/2024-SES (a partir de setembro/2024). Total de leitos: 91 (69 gerais + 18 UTI + 4 leito-dia). Colaboradores: 634 (351 CLT + 283 servidores públicos cedidos). Taxa de ocupação hospitalar variou de 80,13% (jan) a 94,43% (set). Média de permanência hospitalar variou de 4,09 a 6,09 dias. Laboratório realizou em média 12.000 exames/mês. Total de curativos complexos em 2024: 1.357. Total de transfusões em 2024: 1.858 (HERSO + unidades externas). NSP recebeu 2.404 notificações de eventos. 164 treinamentos realizados com 5.903 participantes. Índice global de satisfação anual: 98,69%. Saídas hospitalares Clínica Cirúrgica: meta não atingida (88% de eficácia no 1º semestre). Saídas Clínica Pediátrica: baixa demanda regulada impactou indicador (eficácia 5,22%). BPA enviado mensalmente (valores entre 8.720 e 12.316 procedimentos/mês). SADT Externo total 2024: variando de 1.120 a 1.881/mês. SADT Interno (Análises Clínicas): 9.873 a 13.273/mês. Satisfação: 479 elogios recebidos em 2024 com taxa de aprovação de 98,69%. Hospital possui certificação ONA Nível 1.",IPGSE,2024,,anual,,20,19
2025,C:\OSS-Goias\documentos\ABEVIDA\CRESM\2025\34_Relatorio_Producao\RELATORIO-GERENCIAL-DE-PRODUCAO-ANUAL-2025.pdf,RELATORIO-GERENCIAL-DE-PRODUCAO-ANUAL-2025,-1,-1,-1,-1,-1,-1,-1,-1,-1,-1,CRESM,-1,-1,-1,-1,-1,-1,-1,-1,-1,-1,-1,-1,"Relatório Gerencial de Produção Anual 2025 referente ao 9º e 11º Termo Aditivo ao Contrato de Gestão 02/2014. Trata-se de hospital psiquiátrico (CRESM). Os dados mensais estão detalhados mês a mês ao longo do ano. Indicadores incluem: Paciente Dia (meta mensal 3.119, com mudança de meta a partir de outubro também 3.119); Consulta Médica (meta 1.080, meta a partir de out. 1.200); Consulta Multiprofissional (meta 1.500, meta a partir de out. 2.000). Taxa de ocupação institucional: meta ≥95%, valores mensais variando entre 94,32% (jan) e 98,24% (mai). Média de Permanência: meta ≥28 dias, valores mensais variando entre 23,22 (jan) e 49,33 (nov). Taxa de Readmissão reportada mensalmente. Taxa de Abandono/Evasão reportada mensalmente. Novos indicadores farmacêuticos incluídos a partir de outubro: Percentual de Perda Financeira por Vencimento de Medicamentos (meta ≤1%), Taxa de Acurácia do Estoque (meta ≥95%), Taxa de Aceitabilidade das Intervenções Farmacêuticas (meta ≥85%). Percentual de resolução de queixas da Ouvidoria: 100% em todos os meses. Percentual de Satisfação do Usuário (taxa do mês) variando entre 94% (abr) e 98% (jan). Densidade de Incidência de IRAS e Incidência Acumulada Global de IRAS reportadas mensalmente. Notificação de Eventos Adversos detalhada por categoria e mês. Documento assinado digitalmente por SALETE MARIA DE SOUSA REIS em 15/01/2026.",ABEVIDA,2025,,anual,,9,13
2025,C:\OSS-Goias\documentos\ISG\HDT\2025\34_Relatorio_Producao\Relatorio-Gerencial-de-Producao-Consolidado-Ano-2024-VersaoImpressao.pdf,Relatorio-Gerencial-de-Producao-Consolidado-Ano-2024-VersaoImpressao,-1,11159,54,-1,-1,35694,-1,-1,-1,-1,HDT,-1,-1,-1,-1,-1,-1,-1,-1,-1,-1,-1,-1,"Relatório Gerencial de Produção Consolidado referente ao Contrato de Gestão Nº 91/2012 e Termos Aditivos, período janeiro a dezembro de 2024. Hospital Estadual de Doenças Tropicais Dr. Anuar Auad (HDT), gerido pela OSS ISG. Dados de atendimento urgência no 1º semestre: 5.856; 2º semestre: 5.303. Saídas hospitalares consolidadas 1º semestre: Clínica Médica 1.408, Pediatria 299, Cirúrgica 121; 2º semestre: Clínica Médica 1.185, Pediatria 288, Cirúrgica 136. No 3º e 4º trimestres, o indicador de Suspensão de Cirurgias Eletivas por Condições Operacionais ficou com PCM de -133%, não atingindo a meta. Percentual de perda de medicamentos no 4º trimestre (dezembro) não informado, vide Nota Técnica da Coordenação de Suprimentos/HDT. Documento assinado eletronicamente por Vivian Siqueira Furtado Passos (Diretora Técnica) e Antônio Jorge Almeida Maciel (Diretor Executivo) em 16/01/2025.",ISG,2024,,anual,,3,87
2025,C:\OSS-Goias\documentos\IPGSE\HERSO\2025\34_Relatorio_Producao\relatorio-gerencial-de-producao-dezembro-2024-24-07-2025-d0e9b79fdb.pdf,relatorio-gerencial-de-producao-dezembro-2024-24-07-2025-d0e9b79fdb,349,448,209,288,79,892,1579,599,78,-1,HERSO,98.26,1.43,6.02,-1,1.09,370,-1,565,-1,5.62,82.91,-1,"Relatório referente ao período de 01 a 31 de dezembro de 2024. Hospital Estadual de Santa Helena de Goiás Dr. Albanir Faleiros Machado (HERSO), gerido pelo IPGSE, Termo de Colaboração nº 101/2024 SES. UTI Adulto I realizado: 46 internações; UTI Adulto II realizado: 32 internações. Total UTI: 78. Mortalidade Operatória: 1,04%. Taxa de cirurgias de urgência: 27,43%. SADT Interno total: 23.205 procedimentos. Total de anestesias realizadas: 467. Índice de Satisfação do Usuário: 98,26% (4793/4878). Taxa de glosas SIH: 1,77% (10 rejeitados de 565 apresentados). Cirurgias eletivas suspensas: 2 de 129 (1,55%). Consultas ofertadas: 2.431 para meta de 1.700 (razão 1,43). Exames de imagem em até 10 dias: 2.004/2.009 (99,75%). Perda de medicamentos por validade: 0,04% (R$273,00 de R$673.917,48).",IPGSE,2024,12,mensal,,16,28
2025,C:\OSS-Goias\documentos\IPGSE\HERSO\2025\34_Relatorio_Producao\relatorio-gerencial-de-producao-janeiro-2025-24-07-2025-0215017772.pdf,relatorio-gerencial-de-producao-janeiro-2025-24-07-2025-0215017772,410,494,281,368,87,1049,1718,652,72,-1,HERSO,98.32,3.41,4.88,-1,0.98,478,-1,370,-1,5.53,92.8,-1,"Hospital Estadual de Santa Helena de Goiás Dr. Albanir Faleiros Machado (HERSO), gerido pelo IPGSE, Termo de Colaboração n° 101/2024 SES. Período: 01 a 31 de janeiro de 2025. Mortalidade Operatória: 1,63%. Mortalidade Institucional: 4,88%. Taxa de Cirurgias de Urgência: 23,64%. Total de pacientes-dia: 2.268. Total de leitos operacionais-dia: 2.444. Total AIHs apresentadas: 478 para 410 saídas (taxa 116,58%). Glosas SIH referentes ao mês de dezembro. SADT Interno total realizado: 25.576. Total de anestesias: 619. Índice de Satisfação do Usuário: 98,32%. UTI Adulto I internações+trans entrada: 39; UTI Adulto II: 33.",IPGSE,2025,1,mensal,,15,29
2025,C:\OSS-Goias\documentos\ABEVIDA\CRESM\2025\34_Relatorio_Producao\RELATORIO-GERENCIAL-DE-PRODUCAO-JANEIRO-2025_RETIFICADO.pdf,RELATORIO-GERENCIAL-DE-PRODUCAO-JANEIRO-2025_RETIFICADO,-1,-1,-1,-1,-1,2910,-1,-1,-1,-1,CRESM,98,2.22,-1,-1,-1,-1,-1,-1,-1,23.22,94.32,-1,"Relatório retificado em 12/03/2025. Dados corrigidos de produtividade de internação: Médico 963→1049; Psicologia 1823→2298; Enfermagem 23230→23461; Assistente Social 174→221; Educador Físico 544→135; Terapia Ocupacional 40→334; Nutrição Clínica 419→448; Musicoterapia 512→448; Odontologia 113→75. Consultas ambulatoriais calculadas como soma de Consulta Médica (1112) + Consulta Multiprofissional (1798) = 2910. Densidade de Incidência de IRAS: 2,20‰. Incidência Acumulada Global de IRAS: 2,22%. Percentual de resolução de queixas da Ouvidoria: 100%. Percentual de aplicação da pesquisa de satisfação: Ambulatório 18,84%; Internação 65,82%. Total de eventos adversos notificados: 81. Taxa de Abandono/Evasão: 19,25%.",ABEVIDA,2025,1,mensal,,9,10
2025,C:\OSS-Goias\documentos\IPGSE\HERSO\2025\34_Relatorio_Producao\relatorio-gerencial-de-producao-novembro-2024-24-07-2025-a5a22c9b17.pdf,relatorio-gerencial-de-producao-novembro-2024-24-07-2025-a5a22c9b17,499,387,348,408,60,1019,1476,765,88,-1,HERSO,98.62,1.6,3.81,-1,0.42,565,-1,565,-1,4.09,86.02,-1,"Hospital Estadual de Santa Helena de Goiás Dr. Albanir Faleiros Machado (HERSO), gerido pelo IPGSE, Termo de Colaboração nº 101/2024 SES. Período: 01 a 30 de novembro de 2024. Mortalidade Operatória: 1,23%. Taxa de Cirurgia de Urgência/Emergência: 14,71%. Total de Anestesias Realizadas: 693. SADT Interno Total: 22.244. UTI Adulto I internações: 47; UTI Adulto II internações: 41. Índice de Satisfação do Usuário: 98,62% (4721/4787). Substituição de Leitos: 0,67. Total de pacientes-dia: 2.042. Total de leitos operacionais-dia: 2.374. Valor Financeiro Inventariado na CAF: R$ 483.439,66.",IPGSE,2024,11,mensal,,14,37
2025,C:\OSS-Goias\documentos\IPGSE\HERSO\2025\34_Relatorio_Producao\relatorio-gerencial-de-producao-novembro-assinado-assinado-10-12-2025-56aa780719.pdf,relatorio-gerencial-de-producao-novembro-assinado-assinado-10-12-2025-56aa780719,462,449,302,367,65,1023,27210,835,101,-1,HERSO,98.54,2.38,5.79,-1,1.07,494,-1,-1,-1,4.56,87.42,-1,"Hospital Estadual de Santa Helena de Goiás Dr. Albanir Faleiros Machado (HERSO), gerido pelo IPGSE, Termo de Colaboração nº 101/2024 SES. Período: 01 a 30 de novembro de 2025. Mortalidade Operatória: 1,91%. Taxa de Cirurgia de Urgência/Emergência: 17,71%. Total de procedimentos cirúrgicos realizados: 410. Total de anestesias: 613. SADT Interno total: 27.210. UTI Adulto I: 45 internações; UTI Adulto II: 56 internações. Total de saídas hospitalares no período (indicadores de desempenho): 462. Interconsultas: 13. Índice de Satisfação do Usuário: 98,54%. Total AIH apresentadas: 494; Taxa AIH/Saídas: 106,92%.",IPGSE,2025,11,mensal,,9,28
2025,C:\OSS-Goias\documentos\IPGSE\HERSO\2025\34_Relatorio_Producao\relatorio-gerencial-de-producao-outubro-2024-24-07-2025-78c18148cf.pdf,relatorio-gerencial-de-producao-outubro-2024-24-07-2025-78c18148cf,455,391,314,398,84,1185,1748,697,73,-1,HERSO,98.64,3.3,5.93,-1,0.66,500,-1,-1,-1,4.87,89.61,-1,"Hospital Estadual de Santa Helena de Goiás Dr. Albanir Faleiros Machado (HERSO), gerido pelo IPGSE, Termo de Colaboração nº 101/2024 SES. Período: 01 a 31 de outubro de 2024. Mortalidade Operatória: 2,01%. Taxa de Cirurgia de Urgência/Emergência: 21,11%. Total de SADT Interno realizado: 25.684. Total de anestesias realizadas: 684. Total de procedimentos cirúrgicos realizados: 441. Internações UTI Adulto I: 30; UTI Adulto II: 43. Total de pacientes-dia: 2.217. Total de leitos operacionais-dia: 2.474. Índice de satisfação do usuário: 98,64% (5931/6013). Glosas SIH referentes a setembro/2024 (0,00%). Saídas UTI por alta: 73. Interconsultas realizadas: 22.",IPGSE,2024,10,mensal,,13,29
2025,C:\OSS-Goias\documentos\IPGSE\HERSO\2025\34_Relatorio_Producao\relatorio-gerencial-de-producao-setembro-24-07-2025-1b5c1873c9.pdf,relatorio-gerencial-de-producao-setembro-24-07-2025-1b5c1873c9,370,353,314,415,101,1345,1801,624,72,-1,HERSO,98.85,3.24,6.22,-1,0.47,450,-1,-1,-1,6.09,94.43,-1,"Relatório referente ao período de 01 a 30 de setembro de 2024. Hospital: HERSO - Hospital Estadual de Santa Helena de Goiás Dr. Albanir Faleiros Machado. OSS gestora: IPGSE. Termo de Colaboração nº 101/2024 SES. Mortalidade Operatória: 1,20%. Taxa de Cirurgia de Urgência/Emergência: 24,34%. Total de AIHs apresentadas: 450 para 370 saídas (taxa 121,6%). Glosas SIH referentes a agosto: 0,00%. SADT Interno total: 25.977 procedimentos. Total de anestesias realizadas: 681. Interconsultas: 38. Leito dia: 27 saídas. Substituição de leitos: 0,36. Índice de Intervalo de Substituição geral: 08:37:37.",IPGSE,2024,9,mensal,,16,25
2025,C:\OSS-Goias\documentos\ISG\HDT\2025\34_Relatorio_Producao\Relatorio-Gerencial-de-Producao.pdf,Relatorio-Gerencial-de-Producao,271,-1,-1,-1,-1,3362,4225,-1,-1,-1,HDT,-1,-1,-1,-1,2.6,-1,-1,-1,-1,7.9,82,-1,"Relatório referente ao Contrato de Gestão Nº 91/2012 e seus respectivos Termos Aditivos. Hospital Estadual de Doenças Tropicais Dr. Anuar Auad (HDT), gerido pelo ISG. Competência agosto/2025. Percentual de ocorrência de rejeições no SIH: meta 7%, realizado 0% (eficácia 200%). Taxa de readmissão em UTI (48 horas): meta 5%, realizado 0,0% (eficácia 200%). Percentual de perda de medicamentos por prazo de validade expirado: meta 1%, realizado 0% (eficácia 195%). Nota: o dado de taxa de readmissão é obtido em dois meses subsequentes.",ISG,2025,8,mensal,,2,31
2025,C:\OSS-Goias\documentos\ABEVIDA\CRESM\2025\34_Relatorio_Producao\RELATORIO-GERENCIAL-DE-PRODUCAO_JANEIRO-2025_XLS_RETIFICADO.xlsx,RELATORIO-GERENCIAL-DE-PRODUCAO_JANEIRO-2025_XLS_RETIFICADO,-1,-1,-1,-1,-1,1112,-1,-1,-1,-1,CRESM,98,2.22,-1,-1,0,-1,-1,-1,-1,23.22,94.32,-1,"Relatório referente ao 9º Termo Aditivo ao Contrato de Gestão 02/2014. Consulta multiprofissional ambulatorial: 1798. Percentual de resolução de queixas da Ouvidoria: 100%. Percentual de aplicação da pesquisa de satisfação - Ambulatório: 18.84%; Internação: 65.82%. Taxa de satisfação do usuário: 98%. Densidade de Incidência de IRAS: 0.022; Incidência Acumulada Global de IRAS: 2.22%. Notificação de eventos adversos no mês: Falhas relacionadas a medicamentos=9 (total acumulado=81), Falhas na identificação do paciente=24, Quedas=5, Falhas na comunicação=0, Falhas no processo de exames=3, Falhas no cadastro de paciente=4, Falhas na dieta=0, Falhas na documentação=0, Agressão=7, Farmacovigilância=2, Tecnovigilância=0, Tentativa de Evasão=21, Tentativa de Autoextermínio=4, Outros=2. Arquivo retificado.",ABEVIDA,2025,1,mensal,,9,10
2025,C:\OSS-Goias\documentos\IPGSE\HERSO\2025\34_Relatorio_Producao\relatorio-gerencial-fevereiro-19-12-2025-36c32b4160.pdf,relatorio-gerencial-fevereiro-19-12-2025-36c32b4160,448,499,275,355,80,826,1412,674,72,-1,HERSO,98.52,0.89,6.25,-1,0.66,474,-1,478,-1,4.27,89.23,-1,"Relatório de produção do período de 01 a 28 de fevereiro de 2025, gerido pelo IPGSE no Hospital Estadual de Santa Helena de Goiás Dr. Albanir Faleiros Machado (HERSO), conforme Termo de Colaboração n° 101/2024 - SES. Mortalidade Operatória: 2,54%. Taxa de Cirurgia de Urgência/Emergência: 22,54%. Total de procedimentos cirúrgicos realizados: 382. Total de anestesias realizadas: 597. SADT Interno total realizado: 22.026. Interconsultas realizadas: 19. Índice de Satisfação do Usuário: 98,52% (425 pesquisados). AIH apresentadas: 474 para 447 saídas (taxa 106,04%).",IPGSE,2025,2,mensal,,15,30
2025,C:\OSS-Goias\documentos\IPGSE\HERSO\2025\34_Relatorio_Producao\relatorio-gerencial-julho-19-12-2025-06cfac0b57.pdf,relatorio-gerencial-julho-19-12-2025-06cfac0b57,462,377,318,381,63,1101,27759,775,99,-1,HERSO,99.86,2.81,5.19,-1,0.64,554,-1,-1,-1,4.95,92.7,-1,"Relatório referente ao período de 01 a 31 de julho de 2025. Hospital: Hospital Estadual de Santa Helena de Goiás Dr. Albanir Faleiros Machado (HERSO). Gestora: IPGSE. Termo de Colaboração n° 101/2024 SES. Mortalidade Operatória: 1,84%. Mortalidade Institucional: 5,19%. Taxa de Cirurgia de Urgência/Emergência: 17,32%. UTI Adulto I internações: 52; UTI Adulto II internações: 47. Total SADT Interno realizado: 27.759. Total de procedimentos cirúrgicos: 414. Anestesias realizadas: 659. Índice de Satisfação do Usuário (SAU): 94,00%. Taxa de Satisfação geral: 99,86%. Total de AIHs apresentadas: 554; Saídas: 462; Taxa AIH/Saídas: 119,91%. Interconsultas realizadas: 21.",IPGSE,2025,7,mensal,,10,29
2025,C:\OSS-Goias\documentos\IPGSE\HERSO\2025\34_Relatorio_Producao\relatorio-gerencial-junho-19-12-2025-ff3f8a7316.pdf,relatorio-gerencial-junho-19-12-2025-ff3f8a7316,423,397,285,362,77,1129,116,719,82,-1,HERSO,97.87,3.07,4.26,-1,0.87,467,-1,510,-1,5.19,93.53,-1,"Hospital: Hospital Estadual de Santa Helena de Goiás Dr. Albanir Faleiros Machado (HERSO). OSS: IPGSE (Instituto de Planejamento e Gestão de Serviços Especializados). Termo de Colaboração nº 101/2024 SES. Período: 01 a 30 de junho de 2025. Total de saídas hospitalares: 423 (meta considerada para saídas é 412, referente apenas a Clínica Cirúrgica + Clínica Cirúrgica Ortopédica + Clínica Médica Adulto = 385 realizados vs 463 meta). UTI Adulto I: 43 internações; UTI Adulto II: 39 internações. Mortalidade Operatória: 0,00%. Taxa de Cirurgia de Urgência/Emergência: 21,27%. SADT Interno total: 27.603 procedimentos. Total de AIHs: 467 (taxa 110,40% em relação a 423 saídas). Índice de Satisfação do Usuário (SAU): 97,87% (383 pesquisados). Cirurgias realizadas: 362 total (285 eletivas, 77 urgência). Procedimentos cirúrgicos: 379.",IPGSE,2025,6,mensal,,8,28
2025,C:\OSS-Goias\documentos\IPGSE\HERSO\2025\34_Relatorio_Producao\relatorio-gerencial-maio-19-12-2025-18e6bd56ef.pdf,relatorio-gerencial-maio-19-12-2025-18e6bd56ef,440,394,273,359,86,1036,2018,674,75,-1,HERSO,98.08,3.18,5.68,-1,0.46,510,-1,485,-1,5.0,93.38,-1,"Relatório referente ao período de 01 a 31 de maio de 2025. Hospital: HERSO (Hospital Estadual de Santa Helena de Goiás Dr. Albanir Faleiros Machado). Gestora: IPGSE. Termo de Colaboração nº 101/2024 SES. Mortalidade Operatória: 1,39%. Taxa de Cirurgia de Urgência/Emergência: 23,96%. Total de AIHs apresentadas: 510 para 440 saídas (taxa 115,90%). Índice de Satisfação do Usuário (SAU): 94,80%. Total de procedimentos SADT Interno: 25.916. Internações UTI Adulto I: 29; UTI Adulto II: 46. Total de anestesias realizadas: 603. Total de procedimentos cirúrgicos: 392. Saídas hospitalares por unidade: Clínica Cirúrgica 192, Clínica Cirúrgica Ortopédica 169, Clínica Médica Adulto 51, Clínica Médica Pediátrica 8, Clínica Cirúrgica Pediátrica 0, UTI Adulto I 6, UTI Adulto II 14.",IPGSE,2025,5,mensal,,8,29
2025,C:\OSS-Goias\documentos\IPGSE\HERSO\2025\34_Relatorio_Producao\relatorio-gerencial-outubro-19-12-2025-f334aa8b07.pdf,relatorio-gerencial-outubro-19-12-2025-f334aa8b07,478,472,321,382,61,1177,28109,754,89,-1,HERSO,98.59,0.84,4.39,-1,1.05,512,-1,-1,-1,4.32,85.52,-1,"Hospital Estadual de Santa Helena de Goiás Dr. Albanir Faleiros Machado (HERSO), gerido pelo IPGSE, Termo de Colaboração n° 101/2024 SES. Período: 01 a 31 de outubro de 2025. UTI Adulto I: 50 internações; UTI Adulto II: 39 internações. Total saídas no período: 478. Total pacientes-dia: 2.067. Total leitos operacionais-dia: 2.417. Mortalidade Operatória: 0,79%. Taxa de Cirurgia de Urgência/Emergência: 15,97%. Total SADT Interno realizado: 28.109. Índice de Satisfação do Usuário (SAU): 98,59% (1706 avaliações). AIH apresentadas: 512; Saídas: 478; Taxa AIH/Saídas: 107,11%. Cirurgias por tipo: Urgência 61, Eletivas 321, Total 382. Procedimentos cirúrgicos totais: 411. Total anestesias: 646. Interconsultas realizadas: 16.",IPGSE,2025,10,mensal,,9,28
2025,C:\OSS-Goias\documentos\IPGSE\HERSO\2025\34_Relatorio_Producao\relatorio-gerencial-producao-marco-19-12-2025-b0f8d2dcf5.pdf,relatorio-gerencial-producao-marco-19-12-2025-b0f8d2dcf5,462,508,299,396,97,883,1649,729,78,-1,HERSO,97.84,0.87,3.68,-1,1.03,511,-1,474,-1,4.79,93.82,-1,"Relatório gerencial de produção referente ao período de 01 a 31 de março de 2025. Hospital gerido pelo IPGSE (Instituto de Planejamento e Gestão de Serviços Especializados) conforme Termo de Colaboração n° 101/2024 SES. Mortalidade Operatória: 1,01%. Taxa de Cirurgia de Urgência/Emergência: 24,49%. Total de saídas hospitalares realizadas: 462 (meta considerada para Clínica Cirúrgica + Ortopédica + Médica Adulto + Pediátrica = 445 vs meta 516). SADT Interno total realizado: 23.698. Total de procedimentos cirúrgicos: 445. Total de anestesias realizadas: 675. Interconsultas: 15. Índice de Satisfação do Usuário: 100,00%. Taxa de Satisfação geral: 97,84%. Percentual de glosas no SIH referente ao mês de fevereiro: 0,00%. Total de AIHs apresentadas: 511 (110,60% das saídas).",IPGSE,2025,3,mensal,,15,29
2025,C:\OSS-Goias\documentos\IPGSE\HERSO\2025\34_Relatorio_Producao\relatorio-gerencial-setembro-19-12-2025-77e5c8cdb2.pdf,relatorio-gerencial-setembro-19-12-2025-77e5c8cdb2,466,445,312,374,62,1127,25323,757,94,-1,HERSO,98.38,1.5,4.51,-1,0.65,486,-1,532,-1,4.46,89.69,-1,"Hospital Estadual de Santa Helena de Goiás Dr. Albanir Faleiros Machado (HERSO), gerido pelo IPGSE (Instituto de Planejamento e Gestão de Serviços Especializados), Termo de Colaboração nº 101/2024 SES. Produção referente ao período de 01 a 30 de setembro de 2025. UTI Adulto I: 48 internações; UTI Adulto II: 46 internações. Total de cirurgias realizadas: 374 (eletivas: 312, urgência: 62). Mortalidade operatória: 1,34%. Mortalidade institucional: 4,51%. Taxa de cirurgia de urgência/emergência: 16,58%. Total de procedimentos cirúrgicos: 404. Total de anestesias: 640. Total SADT Interno: 25.323. Total AIHs apresentadas: 486 com taxa de 104,30% em relação às saídas (466). Índice de satisfação do usuário: 98,37% (SAU). Taxa de satisfação geral: 98,38%. Total de pacientes-dia: 2.080. Total de leitos operacionais-dia: 2.319. Cirurgias eletivas NIR - Alto Custo: meta 30, realizado 0.",IPGSE,2025,9,mensal,,9,28
2025,C:\OSS-Goias\documentos\AGIR\HEJ\2025\34_Relatorio_Producao\Relatorio_Gerencial_de_Producao_2025 HEJ.pdf,Relatorio_Gerencial_de_Producao_2025 HEJ,-1,-1,-1,-1,-1,-1,-1,-1,-1,-1,HEJ,-1,-1,-1,-1,-1,-1,-1,-1,-1,-1,-1,-1,"Relatório Gerencial de Produção Consolidado referente ao período de setembro/2025 a dezembro/2025. Termo de Colaboração nº 041/2025. Assinado pelo Diretor Geral André Alves dos Santos em 02/02/2026. O resultado do indicador de percentual de ocorrência de glosas no SIH referente ao mês de dezembro será apresentado em fevereiro/2026. O relatório será aprovado pelo Conselho de Administração da AGIR conforme reunião prevista para 30/03/2026. As taxas de ocupação hospitalar por mês foram: Set 87,34%, Out 86,64%, Nov 88,19%, Dez 81,35%. As médias de permanência hospitalar por mês foram: Set 3,41 dias, Out 3,67 dias, Nov 4,60 dias, Dez 4,40 dias.",AGIR,2025,,outro,,6,159
2025,C:\OSS-Goias\documentos\AGIR\HUGOL\2025\34_Relatorio_Producao\Relatorio_Gerencial_de_Producao_Consol_HUGOL_2025.pdf,Relatorio_Gerencial_de_Producao_Consol_HUGOL_2025,-1,-1,-1,-1,-1,-1,-1,-1,-1,-1,HUGOL,-1,-1,-1,-1,-1,-1,-1,-1,-1,-1,-1,-1,"Relatório Gerencial de Produção Consolidado referente ao período de janeiro/2025 a dezembro/2025, sob o 13º Termo Aditivo ao Contrato de Gestão nº 003/2014 SES. Os dados apresentados são mensais (Jan a Dez/2025) sem consolidação anual explícita na tabela. Indicadores de desempenho mensais incluem: Taxa de Ocupação Hospitalar (meta ≥90%), Tempo Médio de Permanência (meta ≤7 dias), Índice de Intervalo de Substituição (meta ≤30h), Taxa de Readmissão Hospitalar 29 dias (meta ≤8%), Taxa de Readmissão em UTI 48h (meta ≤5%), Percentual de Suspensão de Cirurgias Programadas (meta ≤5%), Percentual de cirurgias eletivas com TMAT expirado (2º ano meta <25%), Percentual de Pacientes desospitalizados encaminhados para rede (meta ≥90%), Percentual de Exames de Imagem com resultado em até 72h (meta ≥70%), Notificações DAEI digitadas/investigadas oportunamente, Taxa de perda financeira por vencimento de medicamentos (meta ≤1%), Percentual de Glosas no SIH (meta ≤7%), Taxa de acurácia do estoque (meta ≥95%), Taxa de aceitabilidade das intervenções farmacêuticas (meta ≥85%), Taxa de readmissão SAD (meta ≤10%), Conformidade qualidade hemocomponentes (meta ≥90%). Documento assinado digitalmente pelo Diretor Geral Wermerson Rodrigues da Silva em 13/02/2026. Aprovação prevista pelo Conselho de Administração da AGIR em 30/03/2026.",AGIR,2025,,anual,,6,42
2025,C:\OSS-Goias\documentos\AGIR\HEJ\2025\34_Relatorio_Producao\Relatório Gerencial de Produção - Dezembro de 2025.pdf.pdf,Relatório Gerencial de Produção - Dezembro de 2025.pdf,733,5455,300,507,207,3402,28353,808,-1,-1,HEJ,-1,-1,-1,-1,9.16,370,31408,-1,-1,4.4,81.35,-1,"Para taxa de ocupação considerar 11 leitos bloqueados, sendo 07 internação clínica, 03 cirúrgicas e 01 obstétrico. Total de leitos operacionais-dia do período: 3.968; Total de pacientes-dia: 3.228. Cirurgias de urgência sem meta definida: 207 realizadas. Total de especialidades para cirurgias eletivas inclui cirurgias ambulatoriais oftalmológicas (218), totalizando 300. SADT Interno sem meta definida, total 28.076 procedimentos. BPA Produção Ambulatorial: 31.408 (sem meta). Atendimentos às Urgências total: 5.455 (referenciadas: 5.450; demanda espontânea: 5). Classificação de Risco AACR: Vermelho 30, Laranja 348, Amarelo 1.730, Verde 2.657, Azul 690, Branco 0. Documento assinado digitalmente por ANDRE ALVES DOS SANTOS em 10/01/2026.",AGIR,2025,12,mensal,,41,40
2025,C:\OSS-Goias\documentos\AGIR\HUGOL\2025\34_Relatorio_Producao\Relatório Gerencial de Produção - Setembro de 2025 HUGOL.pdf,Relatório Gerencial de Produção - Setembro de 2025 HUGOL,2003,4468,386,1831,1552,6191,-1,2003,-1,-1,HUGOL,-1,-1,-1,-1,4.11,-1,-1,2493,-1,6.4,99.59,-1,"Relatório de Produção Assistencial e Indicadores de Desempenho de Setembro de 2025 do HUGOL. Total de leitos operacionais-dia do período: 12.875. Total de pacientes-dia: 12.822. Total de saídas no período: 2.003. Índice de intervalo de substituição de leito: 8,79 horas. Taxa de readmissão em UTI (48h): 0,00%. Nº de procedimentos rejeitados no SIH: 1. Total de procedimentos apresentados no SIH (Agosto): 2.493. Cirurgias Eletivas Ofertadas no período: Alto Giro 120, Cardíacas Adulto com marcapasso 80, Cardíacas Neonatal/Pediátrica 10, Alto Custo/OPME 40. Hemoterapia (UCT): Bolsas de Sangue Total Coletadas 907 (meta após AT HECAD: 900), Coletas de Plaquetas por Aferese 23 (meta: 28), Hemocomponentes Produzidos 2.304 (meta: 2.300). SADT Interno Setembro: Anatomia Patológica 164, Análises Clínicas 79.923, Broncoscopia 27, CPRE 15, Ecocardiograma 526, Eletrocardiograma 930, Endoscopia/Colonoscopia 139, Holter 51, Raio-x 7.212, Ressonância Magnética 159, Teste ergométrico 20, Tomografia 5.996, Ultrassonografia 1.022. BPA apresentado: 100,00%. Atendimentos do Serviço Social: Ambulatório 0, Urgência/Emergência 1.044. Transplante de Pele: 0; Transplante de Valva Cardíaca: 0. AACR: Vermelho 85, Laranja 978, Amarelo 2.445, Verde 793, Azul 114, Branco (sem classificação) 53, Total 4.468. Cirurgias de Ortopedia: Eletivas 190, Urgência/Emergência 595, Total 785. Total Cirurgias Eletivas e Urgência/Emergência: Eletivas Alto Giro 279, Urgência/Emergência 1.552, Total 1.831. Documento aprovado pelo Diretor Geral em 10/10/2025.",AGIR,2025,9,mensal,,51,55
2025,C:\OSS-Goias\documentos\AGIR\HEJ\2025\34_Relatorio_Producao\Relatório Gerencial de Produção - Setembro de 2025.pdf.pdf,Relatório Gerencial de Produção - Setembro de 2025.pdf,984,4252,419,580,161,3100,29205,984,-1,-1,HEJ,-1,-1,-1,-1,6.53,-1,-1,-1,-1,3.41,87.34,3840,Total de leitos operacionais-dia do período: 3.840 (utilizado como proxy de leitos totais). Leitos UTI não informados diretamente. SADT Interno total setembro: 29.069 (sem meta definida). Produção Porta de Entrada - Urgência total setembro: 6.121. Atendimento às Urgências total: 4.252. BPA em apuração. Glosas SIH em apuração. Índice de Intervalo de Substituição: 02:50:07. Documento assinado digitalmente em 15/10/2025.,AGIR,2025,9,mensal,,19,40
2025,C:\OSS-Goias\documentos\AGIR\HEJ\2025\34_Relatorio_Producao\Relatório Gerencial de Produção - Setembro de 2025.xls.xlsx,Relatório Gerencial de Produção - Setembro de 2025.xls,-1,6121,326,487,161,1574,29205,984,-1,-1,HEJ,-1,-1,-1,-1,6.53,-1,-1,-1,-1,3.4085,87.34,128,"Total de leitos operacionais-dia do período: 3840; total de pacientes-dia: 3354. BPA em apuração. Percentual de glosas no SIH em apuração. Indicadores 8 e 9 (TMAT) sem dados disponíveis (#DIV/0!). Cirurgias de urgência por especialidade: Cirurgia Geral 37, Cirurgia Vascular 4, Ginecologia 2, Ortopedia/Traumatologia 44, Urologia 3, Bucomaxilofacial 5, Obstetrícia (cesariana) 66, Total 161. SADT Interno total: 29069. Porta de Entrada Urgência total: 6121. Total atendimentos urgência (referenciadas + demanda espontânea): 4252.",AGIR,2025,9,mensal,,14,36
2025,C:\OSS-Goias\documentos\AGIR\HUGOL\2025\34_Relatorio_Producao\Relatório Gerencial de Produção_HUGOL_01-2025.xlsx,Relatório Gerencial de Produção_HUGOL_01-2025,1960,4549,176,176,-1,5804,374,1960,-1,-1,HUGOL,-1,-1,-1,-1,4.02,3139,769,-1,-1,6.55,100.89,-1,"Relatório de Produção mensal referente a Janeiro/2025 do HUGOL. Taxa de ocupação hospitalar: 100,89% (meta >90%). Tempo médio de permanência: 6,55 dias (meta <7 dias). Total pacientes-dia: 12.838. Total leitos operacionais-dia: 12.725. Readmissão hospitalar até 29 dias: 4,02% (meta <8%). Readmissão UTI até 48h: 2,02% (meta <5%). Glosas SIH: 0,22% (meta <7%). Suspensão cirurgias programadas: 4,76% (meta <5%). SADT Externo realizado ficou consideravelmente abaixo da meta total (374 vs 1253). Hemoterapia produziu 2.036 hemocomponentes (meta 2.300). Índice de Intervalo de Substituição de leito: 7,53 horas (meta <30h). Taxa ocupação hospitalar informada também como 95,43% em campo auxiliar. Sheet INDICADOR DE PRODUÇÃO (2) refere-se ao ano base 2024 (dados históricos para comparação). A OSS gestora AGIR não está explícita no documento mas é identificada pela sigla do hospital HUGOL.",AGIR,2025,1,mensal,,39,56
2025,C:\OSS-Goias\documentos\AGIR\HUGOL\2025\34_Relatorio_Producao\Relatório Gerencial de Produção_HUGOL_02-2025.pdf,Relatório Gerencial de Produção_HUGOL_02-2025,1669,4097,254,254,-1,5642,-1,1669,-1,-1,HUGOL,-1,-1,-1,-1,3.65,-1,-1,2057,-1,7.01,101.27,-1,"Relatório de Produção Assistencial e Indicadores de Desempenho do HUGOL referente a Fevereiro/2025. Taxa de ocupação hospitalar: 101,27% (Total pacientes-dia: 11.694; Total leitos operacionais-dia: 11.547). Atendimento de Urgências e Emergências: 4.097 (AACR: Vermelho 56, Laranja 656, Amarelo 2.661, Verde 534, Azul 26, Sem classificação 164). SADT Interno registrado sem meta comparativa: Análises Clínicas 65.446, Raio x 6.377, Tomografia 4.964, Ultrassonografia 949, Eletrocardiograma 620, Ecocardiograma 342, Endoscopia/Colonoscopia/Broncoscopia 140, Anatomia Patológica 139, Ressonância Magnética 142, Holter 33, CPRE 13, Broncoscopia 11, Teste ergométrico 9. Transplantes: Pele 0, Valva Cardíaca 0. Hemoterapia (UCT): Bolsas de Sangue Total Coletadas 670 (meta após AT HECAD: 900); Hemocomponentes Produzidos 1.748 (meta após AT HECAD: 2.300). BPA apresentado: 100%. Percentual de ocorrências de glosas no SIH e suspensão de cirurgias referem-se a Janeiro. Nota sobre AACR: atendimentos sem classificação ocasionados por indisponibilidade temporária do sistema e encaminhamento direto para box de emergência/centro cirúrgico.",AGIR,2025,2,mensal,,28,49
2025,C:\OSS-Goias\documentos\AGIR\HUGOL\2025\34_Relatorio_Producao\Relatório Gerencial de Produção_HUGOL_03-2025.pdf,Relatório Gerencial de Produção_HUGOL_03-2025,1765,4396,318,318,-1,5886,-1,1765,-1,-1,HUGOL,-1,-1,-1,-1,3.82,-1,-1,2849,-1,7.36,101.72,-1,"Relatório de Produção Assistencial e Indicadores de Desempenho do HUGOL referente a março/2025. Taxa de ocupação hospitalar de 101,72% (superlotação). SADT Interno registrado sem meta comparativa: Análises Clínicas 68.768, Raio x 6.577, Tomografia 5.689, Ecocardiograma 416, Eletrocardiograma 519, Ultrassonografia 890, Endoscopia/Colonoscopia 152, Ressonância Magnética 161, Holter 47, Broncoscopia 28, Anatomia Patológica 169, CPRE 7, Teste ergométrico 12. Atendimento de Urgências e Emergências: 4.396 (AACR: Vermelho 73, Laranja 805, Amarelo 2.737, Verde 553, Azul 65, Branco/sem classificação 163). Transplante de Pele: 0; Transplante de Valva Cardíaca: 0. Percentual de ocorrências de glosas no SIH e Suspensão de Cirurgias Programadas referem-se ao mês de Fevereiro. Serviço Social Urgência/Emergência: 987 atendimentos; Ambulatório: 0. Número total de leitos operacionais-dia: 12.767; Pacientes-dia: 12.987.",AGIR,2025,3,mensal,,28,53
2025,C:\OSS-Goias\documentos\AGIR\HUGOL\2025\34_Relatorio_Producao\Relatório Gerencial de Produção_HUGOL_06-2025.xlsx,Relatório Gerencial de Produção_HUGOL_06-2025,1757,4144,312,-1,-1,5611,-1,1757,-1,-1,HUGOL,-1,-1,-1,-1,3.46,2557,5611,-1,-1,7.7712,103.94,-1,"Relatório de Produção referente a junho de 2025. Taxa de ocupação hospitalar de junho: 103,94% (acima da meta de 90%). Tempo médio de permanência de junho: 7,77 dias (acima da meta de <7 dias). Total de saídas hospitalares em junho: 1.757. Total cirurgias eletivas realizadas em junho: 312 (meta 250, atingida). SADT externo total realizado em junho: 849 (meta 1.253, não atingida). Percentual de suspensão de cirurgias programadas por condições operacionais em junho: 1,38% (abaixo da meta de <5%). Percentual de exames de imagem liberados em até 72h em junho: 91,38% (meta ≥70%, atingida). Total de atendimentos de urgência/emergência em junho: 4.144. Nota: Angiologia/Endovascular contabilizada em Cirurgia Vascular; Neurointervencionista contabilizada em Neurocirurgia.",AGIR,2025,6,mensal,,26,40
2025,C:\OSS-Goias\documentos\AGIR\HUGOL\2025\34_Relatorio_Producao\Relatório Gerencial de Produção_HUGOL_07-2025.pdf,Relatório Gerencial de Produção_HUGOL_07-2025,2063,4317,355,355,-1,6493,-1,2063,-1,-1,HUGOL,-1,-1,-1,-1,3.44,2194,-1,-1,-1,6.73,102.52,-1,"Relatório de Produção Assistencial HUGOL referente a Julho/2025. OSS gestora: AGIR. Total de leitos operacionais-dia: 13.553; Total de pacientes-dia: 13.894; Total de saídas: 2.063. SADT Interno Julho: Anatomia Patológica 203, Análises Clínicas 81.296, Broncoscopia 17, CPRE 10, Ecocardiograma 578, Eletrocardiograma 858, Endoscopia/Colonoscopia 170, Holter 47, Raio x 7.232, Ressonância Magnética 160, Teste ergométrico 19, Tomografia 5.962, Ultrassonografia 1.014. Hemoterapia (UCT): Bolsas de Sangue Total Coletadas 758 (meta após AT HECAD: 900), Coletas de Plaquetas por Aferese 25 (meta: 28), Hemocomponentes Produzidos 2.406 (meta: 2.300). BPA apresentado: 100,00%. Classificação de Risco (AACR): Vermelho 78, Laranja 1.018, Amarelo 2.475, Verde 552, Azul 71, Branco/Sem Classificação 123, Total 4.317. Atendimentos Serviço Social: Ambulatório 0, Urgência/Emergência 1.088. Transplantes: Pele 0, Valva Cardíaca 0. Glosas SIH referem-se a Junho (0,09%). Nota: Angiologia/Endovascular contabilizada em Cirurgia Vascular; Neurointervencionista contabilizada em Neurocirurgia.",AGIR,2025,7,mensal,,39,49
2025,C:\OSS-Goias\documentos\AGIR\HUGOL\2025\34_Relatorio_Producao\Relatório Gerencial de Produção_HUGOL_08-2025.xlsx,Relatório Gerencial de Produção_HUGOL_08-2025,1994,4571,244,1782,1538,5960,-1,1994,-1,-1,HUGOL,-1,-1,-1,-1,3.54,2713,-1,-1,-1,6.9529,102.94,-1,"Relatório de agosto/2025 do HUGOL. Taxa de ocupação hospitalar em agosto: 102,94% (acima da meta de 90%). Tempo médio de permanência: 6,95 dias (dentro da meta <7 dias). Total de saídas hospitalares em agosto: 1994. Cirurgias eletivas de ortopedia em agosto: 134 (eletivas) + 585 (urgência) = 719 total ortopedia. Total cirurgias eletivas: 244 (incluindo alto giro: 243, cardíacas adulto: 63, cardíacas pediátricas: 25, alto custo OPME: 40). Total cirurgias urgência/emergência: 1538. Procedimentos de hemodinâmica agosto: 459 (acima da meta de 450). Atendimentos de urgência e emergência agosto: 4571. Altas hospitalares agosto: 1994. Percentual de suspensão de cirurgias programadas agosto: 0,52% (meta <5%, atingido). Nota: Angiologia/Endovascular contabilizada em Cirurgia Vascular; Neurointervencionista contabilizada em Neurocirurgia. A OSS gestora identificada pelo contexto do hospital HUGOL é a AGIR. Indicador de inaptidão clínica de doadores (UCT 2025): agosto 21,86% (acima da meta de 18%). SADT Externo ofertado agosto: total 1354 (meta 1253, atingido na oferta mas realizado 803). Taxa de readmissão hospitalar SAD agosto: 6,14% (dentro da meta ≤10%).",AGIR,2025,8,mensal,,40,43
2025,C:\OSS-Goias\documentos\AGIR\HUGOL\2025\34_Relatorio_Producao\Relatório Gerencial de Produção_HUGOL_10-2025.pdf,Relatório Gerencial de Produção_HUGOL_10-2025,2178,4738,432,1920,1616,6287,-1,2178,-1,-1,HUGOL,-1,-1,-1,-1,4.51,-1,-1,2519,-1,6.21,100.83,-1,"Relatório de Produção Assistencial e Indicadores de Desempenho do HUGOL referente a Outubro/2025. Total de cirurgias eletivas realizadas: 432 (meta 250). Total de cirurgias de urgência/emergência: 1.616. Total geral de cirurgias eletivas e urgência/emergência: 1.920. SADT Interno: Análises Clínicas 83.637, Raio X 7.552, Tomografia 6.208, Ultrassonografia 1.144, Ecocardiograma 611, Eletrocardiograma 948, Ressonância Magnética 167, Endoscopia/Colonoscopia 163, Holter 54, Broncoscopia 26, CPRE 13, Anatomia Patológica 199, Teste ergométrico 15. Atendimento de urgências e emergências: 4.738. Transplante de Pele: 0, Transplante de Valva Cardíaca: 0. Hemoterapia: Bolsas de Sangue Total Coletadas 986 (meta pós-AT HECAD: 900), Hemocomponentes Produzidos 2.693. Percentual de ocorrências de glosas no SIH referente a Setembro (0,00%). Taxa de readmissão UTI: 1,28% (Outubro). BPA apresentado: 100%. Documento assinado digitalmente em 07/11/2025 e 10/11/2025.",AGIR,2025,10,mensal,,33,52
2025,C:\OSS-Goias\documentos\AGIR\HUGOL\2025\34_Relatorio_Producao\Relatório Gerencial de Produção_HUGOL_11-2025.pdf,Relatório Gerencial de Produção_HUGOL_11-2025,1932,4605,351,1785,1561,5886,-1,1932,-1,-1,HUGOL,-1,-1,-1,-1,5.12,-1,-1,2500,-1,6.94,102.35,-1,"Relatório de Produção Assistencial e Indicadores de Desempenho do HUGOL referente a Novembro/2025. Taxa de ocupação hospitalar de 102,35% (meta ≥90%). Total de saídas hospitalares: 1.932. Total de cirurgias eletivas realizadas: 351 (meta 250). Total cirurgias eletivas+urgência/emergência: 1.785. Cirurgias ortopedia: 743 (eletivas 108, urgência/emergência 635). SADT Interno destacado sem metas individuais. Hemoterapia UCT: 814 bolsas de sangue total coletadas, 25 coletas de plaquetas por aferese, 2.263 hemocomponentes produzidos. BPA apresentado: 100%. Percentual de ocorrências de glosas no SIH referente a Outubro (0,40%, meta <7%). Nota: Angiologia/Endovascular contabilizada em Cirurgia Vascular; Neurointervencionista em Neurocirurgia.",AGIR,2025,11,mensal,,35,57
2025,C:\OSS-Goias\documentos\AGIR\HUGOL\2025\34_Relatorio_Producao\Relatório Gerencial de Produção_HUGOL_12-2025.xlsx,Relatório Gerencial de Produção_HUGOL_12-2025,2009,4443,195,1732,1537,6299,-1,2009,-1,-1,HUGOL,-1,-1,-1,-1,5.63,-1,-1,-1,-1,6.7889,100.24,-1,"Relatório de produção anual 2025, com dados mensais de janeiro a dezembro. O documento apresenta dados do ano 2025 com foco no mês de dezembro (último mês). Taxa de ocupação hospitalar em dezembro: 100.24% (meta >90%, atingida). Tempo médio de permanência: 6.79 dias (meta <7 dias, atingida). Taxa de readmissão hospitalar em 29 dias: 5.63% (meta <8%, atingida). Taxa de readmissão em UTI em 48h (dezembro): 1.65% (meta <5%, atingida). Percentual de suspensão de cirurgias programadas (dezembro): 4.66% (meta <5%, atingida). SADT externo realizado em dezembro foi de 831 procedimentos contra meta de 1253, atingindo 66.32% (não atingido). Os dados da aba INDICADOR DE PRODUÇÃO (2) referem-se ao primeiro semestre de 2023 e não ao ano de 2025, sendo dados históricos de contrato anterior. Nota: Angiologia/Endovascular contabilizada em Cirurgia Vascular; Neurointervencionista contabilizada em Neurocirurgia. Atendimentos sem classificação no AACR ocasionados por indisponibilidade temporária do sistema.",AGIR,2025,12,mensal,,39,36
2025,C:\OSS-Goias\documentos\AGIR\HUGOL\2025\34_Relatorio_Producao\Relatório+Gerencial+de+Produção+Consol+HUGOL_2025.xlsx,Relatório+Gerencial+de+Produção+Consol+HUGOL_2025,-1,-1,-1,3856,-1,71913,8895,23299,-1,-1,HUGOL,-1,-1,-1,-1,-1,-1,-1,-1,-1,-1,-1,-1,"Relatório consolidado Jan/2025 a Dez/2025, 13º Termo Aditivo ao Contrato de Gestão nº 003/2014 SES. Documento também contém sheet 'Consolidado 2024' referente ao período Jan/2024 a Dez/2024 (11° e 12° Termos Aditivos). Os indicadores de desempenho são reportados mensalmente como proporções (ex: taxa de ocupação 1.0089 = 100.89%). Taxa de Ocupação Hospitalar ≥90% atingida na maioria dos meses. Tempo Médio de Permanência ≤7 dias meta, com alguns meses acima (ex: Fev 7.01, Mar 7.36, Jun 7.77). Taxa de Readmissão Hospitalar (29 dias) ≤8% atingida em todos os meses. Percentual de glosas no SIH ≤7% atingido em todos os meses. Indicadores de hemoterapia e SAD também reportados mensalmente. O documento assinado por Wermerson Rodrigues da Silva, Diretor Geral, em 12 de fevereiro de 2026. SADT Externo realizado em 2025 foi significativamente abaixo da oferta/meta em várias modalidades (ex: Ecocardiograma 1154 realizado vs 2400 meta; Ressonância 3037 vs 4800 meta). Indicadores de qualidade hospitalar (mortalidade, infecção hospitalar) não reportados no documento.",AGIR,2025,,anual,,10,34
2025,C:\OSS-Goias\documentos\Hospital de Amor\CORA\2025\34_Relatorio_Producao\u128b4e43_Relatório Gerencial de Produção - agosto 2025.pdf,u128b4e43_Relatório Gerencial de Produção - agosto 2025,79,94,9,9,5,309,-1,79,-1,2,CORA,-1,-1,2.5,-1,45.95,-1,-1,21,-1,5.81,62.48,24,"Relatório gerencial de produção referente a agosto/2025 do CORA (Complexo Oncológico de Referência do Estado de Goiás), gerido pela Fundação Pio XII. O documento apresenta dados de jun/25, jul/25 e ago/25. Os valores extraídos referem-se ao mês de agosto/2025. Total de saídas hospitalares agosto: 79 (8 cirúrgicas pediátricas + 0 TMO + 36 clínicas pediátricas + outros). Total de leitos operacionais: 24/dia. Taxa de readmissão hospitalar em 29 dias em agosto atingiu 45,95%, acima da meta de 20%. Taxa de mortalidade global agosto: 2,5% (2 óbitos em 79 saídas). Cirurgias de urgência/emergência em agosto: 5 de 9 totais. Unidade Móvel com baixa produção em relação às metas. Farmácia: taxa de perda financeira por vencimento de medicamentos em agosto foi R$430,54. Disponibilidade do farmacêutico 24h: 100%. Exames de imagem liberados em até 72h: 99,27% (meta ≥70%). SADT Externo com zero produção em todos os exames em agosto.",Hospital de Amor,2025,8,mensal,,13,27
2025,C:\OSS-Goias\documentos\Hospital de Amor\CORA\2025\34_Relatorio_Producao\u1e0d3736_Relatorio gerencial de producao -Nov 2025.xlsx,u1e0d3736_Relatorio gerencial de producao -Nov 2025,103,135,7,12,5,410,-1,94,-1,4,CORA,-1,-1,3.88,-1,10.64,-1,-1,38,-1,4.23,66.25,24,"Relatório do Complexo Oncológico de Referência do Estado de Goiás (CORA), gerido pela Fundação Pio XII (Hospital de Amor), referente a novembro de 2025. Total de leitos operacionais: 24. Total de saídas hospitalares em novembro: 103. Total de óbitos: 4 (taxa de mortalidade global: 3.88%). Taxa de readmissão hospitalar em até 29 dias: 10.64% (10 pacientes readmitidos de 94 internações). Total de internações hospitalares: 94. Cirurgias de urgência/emergência: 5; cirurgias eletivas: 7; total de cirurgias: 12. Taxa de cirurgia de urgência: 41.67%. Saídas da UTI por alta: 13. Número de sessões de quimioterapia: 244 (meta 264). Mamografias pela unidade móvel: 603. Exames de imagem com resultado em até 72h: 91.91%. Percentual de glosas no SIH: dado disponível apenas até outubro/2025.",Hospital de Amor,2025,11,mensal,,19,25
2025,C:\OSS-Goias\documentos\Hospital de Amor\CORA\2025\34_Relatorio_Producao\u30aebf66_Relatorio gerencial de producao -Junho-2025.xlsx,u30aebf66_Relatorio gerencial de producao -Junho-2025,-1,0,4,19,1,33,-1,8,-1,3,CORA,-1,-1,37.5,-1,0,-1,-1,-1,-1,12.3,64.65,29,"Relatório de junho/2025 do Complexo Oncológico de Referência do Estado de Goiás (CORA), gerido pela Fundação Pio XII / Hospital de Amor. Os dados de maio/2025 (coluna 2025-05-31) aparecem todos zerados, indicando que os dados daquele mês não foram preenchidos. A coluna '7º Mês' representa acumulado até julho. Taxa de ocupação hospitalar 64,65% ficou abaixo da meta de 85%. Tempo médio de permanência de 12,3 dias ficou acima da meta de 10 dias. Percentual de suspensão de cirurgias eletivas foi de 50%, acima do limite de 5% (2 cirurgias suspensas de 4 no mapa). Taxa de mortalidade global de 37,5% calculada sobre 8 saídas totais com 3 óbitos. Total de funcionários em junho: 224; médicos: 35; leitos operacionais: 29.",Hospital de Amor,2025,6,mensal,,15,23
2025,C:\OSS-Goias\documentos\Hospital de Amor\CORA\2025\34_Relatorio_Producao\u4a69cc22_Relatório Gerencial de Produção - dezembro 2025.pdf,u4a69cc22_Relatório Gerencial de Produção - dezembro 2025,94,150,17,25,8,495,-1,94,-1,1,CORA,-1,-1,1.1,-1,5.26,-1,-1,71,-1,4.57,55.76,29,"Relatório gerencial de produção de dezembro/2025 do CORA – Complexo Oncológico de Referência do Estado de Goiás, gerido pela Fundação Pio XII (Hospital de Amor). O documento abrange múltiplos meses (jun/25 a dez/25), sendo os dados de dezembro/2025 os extraídos como período de referência. Total de leitos operacionais em dezembro: 29 (ampliado de 24 nos meses anteriores). Total de saídas hospitalares em dez/25: 94. Total de óbitos em dez/25: 1. Cirurgias de urgência/emergência em dez/25: 8; total de cirurgias: 25. Referenciados CIA em dez/25: 150. Sessões de quimioterapia em dez/25: 295. Taxa de mortalidade global dez/25: 1.1%. Taxa de readmissão hospitalar em até 29 dias dez/25: 5.26%. Taxa de permanência média hospitalar dez/25: 4.57 dias. Procedimentos apresentados no SIH em nov/25: 71 (dado de dezembro ausente na tabela de faturamento).",Hospital de Amor,2025,12,mensal,,19,25
2025,C:\OSS-Goias\documentos\Hospital de Amor\CORA\2025\34_Relatorio_Producao\u4f500958_Relatório Gerencial de Produção - outubro 2025.pdf,u4f500958_Relatório Gerencial de Produção - outubro 2025,98,114,14,20,6,519,-1,101,-1,1,CORA,-1,-1,1.0,-1,24.75,-1,-1,-1,-1,4.61,68.3,24,"Relatório referente ao mês de outubro/2025 do CORA (Complexo Oncológico de Referência do Estado de Goiás), gerido pela Fundação Pio XII. O documento apresenta séries históricas de jun/25 a out/25. Os valores extraídos correspondem ao mês de out/25. Total de leitos operacionais: 24 (enfermaria + UTI pediátrica). Taxa de mortalidade global out/25: 1,0%. Taxa de readmissão hospitalar em até 29 dias out/25: 24,75% (acima da meta de ≤20%). Total de internações hospitalares out/25: 101. Total de cirurgias out/25: 20 (sendo 6 de urgência/emergência e 14 eletivas). Faturamento: dados de set/25 disponíveis (glosa 0,00%); out/25 não reportado no SIH. Sessões de quimioterapia out/25: 209 (meta 264). Taxa de absenteísmo geral out/25: 1,46%.",Hospital de Amor,2025,10,mensal,,14,29
2025,C:\OSS-Goias\documentos\Hospital de Amor\CORA\2025\34_Relatorio_Producao\u5a6503a8_Relatorio gerencial de producao -Dez 2025.xlsx,u5a6503a8_Relatorio gerencial de producao -Dez 2025,94,150,17,25,8,495,-1,95,-1,1,CORA,-1,-1,1.06,-1,5.26,-1,-1,71,-1,4.57,55.76,29,"Relatório do Complexo Oncológico de Referência do Estado de Goiás (CORA), gerido pela Fundação Pio XII / Hospital de Amor, referente a dezembro de 2025. Total de leitos operacionais em dezembro: 29 (ampliado de 24). Taxa de cirurgia de urgência em dezembro: 32%. Número de cirurgias de urgência/emergência: 8. Total de cirurgias: 25. Saídas da UTI por alta: 14. Farmácia disponível 24h. Exames de imagem liberados em até 72h: 374 de 416 (89,9%). Referenciados no CIA: 150. Taxa de mortalidade operatória: 0%. Número total de funcionários em dezembro: 302. Número total de médicos: 60.",Hospital de Amor,2025,12,mensal,,13,24
2025,C:\OSS-Goias\documentos\Hospital de Amor\CORA\2025\34_Relatorio_Producao\u73450ce7_Relatorio gerencial de producao -Maio-2025.pdf,u73450ce7_Relatorio gerencial de producao -Maio-2025,0,0,0,0,0,0,0,0,0,0,CORA,-1,-1,-1,-1,-1,-1,-1,-1,-1,-1,-1,-1,"Nota Explicativa emitida pela Fundação PIO XII, gestora do CORA, informando que no mês de maio de 2025 não houve registro de produção assistencial na unidade, pois a unidade hospitalar ainda não iniciou os atendimentos. Documento assinado pelo Diretor Técnico Mario J. A. de Paula em 31 de maio de 2025.",Hospital de Amor,2025,5,mensal,,0,0
2025,C:\OSS-Goias\documentos\Hospital de Amor\CORA\2025\34_Relatorio_Producao\u87e75f6e_Relatorio gerencial de producao -Out 2025.xlsx,u87e75f6e_Relatorio gerencial de producao -Out 2025,98,114,14,20,6,519,-1,101,-1,1,CORA,-1,-1,1.02,-1,24.75,-1,-1,37,-1,4.61,68.3,24,"Relatório referente ao mês de outubro de 2025 do Complexo Oncológico de Referência do Estado de Goiás (CORA), gerido pela Fundação Pio XII / Hospital de Amor. O hospital possui 24 leitos operacionais. A taxa de ocupação em outubro foi de 68,3%, abaixo da meta de 85%. Foram registrados 101 internações totais, 98 saídas/altas, 1 óbito, e 20 cirurgias totais (14 eletivas e 6 de urgência/emergência). As sessões de quimioterapia (209) ficaram abaixo da meta de 264. O percentual de exames de imagem liberados em até 72 horas foi de 91,23%, acima da meta de 70%. Taxa de readmissão hospitalar em até 29 dias foi de 24,75%, acima da meta de ≤20%. Taxa de readmissão em UTI em até 48h foi de 6,25%, acima da meta de ≤5%. Turnover em outubro foi de 10%.",Hospital de Amor,2025,10,mensal,,19,25
2025,C:\OSS-Goias\documentos\Hospital de Amor\CORA\2025\34_Relatorio_Producao\u8eb1f0e0_Relatório Gerencial de Produção - setembro 2025.pdf,u8eb1f0e0_Relatório Gerencial de Produção - setembro 2025,106,109,18,23,5,384,-1,104,-1,2,CORA,-1,-1,1.9,-1,34.62,-1,-1,38,-1,4.83,70.0,24,"Relatório referente ao mês de setembro/2025 do CORA - Complexo Oncológico de Referência do Estado de Goiás, gerido pela Fundação Pio XII. O documento cobre múltiplos períodos (jun/25 a set/25); os valores extraídos referem-se a set/25. Total de leitos operacionais: 24 (sem discriminação de leitos UTI no campo de leitos, embora UTI Pediátrica seja mencionada nos indicadores de efetividade). Taxa de mortalidade institucional (óbitos >24h): 1,9% em set/25. Total de cirurgias em set/25: 23 (sendo 18 eletivas e 5 de urgência/emergência). Número total de internações hospitalares em set/25: 104. Total de procedimentos apresentados no SIH até ago/25: 38. Taxa de readmissão hospitalar em até 29 dias em set/25: 34,62% (acima da meta de 20%). Percentual de glosas no SIH em ago/25: 10,53% (acima da meta de ≤7%). Número de saídas da UTI por alta em set/25: 9.",Hospital de Amor,2025,9,mensal,,14,26
2025,C:\OSS-Goias\documentos\Hospital de Amor\CORA\2025\34_Relatorio_Producao\u996c4217_Relatorio gerencial de producao -Jul 2025.xlsx,u996c4217_Relatorio gerencial de producao -Jul 2025,44,14,9,9,2,211,-1,44,-1,0,CORA,-1,-1,0,-1,18.18,-1,-1,2,-1,9.95,43.43,24,"Relatório de julho/2025 do Complexo Oncológico de Referência do Estado de Goiás (CORA), gerido pela Fundação Pio XII (Hospital de Amor). Total de saídas hospitalares em julho: 44 (vs 8 em junho). Taxa de ocupação hospitalar: 43,43% (meta >=85%). Média de permanência: 9,95 dias (meta <=10 dias). Intervalo de substituição de leitos: 121,44 horas (meta <=2 horas). Total de óbitos em julho: 0 (taxa de mortalidade global: 0%). Taxa de readmissão hospitalar em até 29 dias: 18,18% (10 pacientes readmitidos de 55 internações). Cirurgias de urgência/emergência: 2 de 9 cirurgias totais (22,22%). Percentual de suspensão de cirurgias eletivas: 22,22% (2 suspensas de 9). Sessões de quimioterapia realizadas: 57 de meta 264. Exames de imagem liberados em até 72h: 97,92%. Multiprofissional internado: Fisioterapia 603, Nutrição 844, Psicologia 475, Fonoaudiologia 282, Serviço Social 265, Odontologia 208, Terapia Ocupacional 190, Farmácia 60.",Hospital de Amor,2025,7,mensal,,13,28
2025,C:\OSS-Goias\documentos\Hospital de Amor\CORA\2025\34_Relatorio_Producao\ub1ca4445_Relatório Gerencial de Produção - novembro 2025.pdf,ub1ca4445_Relatório Gerencial de Produção - novembro 2025,103,135,7,12,5,410,-1,94,-1,4,CORA,-1,-1,3.9,-1,10.64,-1,-1,38,-1,4.23,66.25,24,"Relatório referente a novembro/2025. Hospital é o CORA (Complexo Oncológico de Referência do Estado de Goiás), gerido pela Fundação Pio XII (Hospital de Amor). O documento cobre o período acumulado de jun/25 a nov/25, sendo os dados de nov/25 extraídos como mês de referência. Total de leitos operacionais: 24 (fixo em todos os meses). Taxa de mortalidade operatória: 0% em nov/25. Taxa de cirurgia de urgência nov/25: 41.7%. Total de cirurgias nov/25: 12 (7 eletivas + 5 urgência). Total de saídas nov/25: 103. Óbitos nov/25: 4. Procedimentos SIH apresentados acumulado até out/25: 38. Indica que alguns indicadores como SADT Externo Colonoscopia, EGD, Mamografia, PET-SCAN não possuem meta definida (tracejado). Farmácia: taxa de acurácia do estoque sem dados reportados no período analisado.",Hospital de Amor (Fundação Pio XII),2025,11,mensal,,15,25
2025,C:\OSS-Goias\documentos\Hospital de Amor\CORA\2025\34_Relatorio_Producao\ubc2165db_Relatorio gerencial de producao -Ago 2025.xlsx,ubc2165db_Relatorio gerencial de producao -Ago 2025,79,94,9,9,5,309,-1,74,-1,2,CORA,-1,-1,2.53,-1,45.95,-1,-1,21,-1,5.81,62.48,24,"Relatório referente ao mês de agosto de 2025 do Complexo Oncológico de Referência do Estado de Goiás (CORA), gerido pela Fundação PIO XII / Hospital de Amor. O hospital possui foco em oncologia pediátrica com 24 leitos operacionais. Total de saídas hospitalares em agosto: 79. Taxa de ocupação de 62.48% abaixo da meta de 85%. Taxa de readmissão em 29 dias de 45.95% acima da meta de 20%. Sessões de quimioterapia (47) muito abaixo da meta de 264. SADT externo com todos os exames zerados em agosto. Total de cirurgias agosto: 9 eletivas (mapa cirúrgico: 10, 1 suspensa). Cirurgias de urgência/emergência: 5. Total saídas pediátricas: cirúrgicas 28, TMO 0, clínicas 36. SADT interno agosto: análises clínicas 4868, tomografia 105, raio X 68, ressonância magnética 48, ecocardiograma 26, ultrassonografia 21, odontologia 155, agência transfusional 73, anatomia patológica 12, PET-SCAN 2. Número de funcionários em agosto: 236 total, 58 médicos, 43 enfermeiros. Turnover 4.87%. Taxa de absenteísmo geral 2.16%.",Hospital de Amor,2025,8,mensal,,19,25
2025,C:\OSS-Goias\documentos\Hospital de Amor\CORA\2025\34_Relatorio_Producao\uc7b4e82e_Relatorio gerencial de producao -Junho-2025.pdf,uc7b4e82e_Relatorio gerencial de producao -Junho-2025,8,0,4,19,1,33,-1,19,-1,3,CORA,-1,-1,37.5,-1,0,-1,-1,0,-1,12.3,64.65,29,"Relatório de produção referente a junho/2025 do CORA (Complexo Oncológico de Referência do Estado de Goiás), gerido pela Fundação Pio XII. O mês de maio/25 apresenta produção zerada em praticamente todos os indicadores, indicando possível período de implantação/início de operações. Total de saídas em junho: 8 (NIR - Efetividade). Taxa de mortalidade global de 37,5% (3 óbitos em 8 saídas). Total de internações hospitalares (NIR): 19. Número de leitos operacionais em junho: 29. Percentual de suspensão de cirurgias eletivas: 50% (2 suspensas de 4 programadas), acima da meta de ≤5%. Taxa de ocupação hospitalar: 64,65% (UTI Pediátrica) e 72,60% (geral), abaixo da meta de ≥85%. Tempo médio de permanência: 12,3 dias, acima da meta de ≤10 dias. SADT Interno junho: Agência Transfusional 38, Análise Clínicas 2281, Anatomia Patológica 5, Ecocardiograma 7, Odontologia 45, Raio X 15, Tomografia 14, Ultrassonografia 15, Ultrassonografia com Doppler 0.",Fundação Pio XII,2025,6,mensal,,12,24
2025,C:\OSS-Goias\documentos\Hospital de Amor\CORA\2025\34_Relatorio_Producao\ucb09c075_Relatorio gerencial de producao -Abril-2025.pdf,ucb09c075_Relatorio gerencial de producao -Abril-2025,0,0,0,0,0,0,0,0,0,0,CORA,-1,-1,-1,-1,-1,-1,-1,-1,-1,-1,-1,-1,"Nota explicativa emitida pela Fundação PIO XII, gestora do CORA. No mês de abril de 2025, não houve registro de produção assistencial pois a unidade hospitalar ainda não iniciou os atendimentos. Documento assinado pelo Diretor Técnico Mario J. A. de Paula em 30 de abril de 2025.",Hospital de Amor,2025,4,mensal,,0,0
2025,C:\OSS-Goias\documentos\Hospital de Amor\CORA\2025\34_Relatorio_Producao\uec27061a_Relatório Gerencial de Produção - Julho 2025.pdf,uec27061a_Relatório Gerencial de Produção - Julho 2025,44,14,9,9,2,211,-1,55,-1,0,CORA,-1,-1,0,-1,18.18,-1,-1,-1,-1,9.95,43.43,24,"Relatório referente a julho/2025 do CORA (Complexo Oncológico de Referência do Estado de Goiás), gerido pela Fundação Pio XII. O documento contém dados de junho/2025 e julho/2025 lado a lado. Os dados extraídos priorizam julho/2025. Taxa de mortalidade global em julho foi 0 (3 óbitos em junho, 0 em julho). Total de cirurgias em julho: 9 (sendo 2 de urgência/emergência). Leitos operacionais: 24. Faturamento: dados de glosa apenas disponíveis para junho (0,00%). SADT Externo: todos os exames realizados foram zero em julho. PET-SCAN interno: 7 exames em julho/25. Ressonância Magnética interna: 74 exames. Tomografia interna: 77 exames. Análises Clínicas internas: 4472 exames.",Hospital de Amor,2025,7,mensal,,15,27
2025,C:\OSS-Goias\documentos\Hospital de Amor\CORA\2025\34_Relatorio_Producao\uff3e0039_Relatorio gerencial de producao -Set 2025.xlsx,uff3e0039_Relatorio gerencial de producao -Set 2025,106,109,18,23,5,384,-1,104,-1,2,CORA,-1,-1,1.85,-1,34.62,-1,-1,38,-1,4.83,70.0,24,"Relatório gerencial de produção referente a setembro de 2025. Hospital oncológico pediátrico (CORA - Complexo Oncológico de Referência do Estado de Goiás), gerido pela Fundação Pio XII (Hospital de Amor). Total de leitos operacionais: 24. Taxa de ocupação hospitalar setembro/2025: 70%. Média de permanência: 4.83 dias. Total de saídas no mês: 108 (conforme sheet Efetividade) ou 106 (conforme sheet Desempenho). Óbitos: 2. Cirurgias de urgência/emergência: 5; total de cirurgias: 23. TAXA DE READMISSÃO HOSPITALAR EM ATÉ 29 DIAS: 34.62% (acima da meta de 20%). Taxa de glosas SIH: 10.53% (acima da meta de 7%). Percentual de suspensão de cirurgias eletivas: 14.29% (acima da meta de 5%). Sessões de quimioterapia realizadas: 104 (meta 264). Unidade Móvel com produção abaixo da meta. Turnover setembro: 5.27%.",Hospital de Amor,2025,9,mensal,,19,29
2026,C:\OSS-Goias\documentos\ISG\HDT\2026\34_Relatorio_Producao\01-2026-Relatorio-Gerencial-de-Producao-1.pdf,01-2026-Relatorio-Gerencial-de-Producao-1,298,-1,-1,-1,-1,2420,2935,298,-1,-1,HDT,-1,-1,-1,-1,0.96,-1,-1,-1,-1,7.8,89,-1,"Relatório referente ao Contrato de Gestão Nº 91/2012 e seus respectivos Termos Aditivos. Hospital Estadual de Doenças Tropicais Dr. Anuar Auad (HDT), gerido pelo ISG. Competência: Janeiro/2026. Nota: O dado de Percentual de ocorrência de rejeições no SIH é obtido em dois meses subsequentes, portanto não disponível para jan/26. Taxa de readmissão hospitalar refere-se a 29 dias conforme contrato.",ISG,2026,1,mensal,,2,31
2026,C:\OSS-Goias\documentos\AGIR\HEJ\2026\34_Relatorio_Producao\01.2026 - Portifólio HEJ - Transparência 04022026.xlsx,01.2026 - Portifólio HEJ - Transparência 04022026,-1,5455,300,507,207,3402,28353,733,-1,-1,HEJ,-1,-1,-1,-1,9.16,370,-1,31408,-1,4.4038,81.35,-1,"O documento é referente a Dezembro/2026 conforme indicado na aba 'Indicadores de Produção' ('Produção Assistencial ANO 2026 - DEZEMBRO'), porém o nome do arquivo menciona '01.2026' sugerindo competência janeiro de 2026. Foram considerados os dados reportados como Dezembro. Taxa de ocupação calculada: 81.35% (3228/3968). 11 leitos bloqueados (07 clínicos, 03 cirúrgicos, 01 obstétrico) conforme nota. Total cirurgias: 507 (300 eletivas + 207 urgência). SADT Interno total: 28076; SADT Externo total: 277; soma total exames: 28353. Produção Porta de Entrada (Urgência) total: 5623. Atendimento às Urgências total (referenciadas + espontânea): 5455.",AGIR,2026,12,mensal,,22,34
2026,C:\OSS-Goias\documentos\IMED\HETRIN\2026\34_Relatorio_Producao\01_2026_RELATORIO-GERENCIAL-DE-PRODUCAO_JAN26.pdf,01_2026_RELATORIO-GERENCIAL-DE-PRODUCAO_JAN26,-1,6406,130,328,198,2711,23508,384,34,12,HETRIN,-1,-1,-1,-1,2.97,-1,-1,652,-1,3.91,95.95,-1,"Relatório de Produção Assistencial referente ao 4º T.A ao Contrato de Gestão 037/2019, mês jan/2026. Total de cirurgias realizadas: 328 (129 ortopédicas = 39,33%). Tempo médio de espera por cirurgia ortopédica com OPME de alta complexidade: 24 horas. SADT Interno total: 23.508. SADT Externo realizado: 156 (meta 180). Classificação de risco: 6.406 atendimentos. Saídas da UTI: 34 (12 óbitos, 2 altas, 2 transferências externas, 18 transferências internas). Leitos operacionais-dia do período: 1.631. Pacientes-dia: 1.565. Total de saídas no período: 400. Glosas SIH: 0,00% (referente a dez-25). Perda de medicamentos por validade: 0,86% (R$ 1.758,17 de R$ 205.471,61). Documento elaborado em 09/02/2026 pela Diretora Geral Vânia Gomes Fernandes.",IMED,2026,1,mensal,,19,21
2026,C:\OSS-Goias\documentos\ISG\HDT\2026\34_Relatorio_Producao\02-2026-Relatorio-Gerencial-de-Producao.pdf,02-2026-Relatorio-Gerencial-de-Producao,-1,-1,-1,-1,-1,2768,2732,265,-1,-1,HDT,-1,-1,-1,-1,1.5,-1,-1,-1,-1,8.0,91.0,-1,"Relatório referente ao Contrato de Gestão Nº 91/2012 e seus respectivos Termos Aditivos. Hospital Estadual de Doenças Tropicais Dr. Anuar Auad (HDT), gerido pela ISG. Competência: fevereiro/2026. O dado de percentual de ocorrência de rejeições no SIH é obtido em dois meses subsequentes, portanto não disponível para este período. Taxa de readmissão hospitalar reportada como 29 dias (não 30 dias). Assinado eletronicamente em 10-11/03/2026 pela Diretora Técnica Dra. Thais Lopes Safatle Dourado e pela Diretora Executiva Daniela Honorato da Silva Guimarães.",ISG,2026,2,mensal,,2,31
2026,C:\OSS-Goias\documentos\AGIR\HEJ\2026\34_Relatorio_Producao\02.2026 - Portifólio HEJ .1.xlsx,02.2026 - Portifólio HEJ .1,-1,6310,79,272,193,2881,27170,665,-1,-1,HEJ,-1,-1,-1,-1,11.74,-1,-1,-1,-1,4.8932,91.43,-1,"Taxa de ocupação considera 25 leitos bloqueados: 20 leitos UTI, 3 leitos Clínica Cirúrgica e 2 leitos pediátricos. Total de leitos operacionais-dia do período: 3559. Total pacientes-dia: 3254. Cirurgias de urgência sem meta definida: 193 realizadas. Percentual de Glosas SIH em apuração. Percentual de partos cesáreos: 72.46% (50 cesáreas de 69 partos totais). SADT Interno total: 26920. SADT Externo total: 250 (meta 270). Cirurgia Eletiva Ambulatorial oftalmológica: 242 realizadas (meta 258).",AGIR,2026,2,mensal,,22,33
2026,C:\OSS-Goias\documentos\IMED\HETRIN\2026\34_Relatorio_Producao\02_2026_RELATORIO-GERENCIAL-DE-PRODUCAO-H-fev.26-1.xlsx,02_2026_RELATORIO-GERENCIAL-DE-PRODUCAO-H-fev.26-1,394,6840,131,331,199,2654,-1,462,-1,44,HETRIN,82.92,-1,7.55,-1,2.79,-1,-1,-1,-1,3.72,97.67,56,"Relatório Gerencial de Produção do HETRIN (Hospital Estadual de Trindade Walda Ferreira dos Santos) referente a fevereiro/2026, gerido pela IMED, sob o 4º T.A. ao Contrato de Gestão 037/2019. Total de saídas hospitalares fevereiro/2026: 462 (meta 341). Taxa de ocupação geral: 97,67% (meta ≥85%). Média de permanência: 3,72 dias (meta ≤5 dias). Total leitos operacionais: 56. Taxa de mortalidade global registrada: 7,55% (óbitos/saídas: 44/462 no mês mais recente com dados completos visíveis). Taxa de readmissão hospitalar pelo mesmo CID em até 29 dias: 2,79% (meta <8%). Índice de satisfação do usuário: 82,92% (último valor disponível). Cirurgias de urgência totalizaram 199 no período. SADT externo realizado: 173 (meta 180). Atendimentos de urgência/emergência: 6.840.",IMED,2026,2,mensal,,22,27
2026,C:\OSS-Goias\documentos\IMED\PFRE\2026\34_Relatorio_Producao\02_2026_RELATORIO-GERENCIAL-DE-PRODUCAO-PCL_FORMOSA-fev.26.pdf,02_2026_RELATORIO-GERENCIAL-DE-PRODUCAO-PCL_FORMOSA-fev.26,-1,-1,-1,-1,-1,7943,8579,-1,-1,-1,PFRE,-1,-1,-1,-1,-1,-1,-1,-1,-1,-1,-1,-1,"Policlínica Estadual da Região do Entorno – Unidade FORMOSA. Termo de Colaboração nº 21/2025, vigência 01/07/2025 a 30/06/2028. Documento elaborado em 10/03/2026. Inclui produção de Clínica de Terapia Renal Substitutiva (Hemodiálise: 563, Treinamento diálise peritoneal: 40, total 603 vs meta 664). CEO II sem produção em fev/26 (0 consultas e 0 procedimentos vs metas de 450 e 255). Processo Transexualizador: 0 vs meta 50. SADT Externo Absenteísmo total: 46,8%. SADT Interno Realizado total: 8.579 vs estimativa 8.861. Consulta Multiprofissional excluída de meta (Enfermagem triagem: 4.532, Serviço Social: 426, total 4.958). Dispensação de Medicamentos: 86% vs meta ≥50%. Taxa de Perda Financeira de Medicamentos: 0,5% (R$156 de perda sobre R$34.400 inventariado). Cirurgia Menor Ambulatorial (CMA): 69 procedimentos realizados (sem meta informada).",IMED,2026,2,mensal,,34,21
2026,C:\OSS-Goias\documentos\ISG\HDT\2026\34_Relatorio_Producao\03-2026-Relatorio-Gerencial-de-Producao-VersaoImpressao.pdf,03-2026-Relatorio-Gerencial-de-Producao-VersaoImpressao,312,-1,-1,-1,-1,3693,3325,312,-1,-1,HDT,-1,-1,-1,-1,1.29,-1,-1,-1,-1,7.8,90,-1,"Relatório referente ao Contrato de Gestão Nº 91/2012 e seus respectivos Termos Aditivos. Competência: março/2026. O dado de 'Percentual de ocorrência de rejeições no SIH' não foi reportado pois é obtido em dois meses subsequentes. Hospital Estadual de Doenças Tropicais Dr. Anuar Auad (HDT), gerido pela ISG. Assinado eletronicamente em 12/04/2026 pela Diretora Técnica Dra. Thais Lopes Safatle Dourado e pela Diretora Executiva Daniela Honorato da Silva Guimarães.",ISG,2026,3,mensal,,2,31
2026,C:\OSS-Goias\documentos\AGIR\HEJ\2026\34_Relatorio_Producao\03.2026+-+Portifólio+HEJ+.1.xlsx,03.2026+-+Portifólio+HEJ+.1,-1,7329,334,568,234,3953,34017,795,-1,-1,HEJ,-1,-1,-1,-1,7.3,482,-1,30309,-1,4.5472,91.31,-1,"Taxa de ocupação considera 9 leitos bloqueados (8 leitos de Clínica Cirúrgica e 1 leito pediátrico). Total de cirurgias: 71 eletivas hospitalares + 263 oftalmológicas ambulatoriais + 234 urgência = 568. SADT Interno total: 33544; SADT Externo total: 473. Indicador 9 (TMAT 2º ano): ausência de dados reportada. Total de partos: 100, sendo 73 cesáreas (73%). Número total de internações hospitalares para cálculo de readmissão: 904. BPA Janeiro: 30309 (nota: coluna indica Janeiro mas contexto é março).",AGIR,2026,3,mensal,,23,32
2026,C:\OSS-Goias\documentos\IMED\HETRIN\2026\34_Relatorio_Producao\03_2026_RELATORIO-GERENCIAL-DE-PRODUCAO_MAR26-1.pdf,03_2026_RELATORIO-GERENCIAL-DE-PRODUCAO_MAR26-1,580,7638,183,487,304,2980,29692,567,-1,14,HETRIN,-1,-1,-1,-1,0.2,-1,-1,-1,-1,4.19,87.64,-1,"Relatório de março/2026 abrange dois períodos: 6º Termo Aditivo ao Contrato de Gestão 037/2019 (01/03 a 15/03) e 7º Termo Aditivo (16/03 a 31/03). Total de saídas hospitalares no mês: 567 (206+361). Total cirurgias eletivas: 183 (65+118). Total cirurgias urgência: 304 (159+145). Total atendimentos ambulatoriais: 2980 (1203+1777). Total Atendimento Urgência e Emergência: 7638 (3812+3826). SADT Interno total período: 14751 (01-15/03) + 14941 (16-31/03) = 29692. Óbitos UTI: 8 (01-15/03) + 6 (16-31/03) = 14. Taxa de ocupação hospitalar: 87,64% (meta ≥85% - atingida). Média de permanência: 4,19 dias (meta ≤5 dias - atingida). Percentual cirurgias ortopédicas: 21,88% (01-15/03) e 328 (valor aparentemente incorreto no documento original para 16-31/03). Glosas SIH: 0,00% com total de procedimentos apresentados igual a 0 (campo em branco/zerado). Documento elaborado em 13/04/2026 pela Diretora Geral Vânia Gomes Fernandes.",IMED,2026,3,mensal,,33,26
2026,C:\OSS-Goias\documentos\IMED\PFRE\2026\34_Relatorio_Producao\03_2026_Relatorio_Gerencial_Producao_Mar26.pdf,03_2026_Relatorio_Gerencial_Producao_Mar26,-1,-1,-1,183,-1,7245,650,-1,-1,-1,PFRE,-1,-1,-1,-1,-1,-1,-1,-1,-1,-1,-1,-1,"Relatório de produção assistencial referente ao 1º Termo Aditivo ao Termo de Colaboração 88/2024 (SEI nº 62338875) da Policlínica Estadual da Região do Entorno – Unidade FORMOSA, elaborado em 27 de abril de 2025. SADT Interno Realizado: Análises Clínicas 4.445, Patologia Clínica 121, Total 4.566. SADT Interno Oftalmológico: Total 1.122. Dispensação de Medicamentos: 5.314 realizadas de 6.758 processos cadastrados (79%, meta ≥50%). Consultas Farmacêuticas: 358 de 5.314 processos atendidos (7%, meta ≥5%). Cirurgia Menor Ambulatorial (CMA): 183. Hemodiálise realizada: 594 de 624 (meta). Processo Transexualizador: 0 realizado (meta 50). Transporte para TRS: VAN 6.982 km (meta 15.000 km), 2 veículos (meta 3). Taxa de Perda Financeira de Medicamentos por Prazo de Validade: 0,2% (meta ≤0,5%), valor de perda R$121 sobre inventário R$60.836. CEO II com produção zero no mês. Filename de referência indica mar-26 mas o relatório refere-se a março de 2025 (mar-25).",IMED,2025,3,mensal,,29,21
2026,C:\OSS-Goias\documentos\IMED\HETRIN\2026\34_Relatorio_Producao\04_2026_Relatorio_Gerencial_Producao_Abr26.pdf,04_2026_Relatorio_Gerencial_Producao_Abr26,-1,7577,232,496,264,3784,30665,699,-1,7,HETRIN,-1,-1,-1,-1,1.26,786,-1,-1,-1,4.12,90.88,116,"Relatório de produção referente a abril/2026 (abr-26). Total de leitos operacionais-dia do período: 3.476; Total de Pacientes-dia: 3.159; Total de saídas no período: 766; Total de internações hospitalares: 796. Saídas da UTI: 67 (óbito: 7, alta: 0, transferência externa: 6, transferência interna: 54). SADT Interno total: 30.665. SADT Externo realizado total: 342. Hospital Dia: 137 atendimentos. Cirurgias ortopédicas realizadas: 154 de 496 totais (percentual reportado: 650 - possível erro no documento). Tempo médio de espera por cirurgia ortopédica com OPME de alta complexidade: 24 horas. Cirurgia de segundo tempo realizada: 5. Índice de intervalo de substituição: 9,92 horas. Indicador 06 (Glosas SIH) refere-se a mar-26. Documento elaborado em 06/05/2026 pela Diretora Geral Vânia Gomes Fernandes.",IMED,2026,4,mensal,,17,21
2026,C:\OSS-Goias\documentos\AGIR\HEJ\2026\34_Relatorio_Producao\11.Portifólio HEJ.xlsx,11.Portifólio HEJ,-1,5850,340,514,174,3782,30898,734,-1,29,HEJ,-1,-1,3.95,-1,9.03,297,-1,-1,-1,4.5981,88.19,128,"Período: Novembro/2025. 13 leitos bloqueados no período, sendo 11 de internação obstétrica e 2 de UCIN. Taxa de mortalidade operatória = 0. Taxa de cirurgia de urgência = 33.85% (174 cirurgias de urgência/emergência de 514 totais). Total de óbitos com permanência >24h = 22. Taxa de mortalidade institucional (óbitos >24h) = 3.0%. Absenteísmo estatutário não reportado para a unidade. SADT Externo total realizado: 233 contra meta de 270 (86.3%). SADT Interno total: 30.898 procedimentos sem meta definida. Total de atendimentos porta de entrada urgência: 5.850. Produção ambulatorial BPA: em apuração.",AGIR,2025,11,mensal,,19,40
2026,C:\OSS-Goias\documentos\ISG\HDT\2026\34_Relatorio_Producao\12-2025-Relatorio-Gerencial-de-Producao-VersaoImpressao.pdf,12-2025-Relatorio-Gerencial-de-Producao-VersaoImpressao,268,-1,-1,-1,-1,2413,2453,-1,-1,-1,HDT,-1,-1,-1,-1,0.4,-1,-1,-1,-1,7.7,82,-1,"Relatório referente ao Contrato de Gestão Nº 91/2012 e seus respectivos Termos Aditivos. Hospital Estadual de Doenças Tropicais Dr. Anuar Auad (HDT), gerido pela ISG. Competência: dezembro/2025. A taxa de readmissão hospitalar refere-se a 29 dias. O percentual de ocorrência de rejeições no SIH teve eficácia de 200% porém o valor realizado não foi informado no documento (dado obtido em dois meses subsequentes). Consultas ambulatoriais totalizam consultas médicas (2.413) mais consultas não médicas (434) mais pequenos procedimentos (263), totalizando 3.110.",ISG,2025,12,mensal,,2,31
2026,C:\OSS-Goias\documentos\IMED\HETRIN\2026\34_Relatorio_Producao\12_2025-RELATORIO-GERENCIAL-DE-PRODUCAO-DEZ25-1.xlsx,12_2025-RELATORIO-GERENCIAL-DE-PRODUCAO-DEZ25-1,402,6379,131,325,189,2834,25919,451,32,47,HETRIN,91.7,-1,5.45,-1,3.45,619,-1,-1,-1,3.94,94.74,56,"Relatório Gerencial de Produção de Dezembro/2025 do HETRIN (Hospital Estadual de Trindade Walda Ferreira dos Santos), referente ao 4º T.A. ao Contrato de Gestão 037/2019. Leito operacional = 56 leitos. Taxa de mortalidade global do último mês reportado na sheet Efetividade = 5,45% (0,0545). Taxa de readmissão hospitalar pelo mesmo CID em até 29 dias = 3,45% (0,0345) - dezembro/2025. Taxa de readmissão em UTI em até 48h = 12,12% (0,1212) em dezembro/2025, acima da meta < 5%. Índice de satisfação do usuário = 91,7% (0,917) no último mês reportado. Total de saídas da UTI em dez/2025 = 32. Óbitos em UTI em dez/2025 = 10. SADT Externo realizado: Doppler=28, Raio X=14, Tomografia=83, Ultrassom=39. SADT Interno total = 25.919. Cirurgias ortopédicas: percentual sobre total = 39,69% em dez/2025. Tempo médio de espera por cirurgia ortopédica com OPME de alta complexidade = 24hs. Cirurgias de segundo tempo realizadas = 5 em dez/2025.",IMED,2025,12,mensal,,25,21
2026,C:\OSS-Goias\documentos\IMED\PFRE\2026\34_Relatorio_Producao\12_2025_RELATORIO-GERENCIAL-DE-PRODUCAO_DEZ25.pdf,12_2025_RELATORIO-GERENCIAL-DE-PRODUCAO_DEZ25,-1,-1,-1,-1,-1,7311,853,-1,-1,-1,PFRE,-1,-1,-1,-1,-1,-1,-1,-1,-1,-1,-1,-1,"Relatório de Produção Assistencial da Policlínica Estadual da Região do Entorno – Unidade FORMOSA, referente a dezembro/2025, elaborado sob o Termo de Colaboração nº 21/2025 (vigência 01/07/2025 a 30/06/2028). OSS gestora: IMED. Inclui produção ambulatorial, SADT externo e interno, PICS, CEO II (zerado em dez/25), Clínica de TRS (hemodiálise: 610/624), Processo Transexualizador (zerado), Transporte TRS (6.756 km de meta 15.000). Absenteísmo total SADT externo: 38,6%. Cirurgia Menor Ambulatorial: 72 procedimentos. Dispensação de medicamentos: 87% (meta ≥50%). Taxa de perda financeira de medicamentos por validade: 0,0% (R$0 de perda sobre R$43.810 inventariado). Documento elaborado por Thayse Braga Ribeiro França – Gerente Administrativa, em 08/01/2026.",IMED,2025,12,mensal,,29,25
2026,C:\OSS-Goias\documentos\FUNEV\HEANA\2026\34_Relatorio_Producao\1768574252793-HEANA__Relatório_Gerencial_de_Produção_e_Desempenho_-_Dezembro2025.pdf,1768574252793-HEANA__Relatório_Gerencial_de_Produção_e_Desempenho_-_Dezembro2025,735,2085,105,545,440,1351,51797,770,-1,-1,HEANA,-1,-1,-1,-1,0.52,-1,-1,-1,-1,6.38,97.51,-1,"Relatório referente a Dezembro/2025, 7º Termo Aditivo ao Contrato de Gestão nº 66/2019. Total de leitos operacionais-dia no período: 4.810; total de pacientes-dia: 4.690; total de saídas no período: 735; número total de internações hospitalares (indicador 4): 770. SADT Interno total: 51.797 procedimentos (inclui análises clínicas 33.859, radiografia 3.615, tomografia 2.748, fisioterapia 5.509, psicologia 3.352, fonoaudiologia 1.037, entre outros). Percentual de ocorrência de glosas no SIH: Em Apuração. Tempo médio de espera por cirurgia ortopédica por OPME de Alta Complexidade: 8,5 dias. Assinado por João Pedro dos Santos Pereira, Diretor Executivo da FUNEV, em 10/01/2026.",FUNEV,2025,12,mensal,,10,26
2026,C:\OSS-Goias\documentos\FUNEV\HEANA\2026\34_Relatorio_Producao\1770811360882-0126_Relatório_Gerencial_de_Produção.pdf,1770811360882-0126_Relatório_Gerencial_de_Produção,-1,2189,83,539,456,1483,54547,789,-1,-1,HEANA,-1,-1,-1,-1,0.5,-1,-1,-1,-1,6.16,97.41,-1,"Relatório referente a Janeiro/2026, 7º Termo Aditivo ao Contrato de Gestão nº 66/2019. SADT Interno total: 54.547 procedimentos (inclui Fisioterapia 5.582, Fonoaudiologia 1.219, Psicologia 3.467, Odontologia Hospitalar 641, Análises Clínicas 35.518, Radiografia 3.752, Tomografia 3.096, entre outros). Tempo Médio de Espera por Cirurgia Ortopédica por OPME de Alta Complexidade: 7,5 dias. Percentual de Ocorrência de Glosas no SIH-DATASUS: Em Apuração. Total de leitos operacionais-dia no período: 4.994; Total pacientes-dia: 4.865. Número total de internações hospitalares (indicador 4): 793. Número de saídas da UTI por alta: 239.",FUNEV,2026,1,mensal,,13,26
2026,C:\OSS-Goias\documentos\FUNEV\HEANA\2026\34_Relatorio_Producao\1771504000701-Heana.pdf,1771504000701-Heana,-1,26174,1335,1335,-1,15461,-1,9219,-1,-1,HEANA,-1,-1,-1,-1,-1,-1,-1,-1,-1,-1,-1,-1,"Relatório consolidado anual de 2025 do HEANA (Hospital Estadual de Anápolis Dr. Henrique Santillo), gerido pela FUNEV. O período contempla JAN a DEZ/2025, com mudança de metas no decorrer do ano (5º Termo Aditivo até SET/15 e 7º Termo Aditivo a partir de SET/16). Taxa de ocupação hospitalar variou entre 96,67% e 99,77% ao longo do ano. Média de permanência: variou entre 5,66 e 7,10 dias. Taxa de Readmissão em UTI (48h): abaixo de 5% em todos os meses. SADT Externo Realizados (2.630) ficou muito abaixo da meta (4.537). Hospital Dia também abaixo da meta (501 vs 660). Relatório financeiro de 2025 incluído: Total de Entradas R$ 138.690.645,49; Total de Saídas R$ 144.014.889,43; Saldo Final R$ 3.035.965,34. Total de glosas: R$ 80.860,90. DEZ/2025 consta 'Em Apuração' para glosas SIH-DATASUS.",FUNEV,2025,,anual,,2,33
2026,C:\OSS-Goias\documentos\FUNEV\HEANA\2026\34_Relatorio_Producao\1773766928175-Relatrio_Gerencial_de_Produção.pdf,1773766928175-Relatrio_Gerencial_de_Produção,709,2036,77,509,432,1347,49190,715,-1,-1,HEANA,-1,-1,-1,-1,0.83,-1,-1,-1,-1,6.19,97.58,-1,"Relatório referente ao 7º Termo Aditivo ao Contrato de Gestão nº 66/2019. Total de leitos operacionais-dia no período: 4.500; Total de pacientes-dia: 4.391; Número total de internações hospitalares (para cálculo de readmissão): 715. SADT Interno total realizado: 49.190 (inclui análises clínicas 31.596, radiografia 3.501, tomografia 2.790, fisioterapia 5.127, psicologia 3.171, fonoaudiologia 1.223, odontologia hospitalar 576, eletrocardiograma 427, hemodiálise 91, ecocardiograma 78, ecodoppler 68, hemoterapia 360, anatomia patológica 74, ultrassonografia 71, CPRE 10, ecodoppler transcraniano 09, ressonância magnética 18). Indicador 6 (Glosas no SIH) em apuração. Tempo médio de espera por cirurgia ortopédica por OPME de alta complexidade: 6,8 dias. Cirurgias eletivas suspensas: 01 de 77. Documento assinado por João Pedro dos Santos Pereira, Diretor Executivo FUNEV, em 15/03/2026.",FUNEV,2026,2,mensal,,10,26
2026,C:\OSS-Goias\documentos\FUNEV\HEANA\2026\34_Relatorio_Producao\1775871404505-0326_heana__Relatório_Gerencial_de_Produção.pdf,1775871404505-0326_heana__Relatório_Gerencial_de_Produção,-1,2236,84,555,471,1752,57382,833,-1,-1,HEANA,-1,-1,-1,-1,0.23,-1,-1,-1,-1,5.81,97.23,-1,Relatório referente ao 7º Termo Aditivo ao Contrato de Gestão nº 66/2019. SADT Interno total realizado: 57.382 procedimentos (sem meta prevista para a maioria dos itens). Indicador 6 (Percentual de Glosas no SIH) estava Em Apuração. Tempo Médio de Espera por Cirurgia Ortopédica por OPME de Alta Complexidade: 6 dias. Total de leitos operacionais-dia do período: 4.983; Total de pacientes-dia: 4.845. Cirurgias de urgência: 416; Cirurgias de emergência: 55. Número total de internações hospitalares usado no cálculo de readmissão: 837. Saídas UTI por alta: 218.,FUNEV,2026,3,mensal,,11,26
2026,C:\OSS-Goias\documentos\IMED\HETRIN\2026\34_Relatorio_Producao\2025-RELATORIO-GERENCIAL-DE-PRODUCAO-ANUAL-2025.xlsx,2025-RELATORIO-GERENCIAL-DE-PRODUCAO-ANUAL-2025,-1,-1,-1,-1,-1,-1,-1,-1,-1,-1,HETRIN,-1,-1,-1,-1,-1,-1,-1,-1,-1,-1,-1,-1,"O documento é um relatório gerencial de produção anual do HETRIN (Hospital Estadual de Trindade Walda Ferreira dos Santos), gerido pela OSS IMED, referente ao contrato de gestão 037/2019. O arquivo contém dados históricos mensais de 2020 a 2025, porém os dados do ano de 2025 (período de referência do relatório) aparecem como colunas com fórmulas com erro (#NAME?) impossibilitando a extração dos valores realizados de 2025. As metas reportadas correspondem ao 4º Termo Aditivo ao Contrato de Gestão 037/2019. Os indicadores de desempenho incluem: Taxa de Ocupação (meta ≥85%), Média de Permanência (meta ≤5 dias), Índice de Intervalo de Substituição (meta ≤24h), Taxa de Readmissão pelo mesmo CID em 29 dias (meta <8%), Taxa de Readmissão UTI 48h (meta <5%), Glosas SIH (meta ≤7%), Suspensão de Cirurgia Eletiva (meta ≤5%), Exames de Imagem em 10 dias (meta ≥70%), DAEI digitadas (meta ≥80%), DAEI investigadas (meta ≥80%), Perda de medicamentos (meta ≤2%). Índice de Satisfação do Usuário e Resolução de Queixas também são monitorados. O hospital conta com serviços de Urgência/Emergência, UTI, cirurgias eletivas e de urgência (Geral, Ginecologia, Urologia, Vascular, Ortopedia, Bucomaxilo), ambulatório e SADT interno/externo.",IMED,2025,,anual,,10,21
2026,C:\OSS-Goias\documentos\IMED\PFRE\2026\34_Relatorio_Producao\2025_RELATORIO-GERENCIAL-DE-PRODUCAO_ANUAL-2025.xlsx,2025_RELATORIO-GERENCIAL-DE-PRODUCAO_ANUAL-2025,-1,-1,-1,-1,-1,-1,-1,-1,-1,-1,PFRE,-1,-1,-1,-1,-1,-1,-1,-1,-1,-1,-1,-1,"Documento referente à Policlínica Estadual da Região do Entorno - Unidade FORMOSA (PFRE), gerido pela IMED. O relatório cobre o período anual de 2025, com dados mensais detalhados de produção ambulatorial sob o Termo de Colaboração nº 21/2025 (vigência 01/07/2025 a 30/06/2028) e também dados históricos do Termo de Colaboração 88/24. O documento é uma policlínica ambulatorial (não hospitalar), portanto indicadores como internações, UTI, cirurgias hospitalares, leitos, mortalidade e AIH não se aplicam. As metas mensais de consultas médicas são 3.000 e multiprofissionais 4.000 (total 7.000). Os dados apresentados são mensais ao longo de 2025, com valores zerados a partir de determinado mês indicando ausência de produção futura. A planilha contém múltiplas abas: Produção (detalhamento por tipo de atendimento e especialidade) e Desempenho (indicadores de qualidade). Indicadores de desempenho incluem: Razão de Consultas Ofertadas (meta ≥1), Percentual de Exames de Imagem liberados em 72h (meta ≥70%), Taxa de Acuracidade de Estoque (meta ≥99%), Consultas Farmacêuticas/Processos CEAF (meta ≥5%), Taxa de Perda Financeira por Validade (meta ≤0,5%).",IMED,2025,,anual,,29,18
2026,C:\OSS-Goias\documentos\ABEVIDA\CRESM\2026\34_Relatorio_Producao\ATA-DA-REUNIAO-ORDINARIA-DO-CONSELHO-DE-ADM.-DA-ABEVIDA-07.01.2026.pdf,ATA-DA-REUNIAO-ORDINARIA-DO-CONSELHO-DE-ADM.-DA-ABEVIDA-07.01.2026,-1,-1,-1,-1,-1,-1,-1,-1,-1,-1,CRESM,-1,-1,-1,-1,-1,-1,-1,-1,-1,-1,-1,-1,"Documento trata-se de Ata da Reunião Ordinária do Conselho de Administração da ABEVIDA realizada em 07/01/2026, com pauta de aprovação dos Relatórios Gerencial de Atividades, Produção e Execução de Metas do CRESM – Prof. Jamil Issy, exercício social encerrado em 31/12/2025. Os relatórios foram aprovados por unanimidade, mas os dados quantitativos de produção não estão contidos neste documento. Contrato de Gestão nº 002/2014, celebrado entre ABEVIDA e SES/GO.",ABEVIDA,2025,,anual,,0,0
2026,C:\OSS-Goias\documentos\IPGSE\HERSO\2026\34_Relatorio_Producao\documentos-de-aprovacao-dos-relatorios-gerenciais-por-parte-do-conselho-de-administracao-herso-2025-11-02-2026-bc38004d10.pdf,documentos-de-aprovacao-dos-relatorios-gerenciais-por-parte-do-conselho-de-administracao-herso-2025-11-02-2026-bc38004d10,-1,-1,-1,-1,-1,-1,-1,-1,-1,-1,HERSO,-1,-1,-1,-1,-1,-1,-1,-1,-1,-1,-1,-1,"Documento refere-se aos documentos de aprovação dos Relatórios Gerenciais e de Atividades do HERSO referentes ao exercício de 2025, vinculados ao Termo de Colaboração nº 101/2024-SES/GO. O documento contém: Edital de Convocação, Ata da Reunião Ordinária do Conselho de Administração do IPGSE realizada em 08/01/2026, Parecer Conclusivo favorável à aprovação da Prestação de Contas, Lista de Presença e Aditivo à Ata. Não há dados numéricos de produção assistencial neste documento; trata-se exclusivamente de documentos administrativos de aprovação e prestação de contas.",IPGSE,2025,,anual,,0,0
2026,C:\OSS-Goias\documentos\AGIR\HEJ\2026\34_Relatorio_Producao\hej.xlsx,hej,-1,-1,-1,-1,-1,-1,-1,-1,-1,-1,HEJ,-1,-1,-1,-1,-1,-1,-1,-1,-1,-1,-1,-1,"Relatório consolidado do período Set/2025 a Dez/2025. Hospital Estadual de Jataí Dr Serafim de Carvalho - HEJ. Termo de Colaboração nº 041/2025. Os indicadores de taxa de ocupação, TMP e outros indicadores de qualidade são reportados por mês separadamente. A taxa de ocupação hospitalar em Dez/2025 ficou abaixo da meta de 85%. Colonoscopia e Endoscopia Digestiva Alta apresentaram realizado zero em todos os meses do período. Percentual de partos cesáreos ficou abaixo da meta de >80% em todos os meses. Glosas no SIH-DATASUS superaram a meta de ≤7% em Nov e Dez/2025.",AGIR,2025,,outro,,6,160
2026,C:\OSS-Goias\documentos\IMED\HETRIN\2026\34_Relatorio_Producao\HETRIN-relatorio-gerencial-de-producao-2025.pdf,HETRIN-relatorio-gerencial-de-producao-2025,-1,83428,1572,4801,2153,35538,-1,5620,484,-1,HETRIN,-1,-1,-1,-1,2.68,-1,-1,7284,-1,4.04,96.07,-1,"Relatório de Produção Assistencial e Desempenho Hospitalar referente ao 4º Termo Aditivo ao Contrato de Gestão 037/2019, cobrindo todo o ano de 2025 (jan-25 a dez-25). A taxa de reinternação em até 29 dias pelo mesmo CID variou de 1,22% a 3,95% ao longo do ano, todas abaixo da meta de 8%. A taxa de readmissão em UTI em até 48h ultrapassou a meta de 5% em set-25 (6,45%), nov-25 (5,71%) e dez-25 (12,12%). O percentual de glosas no SIH foi 0% em todos os meses. O SADT Externo realizado ficou abaixo da meta mensal de 180 na maioria dos meses. Os valores de internações/cirurgias nos campos atendimentos refletem somatório dos 12 meses de 2025. Taxa de ocupação e média de permanência referem-se ao mês de janeiro/2025 (primeiro mês reportado).",IMED,2025,,anual,,25,15
2026,C:\OSS-Goias\documentos\Instituto Patris\HEL\2026\34_Relatorio_Producao\id4799_Relatório Gerencial de Produção (Janeiro_2026).pdf,id4799_Relatório Gerencial de Produção (Janeiro_2026),-1,3027,64,216,152,2521,23685,500,-1,4,HEL,-1,-1,-1,-1,-1,-1,-1,-1,-1,-1,-1,-1,"Hospital Estadual de Luziânia (HEL), gerido pelo Instituto Patris. Relatório de produção referente a Janeiro/2026 (1º TA). Saídas UTI: Alta=2, Óbito=4, Transferência externa=7, Transferência interna=32. Atendimentos de Urgência/Emergência: Demanda espontânea=2.920, Regulados=107, Total=3.027. Classificação de Risco: Vermelho=14, Laranja=195, Amarelo=830, Verde=1903, Azul=83, Total=3.025. Partos: Normal=73, Cesárea=47, Extra Hospitalar=2, Total=120. Cirurgias Obstétricas: Laqueadura=6, AMIU=2, Curetagem=4, Total procedimentos=14. Total Procedimentos Obstétricos/Partos=134. Escritório de Gestão de Alta: 40 pacientes atendidos. Cirurgias 2º Tempo realizadas: 6 (Cirurgia Geral=3, Ortopedia=3). Total cirurgias incluindo urgência/emergência: 64 eletivas + 152 urgência/emergência + 6 (2º tempo) não explicitamente somados no documento. Tempo médio de espera por cirurgia ortopédica com OPME: aguardando dados.",Instituto Patris,2026,1,mensal,,12,34
2026,C:\OSS-Goias\documentos\Instituto Patris\HEL\2026\34_Relatorio_Producao\id4800_Relatório Gerencial de Produção (Fevereiro_2026).pdf,id4800_Relatório Gerencial de Produção (Fevereiro_2026),-1,2807,67,67,147,2655,805,475,-1,10,HEL,-1,-1,-1,-1,-1,-1,-1,-1,-1,-1,-1,-1,"Relatório de Produção referente a Fevereiro/2026 do Hospital Estadual de Luziânia (HEL), gerido pelo Instituto Patris. O documento apresenta dados de Janeiro e Fevereiro de 2026 acumulados. Cirurgias de urgência/emergência em Fevereiro totalizaram 147 (Cirurgia Geral: 44, Ginecologia: 6, Ortopedia: 97). Cirurgias 2º Tempo em Fevereiro: 2 (Ortopedia). Total de partos em Fevereiro: 114 (Normal: 60, Cesárea: 54, Extra Hospitalar: 1). Atendimentos de urgência/emergência em Fevereiro: 2.807 (Demanda espontânea: 2.691, Regulados: 116). Pronto Socorro Obstétrico Fevereiro: 380. SADT Interno total Fevereiro realizado: 20.719 contra meta de 21.905 (95%). Escritório de Gestão de Alta: 59 pacientes atendidos em Fevereiro. Classificação de risco Fevereiro: Vermelho 8, Laranja 157, Amarelo 813, Verde 1.767, Azul 62. Tempo médio de espera por cirurgia ortopédica com OPME aguardando definição da COMFI.",Instituto Patris,2026,2,mensal,,13,14
2026,C:\OSS-Goias\documentos\Instituto Patris\HEL\2026\34_Relatorio_Producao\id4898_Relatório Gerencial de Produção (Março_2026).pdf,id4898_Relatório Gerencial de Produção (Março_2026),-1,3277,77,77,158,1351,24983,503,-1,-1,HEL,-1,-1,-1,-1,-1,-1,-1,-1,-1,-1,-1,-1,"Relatório de produção referente a março/2026 do Hospital Estadual de Luziânia (HEL), gerido pelo Instituto Patris. O documento apresenta dados acumulados do 1º trimestre (janeiro a março) e eficácia relativa ao mês de março. Cirurgias de urgência/emergência totalizaram 457 no trimestre (158 em março). Atendimentos de urgência/emergência: 9.109 no trimestre (3.277 em março), incluindo Pronto Socorro Obstétrico com 1.129 atendimentos no trimestre. Total de partos no trimestre: 356 (122 em março). Saídas da UTI no trimestre: 138 (alta: 2, óbito: 19, transferência externa: 16, transferência interna: 101). SADT interno total acumulado no trimestre: 68.561. Cirurgias 2º Tempo acumuladas no trimestre: 9. Cirurgias obstétricas em março: 15 procedimentos. Tempo médio de espera por cirurgia ortopédica com OPME aguardando definição da COMFI.",Instituto Patris,2026,3,mensal,,10,14
2026,C:\OSS-Goias\documentos\Instituto Patris\HEL\2026\34_Relatorio_Producao\id4904_Relatório Gerencial de Produção - Consolidado 2022.pdf,id4904_Relatório Gerencial de Produção - Consolidado 2022,926,8762,0,0,-1,88,9091,1355,-1,-1,HEL,-1,-1,-1,-1,0.73,-1,-1,868,-1,8.11,64.6,46,"Relatório consolidado de 2022, período 13/06 a 31/12/2022. OSS gestora identificada como Instituto Patris (email institutopatris.org.br). Total de leitos operacionais variou entre 43 e 47 no período, com valor de dezembro sendo 46. Total de saídas hospitalares no período: 926 (base para média de permanência). Procedimentos rejeitados no SIH: 19; procedimentos apresentados no SIH: 868. Partos totais realizados: 384; cesáreas: 141 (taxa 36,72%). Hospital Dia total realizado: 205. Internações (saídas hospitalares) total reportado na tabela principal: 1355, mas a tabela de internações por especialidade totaliza 845 (diferença pode ser por período parcial na segunda tabela). Documento assinado eletronicamente em 30/04/2026 por Vittor Arthur Galdino, Presidente do HEL.",Instituto Patris,2022,,anual,,19,17
2026,C:\OSS-Goias\documentos\Instituto Patris\HEL\2026\34_Relatorio_Producao\id4905_Relatório Gerencial de Produção - Consolidado 2023.pdf,id4905_Relatório Gerencial de Produção - Consolidado 2023,-1,31812,839,2323,-1,22872,15542,3704,-1,-1,HEL,-1,-1,-1,-1,-1,-1,-1,-1,-1,-1,-1,69,"Relatório Gerencial de Produção Consolidado referente ao ano de 2023. Total de leitos operacionais: 69 (a partir de fevereiro). Janeiro registrou 48 leitos operacionais. Taxa de ocupação hospitalar variou de 51,43% (fevereiro) a 83,9% (janeiro), meta ≥85%. Média de permanência hospitalar variou de 2,06 dias (agosto) a 5,31 dias (fevereiro), meta ≤4 dias. Taxa de Readmissão em UTI (48hs) meta <5%. Taxa de Readmissão Hospitalar meta ≤20%. Percentual de partos cesáreos variou entre 29,79% e 50%, meta ≤15% (não atingida consistentemente). Percentual de glosas no SIH registrado a partir de julho/2023. Total de procedimentos apresentados no SIH ao longo do ano reportados mensalmente. Documento assinado eletronicamente por Vittor Arthur Galdino (Presidente HEL) em 30/04/2026 via Instituto Patris.",Instituto Patris,2023,,anual,,22,14
2026,C:\OSS-Goias\documentos\Instituto Patris\HEL\2026\34_Relatorio_Producao\id4906_Relatório Gerencial de Produção - Consolidado 2024.pdf,id4906_Relatório Gerencial de Produção - Consolidado 2024,6444,39770,1248,3360,-1,22872,15240,6444,-1,-1,HEL,-1,-1,-1,-1,-1,-1,-1,-1,-1,-1,-1,69,"Relatório consolidado anual 2024 do HEL. Total de leitos operacionais variou de 69 (jan-set) para 61 (out-dez) conforme aditivo contrato 045/2022. Taxa de ocupação hospitalar por mês: jan=79.20%, fev=81.41%, mar=91.44%, abr=90.53%, mai=90.93%, jun=86.18%, jul=81.63%, ago=81.16%, set=83.24%, out=92.44%, nov=91.37%, dez=84.98%. Média de permanência por mês: jan=3.86, fev=3.50, mar=3.70, abr=3.48, mai=3.57, jun=3.47, jul=3.05, ago=3.11, set=3.04, out=3.06, nov=3.16, dez=3.54. Taxa de Readmissão em UTI (48hs) meta <5%. Taxa de Readmissão hospitalar meta ≤20. Acolhimento/Classificação de Risco total anual: 39.770 (Vermelho=334, Laranja=1.424, Amarelo=16.182, Verde=18.688, Azul=3.142). SADT Externo realizado total: 15.240 (meta do contrato original) ou 18.786 (total de meta incluindo aditivo). Documento assinado em 30/04/2026 pelo Diretor Geral Francisco Campos Amud e Presidente Guilherme Abraão Simão de Almeida, ambos da OSS Instituto Patris.",Instituto Patris,2024,,anual,,25,9
2026,C:\OSS-Goias\documentos\Instituto Patris\HEL\2026\34_Relatorio_Producao\id4907_Relatório Gerencial de Produção - Consolidado 2025.pdf,id4907_Relatório Gerencial de Produção - Consolidado 2025,-1,35987,732,732,-1,15000,260884,5820,-1,-1,HEL,-1,-1,-1,-1,-1,-1,-1,-1,-1,-1,-1,-1,"Relatório consolidado anual de 2025 do HEL, assinado em 30/04/2026. A OSS gestora é o Instituto Patris (emails institucionais @institutopatris.org.br). O documento apresenta dados mensais de janeiro a dezembro de 2025. Taxa de Ocupação Hospitalar variou entre 91,43% (janeiro) e 99,23% (junho). Tempo Médio de Permanência variou entre 3,39 (fevereiro) e 3,94 (julho) dias. Taxa de readmissão em UTI (48h) ficou abaixo de 5% na maioria dos meses, com exceção de março (9,09%) e abril (4,76%). Taxa de readmissão hospitalar (29d) variou entre 1,26% e 6,17%. Total de atendimentos de Acolhimento/Classificação de Risco: 35.987 (sem meta definida). Indicador 9 (TMAT segundo ano) apresentou erros de cálculo (#VALOR!) em todos os meses. Percentual de partos cesáreos esteve acima da meta de 15% em todos os meses reportados. Procedimentos ambulatoriais totais realizados (2.548) superam a meta anual (2.160). A tabela de ambulatório total indica meta de 15.000 para total anual, mas o total realizado registrado é 31.827, sugerindo possível inconsistência no documento.",Instituto Patris,2025,,anual,,21,22
2026,C:\OSS-Goias\documentos\AGIR\HUGOL\2026\34_Relatorio_Producao\Nota explicativa ata conselho.pdf,Nota explicativa ata conselho,-1,-1,-1,-1,-1,-1,-1,-1,-1,-1,HUGOL,-1,-1,-1,-1,-1,-1,-1,-1,-1,-1,-1,-1,"Documento é uma declaração/nota explicativa informando que a Ata de Aprovação do Relatório Gerencial de Produção referente ao exercício de 2025 será disponibilizada em abril de 2026, após apreciação e aprovação do Conselho de Administração da AGIR em assembleia prevista para 30 de março de 2026. Não contém dados de produção, metas ou indicadores hospitalares. Assinado pelo Superintendente Executivo da AGIR, Lucas Paula da Silva, em 09 de fevereiro de 2026. O documento abrange múltiplas unidades geridas pela AGIR: CRER, HDS, HUGOL, HECAD, HEJ e Policlínica Estadual Brasil Bruno de Bastos Neto Região Rio Vermelho.",AGIR,2025,,anual,,0,0
2026,C:\OSS-Goias\documentos\IMED\PFRE\2026\34_Relatorio_Producao\PLCF-relatorio-gerencial-de-producao-2025.pdf,PLCF-relatorio-gerencial-de-producao-2025,-1,-1,-1,-1,-1,-1,-1,-1,-1,-1,PFRE,-1,-1,-1,-1,-1,-1,-1,-1,-1,-1,-1,-1,"Relatório de Produção Assistencial da Policlínica Estadual da Região do Entorno - Unidade Formosa, referente ao período jul-25 a dez-25 (vigência do Termo de Colaboração nº 21/2025, de 01/07/2025 a 30/06/2028), gerido pela OSS IMED. O documento apresenta dados mensais de jul/2025 a dez/2025, não um único mês ou ano completo. Destaques: CEO II (Odontologia) e Processo Transexualizador com produção zero em todos os meses. PICS Médicas com produção zero em todos os meses. Taxa de perda financeira de medicamentos acima da meta em jul-25 (3,1%), ago-25 (1,3%) e nov-25 (1,4%). SADT Externo Realizado abaixo da meta em todos os meses, com queda acentuada em nov-25 e dez-25. Absenteísmo geral SADT variou entre 28,4% e 39,6% no período. Transporte TRS (VAN) abaixo da meta de 15.000 km em todos os meses. Cirurgia Menor Ambulatorial (CMA) não possui meta definida no documento. SADT Interno Realizado com estimativa de 8.861, com dados parciais disponíveis apenas para alguns meses e exames. O período tipo foi classificado como 'outro' por cobrir 6 meses (semestre), com mês e trimestre ausentes (null) por ser um acumulado semestral de produção mensal.",IMED,2025,,outro,,29,84
2026,C:\OSS-Goias\documentos\AGIR\HUGOL\2026\34_Relatorio_Producao\PORTFÓLIO HUGOL 2026 - 03-2026.xlsx,PORTFÓLIO HUGOL 2026 - 03-2026,1964,4776,218,1859,1641,6568,-1,1964,-1,-1,HUGOL,-1,-1,-1,-1,4.94,2117,628,-1,-1,6.9654,101.6,-1,"Relatório de produção assistencial do HUGOL referente a março de 2026. Taxa de ocupação hospitalar: 101,6% (meta >90%). Tempo médio de permanência: 6,97 dias (meta <7 dias). Total de pacientes-dia: 13.680. Total de saídas: 1.964. Índice de intervalo de substituição de leito: 7,75 horas. Taxa de readmissão hospitalar em até 29 dias: 4,94% (meta <8%). Taxa de readmissão em UTI em até 48h: 0,65% (meta <5%). Percentual de suspensão de cirurgias programadas: 1,15% (meta <5%). Percentual de exames de imagem liberados em até 72h: 99,88% (meta ≥70%). Percentual de cirurgias eletivas com TMAT expirado: 10,27% (meta <25%). Nota: A especialidade de Angiologia/Endovascular é contabilizada em Cirurgia Vascular e a de Neurointervencionista em Neurocirurgia. Total de cirurgias de ortopedia: 729 (eletivas: 97 jan, 43 fev, 64 mar; urgência: 650 jan, 594 fev, 665 mar). Atendimentos serviço social urgência/emergência: 1.137 em março. SADT interno: Análises Clínicas 79.232, Raio X 7.374, Tomografia 6.506, Ecocardiograma 617, Eletrocardiograma 402, Endoscopia/Colonoscopia 174, Ressonância Magnética 206, Ultrassonografia 1.018, CPRE 10, Broncoscopia 26, Holter 40, Teste ergométrico 15. AACR março: Vermelho 93, Laranja 1.438, Amarelo 2.352, Verde 736, Azul 118, Sem classificação 39. Farmácia: prescrições analisadas 87,99%, acurácia estoque 99,58%.",AGIR,2026,3,mensal,,49,45
2026,C:\OSS-Goias\documentos\AGIR\HUGOL\2026\34_Relatorio_Producao\PORTFÓLIO HUGOL Fevereiro 2026.xlsx,PORTFÓLIO HUGOL Fevereiro 2026,1846,4366,174,1621,1447,5770,-1,1846,-1,-1,HUGOL,-1,-1,-1,-1,4.25,2272,-1,-1,-1,6.8218,102.36,-1,"Relatório de produção assistencial do HUGOL referente ao mês de fevereiro de 2026. A taxa de ocupação hospitalar de fevereiro foi de 102,36% (acima da meta >90%). Tempo médio de permanência: 6,82 dias (dentro da meta <7 dias). Taxa de readmissão hospitalar em até 29 dias: 4,25% (dentro da meta <8%). Taxa de readmissão em UTI em até 48h: 3,64% (dentro da meta <5%). Percentual de suspensão de cirurgias programadas por condições operacionais: 3,64% (dentro da meta <5%). A nota do documento indica que para a especialidade de Angiologia/Endovascular a produção é contabilizada na especialidade de Cirurgia Vascular, e a especialidade de Neurointervencionista é contabilizada na especialidade de Neurocirurgia. Total de saídas hospitalares (internações): 1.846 versus meta de 1.932. Total de consultas ambulatoriais: 5.770 versus meta de 5.970. Total de cirurgias eletivas realizadas: 309 versus meta de 250. Total de procedimentos hemodinâmica: 436 versus meta de 450. O BPA foi apresentado em janeiro e fevereiro (valor=1). Há dados de indicadores de hemoterapia com resultado de fevereiro: bolsas coletadas 685 (meta 900), plaquetas por aferese 22 (meta 28), hemocomponentes produzidos 1.921 (meta 2.300). SADT externo realizado total fevereiro: 813 vs meta 1.253. Percentual de exames de imagem liberados em até 72h: 98,15%. Percentual de cirurgias eletivas com TMAT expirado: 9,28% (dentro da meta <25%). Número de AIH apresentadas no SIH em fevereiro: 2.272 com 10 rejeições (taxa de glosa 0,44%).",AGIR,2026,2,mensal,,42,43
2026,C:\OSS-Goias\documentos\AGIR\HUGOL\2026\34_Relatorio_Producao\Portifolio de produção consolidado - fevereiro HUGOL.pdf,Portifolio de produção consolidado - fevereiro HUGOL,1846,4366,309,1621,1447,5770,-1,1846,-1,-1,HUGOL,-1,-1,-1,-1,4.25,-1,-1,-1,-1,6.82,102.36,-1,"Relatório de Produção Assistencial e Indicadores de Desempenho do HUGOL referente a fevereiro de 2026. OSS gestora não explicitada no documento; atribuída AGIR conforme metadados. Total de saídas hospitalares (internações): 1.846. Taxa de ocupação hospitalar: 102,36% (meta ≥90%). Tempo médio de permanência: 6,82 dias. Taxa de readmissão hospitalar (29 dias): 4,25%. Taxa de readmissão UTI (48h): 3,64%. Percentual de glosas no SIH referente a janeiro: 0,44%. Total cirurgias eletivas realizadas: 309 (meta 250). Total cirurgias urgência/emergência: 1.447. Total cirurgias (eletivas + urgência): 1.621. Atendimento de urgências e emergências: 4.366. SADT Interno: Anatomia Patológica 72.443, Análises Clínicas 148, Broncoscopia 23, CPRE 9, Ecocardiograma 518, Eletrocardiograma 346, Endoscopia/Colonoscopia 163, Holter 33, Raio x 6.381, Ressonância Magnética 144, Teste ergométrico 14, Tomografia 5.309, Ultrassonografia 956. BPA apresentado: 100%. Transplantes: Pele 0, Valva Cardíaca 0. Serviço Social Urgência/Emergência: 1.047. Nota: produção de Angiologia/Endovascular contabilizada em Cirurgia Vascular e Neurointervencionista em Neurocirurgia.",AGIR,2026,2,mensal,,41,58
2026,C:\OSS-Goias\documentos\AGIR\HEJ\2026\34_Relatorio_Producao\Portifolio gerencial HEJ - 03-2026.pdf,Portifolio gerencial HEJ - 03-2026,795,7329,71,305,234,3953,34017,795,-1,-1,HEJ,-1,-1,-1,-1,7.3,482,-1,30309,-1,4.55,91.31,-1,"Para taxa de ocupação considerar 9 leitos bloqueados, sendo 8 leitos de Clínica Cirúrgica e 1 leito pediátrico. Total de pacientes-dia: 3.615; Total de leitos operacionais-dia do período: 3.959. Cirurgias de urgência sem meta definida. Produção Ambulatorial BPA refere-se ao mês de Janeiro (30.309). Indicador 9 (TMAT 2º ano) sem dados disponíveis. Total de atendimentos urgência: 7.329 sendo 2.931 referenciadas e 4.398 demanda espontânea. Classificação de risco: Vermelho 30, Laranja 238, Amarelo 2.460, Verde 3.654, Azul 754, Branco 193.",AGIR,2026,3,mensal,,19,39
2026,C:\OSS-Goias\documentos\AGIR\HUGOL\2026\34_Relatorio_Producao\Portifolio gerencial HUGOL 03-2026.pdf,Portifolio gerencial HUGOL 03-2026,1964,4776,362,1859,1641,6568,-1,1964,-1,-1,HUGOL,-1,-1,-1,-1,4.94,-1,-1,-1,-1,6.97,101.6,-1,"Relatório de Produção Assistencial e Indicadores de Desempenho do HUGOL referente a março/2026. OSS gestora não explicitada no documento; preenchida como AGIR conforme instrução. Taxa de ocupação hospitalar de 101,60% (meta ≥90%). Tempo médio de permanência 6,97 dias (meta ≤7 dias). Total de saídas hospitalares: 1.964. Total cirurgias eletivas realizadas: 362 (meta 250). Total cirurgias urgência/emergência: 1.641. Total cirurgias geral (eletivas alto giro + urgência): 1.859. SADT Externo realizados: 840 (meta 1.253). Percentual de ocorrências de glosas no SIH referente ao mês de fevereiro: 0,05%. Atendimentos do Serviço Social - Urgência/Emergência: 1.137. Transplante de Pele e Valva Cardíaca: 0. BPA apresentado: 100%. AACR total: 4.776 (Vermelho 93, Laranja 1.438, Amarelo 2.352, Verde 736, Azul 118, Branco 39).",AGIR,2026,3,mensal,,53,58
2026,C:\OSS-Goias\documentos\AGIR\HEJ\2026\34_Relatorio_Producao\Portifolios consolidados.pdf,Portifolios consolidados,665,6310,79,272,193,2881,27170,665,-1,-1,HEJ,-1,-1,-1,-1,11.74,459,-1,-1,20,4.89,91.43,3559,"Leitos operacionais-dia do período: 3.559 (considera 25 leitos bloqueados: 20 UTI, 3 Clínica Cirúrgica, 2 pediátricos). Cirurgias de urgência sem meta definida: 193 realizadas. SADT Interno sem meta: total 26.920 procedimentos. Produção Porta de Entrada Urgência total: 6.310 atendimentos. Atendimentos referenciados: 2.699; demanda espontânea: 3.611. Indicador 9 (TMAT 2º ano) sem dados disponíveis no período. BPA ambulatorial sem dados reportados.",AGIR,2026,2,mensal,,18,39
2026,C:\OSS-Goias\documentos\AGIR\HEJ\2026\34_Relatorio_Producao\Relatorio gerencial novembro HEJ.pdf,Relatorio gerencial novembro HEJ,734,3399,340,1250,174,3782,30898,734,-1,-1,HEJ,-1,-1,-1,-1,9.03,-1,-1,-1,-1,4.6,88.19,-1,"Relatório de Produção Assistencial referente ao mês de Novembro/2025. Cirurgias de Urgência: sem meta definida, total realizado 174 (especialidades eletivas) e 734 (urgência geral). SADT Interno sem meta definida, total 30.898 procedimentos. Produção Porta de Entrada - Urgência total 5.850 atendimentos. Acolhimento/Classificação de Risco (AACR) total 5.551 (Vermelho:18, Laranja:337, Amarelo:1720, Verde:2.731, Azul:745, Branco:0). Percentual de Glosas no SIH-DATASUS em apuração para novembro/2025 devido ao fluxo de faturamento. Taxa de readmissão em UTI em 48h: 3,03% (meta <5%, atingido). Taxa de perda financeira por vencimento de medicamentos: R$20.768,53 de R$1.158.461,08 em estoque. Documento assinado digitalmente em 19/12/2025.",AGIR,2025,11,mensal,,29,39
2026,C:\OSS-Goias\documentos\ABEVIDA\CRESM\2026\34_Relatorio_Producao\RELATORIO-GERENCIAL-DE-PRODUCAO-01-2026-RETIFICADO.pdf,RELATORIO-GERENCIAL-DE-PRODUCAO-01-2026-RETIFICADO,-1,-1,-1,-1,-1,3310,-1,-1,-1,-1,CRESM,98,7.14,-1,-1,0,-1,-1,-1,-1,60.83,98.11,-1,"Hospital de saúde mental (CRESM Prof. Jamil Issy), Contrato de Gestão 002/2014, SES-GO. Relatório retificado em 23/02/2026: consulta multiprofissional ambulatorial corrigida de 3.097 para 2.062. Consultas ambulatoriais totais (1.248 médicas + 2.062 multiprofissionais = 3.310) conforme versão retificada. Densidade de Incidência de IRAS: 7,40%. Incidência Acumulada Global de IRAS: 7,14%. Satisfação do usuário: 98%. Percentual de resolução de queixas da ouvidoria: 100%. Percentual de aplicação da pesquisa de satisfação: Ambulatório 30,02%, Internação 234,59%. Notificações de eventos adversos registradas para janeiro/2025 incluindo quedas (6), evasão/tentativa (23), falhas em prescrição médica (25), entre outros.",ABEVIDA,2025,1,mensal,,10,13
2026,C:\OSS-Goias\documentos\ABEVIDA\CRESM\2026\34_Relatorio_Producao\RELATORIO-GERENCIAL-DE-PRODUCAO-02.2026.xlsx,RELATORIO-GERENCIAL-DE-PRODUCAO-02.2026,-1,-1,-1,-1,-1,1259,-1,-1,-1,-1,CRESM,95,1.71,-1,-1,-1,-1,-1,-1,-1,36.58,96.79,-1,"Hospital de saúde mental (CRESM). Paciente dia realizado: 2927 vs meta 3119. Consulta multiprofissional ambulatorial: 2121. Densidade de Incidência de IRAS (taxa do mês): 0.0171; Incidência Global de IRAS: 0.0649. Percentual de satisfação do usuário (taxa do mês): 0.95 (95%). Percentual de resolução de queixas da Ouvidoria: 100%. Notificação de eventos adversos registrados: quedas (8), evasão/tentativa (23), agressão entre pacientes (14), falhas na administração de medicamento (2), entre outros. Relatório referente ao 11º Termo Aditivo ao Contrato de Gestão 02/2014.",ABEVIDA,2026,2,mensal,,11,13
2026,C:\OSS-Goias\documentos\ABEVIDA\CRESM\2026\34_Relatorio_Producao\RELATORIO-GERENCIAL-DE-PRODUCAO-03.2026.pdf,RELATORIO-GERENCIAL-DE-PRODUCAO-03.2026,-1,-1,-1,-1,-1,3801,-1,-1,-1,-1,CRESM,98,1.22,-1,-1,1.44,-1,-1,-1,-1,48.05,97.61,-1,"Relatório referente ao CRESM Prof. Jamil Issy, Contrato de Gestão 002/2014, SES-GO. Período: março de 2026. Paciente/dia realizado: 3268 (meta: 3119). Consulta Médica Ambulatorial: 1446 (meta: 1200). Consulta Multiprofissional: 2355 (meta: 2000). Taxa de Ocupação Institucional: 97,61% (meta ≥95%). Média de Permanência: 48,05 dias (meta ≥28 dias). Percentual de Ocorrência de Rejeições no SIH: 1,02% (meta ≥7%). Taxa de Abandono/Evasão: 36,23% (indicador de acompanhamento, sem meta definida). Densidade de Incidência de IRAS: 1,22%. Incidência Acumulada Global de IRAS: 5,80%. Percentual de Satisfação do Usuário: 98%. Percentual de aplicação da pesquisa de satisfação: Ambulatório 17,96%, Internação 178,03%. Notificações de eventos adversos registradas no mês: quedas 9, evasão/tentativa 22, agressão entre pacientes 7, Near Miss 7, entre outros. Documento assinado por Danilo Fiorotto Campos em 17/04/2026.",ABEVIDA,2026,3,mensal,,12,17
2026,C:\OSS-Goias\documentos\IPGSE\HERSO\2026\34_Relatorio_Producao\relatorio-gerencial-de-producao-09-01-2026-4ba1b6aa33.pdf,relatorio-gerencial-de-producao-09-01-2026-4ba1b6aa33,491,470,311,402,91,970,26711,910,114,-1,HERSO,98.26,0.2,4.48,-1,0.84,440,-1,-1,-1,4.25,89.68,-1,"Hospital Estadual de Santa Helena de Goiás Dr. Albanir Faleiros Machado (HERSO), gerido pelo IPGSE via Termo de Colaboração n° 101/2024-SES. Produção referente a 01 a 31 de dezembro de 2025. Mortalidade Operatória: 1,74%. Taxa de Cirurgia de Urgência/Emergência: 22,64%. Total de internações UTI: UTI Adulto I = 40, UTI Adulto II = 74 (total 114). Total de procedimentos cirúrgicos realizados: 427. Total de anestesias: 661. SADT Interno total: 26.711. Índice de Satisfação do Usuário: 98,26%. Saídas Hospitalares totais reportadas como 491 (inclui setores além dos 2 listados na tabela de meta). AIH apresentadas: 440 com taxa de 89,61% sobre as saídas.",IPGSE,2025,12,mensal,,9,28
2026,C:\OSS-Goias\documentos\IPGSE\HERSO\2026\34_Relatorio_Producao\relatorio-gerencial-de-producao-2025-herso-11-02-2026-597b96ba4f.pdf,relatorio-gerencial-de-producao-2025-herso-11-02-2026-597b96ba4f,5212,4949,2418,4836,-1,31201,26710,8469,-1,-1,HERSO,98.25,0.2,-1,-1,-1,5575,-1,5244,-1,4.25,89.68,-1,"Relatório Gerencial de Produção Consolidado do HERSO (Hospital Estadual de Santa Helena de Goiás - Dr. Albanir Faleiros Machado), período janeiro a dezembro de 2025, gerido pelo IPGSE, Termo de Colaboração nº 101/2024 SES e 1º e 2º Aditivos. Total de internações calculado somando saídas hospitalares por clínica: Clínica Cirúrgica 4.315 + Clínica Médica 877 + Clínica Médica Pediátrica 20 + Clínica Cirúrgica Pediátrica 0 = 5.212 (saídas hospitalares). Internações mensais totalizam 8.469 conforme tabela de internação mensal. Taxa de ocupação hospitalar geral dez/2025: 89,68%. Média de permanência geral dez/2025: 4,25 dias. SADT Interno total anual: 26.710. AIH Apresentadas total anual aproximado pelos dados mensais disponíveis. Taxa de infecção hospitalar (IRAS) dez/2025: 0,20. Índice de Satisfação dos Usuários dez/2025: 98,25%. Cirurgias eletivas NIR total realizado: 2.418; Cirurgias realizadas total: 4.836 (eletivas 2.418 + urgência conforme tabela cirurgias por tipo, urgência total anual 1.044 conforme tabela, eletivas 3.792 - divergência entre tabelas, valor total 4.836 conforme tabela cirurgias realizadas total). Atendimento urgência/emergência total anual: 4.949 conforme tabela. Procedimentos cirúrgicos por especialidade disponíveis mensalmente.",IPGSE,2025,,anual,,15,12
2026,C:\OSS-Goias\documentos\IPGSE\HERSO\2026\34_Relatorio_Producao\relatorio-gerencial-de-producao-abril-assinado-06-05-2026-3e639abe38.pdf,relatorio-gerencial-de-producao-abril-assinado-06-05-2026-3e639abe38,474,544,198,382,160,1019,27184,943,111,-1,HERSO,98.25,0.21,5.91,-1,0.42,-1,-1,-1,-1,4.44,91.92,-1,"Relatório referente ao período de 01 a 30 de abril de 2026. OSS gestora: IPGSE (Instituto de Planejamento e Gestão de Serviços Especializados). Termo de Colaboração n° 101/2024 SES. UTI Adulto I realizados: 44; UTI Adulto II realizados: 67 (internações+transferências entrada). Total de cirurgias realizadas: 382, sendo 198 eletivas (NIR) e 160 de urgência (taxa 41,88%). Mortalidade operatória: 0,79%. SADT Interno total: 27.184 procedimentos. Índice de Satisfação do Usuário (SAU): 97,73%. Dados de AIH estavam em apuração no momento do relatório. Total de saídas no período (indicadores de desempenho): 474.",IPGSE,2026,4,mensal,,9,27
2026,C:\OSS-Goias\documentos\ISG\HDT\2026\34_Relatorio_Producao\Relatorio-Gerencial-de-Producao-Consolidado-Ano-2025-VersaoImpressao.pdf,Relatorio-Gerencial-de-Producao-Consolidado-Ano-2025-VersaoImpressao,-1,-1,12,12,-1,46879,25111,3215,-1,-1,HDT,-1,-1,-1,-1,-1,-1,-1,-1,-1,-1,-1,-1,"Relatório Gerencial de Produção Consolidado referente ao Contrato de Gestão Nº 91/2012 e seus Termos Aditivos, Exercício 2025, HDT (Hospital Estadual de Doenças Tropicais Dr. Anuar Auad), gerido pela ISG. O documento apresenta dados por semestre (1º e 2º Semestre) para produção e por trimestre (1º, 2º, 3º e 4º Trimestre) para indicadores de desempenho. No 2º Semestre não há registro de Cirúrgica nas Saídas Hospitalares. No 1º Semestre a Cirúrgica realizou 257 saídas contra meta de 60 (428% de eficácia). Cirurgias Eletivas registradas apenas no 1º Semestre: 12 realizadas vs meta 60 (20% eficácia). Consultas ambulatoriais totais (1º Sem: 24.230 + 2º Sem: 22.649 = 46.879). Internações totais (1º Sem: 1.687 + 2º Sem: 1.528 = 3.215). Exames SADT total (1º Sem: 7.441 + 2º Sem: 17.670 = 25.111). Hospital Dia Clínico (1º Sem: 2.027 + 2º Sem: 2.188 = 4.215). A Média de Permanência Hospitalar no 3º e 4º Trimestre apresenta valores aparentemente incorretos (846,7% e 873,3%) no campo VA, possivelmente erro tipográfico no documento original.",ISG,2025,,anual,,3,90
2026,C:\OSS-Goias\documentos\ISG\HDT\2026\34_Relatorio_Producao\Relatorio-Gerencial-de-Producao-Consolidado-Declaracao.pdf,Relatorio-Gerencial-de-Producao-Consolidado-Declaracao,-1,-1,-1,-1,-1,-1,-1,-1,-1,-1,HDT,-1,-1,-1,-1,-1,-1,-1,-1,-1,-1,-1,-1,"Documento é uma declaração formal do Instituto Sócrates Guanaes (ISG), datada de 20 de janeiro de 2026, informando que a ata de aprovação do Conselho de Administração referente ao Relatório Gerencial de Produção Consolidado competência 2025 (CG n.º 091/2012-HDT e TTG n.º 003/2013-CEAP-SOL) será publicada após o fechamento do Balanço Patrimonial do exercício. Não contém dados de produção ou indicadores numéricos.",ISG,2025,,anual,,0,0
2026,C:\OSS-Goias\documentos\Albert Einstein\HUGO\2026\34_Relatorio_Producao\Relatorio-Gerencial-de-Producao-fevereiro-2026.pdf,Relatorio-Gerencial-de-Producao-fevereiro-2026,1273,2838,654,1039,385,5639,74205,1273,-1,-1,HUGO,-1,-1,-1,-1,5.03,1840,-1,-1,-1,8.53,115.07,-1,"Relatório de Produção Assistencial do HUGO (Hospital de Urgências de Goiás Dr. Valdemiro Cruz) referente ao mês de fevereiro de 2026, vinculado ao Termo de Colaboração nº 97/2024 - SES. Documento assinado digitalmente pela Diretora Médica Dra. Fabiana Rolla em 10/03/2026. Janeiro também apresenta dados reportados. Taxa de Ocupação Hospitalar em fevereiro: 115,07% (leito total); 94,46% (leito operacional). Total SADT Interno fevereiro: 74.205. Índice de Intervalo de Substituição: 12,01 horas. Percentual de Glosas SIH: 1,63% (janeiro); fevereiro em processamento. Total de procedimentos apresentados SIH janeiro: 1.840; aprovados: 1.597; rejeitados: 243. Atendimentos AVC (Projeto Angels) fevereiro: 418.",Albert Einstein,2026,2,mensal,,29,41
2026,C:\OSS-Goias\documentos\IPGSE\HERSO\2026\34_Relatorio_Producao\relatorio-gerencial-de-producao-fevereiro-assinado-assinado-10-03-2026-691baa7931.pdf,relatorio-gerencial-de-producao-fevereiro-assinado-assinado-10-03-2026-691baa7931,439,525,195,370,73,962,26334,878,79,-1,HERSO,98.43,1.82,6.25,-1,0.0,-1,-1,-1,-1,4.87,95.44,-1,"Hospital Estadual de Santa Helena de Goiás Dr. Albanir Faleiros Machado (HERSO), gerido pelo IPGSE. Período: 01 a 28 de fevereiro de 2026. Termo de Colaboração nº 101/2024 SES. Mortalidade Operatória: 0,27%. Taxa de Cirurgia de Urgência/Emergência: 19,73%. Total de procedimentos cirúrgicos realizados: 395. Total de SADT Interno realizado: 26.334. Total de anestesias realizadas: 608. Índice de Satisfação do Usuário: 98,43% (5468/5555). Saídas hospitalares totais no período: 439. UTI Adulto I: 29 internações; UTI Adulto II: 50 internações. Total de leitos operacionais-dia do período: 2.239. Total de pacientes-dia: 2.137.",IPGSE,2026,2,mensal,,9,27
2026,C:\OSS-Goias\documentos\Albert Einstein\HUGO\2026\34_Relatorio_Producao\Relatorio-Gerencial-de-Producao-janeiro-2026.xlsx,Relatorio-Gerencial-de-Producao-janeiro-2026,1273,2838,654,1039,385,5639,74205,1273,-1,117,HUGO,-1,-1,9.19,-1,5.03,-1,-1,-1,-1,8.53,115.07,342,"Hospital de Urgências de Goiás Dr. Valdemiro Cruz (HUGO). Relatório referente a Janeiro/2026. Termo de Colaboração nº 97/2024 - SES. Assinado pela Dra. Fabiana Rolla, Diretora Médica, em 09/02/2026. Taxa de Ocupação Hospitalar geral contratualizada: 1.1507 (115.07%). Leitos operacionais: 342. Total de óbitos no mês: 117 (taxa mortalidade global 9.19%). Óbitos com permanência >24h: 101 (taxa 7.93%). Taxa mortalidade operatória (óbito até 7d PO): 1.64%. Tempo médio espera 1º atendimento médico: 100.26 minutos. Taxa atendimento médico dentro do tempo conforme classificação de risco: 28.09%. Tempo médio permanência PS: 375.03 minutos. Taxa cirurgia de urgência: 37.05%. Cirurgias eletivas (sem meta contratual no TC): 654 realizadas em janeiro (sem OPME desagregadas). SADT Interno total janeiro: 74.205 exames. Acolhimento e classificação de risco: 2.838 atendimentos. Projeto Angels - Atendimentos AVC: 418. Percentual glosas SIH em processamento para janeiro. Taxa de readmissão hospitalar 29 dias: 5.03%. Nº leito operacional: 342.",Albert Einstein,2026,1,mensal,,27,38
2026,C:\OSS-Goias\documentos\IPGSE\HERSO\2026\34_Relatorio_Producao\relatorio-gerencial-de-producao-janeiro-assinado-assinado-13-02-2026-9bb4303226.pdf,relatorio-gerencial-de-producao-janeiro-assinado-assinado-13-02-2026-9bb4303226,421,498,317,402,85,1092,27102,773,89,-1,HERSO,98.25,1.66,4.28,-1,0.0,454,-1,-1,-1,5.09,90.19,-1,"Relatório gerencial de produção referente ao período de 01 a 31 de janeiro de 2026. Gestão do HERSO (Hospital Estadual de Santa Helena de Goiás Dr. Albanir Faleiros Machado) pelo IPGSE, conforme Termo de Colaboração n° 101/2024 SES. Mortalidade Operatória: 1,00%. Mortalidade Institucional: 4,28%. Taxa de Cirurgia de Urgência/Emergência: 21,14%. UTI Adulto I realizados: 40; UTI Adulto II realizados: 49. SADT Interno total realizado: 27.102. Total de anestesias realizadas: 680. Interconsultas: 3 atendimentos. Índice de Satisfação do Usuário (SAU): 98,00%. Total de saídas no período: 421. Total de pacientes-dia: 2.142. Total de leitos operacionais-dia: 2.375. Percentual de cirurgias eletivas com TMAT expirado (2º ano): não reportado (-).",IPGSE,2026,1,mensal,,9,27
2026,C:\OSS-Goias\documentos\Albert Einstein\HUGO\2026\34_Relatorio_Producao\Relatorio-Gerencial-de-Producao-marco-2026.pdf,Relatorio-Gerencial-de-Producao-marco-2026,1343,2800,771,1032,261,6198,74519,1343,-1,108,HUGO,-1,-1,8.04,-1,4.15,-1,-1,-1,-1,8.52,121.59,-1,"Relatório de Produção referente a março de 2026. Termo de Colaboração nº 97/2024 - SES. Total de óbitos no mês: 108. Taxa de mortalidade institucional (óbitos >24h): 7.45%. Taxa de mortalidade operatória (óbito em até 07:00): 1.50%. Tempo médio de espera p/ 1 atendimento médico (minutos): 117. Taxa de atendimento médico dentro do tempo conforme classificação de risco: 26.37%. Tempo médio de permanência no PS (minutos): 387. Taxa de cirurgia de urgência: 25.29%. SADT Interno - Análises Clínicas: 62.032; Tomografia Computadorizada: 6.424; Ultrassonografia: 145. Acolhimento e Classificação de Risco março: AACR Vermelho 52, Laranja 502, Amarelo 1761, Verde 204, Azul 7, Sem classificação 274. Total 2.800. Atendimento da Porta de Entrada março: Cirurgia Geral 1053, Clínica Médica 1003, Ortopedia e Traumatologia 417, Neurologia 271. Projeto Angels - Atendimentos AVC março: 453. Percentual de exames de imagem com resultado disponibilizado em 10 dias: 100% (março). Taxa de acurácia do estoque: 94,74% (março). Taxa de aceitabilidade das intervenções farmacêuticas: 95,64% (março).",Albert Einstein,2026,3,mensal,,33,35
2026,C:\OSS-Goias\documentos\IPGSE\HERSO\2026\34_Relatorio_Producao\relatorio-gerencial-de-producao-marco-assinado-1-02-04-2026-03ad1d02db.pdf,relatorio-gerencial-de-producao-marco-assinado-1-02-04-2026-03ad1d02db,514,548,213,417,108,1344,105,1035,90,-1,HERSO,97.95,1.36,4.67,-1,0.57,-1,-1,-1,-1,4.83,96.88,-1,"Hospital Estadual de Santa Helena de Goiás Dr. Albanir Faleiros Machado (HERSO), gerido pelo IPGSE, Termo de Colaboração n° 101/2024 SES. Período: 01 a 31 de março de 2026. Mortalidade Operatória: 1,20%. Taxa de Cirurgia de Urgência/Emergência: 25,90%. Total de cirurgias realizadas: 417; cirurgias de urgência: 108. Procedimentos cirúrgicos totais: 463. SADT Interno total realizado: 31.164. Total de AIH's em apuração. Internações UTI Adulto I: 44; UTI Adulto II: 46. Total de pacientes-dia: 2.485. Total de leitos operacionais-dia: 2.565. Total de saídas no período: 514. Interconsultas realizadas: 5. Índice de Satisfação do Usuário (SAU): 97,95%.",IPGSE,2026,3,mensal,,9,27
2026,C:\OSS-Goias\documentos\AGIR\HEJ\2026\34_Relatorio_Producao\Relatório Gerencial de Produção_HEJ_01-2026 (1).pdf,Relatório Gerencial de Produção_HEJ_01-2026 (1),-1,5635,90,296,206,3255,31074,783,-1,-1,HEJ,-1,-1,-1,-1,8.42,419,-1,30786,-1,4.66,92.31,-1,"Leitos bloqueados: 14, sendo 11 leitos UTI e 3 leitos de Clínica Cirúrgica. SADT Interno sem meta totalizou 30.882 procedimentos. Cirurgias de Urgência sem meta definida: 206 realizadas. Atendimento ambulatorial médico sem meta (Anestesista + Clínica Geral): 235. BPA Ambulatorial sem meta: 30.786. Total atendimentos às urgências: 5.635 (referenciadas: 1.924; demanda espontânea: 3.711). Glosa SIH: 46 procedimentos rejeitados de 419 apresentados (10,98%), acima da meta de ≤7%.",AGIR,2026,1,mensal,,18,41
2026,C:\OSS-Goias\documentos\AGIR\HUGOL\2026\34_Relatorio_Producao\Relatório Gerencial de Produção_HUGOL_01-2026.xlsx,Relatório Gerencial de Produção_HUGOL_01-2026,1912,4436,388,1767,1535,6078,854,1912,-1,-1,HUGOL,-1,-1,-1,-1,4.82,2001,-1,-1,-1,6.9969,99.13,-1,"Relatório de Produção Assistencial do HUGOL referente a Janeiro de 2026. Sheet 'INDICADOR DE PRODUÇÃO' contém dados mensais de janeiro/2026 (realizado) versus meta mensal. Sheet 'INDICADOR DE PRODUÇÃO (2)' contém tabela de linhas de contração com dados históricos de 2023 (jan a jul). Sheet 'INDICADOR DE DESEMPENHO' contém indicadores de desempenho de janeiro/2026. Taxa de ocupação: 99.13% (pacientes-dia: 13378, leitos-dia: 13495). Total de saídas: 1912. Média de permanência: 6.9969 dias. Taxa de readmissão hospitalar (29 dias): 4.82% (93/1929). Taxa de readmissão UTI (48h): 1.57% (5/318). Percentual de glosas SIH: 0.1% (2/2001). Cirurgias programadas suspensas: 4.41% (20/454). Altas desospitalizadas: 1912 pacientes. Angiologia/Endovascular contabilizada em Cirurgia Vascular; Neurointervencionista contabilizada em Neurocirurgia conforme nota do documento. OSS gestora identificada como AGIR conforme instrução.",AGIR,2026,1,mensal,,48,66
2026,C:\OSS-Goias\documentos\Hospital de Amor\CORA\2026\34_Relatorio_Producao\u01c15413_Relatório Gerencial de Produção - Marco 2026.pdf,u01c15413_Relatório Gerencial de Produção - Marco 2026,82,135,11,131,4,611,581,92,-1,3,CORA,-1,-1,3.66,-1,3.26,98,-1,-1,-1,5.61,29.03,51,"Documento cobre os meses jan/26, fev/26 e mar/26 (trimestre 1 de 2026). Os dados extraídos referem-se ao mês de março/2026 (mar/26). Hospital: Complexo Oncológico de Referência do Estado de Goiás (CORA), gerido pela Fundação Pio XII (Hospital de Amor). Total de saídas hospitalares mar/26: 82. Total de internações hospitalares mar/26: 92. Cirurgias de urgência/emergência: 4; total de cirurgias: 131. Leitos operacionais mar/26: 51. Total de óbitos mar/26: 3. Número de referenciados (CIA) mar/26: 135. Farmácia: taxa de acurácia do estoque 63,5% (mar/26), meta ≥95%. Taxa de perda financeira por vencimento de medicamentos: 1,00% (mar/26). Total de procedimentos apresentados no SIH (fev/26): 98. Índice de intervalo de substituição mar/26 não reportado no geral. Taxa de cirurgia de urgência jan/26 aparece como 7370%, possivelmente erro tipográfico no documento original.",Hospital de Amor,2026,3,mensal,,14,29
2026,C:\OSS-Goias\documentos\Hospital de Amor\CORA\2026\34_Relatorio_Producao\u47ec8df6_Relatorio gerencial de producao -Jan 2026.xlsx,u47ec8df6_Relatorio gerencial de producao -Jan 2026,81,135,19,19,14,565,-1,86,-1,1,CORA,-1,-1,1.2,-1,1.16,85,-1,-1,-1,4.17,61.42,39,"Hospital: COMPLEXO ONCOLÓGICO DE REFERÊNCIA DO ESTADO DE GOIÁS (CORA). OSS gestora: FUNDAÇÃO PIO XII / Hospital de Amor. Período de referência: Janeiro 2026. Taxa de mortalidade institucional (óbitos >24h): 0%. Taxa de mortalidade operatória: 0%. Taxa de cirurgia de urgência: 73.7% (14 cirurgias de urgência em 19 totais). Total de leitos operacionais por dia: 29. Total de pacientes-dia: 459. Total de saídas: 81. Número de saídas UTI por alta: 19. Total procedimentos rejeitados no SIH: 1. Farmácia: indicadores de acurácia do estoque e perda financeira por vencimento não informados no período (justificativa registrada). SADT interno inclui: Agência Transfusional 60, Análises Clínicas 6145, Anatomia Patológica 16, Ecocardiograma 16, Eletrocardiograma 4, Hemodiálise 6, Odontologia 60, Raio X 106, Ressonância Magnética 27, Tomografia 44, Ultrassonografia 8, Ultrassonografia com Doppler 4. Equipe multiprofissional (internados): Fisioterapia 907, Fonoaudiologia 118, Psicologia 327, Terapia Ocupacional 136, Serviço Social 243, Odontologia 280, Farmácia 21, Nutrição 1499.",Hospital de Amor,2026,1,mensal,,15,25
2026,C:\OSS-Goias\documentos\Hospital de Amor\CORA\2026\34_Relatorio_Producao\u68573b18_Relatório Gerencial de Produção - janeiro 2026.pdf,u68573b18_Relatório Gerencial de Produção - janeiro 2026,81,135,19,19,14,565,-1,86,-1,1,CORA,-1,-1,120.0,-1,1.16,85,-1,-1,-1,4.17,61.42,39,"Hospital CORA - Complexo Oncológico de Referência do Estado de Goiás, gerido pela Fundação Pio XII. Relatório de janeiro/2026. Taxa de mortalidade global reportada como 120,00% (valor aparentemente calculado de forma diferente da convencional, possivelmente erro de sistema). Taxa de cirurgia de urgência reportada como 7370,00% (também aparenta ser erro de sistema/cálculo). Total de saídas hospitalares: 81. Total de internações: 86. Número de leitos operacionais: 39 (Departamento Pessoal). Total de leitos operacionais-dia do período: 29 (Internação). Farmácia: disponibilidade farmacêutico 100%; prescrições analisadas por farmacêutico: 0,9967; notificações de eventos adversos: 5. Atendimento equipe multiprofissional ao paciente internado: fisioterapia 907, fonoaudiologia 118, psicologia 327, terapia ocupacional 136, serviço social 243, odontologia 280, farmácia 21, nutrição 1499. SADT interno: agência transfusional 60, análises clínicas 6145, anatomia patológica 16, ecocardiograma 16, eletrocardiograma 4, hemodiálise 6, odontologia 60, raio X 106, ressonância magnética 27, tomografia 44, ultrassonografia 8, ultrassonografia com Doppler 4. Total de procedimentos SIH apresentados: 85; rejeitados: 1. Glosa SIH: 1,18%.",Hospital de Amor,2026,1,mensal,,15,26
2026,C:\OSS-Goias\documentos\Hospital de Amor\CORA\2026\34_Relatorio_Producao\u775321c2_Relatorio gerencial de producao -Marco 2026.xlsx,u775321c2_Relatorio gerencial de producao -Marco 2026,82,135,11,131,4,611,-1,92,-1,3,CORA,-1,-1,3.66,-1,3.26,98,-1,-1,-1,5.61,29.03,51,"Relatório referente a março de 2026 do Complexo Oncológico de Referência do Estado de Goiás (CORA), gerido pela Fundação Pio XII / Hospital de Amor. Taxa de ocupação hospitalar de 29.03% (meta ≥85%), abaixo da meta. Taxa média de permanência de 5.61 dias (meta ≤10 dias), dentro da meta. Total de saídas hospitalares em março: 82. Total de internações: 92. Óbitos no mês: 3. Taxa de mortalidade global: 3.66%. Total de cirurgias: 131 (urgência: 4, eletivas: 11). Taxa de acurácia do estoque da farmácia: 63.5% (meta ≥95%), abaixo da meta. Percentual de suspensão de cirurgias eletivas: 9.09% (meta ≤5%), acima da meta. Exames de imagem liberados em até 72h: 84% (meta ≥70%), atingido. Farmácia: disponibilidade 24h e taxa de perda por vencimento de medicamentos = 1% (meta <1%). Leitos operacionais: 51. Número total de funcionários: 295. Índice de intervalo de substituição não reportado para março.",Hospital de Amor,2026,3,mensal,,19,27
2026,C:\OSS-Goias\documentos\Hospital de Amor\CORA\2026\34_Relatorio_Producao\u95726b63_Relatorio gerencial de producao -Fev 2026.xlsx,u95726b63_Relatorio gerencial de producao -Fev 2026,85,118,18,120,18,527,-1,82,-1,2,CORA,-1,-1,2.35,-1,2.44,96,-1,-1,-1,3.46,32.13,51,"Relatório referente a Fevereiro de 2026. Hospital: Complexo Oncológico de Referência do Estado de Goiás (CORA). Fundação Pio XII / Hospital de Amor. Total de saídas hospitalares em fev/2026: 85. Total de óbitos: 2. Total de cirurgias (fev/2026): 120, sendo 18 de urgência/emergência e 18 eletivas. Sessões de quimioterapia: 205 (meta 396). Leitos operacionais em fev/2026: 51. Taxa de ocupação hospitalar: 32.13%. Média de permanência: 3.46 dias. Farmácia: indicadores de acurácia de estoque e perda por vencimento não foram encaminhados no período. Referenciados no CIA (urgência): 118. SADT interno: análises clínicas 4663, raio X 95, tomografia 41, ressonância 15, ultrassonografia 8, odontologia 37. Número de funcionários total: 298; médicos: 65; leitos operacionais: 51.",Hospital de Amor,2026,2,mensal,,20,26
2026,C:\OSS-Goias\documentos\Hospital de Amor\CORA\2026\34_Relatorio_Producao\u9f82e19f_Relatório Gerencial de Produção - fevereiro 2026.pdf,u9f82e19f_Relatório Gerencial de Produção - fevereiro 2026,85,118,18,120,18,527,-1,85,17,2,CORA,-1,-1,2.35,-1,2.44,96,-1,-1,-1,3.46,32.13,51,"Relatório referente a fevereiro/2026 do CORA (Complexo Oncológico de Referência do Estado de Goiás) - Fundação Pio XII. O documento apresenta dados comparativos entre janeiro/2026 e fevereiro/2026. Taxa de mortalidade global registrada como 2,35% em fev/26. Total de cirurgias em fev/26: 120 (sendo 18 eletivas e 18 de urgência/emergência). Total de leitos operacionais em fev/26: 51. Total de procedimentos apresentados no SIH em fev/26: 96, com 2 rejeitados (glosa 2,08%). Número de saídas UTI por alta: 17. Taxa de readmissão UTI em 48h: 0,00%. Turnover fev/26: 4,86%. Absenteísmo geral fev/26: 2,94%. Dados de farmácia (taxa de acurácia e taxa de perda financeira) não foram preenchidos para fev/26.",Hospital de Amor,2026,2,mensal,,15,27
